genome	contig	hit_locus	hit_family	start	end	strand	nearby_markers
GCA_000416085.1	KE356579.1	KE356579.1_2497	ArchPhaZ_patatin	2588211	2589176	-	BdhA
GCA_001563805.1	LKMK01000034.1	LKMK01000034.1_2	ArchPhaZ_patatin	305	1282	+	
GCA_001564115.1	LKNG01000044.1	LKNG01000044.1_7	ArchPhaZ_patatin	7458	8444	-	BdhA
GCA_001564135.1	LKNH01000002.1	LKNH01000002.1_26	ArchPhaZ_patatin	24870	25832	-	BdhA
GCA_001564255.1	LKNC01000009.1	LKNC01000009.1_10	ArchPhaZ_patatin	10331	11305	-	
GCA_001917995.1	MNFB01000004.1	MNFB01000004.1_20	ArchPhaZ_patatin	14926	16020	+	
GCA_002494895.1	DADA01000032.1	DADA01000032.1_1	ArchPhaZ_patatin	1	909	-	
GCA_002501845.1	DAOL01000023.1	DAOL01000023.1_6	ArchPhaZ_patatin	4559	5719	+	
GCA_003021015.1	PXRK01000048.1	PXRK01000048.1_11	ArchPhaZ_patatin	11203	12243	-	
GCA_003021045.1	PXRN01000005.1	PXRN01000005.1_48	ArchPhaZ_patatin	47166	48128	-	BdhA
GCA_003021175.1	PXQV01000015.1	PXQV01000015.1_61	ArchPhaZ_patatin	56363	57352	-	PhaC;PhaE
GCA_003021305.1	PXQN01000092.1	PXQN01000092.1_8	ArchPhaZ_patatin	6577	7374	+	
GCA_003021655.1	PXRP01000001.1	PXRP01000001.1_36	ArchPhaZ_patatin	36439	37248	-	BdhA
GCA_003021705.1	PXRJ01000053.1	PXRJ01000053.1_8	ArchPhaZ_patatin	6286	7347	+	
GCA_003021975.1	PXRR01000009.1	PXRR01000009.1_25	ArchPhaZ_patatin	24991	25968	-	
GCA_003022845.1	PXSF01000149.1	PXSF01000149.1_1	ArchPhaZ_patatin	239	1279	+	
GCA_003022925.1	PXRY01000081.1	PXRY01000081.1_53	ArchPhaZ_patatin	51579	52442	+	
GCA_003023185.1	PXSB01000002.1	PXSB01000002.1_14	ArchPhaZ_patatin	11037	12005	+	PhaC;PhaE
GCA_003176995.1	QHBN01000023.1	QHBN01000023.1_5	ArchPhaZ_patatin	3820	4998	+	BdhA
GCA_003176995.1	QHBN01000029.1	QHBN01000029.1_4	ArchPhaZ_patatin	2025	3251	+	
GCA_003176995.1	QHBN01000037.1	QHBN01000037.1_17	ArchPhaZ_patatin	10406	11347	+	
GCA_003176995.1	QHBN01000134.1	QHBN01000134.1_4	ArchPhaZ_patatin	4613	5794	+	
GCA_003176995.1	QHBN01000157.1	QHBN01000157.1_1	ArchPhaZ_patatin	847	1650	+	
GCA_003176995.1	QHBN01000205.1	QHBN01000205.1_12	ArchPhaZ_patatin	8578	9738	-	
GCA_003176995.1	QHBN01000237.1	QHBN01000237.1_2	ArchPhaZ_patatin	1576	2313	+	
GCA_003176995.1	QHBN01000252.1	QHBN01000252.1_5	ArchPhaZ_patatin	4595	5566	-	
GCA_003551265.1	PUMG01000174.1	PUMG01000174.1_2	ArchPhaZ_patatin	900	1862	+	BdhA;PhaJ
GCA_003552885.1	PUPA01000142.1	PUPA01000142.1_6	ArchPhaZ_patatin	4548	5519	+	
GCA_003559215.1	PWMF01000135.1	PWMF01000135.1_2	ArchPhaZ_patatin	1102	2091	-	
GCA_003569705.1	BGOU01000007.1	BGOU01000007.1_99	ArchPhaZ_patatin	78287	79756	-	
GCA_004322465.1	SCVO01000077.1	SCVO01000077.1_48	ArchPhaZ_patatin	39684	40805	+	
GCA_005877075.1	VBPX01000032.1	VBPX01000032.1_86	ArchPhaZ_patatin	84893	86281	-	
GCA_005877075.1	VBPX01000014.1	VBPX01000014.1_23	ArchPhaZ_patatin	16702	17886	+	
GCA_005877205.1	VBPL01000091.1	VBPL01000091.1_1	ArchPhaZ_patatin	2	922	-	
GCA_005877205.1	VBPL01000014.1	VBPL01000014.1_49	ArchPhaZ_patatin	38782	39867	+	PhaC;PhaE
GCA_005877305.1	VBPW01000021.1	VBPW01000021.1_13	ArchPhaZ_patatin	8347	9492	-	
GCA_005877345.1	VBPR01000197.1	VBPR01000197.1_8	ArchPhaZ_patatin	4424	5608	-	
GCA_005877345.1	VBPR01000177.1	VBPR01000177.1_2	ArchPhaZ_patatin	323	1789	-	
GCA_005877345.1	VBPR01000042.1	VBPR01000042.1_3	ArchPhaZ_patatin	1596	2780	-	
GCA_005877345.1	VBPR01000266.1	VBPR01000266.1_2	ArchPhaZ_patatin	957	2429	+	
GCA_007118075.1	SKSH01000040.1	SKSH01000040.1_4	ArchPhaZ_patatin	1540	2508	-	BdhA
GCA_007122455.1	SKTU01000061.1	SKTU01000061.1_18	ArchPhaZ_patatin	16804	17829	-	BdhA
GCA_007122455.1	SKTU01000095.1	SKTU01000095.1_24	ArchPhaZ_patatin	23419	24387	-	
GCA_007129135.1	SKWB01000220.1	SKWB01000220.1_1	ArchPhaZ_patatin	1	657	-	BdhA
GCA_007135435.1	SLIW01000551.1	SLIW01000551.1_4	ArchPhaZ_patatin	3636	4652	+	
GCA_007280335.1	QYQE01000029.1	QYQE01000029.1_11	ArchPhaZ_patatin	6843	7940	+	
GCA_007280465.1	QYPM01000065.1	QYPM01000065.1_18	ArchPhaZ_patatin	14204	15286	-	BdhA;PhaC;PhaE
GCA_007280465.1	QYPM01000064.1	QYPM01000064.1_3	ArchPhaZ_patatin	1473	2951	-	PhaJ
GCA_009377575.1	WHTU01000001.1	WHTU01000001.1_217	ArchPhaZ_patatin	210671	211477	-	
GCA_009377575.1	WHTU01000037.1	WHTU01000037.1_9	ArchPhaZ_patatin	5253	6572	+	
GCA_009377575.1	WHTU01000046.1	WHTU01000046.1_3	ArchPhaZ_patatin	3291	4469	+	
GCA_009377575.1	WHTU01000004.1	WHTU01000004.1_12	ArchPhaZ_patatin	8303	9712	+	
GCA_009377575.1	WHTU01000068.1	WHTU01000068.1_12	ArchPhaZ_patatin	10061	11275	+	
GCA_009377575.1	WHTU01000007.1	WHTU01000007.1_43	ArchPhaZ_patatin	39702	40427	-	
GCA_009379865.1	WHSX01000100.1	WHSX01000100.1_3	ArchPhaZ_patatin	3947	5344	+	
GCA_009379865.1	WHSX01000122.1	WHSX01000122.1_5	ArchPhaZ_patatin	2910	4367	-	BdhA
GCA_009379865.1	WHSX01000146.1	WHSX01000146.1_3	ArchPhaZ_patatin	746	2164	+	
GCA_009379865.1	WHSX01000244.1	WHSX01000244.1_4	ArchPhaZ_patatin	2243	3292	-	
GCA_009379865.1	WHSX01000002.1	WHSX01000002.1_19	ArchPhaZ_patatin	21553	22773	+	
GCA_009379865.1	WHSX01000321.1	WHSX01000321.1_2	ArchPhaZ_patatin	372	1670	+	
GCA_009379865.1	WHSX01000038.1	WHSX01000038.1_7	ArchPhaZ_patatin	9329	10516	-	
GCA_009665115.1	WJXE01000023.1	WJXE01000023.1_4	ArchPhaZ_patatin	2152	3297	-	
GCA_009665115.1	WJXE01000228.1	WJXE01000228.1_1	ArchPhaZ_patatin	419	1879	-	
GCA_009665115.1	WJXE01000295.1	WJXE01000295.1_3	ArchPhaZ_patatin	1977	3005	+	
GCA_009665115.1	WJXE01000059.1	WJXE01000059.1_7	ArchPhaZ_patatin	6231	7376	+	BdhA
GCA_009665115.1	WJXE01000061.1	WJXE01000061.1_2	ArchPhaZ_patatin	420	1601	+	
GCA_009789175.1	CP046866.1	CP046866.1_2783	ArchPhaZ_patatin	2679327	2680337	-	BdhA
GCA_012026795.1	VEPM01000014.1	VEPM01000014.1_89	ArchPhaZ_patatin	88120	89088	-	
GCA_012026795.1	VEPM01000025.1	VEPM01000025.1_35	ArchPhaZ_patatin	25496	26746	+	
GCA_012026835.1	VEPN01000025.1	VEPN01000025.1_23	ArchPhaZ_patatin	29757	30725	+	
GCA_012026835.1	VEPN01000049.1	VEPN01000049.1_1	ArchPhaZ_patatin	133	1083	-	
GCA_013114715.1	QCWB01000002.1	QCWB01000002.1_44	ArchPhaZ_patatin	38575	39807	-	BdhA
GCA_013114715.1	QCWB01000098.1	QCWB01000098.1_8	ArchPhaZ_patatin	4591	5712	-	
GCA_013288545.1	JABDBR010000007.1	JABDBR010000007.1_58	ArchPhaZ_patatin	40677	41759	+	PhaC;PhaE
GCA_013538675.1	JACAFJ010000024.1	JACAFJ010000024.1_1	ArchPhaZ_patatin	3	1064	+	BdhA
GCA_013538805.1	JABXGR010000001.1	JABXGR010000001.1_269	ArchPhaZ_patatin	234973	236115	-	BdhA
GCA_013694585.1	JACDCB010000022.1	JACDCB010000022.1_20	ArchPhaZ_patatin	19306	20526	+	
GCA_013694585.1	JACDCB010000202.1	JACDCB010000202.1_2	ArchPhaZ_patatin	731	1927	+	
GCA_013694585.1	JACDCB010000048.1	JACDCB010000048.1_8	ArchPhaZ_patatin	9586	10809	-	
GCA_013694585.1	JACDCB010000243.1	JACDCB010000243.1_1	ArchPhaZ_patatin	1502	2665	-	
GCA_013821245.1	JACDHC010000294.1	JACDHC010000294.1_2	ArchPhaZ_patatin	330	1379	+	
GCA_013821245.1	JACDHC010000112.1	JACDHC010000112.1_2	ArchPhaZ_patatin	1025	2257	-	
GCA_013821245.1	JACDHC010000008.1	JACDHC010000008.1_5	ArchPhaZ_patatin	2802	3557	+	BdhA
GCA_013821245.1	JACDHC010000008.1	JACDHC010000008.1_15	ArchPhaZ_patatin	13137	14525	+	BdhA
GCA_013821245.1	JACDHC010000144.1	JACDHC010000144.1_3	ArchPhaZ_patatin	1902	3140	+	
GCA_013821245.1	JACDHC010000161.1	JACDHC010000161.1_6	ArchPhaZ_patatin	3558	4655	-	
GCA_013911135.1	JACERO010000024.1	JACERO010000024.1_3	ArchPhaZ_patatin	1406	2248	-	
GCA_014523485.1	JAATVK010000030.1	JAATVK010000030.1_3	ArchPhaZ_patatin	2361	3539	+	
GCA_014523495.1	JAATVM010000103.1	JAATVM010000103.1_4	ArchPhaZ_patatin	1984	3162	+	
GCA_014523495.1	JAATVM010000214.1	JAATVM010000214.1_1	ArchPhaZ_patatin	263	1708	-	
GCA_014523525.1	JAATVL010000030.1	JAATVL010000030.1_15	ArchPhaZ_patatin	10861	12045	-	
GCA_014523625.1	JAATVP010000096.1	JAATVP010000096.1_3	ArchPhaZ_patatin	1213	2625	-	
GCA_014523625.1	JAATVP010000228.1	JAATVP010000228.1_8	ArchPhaZ_patatin	7554	8315	+	
GCA_014523625.1	JAATVP010000237.1	JAATVP010000237.1_6	ArchPhaZ_patatin	5571	6782	+	BdhA
GCA_014523625.1	JAATVP010000259.1	JAATVP010000259.1_11	ArchPhaZ_patatin	14403	15632	-	
GCA_014523625.1	JAATVP010000055.1	JAATVP010000055.1_10	ArchPhaZ_patatin	6227	7612	+	
GCA_014523665.1	JAATVR010000252.1	JAATVR010000252.1_6	ArchPhaZ_patatin	3669	5066	-	
GCA_014523665.1	JAATVR010000294.1	JAATVR010000294.1_2	ArchPhaZ_patatin	2127	3530	+	
GCA_014523665.1	JAATVR010000357.1	JAATVR010000357.1_3	ArchPhaZ_patatin	1277	2080	-	
GCA_014523665.1	JAATVR010000368.1	JAATVR010000368.1_2	ArchPhaZ_patatin	764	1978	+	
GCA_014523665.1	JAATVR010000004.1	JAATVR010000004.1_10	ArchPhaZ_patatin	7027	7638	-	
GCA_014523665.1	JAATVR010000384.1	JAATVR010000384.1_2	ArchPhaZ_patatin	717	1877	+	
GCA_014523665.1	JAATVR010000428.1	JAATVR010000428.1_3	ArchPhaZ_patatin	2894	4186	+	
GCA_014523665.1	JAATVR010000041.1	JAATVR010000041.1_11	ArchPhaZ_patatin	9291	10517	+	
GCA_014523665.1	JAATVR010000493.1	JAATVR010000493.1_5	ArchPhaZ_patatin	3392	4861	+	
GCA_014523665.1	JAATVR010000545.1	JAATVR010000545.1_1	ArchPhaZ_patatin	3	1064	+	
GCA_014523665.1	JAATVR010000674.1	JAATVR010000674.1_2	ArchPhaZ_patatin	195	845	-	
GCA_014523665.1	JAATVR010000686.1	JAATVR010000686.1_8	ArchPhaZ_patatin	6497	7792	+	
GCA_014523665.1	JAATVR010000690.1	JAATVR010000690.1_7	ArchPhaZ_patatin	6648	7586	+	
GCA_014523665.1	JAATVR010000759.1	JAATVR010000759.1_3	ArchPhaZ_patatin	3327	3986	+	
GCA_014523665.1	JAATVR010000099.1	JAATVR010000099.1_3	ArchPhaZ_patatin	2042	3412	-	
GCA_014523665.1	JAATVR010000812.1	JAATVR010000812.1_2	ArchPhaZ_patatin	398	1063	+	
GCA_014523685.1	JAATVT010000112.1	JAATVT010000112.1_6	ArchPhaZ_patatin	7196	8455	+	
GCA_014523685.1	JAATVT010000038.1	JAATVT010000038.1_7	ArchPhaZ_patatin	6109	7215	+	
GCA_014523685.1	JAATVT010000043.1	JAATVT010000043.1_1	ArchPhaZ_patatin	76	846	+	
GCA_014523695.1	JAATVS010000046.1	JAATVS010000046.1_8	ArchPhaZ_patatin	5603	7090	-	
GCA_014523695.1	JAATVS010000310.1	JAATVS010000310.1_7	ArchPhaZ_patatin	2956	3810	+	
GCA_014523695.1	JAATVS010000080.1	JAATVS010000080.1_4	ArchPhaZ_patatin	2705	3865	-	
GCA_014523695.1	JAATVS010000513.1	JAATVS010000513.1_10	ArchPhaZ_patatin	7368	8852	+	
GCA_014523695.1	JAATVS010000519.1	JAATVS010000519.1_10	ArchPhaZ_patatin	7851	9344	-	
GCA_014523695.1	JAATVS010000555.1	JAATVS010000555.1_2	ArchPhaZ_patatin	393	1715	-	
GCA_014523695.1	JAATVS010000619.1	JAATVS010000619.1_3	ArchPhaZ_patatin	3285	4673	-	
GCA_014523695.1	JAATVS010000681.1	JAATVS010000681.1_5	ArchPhaZ_patatin	3592	4464	-	
GCA_014523695.1	JAATVS010000703.1	JAATVS010000703.1_3	ArchPhaZ_patatin	2732	3889	-	
GCA_014523695.1	JAATVS010000174.1	JAATVS010000174.1_1	ArchPhaZ_patatin	3	887	-	
GCA_016201435.1	JACQCT010000014.1	JACQCT010000014.1_138	ArchPhaZ_patatin	120347	121477	+	
GCA_016201435.1	JACQCT010000014.1	JACQCT010000014.1_153	ArchPhaZ_patatin	133758	134624	+	
GCA_016201435.1	JACQCT010000014.1	JACQCT010000014.1_200	ArchPhaZ_patatin	181807	182904	+	
GCA_016215465.1	JACRJT010000016.1	JACRJT010000016.1_5	ArchPhaZ_patatin	4328	5428	-	
GCA_016782225.1	JADDOW010000069.1	JADDOW010000069.1_5	ArchPhaZ_patatin	4793	6025	-	
GCA_016782225.1	JADDOW010000086.1	JADDOW010000086.1_14	ArchPhaZ_patatin	12859	14247	+	BdhA
GCA_016782225.1	JADDOW010000078.1	JADDOW010000078.1_64	ArchPhaZ_patatin	60041	61294	+	
GCA_016782315.1	JADDOQ010000011.1	JADDOQ010000011.1_6	ArchPhaZ_patatin	3962	5215	-	
GCA_016782315.1	JADDOQ010000115.1	JADDOQ010000115.1_3	ArchPhaZ_patatin	2899	3909	-	
GCA_016782315.1	JADDOQ010000015.1	JADDOQ010000015.1_14	ArchPhaZ_patatin	11198	12430	-	BdhA
GCA_016782315.1	JADDOQ010000042.1	JADDOQ010000042.1_16	ArchPhaZ_patatin	13153	14625	-	
GCA_016782315.1	JADDOQ010000003.1	JADDOQ010000003.1_47	ArchPhaZ_patatin	36845	38233	-	BdhA
GCA_018900975.1	JAHIFK010000276.1	JAHIFK010000276.1_3	ArchPhaZ_patatin	2178	3167	+	
GCA_019246625.1	JAFAQB010000435.1	JAFAQB010000435.1_8	ArchPhaZ_patatin	6459	7658	-	
GCA_019246625.1	JAFAQB010000173.1	JAFAQB010000173.1_10	ArchPhaZ_patatin	8772	10181	+	
GCA_019246625.1	JAFAQB010000299.1	JAFAQB010000299.1_9	ArchPhaZ_patatin	6464	7186	+	
GCA_019246625.1	JAFAQB010000300.1	JAFAQB010000300.1_2	ArchPhaZ_patatin	386	1537	-	
GCA_019246625.1	JAFAQB010000263.1	JAFAQB010000263.1_4	ArchPhaZ_patatin	2801	3703	-	
GCA_019246625.1	JAFAQB010000439.1	JAFAQB010000439.1_3	ArchPhaZ_patatin	1719	3149	+	
GCA_019246625.1	JAFAQB010000030.1	JAFAQB010000030.1_2	ArchPhaZ_patatin	641	1918	-	
GCA_019246625.1	JAFAQB010000139.1	JAFAQB010000139.1_5	ArchPhaZ_patatin	2780	3895	-	
GCA_019246625.1	JAFAQB010000209.1	JAFAQB010000209.1_4	ArchPhaZ_patatin	2162	3328	-	
GCA_019246625.1	JAFAQB010000240.1	JAFAQB010000240.1_7	ArchPhaZ_patatin	4929	6215	+	
GCA_019246625.1	JAFAQB010000360.1	JAFAQB010000360.1_9	ArchPhaZ_patatin	6299	6943	+	
GCA_020431985.1	JAGQHF010000127.1	JAGQHF010000127.1_9	ArchPhaZ_patatin	6828	7892	-	
GCA_020431995.1	JAGQHE010000057.1	JAGQHE010000057.1_31	ArchPhaZ_patatin	25514	26581	-	
GCA_020724545.1	DYGR01000054.1	DYGR01000054.1_5	ArchPhaZ_patatin	4133	5101	+	
GCA_020724545.1	DYGR01000008.1	DYGR01000008.1_17	ArchPhaZ_patatin	12351	13124	-	
GCA_021323705.1	JAJPKL010000008.1	JAJPKL010000008.1_65	ArchPhaZ_patatin	47128	48234	-	PhaC;PhaE
GCA_021323705.1	JAJPKL010000044.1	JAJPKL010000044.1_34	ArchPhaZ_patatin	23197	24291	-	
GCA_021324715.1	JAJPIN010000201.1	JAJPIN010000201.1_9	ArchPhaZ_patatin	8022	9479	-	
GCA_021324715.1	JAJPIN010000257.1	JAJPIN010000257.1_6	ArchPhaZ_patatin	4576	5625	-	BdhA
GCA_021324715.1	JAJPIN010000125.1	JAJPIN010000125.1_7	ArchPhaZ_patatin	3554	4312	+	
GCA_021324715.1	JAJPIN010000035.1	JAJPIN010000035.1_5	ArchPhaZ_patatin	5389	6867	+	
GCA_021325075.1	JAJPHX010000036.1	JAJPHX010000036.1_12	ArchPhaZ_patatin	8094	9257	-	BdhA
GCA_021325295.1	JAJPHM010000021.1	JAJPHM010000021.1_6	ArchPhaZ_patatin	4464	5738	-	
GCA_021325295.1	JAJPHM010000077.1	JAJPHM010000077.1_19	ArchPhaZ_patatin	16853	18067	+	
GCA_021325295.1	JAJPHM010000057.1	JAJPHM010000057.1_5	ArchPhaZ_patatin	2994	4151	-	
GCA_021325595.1	JAJPGX010000001.1	JAJPGX010000001.1_95	ArchPhaZ_patatin	78970	80037	-	PhaE
GCA_021325615.1	JAJPGU010000008.1	JAJPGU010000008.1_76	ArchPhaZ_patatin	57461	58549	-	PhaC;PhaE
GCA_021325615.1	JAJPGU010000012.1	JAJPGU010000012.1_122	ArchPhaZ_patatin	113820	114563	-	
GCA_021409285.1	JAGFND010000068.1	JAGFND010000068.1_3	ArchPhaZ_patatin	964	1902	-	
GCA_021414365.1	JAIOOR010000021.1	JAIOOR010000021.1_4	ArchPhaZ_patatin	1008	2447	+	
GCA_021796385.1	JAJYXQ010000005.1	JAJYXQ010000005.1_25	ArchPhaZ_patatin	28491	29570	-	
GCA_021809545.1	JAKAYL010000019.1	JAKAYL010000019.1_22	ArchPhaZ_patatin	25853	26974	+	
GCA_022545805.1	JAKEIJ010000178.1	JAKEIJ010000178.1_17	ArchPhaZ_patatin	13274	14356	-	
GCA_022545875.1	JAKEIF010000044.1	JAKEIF010000044.1_1	ArchPhaZ_patatin	1	1095	-	
GCA_022545875.1	JAKEIF010000072.1	JAKEIF010000072.1_5	ArchPhaZ_patatin	3934	4920	+	
GCA_022545875.1	JAKEIF010000074.1	JAKEIF010000074.1_6	ArchPhaZ_patatin	3968	4888	+	
GCA_022545895.1	JAKEIK010000071.1	JAKEIK010000071.1_1	ArchPhaZ_patatin	2	760	+	
GCA_022545895.1	JAKEIK010000157.1	JAKEIK010000157.1_6	ArchPhaZ_patatin	4568	5749	-	
GCA_022545895.1	JAKEIK010000236.1	JAKEIK010000236.1_1	ArchPhaZ_patatin	1	813	-	
GCA_022561895.1	JADFQH010000171.1	JADFQH010000171.1_1	ArchPhaZ_patatin	3	974	-	
GCA_022564515.1	JADFLH010000031.1	JADFLH010000031.1_5	ArchPhaZ_patatin	3047	4177	+	
GCA_022758935.1	JAEMQG010000161.1	JAEMQG010000161.1_5	ArchPhaZ_patatin	2920	4356	-	
GCA_023008585.1	CP095390.1	CP095390.1_398	ArchPhaZ_patatin	390273	391259	+	
GCA_023250885.1	JAHEZV010000002.1	JAHEZV010000002.1_29	ArchPhaZ_patatin	27173	28222	+	BdhA
GCA_023251115.1	JAHEZK010000014.1	JAHEZK010000014.1_15	ArchPhaZ_patatin	15766	16947	-	
GCA_023252015.1	JAHEXS010000058.1	JAHEXS010000058.1_3	ArchPhaZ_patatin	3645	4769	-	
GCA_023252235.1	JAHEXH010000014.1	JAHEXH010000014.1_18	ArchPhaZ_patatin	16231	17307	-	PhaC;PhaE
GCA_023252335.1	JAJPEA010000031.1	JAJPEA010000031.1_6	ArchPhaZ_patatin	2524	3603	-	PhaC;PhaE
GCA_025054855.1	JANWZS010000001.1	JANWZS010000001.1_69	ArchPhaZ_patatin	65187	66467	+	
GCA_025054855.1	JANWZS010000004.1	JANWZS010000004.1_98	ArchPhaZ_patatin	77010	78140	-	
GCA_025350175.1	JANXYF010000024.1	JANXYF010000024.1_5	ArchPhaZ_patatin	2196	3278	-	PhaC;PhaE
GCA_025449485.1	JANWJG010000006.1	JANWJG010000006.1_15	ArchPhaZ_patatin	10222	11304	-	PhaC;PhaE
GCA_025449485.1	JANWJG010000010.1	JANWJG010000010.1_3	ArchPhaZ_patatin	2353	3465	-	
GCA_025449515.1	JANWJI010000007.1	JANWJI010000007.1_4	ArchPhaZ_patatin	3395	4564	-	BdhA
GCA_025449515.1	JANWJI010000032.1	JANWJI010000032.1_4	ArchPhaZ_patatin	2748	3419	-	
GCA_025449515.1	JANWJI010000054.1	JANWJI010000054.1_3	ArchPhaZ_patatin	1601	3079	+	
GCA_025449515.1	JANWJI010000179.1	JANWJI010000179.1_4	ArchPhaZ_patatin	3505	4176	+	
GCA_025449515.1	JANWJI010000200.1	JANWJI010000200.1_5	ArchPhaZ_patatin	4965	6278	+	
GCA_025449675.1	JANWIX010000028.1	JANWIX010000028.1_7	ArchPhaZ_patatin	5487	6296	-	
GCA_025451075.1	JANWLA010000019.1	JANWLA010000019.1_50	ArchPhaZ_patatin	36467	37546	+	PhaC;PhaE
GCA_025451315.1	JANWKP010000041.1	JANWKP010000041.1_1	ArchPhaZ_patatin	2	1351	+	
GCA_025451315.1	JANWKP010000137.1	JANWKP010000137.1_11	ArchPhaZ_patatin	6929	7750	-	
GCA_025451315.1	JANWKP010000163.1	JANWKP010000163.1_1	ArchPhaZ_patatin	266	1345	+	
GCA_025451315.1	JANWKP010000166.1	JANWKP010000166.1_9	ArchPhaZ_patatin	6195	7424	+	
GCA_025451315.1	JANWKP010000275.1	JANWKP010000275.1_6	ArchPhaZ_patatin	9418	10092	+	
GCA_025451315.1	JANWKP010000289.1	JANWKP010000289.1_1	ArchPhaZ_patatin	402	1862	-	
GCA_025451315.1	JANWKP010000308.1	JANWKP010000308.1_1	ArchPhaZ_patatin	3	1361	-	
GCA_025451315.1	JANWKP010000367.1	JANWKP010000367.1_9	ArchPhaZ_patatin	8538	9734	+	
GCA_025922715.1	JAICHH010000062.1	JAICHH010000062.1_5	ArchPhaZ_patatin	3613	4803	-	
GCA_025922715.1	JAICHH010000204.1	JAICHH010000204.1_2	ArchPhaZ_patatin	916	1908	-	
GCA_025922735.1	JAICHI010000013.1	JAICHI010000013.1_3	ArchPhaZ_patatin	1584	2762	-	
GCA_025923455.1	JAICFW010000113.1	JAICFW010000113.1_11	ArchPhaZ_patatin	6871	8055	+	
GCA_025924135.1	JAICEO010000024.1	JAICEO010000024.1_4	ArchPhaZ_patatin	2020	3198	+	
GCA_025924135.1	JAICEO010000071.1	JAICEO010000071.1_9	ArchPhaZ_patatin	9064	10293	+	
GCA_025924135.1	JAICEO010000103.1	JAICEO010000103.1_1	ArchPhaZ_patatin	2	928	-	
GCA_025924135.1	JAICEO010000229.1	JAICEO010000229.1_2	ArchPhaZ_patatin	484	1914	-	
GCA_025924135.1	JAICEO010000255.1	JAICEO010000255.1_1	ArchPhaZ_patatin	730	1830	-	
GCA_025934495.1	JAICXY010000001.1	JAICXY010000001.1_65	ArchPhaZ_patatin	63763	64992	-	BdhA;PhaJ
GCA_025934495.1	JAICXY010000045.1	JAICXY010000045.1_13	ArchPhaZ_patatin	13761	15209	+	
GCA_025934495.1	JAICXY010000005.1	JAICXY010000005.1_4	ArchPhaZ_patatin	3954	5249	+	
GCA_025934495.1	JAICXY010000159.1	JAICXY010000159.1_2	ArchPhaZ_patatin	1811	2980	-	
GCA_025934495.1	JAICXY010000053.1	JAICXY010000053.1_5	ArchPhaZ_patatin	3930	5393	-	
GCA_025934495.1	JAICXY010000048.1	JAICXY010000048.1_21	ArchPhaZ_patatin	18177	19340	+	
GCA_025934495.1	JAICXY010000137.1	JAICXY010000137.1_4	ArchPhaZ_patatin	4963	6345	+	
GCA_025934495.1	JAICXY010000006.1	JAICXY010000006.1_49	ArchPhaZ_patatin	50215	51639	+	
GCA_025934495.1	JAICXY010000117.1	JAICXY010000117.1_2	ArchPhaZ_patatin	459	1688	+	BdhA
GCA_025935105.1	JAICVW010000442.1	JAICVW010000442.1_3	ArchPhaZ_patatin	1429	2571	-	
GCA_025935105.1	JAICVW010000019.1	JAICVW010000019.1_11	ArchPhaZ_patatin	11957	13138	+	
GCA_025935105.1	JAICVW010000108.1	JAICVW010000108.1_4	ArchPhaZ_patatin	1431	2708	+	
GCA_025935105.1	JAICVW010000043.1	JAICVW010000043.1_5	ArchPhaZ_patatin	3075	4163	+	
GCA_025935105.1	JAICVW010000292.1	JAICVW010000292.1_3	ArchPhaZ_patatin	1966	3339	-	
GCA_025935105.1	JAICVW010000075.1	JAICVW010000075.1_4	ArchPhaZ_patatin	2394	3608	-	
GCA_025936955.1	JAICSL010000179.1	JAICSL010000179.1_1	ArchPhaZ_patatin	1	1107	-	
GCA_025936955.1	JAICSL010000325.1	JAICSL010000325.1_1	ArchPhaZ_patatin	391	1542	-	
GCA_025936955.1	JAICSL010000098.1	JAICSL010000098.1_2	ArchPhaZ_patatin	840	2135	-	
GCA_025936955.1	JAICSL010000278.1	JAICSL010000278.1_1	ArchPhaZ_patatin	1	894	+	
GCA_025937665.1	JAICQW010000269.1	JAICQW010000269.1_2	ArchPhaZ_patatin	1610	2323	-	
GCA_025937665.1	JAICQW010000066.1	JAICQW010000066.1_1	ArchPhaZ_patatin	3	701	+	
GCA_026552855.1	JAPMTX010000033.1	JAPMTX010000033.1_8	ArchPhaZ_patatin	7985	8971	+	
GCA_026552855.1	JAPMTX010000062.1	JAPMTX010000062.1_18	ArchPhaZ_patatin	13076	13888	+	
GCA_026552975.1	JAPMTR010000068.1	JAPMTR010000068.1_83	ArchPhaZ_patatin	63785	64774	+	
GCA_027314165.1	DAHVCH010000039.1	DAHVCH010000039.1_12	ArchPhaZ_patatin	9536	10735	-	
GCA_027315065.1	DAHUYT010000028.1	DAHUYT010000028.1_11	ArchPhaZ_patatin	8438	9538	+	PhaC;PhaE
GCA_027460465.1	JAPZAV010000144.1	JAPZAV010000144.1_12	ArchPhaZ_patatin	11458	12711	-	
GCA_027460525.1	JAPZAS010000031.1	JAPZAS010000031.1_10	ArchPhaZ_patatin	11722	12975	-	BdhA;PhaC;PhaE
GCA_027460535.1	JAPZAR010000006.1	JAPZAR010000006.1_22	ArchPhaZ_patatin	17287	18540	+	BdhA;PhaC;PhaE
GCA_027460585.1	JAPZAP010000074.1	JAPZAP010000074.1_2	ArchPhaZ_patatin	371	1342	-	
GCA_028274885.1	JAQCMX010000143.1	JAQCMX010000143.1_1	ArchPhaZ_patatin	10	975	-	BdhA
GCA_028274925.1	JAQCNR010000459.1	JAQCNR010000459.1_2	ArchPhaZ_patatin	336	1304	-	BdhA
GCA_028275005.1	JAQCNN010000026.1	JAQCNN010000026.1_2	ArchPhaZ_patatin	1142	2197	-	BdhA
GCA_028275145.1	JAQCNG010000180.1	JAQCNG010000180.1_2	ArchPhaZ_patatin	1046	2011	-	BdhA
GCA_028580875.1	JAJSDS010000261.1	JAJSDS010000261.1_4	ArchPhaZ_patatin	998	1657	-	
GCA_028580875.1	JAJSDS010000031.1	JAJSDS010000031.1_1	ArchPhaZ_patatin	2	886	-	PhaC;PhaE
GCA_028580875.1	JAJSDS010000003.1	JAJSDS010000003.1_27	ArchPhaZ_patatin	18306	19391	+	
GCA_028580875.1	JAJSDS010000044.1	JAJSDS010000044.1_12	ArchPhaZ_patatin	10116	11240	-	
GCA_028751055.1	JAQZDD010000066.1	JAQZDD010000066.1_3	ArchPhaZ_patatin	1757	2767	-	BdhA
GCA_028751055.1	JAQZDD010000310.1	JAQZDD010000310.1_2	ArchPhaZ_patatin	654	1679	-	
GCA_028751075.1	JAQZDA010000013.1	JAQZDA010000013.1_15	ArchPhaZ_patatin	13739	14707	+	BdhA
GCA_028866655.1	JAGWHQ010000013.1	JAGWHQ010000013.1_19	ArchPhaZ_patatin	13053	14132	-	PhaC;PhaE
GCA_028866895.1	JAGWHF010000002.1	JAGWHF010000002.1_26	ArchPhaZ_patatin	21119	22213	-	PhaC;PhaE
GCA_028867235.1	JAGWGS010000127.1	JAGWGS010000127.1_2	ArchPhaZ_patatin	366	1445	+	
GCA_028867275.1	JAGWGU010000002.1	JAGWGU010000002.1_119	ArchPhaZ_patatin	91532	92614	+	PhaC;PhaE
GCA_028867275.1	JAGWGU010000004.1	JAGWGU010000004.1_26	ArchPhaZ_patatin	18781	19854	+	PhaC
GCA_028867395.1	JAGWGO010000271.1	JAGWGO010000271.1_2	ArchPhaZ_patatin	434	1525	-	
GCA_028867595.1	JAGWGB010000028.1	JAGWGB010000028.1_14	ArchPhaZ_patatin	9444	10343	-	
GCA_028867595.1	JAGWGB010000004.1	JAGWGB010000004.1_65	ArchPhaZ_patatin	53344	54435	-	PhaC;PhaE
GCA_028867615.1	JAGWGC010000020.1	JAGWGC010000020.1_8	ArchPhaZ_patatin	4777	5853	+	PhaC;PhaE
GCA_028867675.1	JAGWGA010000008.1	JAGWGA010000008.1_23	ArchPhaZ_patatin	14614	15702	-	PhaC;PhaE
GCA_028867735.1	JAGWFW010000003.1	JAGWFW010000003.1_6	ArchPhaZ_patatin	3145	4236	-	PhaC;PhaE
GCA_028867735.1	JAGWFW010000009.1	JAGWFW010000009.1_25	ArchPhaZ_patatin	16702	17796	-	
GCA_028867755.1	JAGWFT010000001.1	JAGWFT010000001.1_1375	ArchPhaZ_patatin	1231253	1232353	+	PhaC;PhaE
GCA_028867785.1	JAGWFS010000002.1	JAGWFS010000002.1_74	ArchPhaZ_patatin	61958	63049	-	PhaC;PhaE
GCA_028867785.1	JAGWFS010000003.1	JAGWFS010000003.1_94	ArchPhaZ_patatin	72488	73636	+	
GCA_028867785.1	JAGWFS010000003.1	JAGWFS010000003.1_150	ArchPhaZ_patatin	114135	115223	-	
GCA_029194465.1	JARFXS010000014.1	JARFXS010000014.1_25	ArchPhaZ_patatin	24159	25388	+	
GCA_029194465.1	JARFXS010000021.1	JARFXS010000021.1_34	ArchPhaZ_patatin	33104	33757	-	
GCA_029194465.1	JARFXS010000021.1	JARFXS010000021.1_35	ArchPhaZ_patatin	33847	34545	-	
GCA_029194465.1	JARFXS010000022.1	JARFXS010000022.1_42	ArchPhaZ_patatin	35625	36692	-	
GCA_029194465.1	JARFXS010000033.1	JARFXS010000033.1_12	ArchPhaZ_patatin	13323	14783	+	BdhA
GCA_029194465.1	JARFXS010000034.1	JARFXS010000034.1_3	ArchPhaZ_patatin	2164	3594	-	
GCA_029194465.1	JARFXS010000037.1	JARFXS010000037.1_26	ArchPhaZ_patatin	24250	25470	-	
GCA_029194465.1	JARFXS010000046.1	JARFXS010000046.1_8	ArchPhaZ_patatin	6208	7605	-	
GCA_029194465.1	JARFXS010000231.1	JARFXS010000231.1_2	ArchPhaZ_patatin	301	1143	-	
GCA_029194465.1	JARFXS010000005.1	JARFXS010000005.1_85	ArchPhaZ_patatin	74443	75333	+	
GCA_029237505.1	JARBAW010000113.1	JARBAW010000113.1_9	ArchPhaZ_patatin	7675	8862	-	
GCA_029237515.1	JARBAV010000499.1	JARBAV010000499.1_3	ArchPhaZ_patatin	2584	3876	+	
GCA_029237515.1	JARBAV010000134.1	JARBAV010000134.1_2	ArchPhaZ_patatin	1541	2704	-	
GCA_029237515.1	JARBAV010000148.1	JARBAV010000148.1_2	ArchPhaZ_patatin	364	1764	+	
GCA_029237515.1	JARBAV010000179.1	JARBAV010000179.1_6	ArchPhaZ_patatin	5021	6478	-	
GCA_029237515.1	JARBAV010000304.1	JARBAV010000304.1_3	ArchPhaZ_patatin	3483	4727	+	
GCA_029240435.1	JAREAI010000266.1	JAREAI010000266.1_2	ArchPhaZ_patatin	670	2163	-	
GCA_029240435.1	JAREAI010000103.1	JAREAI010000103.1_8	ArchPhaZ_patatin	6500	7690	-	
GCA_029240435.1	JAREAI010000105.1	JAREAI010000105.1_7	ArchPhaZ_patatin	6124	7527	-	
GCA_029240435.1	JAREAI010000122.1	JAREAI010000122.1_4	ArchPhaZ_patatin	1686	2921	+	
GCA_029240435.1	JAREAI010000243.1	JAREAI010000243.1_5	ArchPhaZ_patatin	2677	4056	+	
GCA_029263715.1	JAJUFP010000004.1	JAJUFP010000004.1_69	ArchPhaZ_patatin	61515	62726	+	
GCA_029263715.1	JAJUFP010000008.1	JAJUFP010000008.1_80	ArchPhaZ_patatin	59178	60263	+	BdhA
GCA_029688825.1	JARUKX010000005.1	JARUKX010000005.1_132	ArchPhaZ_patatin	120508	121473	+	
GCA_029850515.1	JARCRW010000048.1	JARCRW010000048.1_18	ArchPhaZ_patatin	12044	13120	+	PhaC;PhaE
GCA_029850515.1	JARCRW010000081.1	JARCRW010000081.1_13	ArchPhaZ_patatin	8752	9825	+	
GCA_029861345.1	JAOTZM010000017.1	JAOTZM010000017.1_19	ArchPhaZ_patatin	13615	14946	+	
GCA_029861785.1	JAOTYR010000022.1	JAOTYR010000022.1_9	ArchPhaZ_patatin	6131	7624	+	
GCA_029861785.1	JAOTYR010000119.1	JAOTYR010000119.1_1	ArchPhaZ_patatin	2	1195	+	
GCA_029864335.1	JAOTTS010000010.1	JAOTTS010000010.1_58	ArchPhaZ_patatin	46611	48026	-	
GCA_030038445.1	JASHOW010000015.1	JASHOW010000015.1_3	ArchPhaZ_patatin	699	1793	+	PhaC;PhaE
GCA_030038695.1	JASHSN010000459.1	JASHSN010000459.1_2	ArchPhaZ_patatin	929	2104	+	
GCA_030038695.1	JASHSN010000461.1	JASHSN010000461.1_7	ArchPhaZ_patatin	8710	10179	-	
GCA_030038695.1	JASHSN010000062.1	JASHSN010000062.1_1	ArchPhaZ_patatin	2	628	+	
GCA_030038695.1	JASHSN010000626.1	JASHSN010000626.1_8	ArchPhaZ_patatin	3784	5241	-	
GCA_030038695.1	JASHSN010000089.1	JASHSN010000089.1_5	ArchPhaZ_patatin	2685	3458	+	
GCA_030038695.1	JASHSN010000297.1	JASHSN010000297.1_6	ArchPhaZ_patatin	4714	6111	+	
GCA_030038695.1	JASHSN010000384.1	JASHSN010000384.1_5	ArchPhaZ_patatin	5132	6157	-	
GCA_030038695.1	JASHSN010000397.1	JASHSN010000397.1_2	ArchPhaZ_patatin	1180	2355	+	
GCA_030038695.1	JASHSN010000442.1	JASHSN010000442.1_2	ArchPhaZ_patatin	194	1066	-	
GCA_030041535.1	JASHNR010000036.1	JASHNR010000036.1_56	ArchPhaZ_patatin	44714	45814	-	PhaC;PhaE
GCA_030452275.1	JAKDMR010000162.1	JAKDMR010000162.1_1	ArchPhaZ_patatin	233	1426	-	
GCA_030452275.1	JAKDMR010000219.1	JAKDMR010000219.1_4	ArchPhaZ_patatin	3446	4435	+	
GCA_030452275.1	JAKDMR010000285.1	JAKDMR010000285.1_2	ArchPhaZ_patatin	1194	2495	-	
GCA_030452275.1	JAKDMR010000032.1	JAKDMR010000032.1_6	ArchPhaZ_patatin	6212	7669	+	
GCA_030452275.1	JAKDMR010000049.1	JAKDMR010000049.1_6	ArchPhaZ_patatin	5391	6596	+	
GCA_030452275.1	JAKDMR010000049.1	JAKDMR010000049.1_9	ArchPhaZ_patatin	9194	10036	-	
GCA_030452275.1	JAKDMR010000559.1	JAKDMR010000559.1_2	ArchPhaZ_patatin	827	1954	-	
GCA_030452275.1	JAKDMR010000079.1	JAKDMR010000079.1_10	ArchPhaZ_patatin	6208	6909	+	
GCA_030452275.1	JAKDMR010000080.1	JAKDMR010000080.1_2	ArchPhaZ_patatin	517	1758	-	
GCA_030452275.1	JAKDMR010000098.1	JAKDMR010000098.1_8	ArchPhaZ_patatin	5653	6873	+	
GCA_030452275.1	JAKDMR010000099.1	JAKDMR010000099.1_1	ArchPhaZ_patatin	140	1375	-	
GCA_030452275.1	JAKDMR010000099.1	JAKDMR010000099.1_5	ArchPhaZ_patatin	4183	5382	+	
GCA_030452275.1	JAKDMR010000693.1	JAKDMR010000693.1_3	ArchPhaZ_patatin	593	1435	-	
GCA_030611185.1	JAUWQG010000159.1	JAUWQG010000159.1_3	ArchPhaZ_patatin	916	2313	+	
GCA_030774295.1	JALYLJ010000136.1	JALYLJ010000136.1_36	ArchPhaZ_patatin	28233	29414	+	
GCA_030776915.1	JALYGW010000011.1	JALYGW010000011.1_5	ArchPhaZ_patatin	5785	6957	+	
GCA_030776915.1	JALYGW010000158.1	JALYGW010000158.1_2	ArchPhaZ_patatin	1605	2993	+	
GCA_030776915.1	JALYGW010000203.1	JALYGW010000203.1_6	ArchPhaZ_patatin	5006	6184	+	
GCA_030861105.1	JALZGI010000011.1	JALZGI010000011.1_23	ArchPhaZ_patatin	20752	22002	+	
GCA_030861105.1	JALZGI010000329.1	JALZGI010000329.1_2	ArchPhaZ_patatin	1217	2416	-	PhaJ
GCA_030861105.1	JALZGI010000031.1	JALZGI010000031.1_4	ArchPhaZ_patatin	1585	3069	+	
GCA_030861545.1	JALZFN010000016.1	JALZFN010000016.1_4	ArchPhaZ_patatin	2294	3475	+	
GCA_030913755.1	JALZOS010000102.1	JALZOS010000102.1_5	ArchPhaZ_patatin	4247	5578	+	
GCA_031177355.1	JAPSGR010000010.1	JAPSGR010000010.1_45	ArchPhaZ_patatin	45371	46597	+	BdhA
GCA_031177355.1	JAPSGR010000023.1	JAPSGR010000023.1_15	ArchPhaZ_patatin	14936	16354	-	
GCA_031177355.1	JAPSGR010000024.1	JAPSGR010000024.1_21	ArchPhaZ_patatin	22629	23897	-	
GCA_031296345.1	JARLFW010000107.1	JARLFW010000107.1_32	ArchPhaZ_patatin	21618	22691	-	PhaC;PhaE
GCA_031296345.1	JARLFW010000013.1	JARLFW010000013.1_4	ArchPhaZ_patatin	1509	2978	+	
GCA_031316115.1	JALDRC010000005.1	JALDRC010000005.1_262	ArchPhaZ_patatin	280135	281304	+	
GCA_031316115.1	JALDRC010000006.1	JALDRC010000006.1_14	ArchPhaZ_patatin	13591	14754	+	
GCA_031316115.1	JALDRC010000006.1	JALDRC010000006.1_62	ArchPhaZ_patatin	70661	71944	-	BdhA
GCA_032155045.1	JALDXL010000083.1	JALDXL010000083.1_9	ArchPhaZ_patatin	5749	6978	-	
GCA_032155045.1	JALDXL010000119.1	JALDXL010000119.1_4	ArchPhaZ_patatin	3913	4764	+	
GCA_032155045.1	JALDXL010000175.1	JALDXL010000175.1_3	ArchPhaZ_patatin	2599	3783	-	
GCA_032155045.1	JALDXL010000182.1	JALDXL010000182.1_4	ArchPhaZ_patatin	3491	4972	+	
GCA_032155045.1	JALDXL010000188.1	JALDXL010000188.1_2	ArchPhaZ_patatin	338	1516	-	
GCA_032155045.1	JALDXL010000300.1	JALDXL010000300.1_2	ArchPhaZ_patatin	1233	2687	-	
GCA_033272285.1	JASKBU010000028.1	JASKBU010000028.1_9	ArchPhaZ_patatin	5463	6758	-	BdhA
GCA_033272285.1	JASKBU010000093.1	JASKBU010000093.1_8	ArchPhaZ_patatin	8838	10307	-	
GCA_033272285.1	JASKBU010000096.1	JASKBU010000096.1_132	ArchPhaZ_patatin	113719	114900	-	
GCA_033853455.1	JAWOLM010000055.1	JAWOLM010000055.1_6	ArchPhaZ_patatin	3159	4250	-	PhaC;PhaE
GCA_033854095.1	JAWOKW010000401.1	JAWOKW010000401.1_11	ArchPhaZ_patatin	8705	9757	+	
GCA_034190395.1	JAXINS010000129.1	JAXINS010000129.1_11	ArchPhaZ_patatin	8368	9342	+	BdhA
GCA_034522195.1	JAXHLL010000006.1	JAXHLL010000006.1_440	ArchPhaZ_patatin	399258	400292	+	
GCA_035250685.1	DATFEX010000039.1	DATFEX010000039.1_7	ArchPhaZ_patatin	4866	6059	+	
GCA_035250975.1	DATFEP010000064.1	DATFEP010000064.1_99	ArchPhaZ_patatin	95580	96275	+	
GCA_035250975.1	DATFEP010000036.1	DATFEP010000036.1_6	ArchPhaZ_patatin	3615	4706	+	
GCA_035250975.1	DATFEP010000087.1	DATFEP010000087.1_1	ArchPhaZ_patatin	204	1646	+	
GCA_035250975.1	DATFEP010000066.1	DATFEP010000066.1_83	ArchPhaZ_patatin	74102	75379	+	
GCA_035250975.1	DATFEP010000047.1	DATFEP010000047.1_20	ArchPhaZ_patatin	26703	27893	+	
GCA_035252175.1	DATFDI010000008.1	DATFDI010000008.1_8	ArchPhaZ_patatin	5625	6905	+	
GCA_035252175.1	DATFDI010000052.1	DATFDI010000052.1_83	ArchPhaZ_patatin	75190	76395	+	
GCA_035252175.1	DATFDI010000064.1	DATFDI010000064.1_1	ArchPhaZ_patatin	750	2030	-	
GCA_035252175.1	DATFDI010000113.1	DATFDI010000113.1_12	ArchPhaZ_patatin	10004	10846	-	
GCA_035252445.1	DATFDB010000133.1	DATFDB010000133.1_8	ArchPhaZ_patatin	5184	6275	+	
GCA_035252645.1	DATFCV010000057.1	DATFCV010000057.1_71	ArchPhaZ_patatin	61181	62269	-	PhaC;PhaE
GCA_035253045.1	DATFCN010000012.1	DATFCN010000012.1_2	ArchPhaZ_patatin	1457	2899	+	BdhA
GCA_035253345.1	DATFCH010000012.1	DATFCH010000012.1_2	ArchPhaZ_patatin	1425	2525	+	
GCA_035253345.1	DATFCH010000033.1	DATFCH010000033.1_2	ArchPhaZ_patatin	867	1574	+	
GCA_035253345.1	DATFCH010000156.1	DATFCH010000156.1_1	ArchPhaZ_patatin	3	1103	-	
GCA_035253345.1	DATFCH010000244.1	DATFCH010000244.1_2	ArchPhaZ_patatin	1254	2312	-	
GCA_035253345.1	DATFCH010000310.1	DATFCH010000310.1_4	ArchPhaZ_patatin	2544	3758	+	
GCA_035253345.1	DATFCH010000378.1	DATFCH010000378.1_8	ArchPhaZ_patatin	5738	6925	-	
GCA_035253345.1	DATFCH010000513.1	DATFCH010000513.1_6	ArchPhaZ_patatin	5403	6632	+	
GCA_035253605.1	DATFBV010000032.1	DATFBV010000032.1_2	ArchPhaZ_patatin	766	2157	+	
GCA_035253605.1	DATFBV010000041.1	DATFBV010000041.1_7	ArchPhaZ_patatin	6783	8228	-	
GCA_035253605.1	DATFBV010000107.1	DATFBV010000107.1_7	ArchPhaZ_patatin	5241	6422	-	
GCA_035253865.1	DATFBL010000055.1	DATFBL010000055.1_12	ArchPhaZ_patatin	10771	11964	-	
GCA_035253885.1	DATFBJ010000133.1	DATFBJ010000133.1_3	ArchPhaZ_patatin	1541	2737	+	
GCA_035253885.1	DATFBJ010000148.1	DATFBJ010000148.1_1	ArchPhaZ_patatin	503	1732	+	
GCA_035253885.1	DATFBJ010000189.1	DATFBJ010000189.1_6	ArchPhaZ_patatin	3260	4396	+	
GCA_035253885.1	DATFBJ010000217.1	DATFBJ010000217.1_1	ArchPhaZ_patatin	94	1278	-	
GCA_035255545.1	DATEZN010000208.1	DATEZN010000208.1_1	ArchPhaZ_patatin	3	824	+	
GCA_035264705.1	DATFPS010000056.1	DATFPS010000056.1_1	ArchPhaZ_patatin	1	792	+	
GCA_035264705.1	DATFPS010000353.1	DATFPS010000353.1_2	ArchPhaZ_patatin	1848	2978	+	
GCA_035274085.1	DATEOO010000022.1	DATEOO010000022.1_1	ArchPhaZ_patatin	99	1331	+	
GCA_035274085.1	DATEOO010000064.1	DATEOO010000064.1_3	ArchPhaZ_patatin	3353	4825	+	
GCA_035274085.1	DATEOO010000064.1	DATEOO010000064.1_4	ArchPhaZ_patatin	4988	6358	-	
GCA_035274085.1	DATEOO010000098.1	DATEOO010000098.1_2	ArchPhaZ_patatin	585	1289	+	
GCA_035274085.1	DATEOO010000187.1	DATEOO010000187.1_1	ArchPhaZ_patatin	1	954	+	
GCA_035274085.1	DATEOO010000251.1	DATEOO010000251.1_4	ArchPhaZ_patatin	1761	2648	+	
GCA_035274085.1	DATEOO010000425.1	DATEOO010000425.1_2	ArchPhaZ_patatin	1155	2381	-	
GCA_035274085.1	DATEOO010000462.1	DATEOO010000462.1_2	ArchPhaZ_patatin	1987	3168	-	
GCA_035276505.1	DATELO010000018.1	DATELO010000018.1_2	ArchPhaZ_patatin	531	1721	-	
GCA_035276505.1	DATELO010000047.1	DATELO010000047.1_8	ArchPhaZ_patatin	6350	7801	-	
GCA_035276505.1	DATELO010000263.1	DATELO010000263.1_4	ArchPhaZ_patatin	3128	4357	-	
GCA_035276505.1	DATELO010000269.1	DATELO010000269.1_4	ArchPhaZ_patatin	2019	3239	-	
GCA_035279165.1	DATEIH010000070.1	DATEIH010000070.1_4	ArchPhaZ_patatin	1620	3044	-	
GCA_035279165.1	DATEIH010000079.1	DATEIH010000079.1_1	ArchPhaZ_patatin	3	1112	-	
GCA_035279165.1	DATEIH010000089.1	DATEIH010000089.1_1	ArchPhaZ_patatin	1	819	+	
GCA_035279165.1	DATEIH010000089.1	DATEIH010000089.1_2	ArchPhaZ_patatin	976	2448	-	
GCA_035279165.1	DATEIH010000224.1	DATEIH010000224.1_1	ArchPhaZ_patatin	103	1329	+	
GCA_035279165.1	DATEIH010000241.1	DATEIH010000241.1_4	ArchPhaZ_patatin	4069	5319	+	
GCA_035279165.1	DATEIH010000313.1	DATEIH010000313.1_1	ArchPhaZ_patatin	3	1067	-	
GCA_035280585.1	DATEFQ010000080.1	DATEFQ010000080.1_2	ArchPhaZ_patatin	1507	2694	+	
GCA_035280585.1	DATEFQ010000089.1	DATEFQ010000089.1_26	ArchPhaZ_patatin	22345	23799	-	
GCA_035281285.1	DATEEE010000034.1	DATEEE010000034.1_2	ArchPhaZ_patatin	703	1815	-	
GCA_035281285.1	DATEEE010000235.1	DATEEE010000235.1_10	ArchPhaZ_patatin	11863	13041	+	
GCA_035281285.1	DATEEE010000248.1	DATEEE010000248.1_2	ArchPhaZ_patatin	1390	2568	-	
GCA_035283265.1	DATEUD010000110.1	DATEUD010000110.1_5	ArchPhaZ_patatin	2983	4149	-	
GCA_035297365.1	DATGZA010000013.1	DATGZA010000013.1_18	ArchPhaZ_patatin	21163	22344	+	BdhA
GCA_035297365.1	DATGZA010000038.1	DATGZA010000038.1_9	ArchPhaZ_patatin	4274	5542	-	
GCA_035297365.1	DATGZA010000043.1	DATGZA010000043.1_4	ArchPhaZ_patatin	1569	2669	+	
GCA_035454925.1	DATIFZ010000075.1	DATIFZ010000075.1_1	ArchPhaZ_patatin	1	1110	+	
GCA_035454925.1	DATIFZ010000085.1	DATIFZ010000085.1_42	ArchPhaZ_patatin	36798	37925	-	
GCA_035454925.1	DATIFZ010000089.1	DATIFZ010000089.1_2	ArchPhaZ_patatin	605	2059	+	
GCA_035454985.1	DATIGB010000049.1	DATIGB010000049.1_2	ArchPhaZ_patatin	291	1418	+	
GCA_035455105.1	DATIFS010000043.1	DATIFS010000043.1_2	ArchPhaZ_patatin	638	1312	-	
GCA_035455245.1	DATIFN010000022.1	DATIFN010000022.1_20	ArchPhaZ_patatin	17835	18914	-	PhaC
GCA_035540375.1	DATLGO010000022.1	DATLGO010000022.1_15	ArchPhaZ_patatin	13217	14164	+	
GCA_035547955.1	DASZTR010000021.1	DASZTR010000021.1_23	ArchPhaZ_patatin	22529	23623	-	
GCA_035547955.1	DASZTR010000093.1	DASZTR010000093.1_7	ArchPhaZ_patatin	5845	6942	+	
GCA_035547955.1	DASZTR010000110.1	DASZTR010000110.1_1	ArchPhaZ_patatin	2	802	-	
GCA_035553595.1	DATMKA010000126.1	DATMKA010000126.1_8	ArchPhaZ_patatin	10223	11146	+	
GCA_035553595.1	DATMKA010000210.1	DATMKA010000210.1_6	ArchPhaZ_patatin	3042	3884	+	
GCA_035562555.1	DATMWK010000101.1	DATMWK010000101.1_30	ArchPhaZ_patatin	23572	24969	-	
GCA_035575435.1	DATLXX010000015.1	DATLXX010000015.1_17	ArchPhaZ_patatin	12885	14087	+	BdhA
GCA_035620415.1	DASPGV010000032.1	DASPGV010000032.1_12	ArchPhaZ_patatin	6718	8046	+	
GCA_035620415.1	DASPGV010000075.1	DASPGV010000075.1_20	ArchPhaZ_patatin	12723	13538	+	BdhA
GCA_035620895.1	DASPFY010000009.1	DASPFY010000009.1_128	ArchPhaZ_patatin	102205	103398	-	
GCA_035620895.1	DASPFY010000039.1	DASPFY010000039.1_157	ArchPhaZ_patatin	141692	143143	-	
GCA_035620895.1	DASPFY010000039.1	DASPFY010000039.1_169	ArchPhaZ_patatin	154321	155790	+	
GCA_035630235.1	DASQLB010000050.1	DASQLB010000050.1_6	ArchPhaZ_patatin	4644	6110	-	
GCA_035630235.1	DASQLB010000087.1	DASQLB010000087.1_1	ArchPhaZ_patatin	546	1724	+	
GCA_035630235.1	DASQLB010000100.1	DASQLB010000100.1_10	ArchPhaZ_patatin	9346	10296	+	
GCA_035630235.1	DASQLB010000308.1	DASQLB010000308.1_1	ArchPhaZ_patatin	1	1197	-	
GCA_035630235.1	DASQLB010000366.1	DASQLB010000366.1_3	ArchPhaZ_patatin	2742	3971	+	
GCA_035631875.1	DASQHX010000010.1	DASQHX010000010.1_272	ArchPhaZ_patatin	225585	226682	+	
GCA_035639375.1	DASQYF010000050.1	DASQYF010000050.1_15	ArchPhaZ_patatin	10790	11560	+	
GCA_035639375.1	DASQYF010000207.1	DASQYF010000207.1_9	ArchPhaZ_patatin	7737	8984	-	BdhA
GCA_035639375.1	DASQYF010000360.1	DASQYF010000360.1_2	ArchPhaZ_patatin	442	1797	-	
GCA_035639375.1	DASQYF010000388.1	DASQYF010000388.1_2	ArchPhaZ_patatin	1266	2468	-	
GCA_035639375.1	DASQYF010000422.1	DASQYF010000422.1_7	ArchPhaZ_patatin	5866	7071	+	
GCA_035639375.1	DASQYF010000442.1	DASQYF010000442.1_1	ArchPhaZ_patatin	1061	2185	-	
GCA_035640055.1	DASQWW010000058.1	DASQWW010000058.1_4	ArchPhaZ_patatin	1799	2986	-	BdhA
GCA_035640315.1	DASQWJ010000007.1	DASQWJ010000007.1_18	ArchPhaZ_patatin	18228	19415	-	
GCA_035641095.1	DASQUV010000011.1	DASQUV010000011.1_7	ArchPhaZ_patatin	6998	8158	+	
GCA_035641095.1	DASQUV010000012.1	DASQUV010000012.1_2	ArchPhaZ_patatin	1922	3241	+	
GCA_035642715.1	DASQRW010000070.1	DASQRW010000070.1_3	ArchPhaZ_patatin	703	1896	-	
GCA_035642715.1	DASQRW010000147.1	DASQRW010000147.1_9	ArchPhaZ_patatin	7199	8329	+	
GCA_035642715.1	DASQRW010000159.1	DASQRW010000159.1_6	ArchPhaZ_patatin	6619	7827	+	
GCA_035642715.1	DASQRW010000160.1	DASQRW010000160.1_12	ArchPhaZ_patatin	8888	10276	+	
GCA_035643435.1	DASQQK010000054.1	DASQQK010000054.1_15	ArchPhaZ_patatin	16071	17162	+	BdhA
GCA_035643435.1	DASQQK010000087.1	DASQQK010000087.1_9	ArchPhaZ_patatin	7763	8908	+	
GCA_035643435.1	DASQQK010000100.1	DASQQK010000100.1_27	ArchPhaZ_patatin	26622	27896	+	
GCA_035643435.1	DASQQK010000101.1	DASQQK010000101.1_14	ArchPhaZ_patatin	12688	14151	-	
GCA_035643435.1	DASQQK010000167.1	DASQQK010000167.1_14	ArchPhaZ_patatin	11539	12792	-	
GCA_035643435.1	DASQQK010000314.1	DASQQK010000314.1_3	ArchPhaZ_patatin	1454	2689	-	
GCA_035643435.1	DASQQK010000345.1	DASQQK010000345.1_14	ArchPhaZ_patatin	10158	11375	-	
GCA_035643635.1	DASQQB010000019.1	DASQQB010000019.1_16	ArchPhaZ_patatin	16205	17362	+	BdhA
GCA_035643635.1	DASQQB010000070.1	DASQQB010000070.1_2	ArchPhaZ_patatin	1995	3371	-	
GCA_035643635.1	DASQQB010000089.1	DASQQB010000089.1_6	ArchPhaZ_patatin	2629	3888	-	
GCA_035643635.1	DASQQB010000108.1	DASQQB010000108.1_63	ArchPhaZ_patatin	66834	68309	-	
GCA_035685565.1	DASSAF010000073.1	DASSAF010000073.1_1	ArchPhaZ_patatin	2	724	-	
GCA_035691865.1	DASSIM010000005.1	DASSIM010000005.1_5	ArchPhaZ_patatin	1687	2790	+	
GCA_035691865.1	DASSIM010000023.1	DASSIM010000023.1_58	ArchPhaZ_patatin	60867	62048	-	
GCA_035691865.1	DASSIM010000036.1	DASSIM010000036.1_2	ArchPhaZ_patatin	609	2039	-	
GCA_035691865.1	DASSIM010000095.1	DASSIM010000095.1_2	ArchPhaZ_patatin	1179	2378	+	
GCA_035691865.1	DASSIM010000115.1	DASSIM010000115.1_4	ArchPhaZ_patatin	2743	4203	+	
GCA_035703205.1	DASSYQ010000136.1	DASSYQ010000136.1_44	ArchPhaZ_patatin	31599	33074	+	
GCA_035710925.1	DASTCR010000057.1	DASTCR010000057.1_1	ArchPhaZ_patatin	402	1670	-	
GCA_035710925.1	DASTCR010000106.1	DASTCR010000106.1_5	ArchPhaZ_patatin	4475	5677	+	
GCA_035759485.1	DASTUU010000112.1	DASTUU010000112.1_3	ArchPhaZ_patatin	1923	2978	+	BdhA
GCA_035759485.1	DASTUU010000308.1	DASTUU010000308.1_1	ArchPhaZ_patatin	1	984	-	
GCA_035759485.1	DASTUU010000317.1	DASTUU010000317.1_3	ArchPhaZ_patatin	1294	2781	-	
GCA_035759485.1	DASTUU010000425.1	DASTUU010000425.1_3	ArchPhaZ_patatin	1948	3399	-	
GCA_035760305.1	DASTTF010000086.1	DASTTF010000086.1_3	ArchPhaZ_patatin	2117	3283	-	
GCA_035935115.1	DASYXK010000021.1	DASYXK010000021.1_300	ArchPhaZ_patatin	252634	253734	+	
GCA_036003785.1	DASYSB010000019.1	DASYSB010000019.1_49	ArchPhaZ_patatin	42818	43978	+	
GCA_036003785.1	DASYSB010000056.1	DASYSB010000056.1_8	ArchPhaZ_patatin	6997	8127	+	
GCA_036004585.1	DASYRH010000051.1	DASYRH010000051.1_3	ArchPhaZ_patatin	862	1659	-	
GCA_036258455.1	DATADQ010000084.1	DATADQ010000084.1_1	ArchPhaZ_patatin	1	756	-	
GCA_036258455.1	DATADQ010000221.1	DATADQ010000221.1_1	ArchPhaZ_patatin	1	1407	+	
GCA_036280615.1	DASUQJ010000106.1	DASUQJ010000106.1_4	ArchPhaZ_patatin	2752	4203	-	
GCA_036280615.1	DASUQJ010000106.1	DASUQJ010000106.1_15	ArchPhaZ_patatin	15243	16709	+	
GCA_036280615.1	DASUQJ010000116.1	DASUQJ010000116.1_29	ArchPhaZ_patatin	23543	24742	-	
GCA_036373855.1	DASUUX010000074.1	DASUUX010000074.1_6	ArchPhaZ_patatin	2557	3921	+	
GCA_036373855.1	DASUUX010000102.1	DASUUX010000102.1_4	ArchPhaZ_patatin	2727	4223	+	BdhA
GCA_036373855.1	DASUUX010000134.1	DASUUX010000134.1_23	ArchPhaZ_patatin	23409	24587	-	
GCA_036373895.1	DASUUV010000039.1	DASUUV010000039.1_5	ArchPhaZ_patatin	3789	4964	-	
GCA_036376955.1	DASUZI010000009.1	DASUZI010000009.1_1	ArchPhaZ_patatin	411	1589	+	
GCA_036376955.1	DASUZI010000017.1	DASUZI010000017.1_4	ArchPhaZ_patatin	3637	4614	+	
GCA_036376955.1	DASUZI010000129.1	DASUZI010000129.1_25	ArchPhaZ_patatin	22343	23506	-	
GCA_036376955.1	DASUZI010000137.1	DASUZI010000137.1_5	ArchPhaZ_patatin	2085	3458	-	
GCA_036376955.1	DASUZI010000137.1	DASUZI010000137.1_9	ArchPhaZ_patatin	5983	7464	-	
GCA_036376955.1	DASUZI010000270.1	DASUZI010000270.1_1	ArchPhaZ_patatin	477	1658	+	
GCA_036376955.1	DASUZI010000333.1	DASUZI010000333.1_1	ArchPhaZ_patatin	1	1026	+	
GCA_036378195.1	DASUXB010000123.1	DASUXB010000123.1_4	ArchPhaZ_patatin	4735	5754	+	
GCA_036379735.1	DASVGC010000021.1	DASVGC010000021.1_1	ArchPhaZ_patatin	133	1320	-	
GCA_036380115.1	DASVFI010000035.1	DASVFI010000035.1_20	ArchPhaZ_patatin	20730	21959	+	
GCA_036380115.1	DASVFI010000038.1	DASVFI010000038.1_12	ArchPhaZ_patatin	10465	11886	-	BdhA
GCA_036380115.1	DASVFI010000067.1	DASVFI010000067.1_6	ArchPhaZ_patatin	6723	7895	-	
GCA_036380115.1	DASVFI010000072.1	DASVFI010000072.1_4	ArchPhaZ_patatin	4036	5517	-	BdhA
GCA_036380115.1	DASVFI010000081.1	DASVFI010000081.1_4	ArchPhaZ_patatin	2186	3382	-	
GCA_036380115.1	DASVFI010000202.1	DASVFI010000202.1_7	ArchPhaZ_patatin	4034	5215	-	
GCA_036380415.1	DASVEV010000014.1	DASVEV010000014.1_2	ArchPhaZ_patatin	2242	3714	+	
GCA_036380415.1	DASVEV010000046.1	DASVEV010000046.1_9	ArchPhaZ_patatin	6740	7924	+	
GCA_036380415.1	DASVEV010000078.1	DASVEV010000078.1_1	ArchPhaZ_patatin	619	2100	-	
GCA_036380415.1	DASVEV010000148.1	DASVEV010000148.1_3	ArchPhaZ_patatin	1962	3143	-	
GCA_036380415.1	DASVEV010000247.1	DASVEV010000247.1_1	ArchPhaZ_patatin	2	949	-	
GCA_036380415.1	DASVEV010000250.1	DASVEV010000250.1_1	ArchPhaZ_patatin	31	1206	-	
GCA_036381375.1	DASVCY010000096.1	DASVCY010000096.1_1	ArchPhaZ_patatin	1	1323	-	
GCA_036381375.1	DASVCY010000141.1	DASVCY010000141.1_8	ArchPhaZ_patatin	5886	6860	+	
GCA_036381375.1	DASVCY010000185.1	DASVCY010000185.1_11	ArchPhaZ_patatin	9623	10789	+	BdhA
GCA_036381375.1	DASVCY010000195.1	DASVCY010000195.1_4	ArchPhaZ_patatin	2294	3673	-	
GCA_036395315.1	DASWDL010000137.1	DASWDL010000137.1_2	ArchPhaZ_patatin	666	1943	+	
GCA_036395315.1	DASWDL010000355.1	DASWDL010000355.1_4	ArchPhaZ_patatin	1190	2443	-	
GCA_036395315.1	DASWDL010000431.1	DASWDL010000431.1_6	ArchPhaZ_patatin	6110	7528	+	
GCA_036395315.1	DASWDL010000462.1	DASWDL010000462.1_3	ArchPhaZ_patatin	1069	2538	+	
GCA_036443875.1	JAZFZF010000124.1	JAZFZF010000124.1_2	ArchPhaZ_patatin	722	1801	+	
GCA_036518375.1	DATDNG010000132.1	DATDNG010000132.1_3	ArchPhaZ_patatin	2521	3387	-	
GCA_036518375.1	DATDNG010000162.1	DATDNG010000162.1_1	ArchPhaZ_patatin	267	1748	+	
GCA_036518375.1	DATDNG010000206.1	DATDNG010000206.1_2	ArchPhaZ_patatin	1208	2407	+	
GCA_036518375.1	DATDNG010000466.1	DATDNG010000466.1_1	ArchPhaZ_patatin	505	1926	+	
GCA_036518375.1	DATDNG010000493.1	DATDNG010000493.1_1	ArchPhaZ_patatin	188	1324	+	
GCA_036518375.1	DATDNG010000586.1	DATDNG010000586.1_3	ArchPhaZ_patatin	1521	2768	+	
GCA_036518375.1	DATDNG010000590.1	DATDNG010000590.1_3	ArchPhaZ_patatin	1512	2789	-	
GCA_036519475.1	DATDLD010000155.1	DATDLD010000155.1_5	ArchPhaZ_patatin	4210	5082	-	
GCA_036519825.1	DATDKS010000097.1	DATDKS010000097.1_4	ArchPhaZ_patatin	4922	6124	-	
GCA_036519825.1	DATDKS010000158.1	DATDKS010000158.1_3	ArchPhaZ_patatin	1884	3137	+	BdhA
GCA_036520175.1	DATDKD010000067.1	DATDKD010000067.1_3	ArchPhaZ_patatin	1101	2279	+	
GCA_036520175.1	DATDKD010000076.1	DATDKD010000076.1_1	ArchPhaZ_patatin	1	1104	+	
GCA_036522495.1	DATDFS010000028.1	DATDFS010000028.1_2	ArchPhaZ_patatin	1715	2905	-	
GCA_036522495.1	DATDFS010000090.1	DATDFS010000090.1_12	ArchPhaZ_patatin	9817	11301	+	
GCA_036522495.1	DATDFS010000125.1	DATDFS010000125.1_2	ArchPhaZ_patatin	1794	2936	+	
GCA_036522495.1	DATDFS010000173.1	DATDFS010000173.1_2	ArchPhaZ_patatin	719	1879	-	
GCA_036554645.1	DATBMW010000015.1	DATBMW010000015.1_49	ArchPhaZ_patatin	41441	42613	-	
GCA_036554685.1	DATBMS010000028.1	DATBMS010000028.1_153	ArchPhaZ_patatin	139073	140539	-	
GCA_036555705.1	DATBKT010000012.1	DATBKT010000012.1_7	ArchPhaZ_patatin	7456	8673	+	
GCA_036555705.1	DATBKT010000023.1	DATBKT010000023.1_3	ArchPhaZ_patatin	1695	3011	+	
GCA_036555705.1	DATBKT010000023.1	DATBKT010000023.1_5	ArchPhaZ_patatin	4504	5913	+	
GCA_036555705.1	DATBKT010000074.1	DATBKT010000074.1_8	ArchPhaZ_patatin	6307	7791	-	BdhA
GCA_036555705.1	DATBKT010000132.1	DATBKT010000132.1_120	ArchPhaZ_patatin	142470	143867	-	
GCA_036555705.1	DATBKT010000136.1	DATBKT010000136.1_4	ArchPhaZ_patatin	3013	4302	+	
GCA_036555705.1	DATBKT010000147.1	DATBKT010000147.1_26	ArchPhaZ_patatin	30775	32157	+	
GCA_036555705.1	DATBKT010000159.1	DATBKT010000159.1_3	ArchPhaZ_patatin	1614	3044	-	
GCA_036555705.1	DATBKT010000211.1	DATBKT010000211.1_4	ArchPhaZ_patatin	2539	3828	+	
GCA_036555705.1	DATBKT010000222.1	DATBKT010000222.1_6	ArchPhaZ_patatin	5197	6609	+	
GCA_036555705.1	DATBKT010000239.1	DATBKT010000239.1_14	ArchPhaZ_patatin	13530	14825	-	
GCA_036557405.1	DATBHO010000045.1	DATBHO010000045.1_4	ArchPhaZ_patatin	3108	4559	-	
GCA_036557405.1	DATBHO010000052.1	DATBHO010000052.1_24	ArchPhaZ_patatin	17233	18417	+	
GCA_036557405.1	DATBHO010000111.1	DATBHO010000111.1_16	ArchPhaZ_patatin	9743	11221	+	
GCA_036557405.1	DATBHO010000136.1	DATBHO010000136.1_2	ArchPhaZ_patatin	442	1875	+	
GCA_036557905.1	DATBGR010000010.1	DATBGR010000010.1_5	ArchPhaZ_patatin	3950	5146	-	
GCA_036557905.1	DATBGR010000079.1	DATBGR010000079.1_2	ArchPhaZ_patatin	328	1725	+	
GCA_036557905.1	DATBGR010000087.1	DATBGR010000087.1_11	ArchPhaZ_patatin	7297	8694	+	
GCA_036557905.1	DATBGR010000180.1	DATBGR010000180.1_1	ArchPhaZ_patatin	3	1274	-	
GCA_036557905.1	DATBGR010000180.1	DATBGR010000180.1_2	ArchPhaZ_patatin	1862	3331	+	
GCA_036557905.1	DATBGR010000210.1	DATBGR010000210.1_3	ArchPhaZ_patatin	1463	2092	-	
GCA_036557905.1	DATBGR010000236.1	DATBGR010000236.1_13	ArchPhaZ_patatin	10191	11477	-	
GCA_036557905.1	DATBGR010000266.1	DATBGR010000266.1_1	ArchPhaZ_patatin	600	2078	+	
GCA_036557905.1	DATBGR010000298.1	DATBGR010000298.1_18	ArchPhaZ_patatin	17934	19343	-	
GCA_036557905.1	DATBGR010000301.1	DATBGR010000301.1_2	ArchPhaZ_patatin	201	1601	-	
GCA_036557905.1	DATBGR010000457.1	DATBGR010000457.1_2	ArchPhaZ_patatin	1762	2607	+	
GCA_036557905.1	DATBGR010000463.1	DATBGR010000463.1_8	ArchPhaZ_patatin	6835	8286	-	
GCA_036557905.1	DATBGR010000480.1	DATBGR010000480.1_4	ArchPhaZ_patatin	1789	2595	+	
GCA_036557905.1	DATBGR010000531.1	DATBGR010000531.1_9	ArchPhaZ_patatin	6681	8153	-	BdhA
GCA_036557905.1	DATBGR010000535.1	DATBGR010000535.1_8	ArchPhaZ_patatin	5987	6610	+	
GCA_036557905.1	DATBGR010000580.1	DATBGR010000580.1_8	ArchPhaZ_patatin	5416	6381	-	
GCA_036557905.1	DATBGR010000583.1	DATBGR010000583.1_4	ArchPhaZ_patatin	3523	4377	+	
GCA_036557905.1	DATBGR010000600.1	DATBGR010000600.1_2	ArchPhaZ_patatin	595	2061	-	
GCA_036558405.1	DATBFR010000016.1	DATBFR010000016.1_19	ArchPhaZ_patatin	18650	19813	+	
GCA_036558405.1	DATBFR010000031.1	DATBFR010000031.1_6	ArchPhaZ_patatin	4142	5620	-	BdhA
GCA_036558405.1	DATBFR010000087.1	DATBFR010000087.1_4	ArchPhaZ_patatin	3082	4578	-	
GCA_036558405.1	DATBFR010000087.1	DATBFR010000087.1_20	ArchPhaZ_patatin	22400	23875	+	
GCA_036558405.1	DATBFR010000099.1	DATBFR010000099.1_36	ArchPhaZ_patatin	27314	28519	+	
GCA_036558405.1	DATBFR010000100.1	DATBFR010000100.1_46	ArchPhaZ_patatin	36956	38206	-	
GCA_036560565.1	DATBQZ010000133.1	DATBQZ010000133.1_4	ArchPhaZ_patatin	4156	5250	-	
GCA_036566425.1	DATCWI010000024.1	DATCWI010000024.1_5	ArchPhaZ_patatin	4383	5522	-	
GCA_036566425.1	DATCWI010000082.1	DATCWI010000082.1_8	ArchPhaZ_patatin	7401	8798	-	
GCA_036566425.1	DATCWI010000066.1	DATCWI010000066.1_5	ArchPhaZ_patatin	3737	5032	-	
GCA_036566425.1	DATCWI010000065.1	DATCWI010000065.1_6	ArchPhaZ_patatin	3108	4484	-	
GCA_036567605.1	DATCUE010000072.1	DATCUE010000072.1_10	ArchPhaZ_patatin	9706	10674	-	
GCA_036625385.1	JAZKTU010000121.1	JAZKTU010000121.1_8	ArchPhaZ_patatin	5883	6851	+	BdhA
GCA_036625385.1	JAZKTU010000021.1	JAZKTU010000021.1_27	ArchPhaZ_patatin	24176	25174	+	
GCA_036625595.1	JAZKTK010000142.1	JAZKTK010000142.1_7	ArchPhaZ_patatin	4783	5748	+	BdhA
GCA_036625595.1	JAZKTK010000057.1	JAZKTK010000057.1_15	ArchPhaZ_patatin	12553	13560	+	BdhA
GCA_036625635.1	JAZKTI010000020.1	JAZKTI010000020.1_7	ArchPhaZ_patatin	4287	5318	-	BdhA
GCA_036625795.1	JAZKSZ010000089.1	JAZKSZ010000089.1_7	ArchPhaZ_patatin	4501	5568	+	BdhA
GCA_036625905.1	JAZKST010000030.1	JAZKST010000030.1_39	ArchPhaZ_patatin	33824	34912	-	BdhA
GCA_036625905.1	JAZKST010000034.1	JAZKST010000034.1_40	ArchPhaZ_patatin	33492	34445	+	
GCA_036626195.1	JAZKSH010000128.1	JAZKSH010000128.1_2	ArchPhaZ_patatin	940	1923	-	
GCA_036626375.1	JAZKRX010000044.1	JAZKRX010000044.1_11	ArchPhaZ_patatin	9769	10821	-	BdhA
GCA_036626375.1	JAZKRX010000058.1	JAZKRX010000058.1_6	ArchPhaZ_patatin	5191	6162	-	BdhA
GCA_036626395.1	JAZKRZ010000031.1	JAZKRZ010000031.1_15	ArchPhaZ_patatin	12696	13358	+	BdhA
GCA_036626435.1	JAZKRS010000021.1	JAZKRS010000021.1_39	ArchPhaZ_patatin	37701	38666	-	BdhA
GCA_036732945.1	DAINBL010000084.1	DAINBL010000084.1_1	ArchPhaZ_patatin	923	2419	-	
GCA_036741615.1	DAINRW010000040.1	DAINRW010000040.1_3	ArchPhaZ_patatin	2448	3623	-	
GCA_036741615.1	DAINRW010000137.1	DAINRW010000137.1_3	ArchPhaZ_patatin	2387	3745	+	BdhA
GCA_036741635.1	DAINRX010000070.1	DAINRX010000070.1_3	ArchPhaZ_patatin	1846	3051	-	
GCA_036749235.1	DAINYW010000002.1	DAINYW010000002.1_53	ArchPhaZ_patatin	43922	45010	-	PhaC;PhaE
GCA_036769505.1	DAIPKY010000138.1	DAIPKY010000138.1_3	ArchPhaZ_patatin	1936	3114	-	
GCA_036769505.1	DAIPKY010000067.1	DAIPKY010000067.1_1	ArchPhaZ_patatin	1	744	+	
GCA_036815945.1	DAISFK010000038.1	DAISFK010000038.1_11	ArchPhaZ_patatin	12295	13476	-	
GCA_036815945.1	DAISFK010000280.1	DAISFK010000280.1_2	ArchPhaZ_patatin	319	1422	+	
GCA_036815945.1	DAISFK010000291.1	DAISFK010000291.1_3	ArchPhaZ_patatin	1475	2731	-	
GCA_036844865.1	DAIUEZ010000130.1	DAIUEZ010000130.1_5	ArchPhaZ_patatin	3074	4162	+	BdhA
GCA_037441265.1	JBBISN010000001.1	JBBISN010000001.1_107	ArchPhaZ_patatin	102175	103638	+	
GCA_037441265.1	JBBISN010000020.1	JBBISN010000020.1_25	ArchPhaZ_patatin	18265	19347	-	
GCA_038200885.1	JBBRRF010000228.1	JBBRRF010000228.1_5	ArchPhaZ_patatin	2527	3612	-	
GCA_038200885.1	JBBRRF010000327.1	JBBRRF010000327.1_2	ArchPhaZ_patatin	1211	2638	-	
GCA_038200885.1	JBBRRF010000381.1	JBBRRF010000381.1_2	ArchPhaZ_patatin	341	1537	+	
GCA_038201105.1	JBBRRH010000009.1	JBBRRH010000009.1_61	ArchPhaZ_patatin	48573	49754	-	
GCA_038201105.1	JBBRRH010000065.1	JBBRRH010000065.1_2	ArchPhaZ_patatin	1348	2682	-	
GCA_038868975.1	JAWCSA010000086.1	JAWCSA010000086.1_8	ArchPhaZ_patatin	6538	7626	-	
GCA_038869975.1	JAWCQC010000028.1	JAWCQC010000028.1_13	ArchPhaZ_patatin	10656	11861	+	
GCA_038890395.1	JAWAFK010000004.1	JAWAFK010000004.1_62	ArchPhaZ_patatin	48948	50108	+	BdhA
GCA_038893155.1	JAWARX010000308.1	JAWARX010000308.1_4	ArchPhaZ_patatin	1137	2126	+	
GCA_039938515.1	JBDUUL010000015.1	JBDUUL010000015.1_335	ArchPhaZ_patatin	286662	287924	-	
GCA_039938515.1	JBDUUL010000015.1	JBDUUL010000015.1_342	ArchPhaZ_patatin	292514	293920	+	
GCA_039938515.1	JBDUUL010000017.1	JBDUUL010000017.1_21	ArchPhaZ_patatin	19181	20440	+	
GCA_039938575.1	JBDUUJ010000103.1	JBDUUJ010000103.1_23	ArchPhaZ_patatin	18615	19781	+	
GCA_039938615.1	JBDUUM010000022.1	JBDUUM010000022.1_32	ArchPhaZ_patatin	26500	27567	-	
GCA_040255975.1	JBDZWB010000237.1	JBDZWB010000237.1_1	ArchPhaZ_patatin	1	1479	+	
GCA_040255975.1	JBDZWB010000039.1	JBDZWB010000039.1_5	ArchPhaZ_patatin	4661	5908	-	
GCA_040255975.1	JBDZWB010000103.1	JBDZWB010000103.1_1	ArchPhaZ_patatin	2	994	+	
GCA_040255975.1	JBDZWB010000116.1	JBDZWB010000116.1_1	ArchPhaZ_patatin	1	1011	-	
GCA_040255975.1	JBDZWB010000154.1	JBDZWB010000154.1_5	ArchPhaZ_patatin	2934	4097	-	
GCA_040297625.1	JBDUES010000151.1	JBDUES010000151.1_5	ArchPhaZ_patatin	3213	4463	+	
GCA_040297625.1	JBDUES010000178.1	JBDUES010000178.1_4	ArchPhaZ_patatin	3649	4800	+	
GCA_040409725.1	JARWGK010000052.1	JARWGK010000052.1_11	ArchPhaZ_patatin	7831	8799	+	
GCA_040409725.1	JARWGK010000064.1	JARWGK010000064.1_7	ArchPhaZ_patatin	5283	6245	+	BdhA
GCA_040414675.1	JBEDUN010000008.1	JBEDUN010000008.1_26	ArchPhaZ_patatin	27766	29220	+	
GCA_040414675.1	JBEDUN010000040.1	JBEDUN010000040.1_16	ArchPhaZ_patatin	21860	23335	-	
GCA_040414675.1	JBEDUN010000040.1	JBEDUN010000040.1_57	ArchPhaZ_patatin	72894	74183	+	
GCA_040414675.1	JBEDUN010000046.1	JBEDUN010000046.1_4	ArchPhaZ_patatin	5061	6254	+	
GCA_040414675.1	JBEDUN010000053.1	JBEDUN010000053.1_13	ArchPhaZ_patatin	14350	15570	-	
GCA_040414675.1	JBEDUN010000053.1	JBEDUN010000053.1_36	ArchPhaZ_patatin	43343	44815	-	
GCA_040414675.1	JBEDUN010000167.1	JBEDUN010000167.1_3	ArchPhaZ_patatin	3759	4799	+	
GCA_040414675.1	JBEDUN010000175.1	JBEDUN010000175.1_25	ArchPhaZ_patatin	24810	26210	-	
GCA_040414675.1	JBEDUN010000175.1	JBEDUN010000175.1_27	ArchPhaZ_patatin	27728	29059	-	
GCA_040757615.1	JBFLWZ010000034.1	JBFLWZ010000034.1_13	ArchPhaZ_patatin	10667	11830	+	
GCA_040757615.1	JBFLWZ010000239.1	JBFLWZ010000239.1_2	ArchPhaZ_patatin	1551	2492	+	
GCA_040757675.1	JBFLWI010000069.1	JBFLWI010000069.1_5	ArchPhaZ_patatin	4120	5286	+	
GCA_041156085.1	JBEVTH010000100.1	JBEVTH010000100.1_2	ArchPhaZ_patatin	442	1614	-	BdhA
GCA_041156085.1	JBEVTH010000115.1	JBEVTH010000115.1_3	ArchPhaZ_patatin	3386	4723	-	
GCA_041156085.1	JBEVTH010000176.1	JBEVTH010000176.1_5	ArchPhaZ_patatin	3559	4944	-	
GCA_041156085.1	JBEVTH010000190.1	JBEVTH010000190.1_5	ArchPhaZ_patatin	3350	4816	-	
GCA_041156085.1	JBEVTH010000293.1	JBEVTH010000293.1_2	ArchPhaZ_patatin	1122	2285	+	
GCA_041479675.1	JBGOYM010000214.1	JBGOYM010000214.1_3	ArchPhaZ_patatin	373	1359	+	
GCA_041483595.1	JBGPGB010000240.1	JBGPGB010000240.1_1	ArchPhaZ_patatin	1	1059	-	
GCA_041492015.1	JBGPWD010000104.1	JBGPWD010000104.1_2	ArchPhaZ_patatin	1619	2719	+	
GCA_041599855.1	JBFILE010000339.1	JBFILE010000339.1_2	ArchPhaZ_patatin	504	1334	-	
GCA_041641795.1	JBEPXT010000112.1	JBEPXT010000112.1_6	ArchPhaZ_patatin	6655	7713	+	BdhA
GCA_041642135.1	JBEPXB010000013.1	JBEPXB010000013.1_8	ArchPhaZ_patatin	6733	7716	+	
GCA_041642135.1	JBEPXB010000328.1	JBEPXB010000328.1_6	ArchPhaZ_patatin	3260	4213	+	
GCA_041658815.1	JBAZZN010000311.1	JBAZZN010000311.1_4	ArchPhaZ_patatin	2991	3689	-	
GCA_041747305.1	JBGTFK010000022.1	JBGTFK010000022.1_9	ArchPhaZ_patatin	6343	7578	+	
GCA_041747305.1	JBGTFK010000059.1	JBGTFK010000059.1_11	ArchPhaZ_patatin	11056	12375	-	
GCA_041747305.1	JBGTFK010000060.1	JBGTFK010000060.1_5	ArchPhaZ_patatin	3645	4871	-	
GCA_041747305.1	JBGTFK010000139.1	JBGTFK010000139.1_18	ArchPhaZ_patatin	14713	16131	+	
GCA_041747305.1	JBGTFK010000164.1	JBGTFK010000164.1_8	ArchPhaZ_patatin	4891	6327	-	BdhA
GCA_041747305.1	JBGTFK010000250.1	JBGTFK010000250.1_20	ArchPhaZ_patatin	20158	21354	-	
GCA_042138015.1	JBHIVA010000020.1	JBHIVA010000020.1_23	ArchPhaZ_patatin	27567	28763	+	
GCA_042138015.1	JBHIVA010000056.1	JBHIVA010000056.1_2	ArchPhaZ_patatin	207	1490	-	BdhA
GCA_042216105.1	JBDGUF010000037.1	JBDGUF010000037.1_1	ArchPhaZ_patatin	3	860	-	BdhA
GCA_042216835.1	JBDGTN010000097.1	JBDGTN010000097.1_27	ArchPhaZ_patatin	27104	28069	-	BdhA
GCA_042217345.1	JBDGSW010000079.1	JBDGSW010000079.1_23	ArchPhaZ_patatin	19936	21165	+	
GCA_042217345.1	JBDGSW010000014.1	JBDGSW010000014.1_5	ArchPhaZ_patatin	1659	2627	+	BdhA
GCA_042219425.1	JBDGPY010000004.1	JBDGPY010000004.1_8	ArchPhaZ_patatin	10055	11044	+	BdhA
GCA_042219595.1	JBDGPQ010000103.1	JBDGPQ010000103.1_17	ArchPhaZ_patatin	17871	18845	-	BdhA
GCA_042662785.1	JBHSYX010000001.1	JBHSYX010000001.1_53	ArchPhaZ_patatin	43696	45060	-	
GCA_042662785.1	JBHSYX010000001.1	JBHSYX010000001.1_89	ArchPhaZ_patatin	82894	83853	-	
GCA_042662785.1	JBHSYX010000001.1	JBHSYX010000001.1_2610	ArchPhaZ_patatin	2404686	2405654	-	
GCA_044507735.1	JBIQJB010000002.1	JBIQJB010000002.1_174	ArchPhaZ_patatin	145395	146705	-	
GCA_044507735.1	JBIQJB010000003.1	JBIQJB010000003.1_87	ArchPhaZ_patatin	81063	82229	-	
GCA_044507735.1	JBIQJB010000001.1	JBIQJB010000001.1_259	ArchPhaZ_patatin	241671	243170	+	
GCA_044869655.1	JBIOXM010000063.1	JBIOXM010000063.1_1	ArchPhaZ_patatin	3	803	+	
GCA_044869655.1	JBIOXM010000114.1	JBIOXM010000114.1_5	ArchPhaZ_patatin	3077	4279	-	
GCA_044869655.1	JBIOXM010000296.1	JBIOXM010000296.1_1	ArchPhaZ_patatin	2	820	-	
GCA_044870745.1	JBIOZE010000028.1	JBIOZE010000028.1_17	ArchPhaZ_patatin	16284	17771	-	
GCA_044870745.1	JBIOZE010000028.1	JBIOZE010000028.1_34	ArchPhaZ_patatin	32596	34068	-	
GCA_044870745.1	JBIOZE010000029.1	JBIOZE010000029.1_8	ArchPhaZ_patatin	7651	8988	+	
GCA_044870745.1	JBIOZE010000036.1	JBIOZE010000036.1_11	ArchPhaZ_patatin	11600	13090	+	
GCA_044870745.1	JBIOZE010000121.1	JBIOZE010000121.1_14	ArchPhaZ_patatin	10732	11919	-	
GCA_044870765.1	JBIOZG010000047.1	JBIOZG010000047.1_1	ArchPhaZ_patatin	1	1290	+	
GCA_044870765.1	JBIOZG010000054.1	JBIOZG010000054.1_77	ArchPhaZ_patatin	62582	63763	-	
GCA_045808425.1	JBJMFM010000016.1	JBJMFM010000016.1_3	ArchPhaZ_patatin	2396	3619	+	
GCA_045808425.1	JBJMFM010000044.1	JBJMFM010000044.1_21	ArchPhaZ_patatin	14654	16063	+	
GCA_045808425.1	JBJMFM010000149.1	JBJMFM010000149.1_5	ArchPhaZ_patatin	4245	5672	+	
GCA_045808425.1	JBJMFM010000153.1	JBJMFM010000153.1_4	ArchPhaZ_patatin	3409	4563	+	
GCA_045808425.1	JBJMFM010000281.1	JBJMFM010000281.1_10	ArchPhaZ_patatin	9934	11211	+	BdhA
GCA_045809585.1	JBJMEE010000006.1	JBJMEE010000006.1_4	ArchPhaZ_patatin	2371	3510	+	BdhA
GCA_045809625.1	JBJMEA010000029.1	JBJMEA010000029.1_3	ArchPhaZ_patatin	3726	5051	-	
GCA_045809625.1	JBJMEA010000062.1	JBJMEA010000062.1_11	ArchPhaZ_patatin	9699	11111	-	
GCA_045809625.1	JBJMEA010000090.1	JBJMEA010000090.1_10	ArchPhaZ_patatin	8219	9682	+	BdhA
GCA_045809625.1	JBJMEA010000117.1	JBJMEA010000117.1_5	ArchPhaZ_patatin	3509	4747	-	
GCA_046292705.1	JBKBQK010000002.1	JBKBQK010000002.1_23	ArchPhaZ_patatin	15478	16644	-	
GCA_046299465.1	JBKBIE010000007.1	JBKBIE010000007.1_35	ArchPhaZ_patatin	26093	27241	-	BdhA
GCA_046482755.1	JAWOEO010000125.1	JAWOEO010000125.1_3	ArchPhaZ_patatin	1731	2744	-	BdhA
GCA_046715515.1	JBKJYK010000110.1	JBKJYK010000110.1_2	ArchPhaZ_patatin	169	1284	-	
GCA_046715515.1	JBKJYK010000179.1	JBKJYK010000179.1_4	ArchPhaZ_patatin	1978	3219	+	
GCA_046715515.1	JBKJYK010000256.1	JBKJYK010000256.1_3	ArchPhaZ_patatin	2179	3411	-	
GCA_046715515.1	JBKJYK010000259.1	JBKJYK010000259.1_2	ArchPhaZ_patatin	389	1777	+	
GCA_046724555.1	JBKOWU010000101.1	JBKOWU010000101.1_1	ArchPhaZ_patatin	1	837	-	
GCA_046724555.1	JBKOWU010000163.1	JBKOWU010000163.1_10	ArchPhaZ_patatin	8011	9420	-	
GCA_046724555.1	JBKOWU010000280.1	JBKOWU010000280.1_12	ArchPhaZ_patatin	9623	10903	+	
GCA_046728425.1	JBKPEN010000144.1	JBKPEN010000144.1_6	ArchPhaZ_patatin	3882	4775	+	
GCA_046728425.1	JBKPEN010000275.1	JBKPEN010000275.1_5	ArchPhaZ_patatin	4305	5717	+	
GCA_046728425.1	JBKPEN010000065.1	JBKPEN010000065.1_7	ArchPhaZ_patatin	7527	8714	+	BdhA
GCA_046728625.1	JBKPEX010000077.1	JBKPEX010000077.1_2	ArchPhaZ_patatin	311	1498	-	
GCA_046728625.1	JBKPEX010000244.1	JBKPEX010000244.1_2	ArchPhaZ_patatin	895	1644	-	
GCA_046729135.1	JBKPGB010000057.1	JBKPGB010000057.1_5	ArchPhaZ_patatin	2228	3706	-	
GCA_046729135.1	JBKPGB010000073.1	JBKPGB010000073.1_4	ArchPhaZ_patatin	2125	3309	-	
GCA_046729135.1	JBKPGB010000090.1	JBKPGB010000090.1_1	ArchPhaZ_patatin	1	1254	+	
GCA_046729135.1	JBKPGB010000200.1	JBKPGB010000200.1_6	ArchPhaZ_patatin	4873	6330	+	
GCA_046729835.1	JBKPHJ010000015.1	JBKPHJ010000015.1_30	ArchPhaZ_patatin	21329	22045	+	
GCA_046729835.1	JBKPHJ010000200.1	JBKPHJ010000200.1_22	ArchPhaZ_patatin	19992	21275	+	
GCA_046729835.1	JBKPHJ010000286.1	JBKPHJ010000286.1_1	ArchPhaZ_patatin	313	1515	-	
GCA_046729835.1	JBKPHJ010000347.1	JBKPHJ010000347.1_3	ArchPhaZ_patatin	2829	4088	-	
GCA_046729835.1	JBKPHJ010000394.1	JBKPHJ010000394.1_3	ArchPhaZ_patatin	2600	4084	+	
GCA_046729835.1	JBKPHJ010000437.1	JBKPHJ010000437.1_1	ArchPhaZ_patatin	3	983	+	
GCA_046729835.1	JBKPHJ010000491.1	JBKPHJ010000491.1_21	ArchPhaZ_patatin	20747	22057	-	BdhA
GCA_046731995.1	JBKPMB010000042.1	JBKPMB010000042.1_12	ArchPhaZ_patatin	9881	11293	-	
GCA_046731995.1	JBKPMB010000130.1	JBKPMB010000130.1_7	ArchPhaZ_patatin	3189	4631	-	
GCA_046731995.1	JBKPMB010000168.1	JBKPMB010000168.1_9	ArchPhaZ_patatin	6690	7736	+	
GCA_046731995.1	JBKPMB010000257.1	JBKPMB010000257.1_17	ArchPhaZ_patatin	13409	14833	+	
GCA_046732115.1	JBKPMK010000010.1	JBKPMK010000010.1_3	ArchPhaZ_patatin	3592	5025	-	
GCA_046732115.1	JBKPMK010000063.1	JBKPMK010000063.1_3	ArchPhaZ_patatin	2801	4210	+	
GCA_046732115.1	JBKPMK010000085.1	JBKPMK010000085.1_5	ArchPhaZ_patatin	2736	3929	-	
GCA_046732115.1	JBKPMK010000137.1	JBKPMK010000137.1_1	ArchPhaZ_patatin	379	1572	-	
GCA_046732115.1	JBKPMK010000147.1	JBKPMK010000147.1_2	ArchPhaZ_patatin	527	1807	+	
GCA_046732115.1	JBKPMK010000239.1	JBKPMK010000239.1_2	ArchPhaZ_patatin	1569	2537	+	
GCA_046732115.1	JBKPMK010000464.1	JBKPMK010000464.1_11	ArchPhaZ_patatin	9834	10532	-	BdhA
GCA_046732455.1	JBKPNF010000142.1	JBKPNF010000142.1_1	ArchPhaZ_patatin	2	796	-	
GCA_046732455.1	JBKPNF010000157.1	JBKPNF010000157.1_2	ArchPhaZ_patatin	1040	2266	+	
GCA_046733815.1	JBKPPX010000060.1	JBKPPX010000060.1_6	ArchPhaZ_patatin	3604	4851	-	BdhA
GCA_046733815.1	JBKPPX010000310.1	JBKPPX010000310.1_4	ArchPhaZ_patatin	3030	4238	-	
GCA_046733815.1	JBKPPX010000351.1	JBKPPX010000351.1_5	ArchPhaZ_patatin	4732	5625	+	
GCA_046733815.1	JBKPPX010000352.1	JBKPPX010000352.1_2	ArchPhaZ_patatin	1113	2591	+	
GCA_046733815.1	JBKPPX010000394.1	JBKPPX010000394.1_1	ArchPhaZ_patatin	229	1725	+	
GCA_047617405.1	JBLGCN010000196.1	JBLGCN010000196.1_4	ArchPhaZ_patatin	1809	2831	-	BdhA
GCA_049199595.1	JBMCYV010000029.1	JBMCYV010000029.1_8	ArchPhaZ_patatin	7345	8430	-	
GCA_049276655.1	JBASWV010000004.1	JBASWV010000004.1_29	ArchPhaZ_patatin	26420	27568	+	PhaC
GCA_049276655.1	JBASWV010000011.1	JBASWV010000011.1_14	ArchPhaZ_patatin	15076	16182	-	
GCA_049301735.1	JBAQLI010000100.1	JBAQLI010000100.1_4	ArchPhaZ_patatin	4533	5789	-	
GCA_049578985.1	JBAUMZ010000004.1	JBAUMZ010000004.1_3	ArchPhaZ_patatin	1209	2327	+	
GCA_049578985.1	JBAUMZ010000048.1	JBAUMZ010000048.1_11	ArchPhaZ_patatin	10241	11692	+	
GCA_049578985.1	JBAUMZ010000053.1	JBAUMZ010000053.1_28	ArchPhaZ_patatin	24859	26145	+	
GCA_049578985.1	JBAUMZ010000124.1	JBAUMZ010000124.1_9	ArchPhaZ_patatin	6568	7890	-	
GCA_049578985.1	JBAUMZ010000148.1	JBAUMZ010000148.1_1	ArchPhaZ_patatin	52	1548	+	
GCA_049578985.1	JBAUMZ010000202.1	JBAUMZ010000202.1_3	ArchPhaZ_patatin	1048	2463	+	
GCA_049591355.1	JBAWET010000034.1	JBAWET010000034.1_8	ArchPhaZ_patatin	7823	9289	-	
GCA_049591355.1	JBAWET010000130.1	JBAWET010000130.1_3	ArchPhaZ_patatin	2504	3847	+	
GCA_049591355.1	JBAWET010000159.1	JBAWET010000159.1_2	ArchPhaZ_patatin	805	2265	+	
GCA_049591355.1	JBAWET010000199.1	JBAWET010000199.1_5	ArchPhaZ_patatin	2796	3977	+	
GCA_049696495.1	JBAVTY010000064.1	JBAVTY010000064.1_5	ArchPhaZ_patatin	2705	3430	+	
GCA_049696495.1	JBAVTY010000244.1	JBAVTY010000244.1_5	ArchPhaZ_patatin	4431	5669	-	
GCA_049696495.1	JBAVTY010000304.1	JBAVTY010000304.1_1	ArchPhaZ_patatin	148	1320	+	
GCA_049696495.1	JBAVTY010000360.1	JBAVTY010000360.1_4	ArchPhaZ_patatin	3185	4039	-	
GCA_049696495.1	JBAVTY010000424.1	JBAVTY010000424.1_2	ArchPhaZ_patatin	2061	3536	+	
GCA_049696495.1	JBAVTY010000427.1	JBAVTY010000427.1_2	ArchPhaZ_patatin	2006	3172	-	
GCA_049696495.1	JBAVTY010000602.1	JBAVTY010000602.1_4	ArchPhaZ_patatin	1642	2271	+	BdhA
GCA_049696495.1	JBAVTY010000617.1	JBAVTY010000617.1_2	ArchPhaZ_patatin	392	1591	+	
GCA_049696495.1	JBAVTY010000707.1	JBAVTY010000707.1_1	ArchPhaZ_patatin	1390	2526	-	
GCA_049696495.1	JBAVTY010000735.1	JBAVTY010000735.1_2	ArchPhaZ_patatin	1389	2297	-	
GCA_049696495.1	JBAVTY010000865.1	JBAVTY010000865.1_3	ArchPhaZ_patatin	1428	2876	-	
GCA_049697075.1	JBAVVB010000226.1	JBAVVB010000226.1_1	ArchPhaZ_patatin	44	1141	-	
GCA_049795075.1	JBARDK010000150.1	JBARDK010000150.1_1	ArchPhaZ_patatin	109	1239	+	
GCA_049795075.1	JBARDK010000165.1	JBARDK010000165.1_3	ArchPhaZ_patatin	1945	2742	+	
GCA_050043595.1	JBNAIF010000208.1	JBNAIF010000208.1_5	ArchPhaZ_patatin	3967	5187	+	
GCA_050591185.1	JBNJLU010000006.1	JBNJLU010000006.1_14	ArchPhaZ_patatin	10232	11605	-	
GCA_050591185.1	JBNJLU010000041.1	JBNJLU010000041.1_8	ArchPhaZ_patatin	6293	7525	-	BdhA
GCA_050591185.1	JBNJLU010000096.1	JBNJLU010000096.1_6	ArchPhaZ_patatin	5022	6233	-	
GCA_050591185.1	JBNJLU010000143.1	JBNJLU010000143.1_2	ArchPhaZ_patatin	369	1565	-	
GCA_050748485.1	JBOGPP010000022.1	JBOGPP010000022.1_4	ArchPhaZ_patatin	3323	4597	+	
GCA_050748485.1	JBOGPP010000030.1	JBOGPP010000030.1_9	ArchPhaZ_patatin	6505	7962	+	
GCA_050748485.1	JBOGPP010000038.1	JBOGPP010000038.1_3	ArchPhaZ_patatin	1024	2520	+	
GCA_050748485.1	JBOGPP010000159.1	JBOGPP010000159.1_1	ArchPhaZ_patatin	1	1146	+	
GCA_050748985.1	JBOGQL010000127.1	JBOGQL010000127.1_2	ArchPhaZ_patatin	1029	2204	-	
GCA_050749105.1	JBOGQT010000003.1	JBOGQT010000003.1_3	ArchPhaZ_patatin	1311	2405	+	
GCA_050749105.1	JBOGQT010000027.1	JBOGQT010000027.1_1	ArchPhaZ_patatin	90	956	+	
GCA_050749105.1	JBOGQT010000084.1	JBOGQT010000084.1_15	ArchPhaZ_patatin	13211	14305	+	PhaC;PhaE
GCA_050749145.1	JBOGQV010000266.1	JBOGQV010000266.1_8	ArchPhaZ_patatin	4295	5374	+	PhaC;PhaE
GCA_050749225.1	JBOGQR010000106.1	JBOGQR010000106.1_7	ArchPhaZ_patatin	3261	4361	-	
GCA_050749285.1	JBOGQX010000037.1	JBOGQX010000037.1_35	ArchPhaZ_patatin	30184	31296	+	
GCA_050749285.1	JBOGQX010000042.1	JBOGQX010000042.1_2	ArchPhaZ_patatin	481	1575	+	PhaC;PhaE
GCA_050749285.1	JBOGQX010000050.1	JBOGQX010000050.1_78	ArchPhaZ_patatin	64248	65369	-	
GCA_050749325.1	JBOGRA010000027.1	JBOGRA010000027.1_2	ArchPhaZ_patatin	315	1409	+	
GCA_050749325.1	JBOGRA010000028.1	JBOGRA010000028.1_9	ArchPhaZ_patatin	6478	7578	-	PhaC;PhaE
GCA_050749345.1	JBOGRE010000107.1	JBOGRE010000107.1_3	ArchPhaZ_patatin	1584	2675	-	
GCA_050749345.1	JBOGRE010000162.1	JBOGRE010000162.1_4	ArchPhaZ_patatin	1903	3363	+	
GCA_050749345.1	JBOGRE010000384.1	JBOGRE010000384.1_1	ArchPhaZ_patatin	3	746	+	
GCA_050749365.1	JBOGRG010000064.1	JBOGRG010000064.1_14	ArchPhaZ_patatin	10402	11502	-	
GCA_050749405.1	JBOGRD010000001.1	JBOGRD010000001.1_103	ArchPhaZ_patatin	73434	74528	-	
GCA_050749405.1	JBOGRD010000004.1	JBOGRD010000004.1_130	ArchPhaZ_patatin	101165	102259	+	PhaC;PhaE
GCA_051001675.1	JBPCNB010000230.1	JBPCNB010000230.1_3	ArchPhaZ_patatin	1744	3051	-	
GCA_051001675.1	JBPCNB010000254.1	JBPCNB010000254.1_2	ArchPhaZ_patatin	1446	2093	-	
GCA_051001675.1	JBPCNB010000254.1	JBPCNB010000254.1_3	ArchPhaZ_patatin	2207	3046	-	
GCA_051001675.1	JBPCNB010000609.1	JBPCNB010000609.1_1	ArchPhaZ_patatin	213	1172	+	
GCA_051955655.1	JBQCGN010000045.1	JBQCGN010000045.1_2	ArchPhaZ_patatin	780	2009	+	
GCA_051955655.1	JBQCGN010000207.1	JBQCGN010000207.1_2	ArchPhaZ_patatin	2286	3443	-	
GCA_051955655.1	JBQCGN010000251.1	JBQCGN010000251.1_6	ArchPhaZ_patatin	3388	4557	-	
GCA_051961195.1	JBQCDO010000016.1	JBQCDO010000016.1_6	ArchPhaZ_patatin	5905	7089	+	
GCA_051961195.1	JBQCDO010000131.1	JBQCDO010000131.1_2	ArchPhaZ_patatin	463	1866	-	
GCA_051961195.1	JBQCDO010000190.1	JBQCDO010000190.1_7	ArchPhaZ_patatin	4601	6079	+	
GCA_051961195.1	JBQCDO010000190.1	JBQCDO010000190.1_14	ArchPhaZ_patatin	12500	13909	-	
GCA_051961195.1	JBQCDO010000230.1	JBQCDO010000230.1_7	ArchPhaZ_patatin	7543	8829	-	
GCA_051961195.1	JBQCDO010000389.1	JBQCDO010000389.1_3	ArchPhaZ_patatin	3761	5221	+	
GCA_051961195.1	JBQCDO010000391.1	JBQCDO010000391.1_5	ArchPhaZ_patatin	5335	6594	+	
GCA_052390175.1	JBQTHG010000043.1	JBQTHG010000043.1_3	ArchPhaZ_patatin	1847	2920	-	
GCA_900065925.1	LN890280.1	LN890280.1_1294	ArchPhaZ_patatin	1183548	1184633	+	PhaC;PhaE
GCA_902384525.1	CABMCA010000095.1	CABMCA010000095.1_32	ArchPhaZ_patatin	27851	29101	-	
GCA_902386135.1	CABMIB010000083.1	CABMIB010000083.1_35	ArchPhaZ_patatin	22100	22939	+	
GCA_902386135.1	CABMIB010000086.1	CABMIB010000086.1_13	ArchPhaZ_patatin	8818	9792	+	
GCA_902386205.1	CABMIH010000072.1	CABMIH010000072.1_7	ArchPhaZ_patatin	4665	5648	+	
GCA_933226995.1	CAKOFP010000245.1	CAKOFP010000245.1_8	ArchPhaZ_patatin	5431	6123	-	
GCA_933226995.1	CAKOFP010000321.1	CAKOFP010000321.1_1	ArchPhaZ_patatin	1	735	-	
GCA_938049695.1	CALKVM010000055.1	CALKVM010000055.1_6	ArchPhaZ_patatin	4654	6123	-	
GCA_963695855.1	CAVOHZ010000005.1	CAVOHZ010000005.1_19	ArchPhaZ_patatin	17877	18527	-	
GCA_963695855.1	CAVOHZ010000008.1	CAVOHZ010000008.1_132	ArchPhaZ_patatin	134492	135721	-	
GCA_963695855.1	CAVOHZ010000010.1	CAVOHZ010000010.1_464	ArchPhaZ_patatin	464871	465971	+	
GCA_963695855.1	CAVOHZ010000010.1	CAVOHZ010000010.1_1100	ArchPhaZ_patatin	1076337	1077500	-	BdhA
GCA_963695855.1	CAVOHZ010000010.1	CAVOHZ010000010.1_1202	ArchPhaZ_patatin	1172062	1173240	+	
GCA_963695855.1	CAVOHZ010000010.1	CAVOHZ010000010.1_1481	ArchPhaZ_patatin	1442562	1443749	-	PhaJ
GCA_963699865.1	CAVOVM010000004.1	CAVOVM010000004.1_1214	ArchPhaZ_patatin	1039875	1040954	+	PhaC;PhaE
GCA_963701075.1	OY969559.1	OY969559.1_1892	ArchPhaZ_patatin	1568361	1569458	+	PhaC;PhaE
GCA_963703885.1	CAVPGE010000058.1	CAVPGE010000058.1_31	ArchPhaZ_patatin	29786	30517	+	
GCA_963709405.1	CAVPXM010000001.1	CAVPXM010000001.1_12	ArchPhaZ_patatin	8589	10007	+	
GCA_963709405.1	CAVPXM010000022.1	CAVPXM010000022.1_7	ArchPhaZ_patatin	8942	10348	-	BdhA
GCA_963709405.1	CAVPXM010000023.1	CAVPXM010000023.1_12	ArchPhaZ_patatin	9727	10914	-	
GCA_963709405.1	CAVPXM010000029.1	CAVPXM010000029.1_40	ArchPhaZ_patatin	32317	33783	-	
GCA_963709405.1	CAVPXM010000044.1	CAVPXM010000044.1_18	ArchPhaZ_patatin	17894	18802	-	BdhA
GCA_963709405.1	CAVPXM010000052.1	CAVPXM010000052.1_5	ArchPhaZ_patatin	2279	2965	+	
GCA_963709405.1	CAVPXM010000070.1	CAVPXM010000070.1_34	ArchPhaZ_patatin	31438	32661	-	
GCA_963709405.1	CAVPXM010000072.1	CAVPXM010000072.1_1	ArchPhaZ_patatin	230	1699	+	
GCA_963709405.1	CAVPXM010000100.1	CAVPXM010000100.1_19	ArchPhaZ_patatin	13102	14112	-	
GCA_963713025.1	CAVQKA010000004.1	CAVQKA010000004.1_85	ArchPhaZ_patatin	77269	78399	+	
GCA_963713025.1	CAVQKA010000007.1	CAVQKA010000007.1_156	ArchPhaZ_patatin	132209	133348	+	PhaC;PhaE
GCA_963713025.1	CAVQKA010000007.1	CAVQKA010000007.1_301	ArchPhaZ_patatin	250049	251515	-	
GCA_963713605.1	CAVQMO010000001.1	CAVQMO010000001.1_801	ArchPhaZ_patatin	662838	663440	-	
GCA_963713605.1	CAVQMO010000001.1	CAVQMO010000001.1_802	ArchPhaZ_patatin	663391	664335	-	
GCA_963713605.1	CAVQMO010000001.1	CAVQMO010000001.1_821	ArchPhaZ_patatin	678556	680055	-	
GCA_963713605.1	CAVQMO010000001.1	CAVQMO010000001.1_836	ArchPhaZ_patatin	694283	695116	+	
GCA_963713605.1	CAVQMO010000002.1	CAVQMO010000002.1_6	ArchPhaZ_patatin	3303	4370	-	
GCA_963713605.1	CAVQMO010000003.1	CAVQMO010000003.1_19	ArchPhaZ_patatin	14597	15439	-	
GCA_963713605.1	CAVQMO010000004.1	CAVQMO010000004.1_72	ArchPhaZ_patatin	58148	58960	+	BdhA
GCA_963713605.1	CAVQMO010000010.1	CAVQMO010000010.1_262	ArchPhaZ_patatin	198112	199269	+	
GCA_963713605.1	CAVQMO010000010.1	CAVQMO010000010.1_517	ArchPhaZ_patatin	426425	427621	+	
GCA_963713605.1	CAVQMO010000011.1	CAVQMO010000011.1_3	ArchPhaZ_patatin	647	1681	-	
GCA_963716995.1	CAVQVB010000011.1	CAVQVB010000011.1_58	ArchPhaZ_patatin	43231	44322	+	
GCA_963716995.1	CAVQVB010000013.1	CAVQVB010000013.1_62	ArchPhaZ_patatin	47468	48547	+	PhaC;PhaE
GCA_963728595.1	CAVSLF010000011.1	CAVSLF010000011.1_64	ArchPhaZ_patatin	50552	52018	+	
GCA_963728595.1	CAVSLF010000011.1	CAVSLF010000011.1_66	ArchPhaZ_patatin	53188	54657	+	
GCA_963728595.1	CAVSLF010000021.1	CAVSLF010000021.1_23	ArchPhaZ_patatin	21894	23063	-	
GCA_963728595.1	CAVSLF010000024.1	CAVSLF010000024.1_9	ArchPhaZ_patatin	8385	9728	-	
GCA_963729045.1	CAVSMN010000002.1	CAVSMN010000002.1_23	ArchPhaZ_patatin	16818	18080	+	
GCA_963729045.1	CAVSMN010000007.1	CAVSMN010000007.1_153	ArchPhaZ_patatin	138525	139922	-	
GCA_963729045.1	CAVSMN010000009.1	CAVSMN010000009.1_162	ArchPhaZ_patatin	142368	143726	+	
GCA_963729045.1	CAVSMN010000012.1	CAVSMN010000012.1_11	ArchPhaZ_patatin	8213	9700	+	
GCA_963729045.1	CAVSMN010000012.1	CAVSMN010000012.1_26	ArchPhaZ_patatin	24758	26143	-	
GCA_963729045.1	CAVSMN010000012.1	CAVSMN010000012.1_395	ArchPhaZ_patatin	357893	358807	-	PhaC
GCA_963729045.1	CAVSMN010000015.1	CAVSMN010000015.1_189	ArchPhaZ_patatin	164454	165668	-	
GCA_963729045.1	CAVSMN010000021.1	CAVSMN010000021.1_38	ArchPhaZ_patatin	41660	43117	+	
GCA_963733025.1	CAVTCE010000010.1	CAVTCE010000010.1_7	ArchPhaZ_patatin	6648	7301	-	
GCA_963733025.1	CAVTCE010000019.1	CAVTCE010000019.1_128	ArchPhaZ_patatin	122962	124176	+	BdhA
GCA_963733025.1	CAVTCE010000029.1	CAVTCE010000029.1_96	ArchPhaZ_patatin	89152	90552	+	
GCA_963733025.1	CAVTCE010000031.1	CAVTCE010000031.1_33	ArchPhaZ_patatin	24072	25307	-	
GCA_963733025.1	CAVTCE010000032.1	CAVTCE010000032.1_27	ArchPhaZ_patatin	20867	21493	-	
GCA_963733025.1	CAVTCE010000032.1	CAVTCE010000032.1_28	ArchPhaZ_patatin	21468	22103	-	
GCA_963733025.1	CAVTCE010000033.1	CAVTCE010000033.1_478	ArchPhaZ_patatin	485104	486507	+	
GCA_963753595.1	CAVWCX010000003.1	CAVWCX010000003.1_111	ArchPhaZ_patatin	94153	95133	-	
GCA_963759575.1	CAVWZU010000001.1	CAVWZU010000001.1_327	ArchPhaZ_patatin	339422	340819	-	
GCA_963759575.1	CAVWZU010000001.1	CAVWZU010000001.1_381	ArchPhaZ_patatin	391666	393096	-	
GCA_963759575.1	CAVWZU010000002.1	CAVWZU010000002.1_717	ArchPhaZ_patatin	716295	717515	+	
GCA_963759575.1	CAVWZU010000002.1	CAVWZU010000002.1_891	ArchPhaZ_patatin	899256	900683	-	
GCA_963759575.1	CAVWZU010000002.1	CAVWZU010000002.1_1283	ArchPhaZ_patatin	1264528	1265766	-	
GCA_963759575.1	CAVWZU010000006.1	CAVWZU010000006.1_63	ArchPhaZ_patatin	60405	61703	-	
GCA_963762475.1	CAVXKW010000001.1	CAVXKW010000001.1_79	ArchPhaZ_patatin	77250	78482	-	
GCA_963762475.1	CAVXKW010000001.1	CAVXKW010000001.1_84	ArchPhaZ_patatin	83803	84972	+	
GCA_963762475.1	CAVXKW010000001.1	CAVXKW010000001.1_146	ArchPhaZ_patatin	150415	151836	-	
GCA_963762475.1	CAVXKW010000004.1	CAVXKW010000004.1_372	ArchPhaZ_patatin	357962	359404	-	PhaC
GCA_963762475.1	CAVXKW010000005.1	CAVXKW010000005.1_115	ArchPhaZ_patatin	109965	111407	-	
GCA_963762475.1	CAVXKW010000005.1	CAVXKW010000005.1_494	ArchPhaZ_patatin	487839	489188	-	
GCA_963762475.1	CAVXKW010000005.1	CAVXKW010000005.1_920	ArchPhaZ_patatin	915973	917202	-	
GCA_963762475.1	CAVXKW010000006.1	CAVXKW010000006.1_19	ArchPhaZ_patatin	19900	21126	-	
GCA_963762475.1	CAVXKW010000006.1	CAVXKW010000006.1_412	ArchPhaZ_patatin	446966	448165	+	
GCA_963762475.1	CAVXKW010000012.1	CAVXKW010000012.1_51	ArchPhaZ_patatin	49875	51278	-	
GCA_963762475.1	CAVXKW010000013.1	CAVXKW010000013.1_20	ArchPhaZ_patatin	21686	22651	+	
GCA_963762475.1	CAVXKW010000015.1	CAVXKW010000015.1_41	ArchPhaZ_patatin	33704	35023	-	
GCA_963765895.1	CAVXZB010000012.1	CAVXZB010000012.1_4	ArchPhaZ_patatin	3795	4928	+	
GCA_963765895.1	CAVXZB010000015.1	CAVXZB010000015.1_8	ArchPhaZ_patatin	4932	6335	-	
GCA_963765895.1	CAVXZB010000016.1	CAVXZB010000016.1_29	ArchPhaZ_patatin	24375	25571	-	
GCA_963765895.1	CAVXZB010000025.1	CAVXZB010000025.1_28	ArchPhaZ_patatin	19763	21259	+	
GCA_963765895.1	CAVXZB010000026.1	CAVXZB010000026.1_13	ArchPhaZ_patatin	8900	10396	-	
GCA_963765895.1	CAVXZB010000027.1	CAVXZB010000027.1_58	ArchPhaZ_patatin	41255	42538	-	
GCA_963765895.1	CAVXZB010000038.1	CAVXZB010000038.1_134	ArchPhaZ_patatin	144360	145502	+	
GCA_963765895.1	CAVXZB010000038.1	CAVXZB010000038.1_149	ArchPhaZ_patatin	160711	162120	-	
GCA_963765895.1	CAVXZB010000042.1	CAVXZB010000042.1_54	ArchPhaZ_patatin	50673	51398	-	
GCA_963765895.1	CAVXZB010000048.1	CAVXZB010000048.1_89	ArchPhaZ_patatin	86551	87864	+	
GCA_963765895.1	CAVXZB010000051.1	CAVXZB010000051.1_1	ArchPhaZ_patatin	3	728	+	
GCA_963765895.1	CAVXZB010000054.1	CAVXZB010000054.1_5	ArchPhaZ_patatin	3708	4631	-	
GCA_963765895.1	CAVXZB010000057.1	CAVXZB010000057.1_5	ArchPhaZ_patatin	3106	4548	-	
GCA_963765895.1	CAVXZB010000059.1	CAVXZB010000059.1_29	ArchPhaZ_patatin	24691	26091	+	
GCA_963765895.1	CAVXZB010000059.1	CAVXZB010000059.1_35	ArchPhaZ_patatin	31797	32738	+	
GCA_963765895.1	CAVXZB010000061.1	CAVXZB010000061.1_18	ArchPhaZ_patatin	16309	17037	+	
GCA_963765895.1	CAVXZB010000061.1	CAVXZB010000061.1_19	ArchPhaZ_patatin	17009	17722	+	
GCA_963765895.1	CAVXZB010000061.1	CAVXZB010000061.1_24	ArchPhaZ_patatin	19538	20962	-	
GCA_963765895.1	CAVXZB010000064.1	CAVXZB010000064.1_153	ArchPhaZ_patatin	135221	136627	-	
GCA_963765895.1	CAVXZB010000071.1	CAVXZB010000071.1_18	ArchPhaZ_patatin	16629	17528	-	
GCA_963765895.1	CAVXZB010000084.1	CAVXZB010000084.1_96	ArchPhaZ_patatin	80684	81604	+	
GCA_963765895.1	CAVXZB010000084.1	CAVXZB010000084.1_408	ArchPhaZ_patatin	393370	394554	-	
GCA_963765895.1	CAVXZB010000087.1	CAVXZB010000087.1_20	ArchPhaZ_patatin	16473	17309	+	
GCA_963765895.1	CAVXZB010000087.1	CAVXZB010000087.1_24	ArchPhaZ_patatin	21127	22413	-	
GCA_963779615.1	CAVZZA010000001.1	CAVZZA010000001.1_161	ArchPhaZ_patatin	157740	159158	+	
GCA_963779615.1	CAVZZA010000003.1	CAVZZA010000003.1_216	ArchPhaZ_patatin	222394	223659	-	
GCA_963779615.1	CAVZZA010000003.1	CAVZZA010000003.1_656	ArchPhaZ_patatin	665009	666421	-	
GCA_963779615.1	CAVZZA010000003.1	CAVZZA010000003.1_787	ArchPhaZ_patatin	802183	803346	-	
GCA_963779615.1	CAVZZA010000003.1	CAVZZA010000003.1_1179	ArchPhaZ_patatin	1172429	1173727	+	
GCA_963779615.1	CAVZZA010000005.1	CAVZZA010000005.1_574	ArchPhaZ_patatin	568256	569644	+	BdhA
GCA_963779615.1	CAVZZA010000005.1	CAVZZA010000005.1_685	ArchPhaZ_patatin	689200	690054	-	
GCA_963779615.1	CAVZZA010000005.1	CAVZZA010000005.1_826	ArchPhaZ_patatin	842248	843546	+	
GCA_963786915.1	CAWBAU010000001.1	CAWBAU010000001.1_419	ArchPhaZ_patatin	393109	394563	+	BdhA
GCA_963786915.1	CAWBAU010000001.1	CAWBAU010000001.1_512	ArchPhaZ_patatin	481330	482274	+	
GCA_963786915.1	CAWBAU010000001.1	CAWBAU010000001.1_811	ArchPhaZ_patatin	712108	713220	+	
GCA_963786915.1	CAWBAU010000005.1	CAWBAU010000005.1_94	ArchPhaZ_patatin	72326	73042	+	
GCA_963786915.1	CAWBAU010000007.1	CAWBAU010000007.1_296	ArchPhaZ_patatin	229508	230770	-	
GCA_963786915.1	CAWBAU010000007.1	CAWBAU010000007.1_299	ArchPhaZ_patatin	232784	233989	-	BdhA
GCA_963788355.1	CAWBGD010000003.1	CAWBGD010000003.1_14	ArchPhaZ_patatin	12406	13887	+	
GCA_963788755.1	CAWBHQ010000013.1	CAWBHQ010000013.1_25	ArchPhaZ_patatin	17660	19153	+	
GCA_963824385.1	CAWGPD010000001.1	CAWGPD010000001.1_367	ArchPhaZ_patatin	262543	263625	+	PhaC;PhaE
GCA_963824915.1	CAWGRD010000004.1	CAWGRD010000004.1_50	ArchPhaZ_patatin	49940	51232	-	
GCA_963824915.1	CAWGRD010000004.1	CAWGRD010000004.1_119	ArchPhaZ_patatin	105226	106506	+	PhaC
GCA_963824915.1	CAWGRD010000005.1	CAWGRD010000005.1_191	ArchPhaZ_patatin	156641	157870	-	
GCA_963824915.1	CAWGRD010000017.1	CAWGRD010000017.1_35	ArchPhaZ_patatin	27336	28766	-	
GCA_963824915.1	CAWGRD010000018.1	CAWGRD010000018.1_212	ArchPhaZ_patatin	183364	184398	-	
GCA_963824915.1	CAWGRD010000018.1	CAWGRD010000018.1_255	ArchPhaZ_patatin	221542	222687	+	
GCA_963824915.1	CAWGRD010000020.1	CAWGRD010000020.1_220	ArchPhaZ_patatin	200170	201402	+	BdhA
GCA_963825865.1	CAWGVG010000012.1	CAWGVG010000012.1_46	ArchPhaZ_patatin	39743	40423	-	
GCA_963825865.1	CAWGVG010000018.1	CAWGVG010000018.1_85	ArchPhaZ_patatin	70154	71374	-	
GCA_963825865.1	CAWGVG010000026.1	CAWGVG010000026.1_29	ArchPhaZ_patatin	21979	22797	+	
GCA_963825865.1	CAWGVG010000026.1	CAWGVG010000026.1_31	ArchPhaZ_patatin	23455	24642	-	
GCA_963825865.1	CAWGVG010000027.1	CAWGVG010000027.1_111	ArchPhaZ_patatin	89486	90382	+	
GCA_963825865.1	CAWGVG010000029.1	CAWGVG010000029.1_22	ArchPhaZ_patatin	15850	16794	-	
GCA_963825865.1	CAWGVG010000036.1	CAWGVG010000036.1_148	ArchPhaZ_patatin	118587	119420	+	
GCA_963825865.1	CAWGVG010000037.1	CAWGVG010000037.1_6	ArchPhaZ_patatin	3500	4204	-	
GCA_963825865.1	CAWGVG010000048.1	CAWGVG010000048.1_105	ArchPhaZ_patatin	83850	84776	+	
GCA_963825865.1	CAWGVG010000062.1	CAWGVG010000062.1_287	ArchPhaZ_patatin	218565	219677	+	
GCA_963830925.1	CAWHOB010000001.1	CAWHOB010000001.1_1272	ArchPhaZ_patatin	1240621	1241958	+	
GCA_963830925.1	CAWHOB010000001.1	CAWHOB010000001.1_1342	ArchPhaZ_patatin	1309206	1310432	-	
GCA_963830925.1	CAWHOB010000001.1	CAWHOB010000001.1_1948	ArchPhaZ_patatin	1908055	1909383	-	BdhA
GCA_963830925.1	CAWHOB010000002.1	CAWHOB010000002.1_317	ArchPhaZ_patatin	295111	296340	-	
GCA_963830925.1	CAWHOB010000002.1	CAWHOB010000002.1_319	ArchPhaZ_patatin	300989	302026	+	
GCA_963830925.1	CAWHOB010000004.1	CAWHOB010000004.1_45	ArchPhaZ_patatin	43871	45028	-	
GCA_963830925.1	CAWHOB010000004.1	CAWHOB010000004.1_50	ArchPhaZ_patatin	50532	51785	+	
GCA_963830925.1	CAWHOB010000008.1	CAWHOB010000008.1_3	ArchPhaZ_patatin	6086	7495	-	
GCA_963830925.1	CAWHOB010000008.1	CAWHOB010000008.1_18	ArchPhaZ_patatin	22139	23296	+	
GCA_963835875.1	CAWIGX010000005.1	CAWIGX010000005.1_141	ArchPhaZ_patatin	108298	109335	-	PhaC;PhaE
GCA_963835875.1	CAWIGX010000006.1	CAWIGX010000006.1_12	ArchPhaZ_patatin	9851	11323	-	PhaJ
GCA_963837175.1	CAWIMJ010000009.1	CAWIMJ010000009.1_4	ArchPhaZ_patatin	5700	7034	+	BdhA
GCA_963837175.1	CAWIMJ010000009.1	CAWIMJ010000009.1_38	ArchPhaZ_patatin	45775	47004	+	
GCA_963837175.1	CAWIMJ010000018.1	CAWIMJ010000018.1_53	ArchPhaZ_patatin	49372	50568	-	BdhA
GCA_963837175.1	CAWIMJ010000034.1	CAWIMJ010000034.1_182	ArchPhaZ_patatin	182566	183948	-	BdhA
GCA_963837175.1	CAWIMJ010000048.1	CAWIMJ010000048.1_17	ArchPhaZ_patatin	13238	14194	-	
GCA_963838615.1	CAWISD010000019.1	CAWISD010000019.1_4	ArchPhaZ_patatin	2315	3742	+	
GCA_963838615.1	CAWISD010000025.1	CAWISD010000025.1_63	ArchPhaZ_patatin	48574	49794	-	
GCA_963838615.1	CAWISD010000026.1	CAWISD010000026.1_5	ArchPhaZ_patatin	3052	4353	+	
GCA_963838615.1	CAWISD010000087.1	CAWISD010000087.1_19	ArchPhaZ_patatin	15741	16577	+	
GCA_963840085.1	CAWIYT010000162.1	CAWIYT010000162.1_13	ArchPhaZ_patatin	10056	11285	+	
GCA_963840085.1	CAWIYT010000191.1	CAWIYT010000191.1_9	ArchPhaZ_patatin	4623	5846	-	
GCA_963840085.1	CAWIYT010000199.1	CAWIYT010000199.1_6	ArchPhaZ_patatin	3968	5215	+	
GCA_963840085.1	CAWIYT010000251.1	CAWIYT010000251.1_138	ArchPhaZ_patatin	117391	118092	-	BdhA
GCA_963840085.1	CAWIYT010000258.1	CAWIYT010000258.1_9	ArchPhaZ_patatin	5938	7308	+	
GCA_963840085.1	CAWIYT010000287.1	CAWIYT010000287.1_4	ArchPhaZ_patatin	2178	3374	-	
GCA_963840085.1	CAWIYT010000316.1	CAWIYT010000316.1_2	ArchPhaZ_patatin	881	2308	+	
GCA_963841565.1	CAWJCY010000008.1	CAWJCY010000008.1_77	ArchPhaZ_patatin	69951	71243	+	
GCA_963841565.1	CAWJCY010000012.1	CAWJCY010000012.1_27	ArchPhaZ_patatin	24523	26019	+	
GCA_963841565.1	CAWJCY010000013.1	CAWJCY010000013.1_23	ArchPhaZ_patatin	21061	22329	-	
GCA_963850055.1	CAWKJS010000003.1	CAWKJS010000003.1_26	ArchPhaZ_patatin	26341	27567	+	
GCA_963850055.1	CAWKJS010000025.1	CAWKJS010000025.1_355	ArchPhaZ_patatin	373368	374660	-	
GCA_963850055.1	CAWKJS010000025.1	CAWKJS010000025.1_420	ArchPhaZ_patatin	433072	434193	-	
GCA_963850055.1	CAWKJS010000025.1	CAWKJS010000025.1_421	ArchPhaZ_patatin	435571	437055	+	
GCA_963850055.1	CAWKJS010000025.1	CAWKJS010000025.1_435	ArchPhaZ_patatin	452070	453398	-	
GCA_963850055.1	CAWKJS010000026.1	CAWKJS010000026.1_91	ArchPhaZ_patatin	85266	86693	-	BdhA
GCA_963850055.1	CAWKJS010000031.1	CAWKJS010000031.1_94	ArchPhaZ_patatin	95334	96575	+	
GCA_963850055.1	CAWKJS010000034.1	CAWKJS010000034.1_130	ArchPhaZ_patatin	116895	118139	+	
GCA_964372525.1	CAYJTD010000011.1	CAYJTD010000011.1_4	ArchPhaZ_patatin	2665	3747	+	PhaC
GCA_964383875.1	CAYLJD010000012.1	CAYLJD010000012.1_22	ArchPhaZ_patatin	18573	19538	+	BdhA
GCA_964402265.1	CAYOBG010000027.1	CAYOBG010000027.1_17	ArchPhaZ_patatin	12259	13302	+	
GCA_964402765.1	CAYODS010000047.1	CAYODS010000047.1_15	ArchPhaZ_patatin	16627	17643	+	BdhA
GCA_964402765.1	CAYODS010000138.1	CAYODS010000138.1_3	ArchPhaZ_patatin	1008	1643	-	BdhA
GCA_964402765.1	CAYODS010000160.1	CAYODS010000160.1_2	ArchPhaZ_patatin	229	1287	+	BdhA
GCA_964404815.1	CAYOLR010000047.1	CAYOLR010000047.1_6	ArchPhaZ_patatin	3513	4487	+	BdhA
GCA_964431955.1	CAYSLW010000067.1	CAYSLW010000067.1_3	ArchPhaZ_patatin	2846	3835	+	
GCA_964434855.1	CAYSWR010000041.1	CAYSWR010000041.1_4	ArchPhaZ_patatin	3098	4573	+	
GCA_964443815.1	CAYUFG010000019.1	CAYUFG010000019.1_9	ArchPhaZ_patatin	6089	7072	+	BdhA;PhaJ
GCA_964447595.1	CAYUTC010000006.1	CAYUTC010000006.1_26	ArchPhaZ_patatin	19854	20744	-	PhaC;PhaE
GCA_964460425.1	CAYWRR010000148.1	CAYWRR010000148.1_3	ArchPhaZ_patatin	2068	3537	+	
GCA_964460425.1	CAYWRR010000235.1	CAYWRR010000235.1_5	ArchPhaZ_patatin	3188	3877	-	
GCA_964460425.1	CAYWRR010000330.1	CAYWRR010000330.1_1	ArchPhaZ_patatin	3	1049	-	
GCA_964460425.1	CAYWRR010000386.1	CAYWRR010000386.1_1	ArchPhaZ_patatin	256	1701	-	
GCA_964460425.1	CAYWRR010000389.1	CAYWRR010000389.1_2	ArchPhaZ_patatin	551	1879	+	
GCA_964460425.1	CAYWRR010000406.1	CAYWRR010000406.1_1	ArchPhaZ_patatin	1	1290	-	
GCA_964460675.1	CAYWRD010000082.1	CAYWRD010000082.1_5	ArchPhaZ_patatin	4280	5131	+	
GCA_964462165.1	CAYWWR010000014.1	CAYWWR010000014.1_22	ArchPhaZ_patatin	15397	16476	-	PhaC;PhaE
GCA_964464395.1	CAYXFY010000001.1	CAYXFY010000001.1_92	ArchPhaZ_patatin	68551	69678	-	
GCA_964464485.1	CAYXGH010000015.1	CAYXGH010000015.1_8	ArchPhaZ_patatin	6469	7650	+	
GCA_964471665.1	CAYYHG010000015.1	CAYYHG010000015.1_19	ArchPhaZ_patatin	17780	18751	+	BdhA
GCA_964474395.1	CAYYSW010000020.1	CAYYSW010000020.1_14	ArchPhaZ_patatin	10074	11075	+	
GCA_964476255.1	CAYYYR010000008.1	CAYYYR010000008.1_4	ArchPhaZ_patatin	3059	4297	+	
GCA_964476255.1	CAYYYR010000041.1	CAYYYR010000041.1_3	ArchPhaZ_patatin	1702	2868	-	
GCA_964502325.1	CAZCWI010000069.1	CAZCWI010000069.1_6	ArchPhaZ_patatin	5000	6085	+	
GCA_964520075.1	CAZFMN010000024.1	CAZFMN010000024.1_32	ArchPhaZ_patatin	27846	28832	-	BdhA
GCA_964520265.1	CAZFOF010000005.1	CAZFOF010000005.1_13	ArchPhaZ_patatin	8866	9876	+	
GCA_964520265.1	CAZFOF010000018.1	CAZFOF010000018.1_13	ArchPhaZ_patatin	11827	12777	-	
GCA_964520265.1	CAZFOF010000041.1	CAZFOF010000041.1_13	ArchPhaZ_patatin	9468	10433	-	BdhA
GCA_964523745.1	CAZGAX010000155.1	CAZGAX010000155.1_2	ArchPhaZ_patatin	775	1773	-	BdhA
GCA_964531195.1	CAZHDX010000138.1	CAZHDX010000138.1_3	ArchPhaZ_patatin	1668	2765	+	
GCA_964538845.1	CAZIHN010000010.1	CAZIHN010000010.1_33	ArchPhaZ_patatin	26726	27808	+	PhaC;PhaE
GCA_964538845.1	CAZIHN010000097.1	CAZIHN010000097.1_4	ArchPhaZ_patatin	2388	3626	+	
GCA_964556935.1	CAZKXR010000004.1	CAZKXR010000004.1_42	ArchPhaZ_patatin	36575	38068	-	
GCA_964556935.1	CAZKXR010000019.1	CAZKXR010000019.1_34	ArchPhaZ_patatin	28002	29084	+	
GCA_964556935.1	CAZKXR010000020.1	CAZKXR010000020.1_43	ArchPhaZ_patatin	38199	39026	-	
GCA_964561055.1	CAZLOO010000151.1	CAZLOO010000151.1_7	ArchPhaZ_patatin	5011	5877	-	
GCA_964563995.1	CAZLZM010000015.1	CAZLZM010000015.1_12	ArchPhaZ_patatin	9327	10439	+	
GCA_964567195.1	CAZMLQ010000008.1	CAZMLQ010000008.1_3	ArchPhaZ_patatin	1693	2700	+	BdhA;PhaC
GCA_964567715.1	CAZMNT010000002.1	CAZMNT010000002.1_89	ArchPhaZ_patatin	67658	68764	+	PhaC;PhaE
GCA_964569925.1	CAZMWG010000013.1	CAZMWG010000013.1_14	ArchPhaZ_patatin	10256	11290	-	BdhA
GCA_964574725.1	CAZNOV010000025.1	CAZNOV010000025.1_14	ArchPhaZ_patatin	8806	9870	-	
GCA_964579035.1	CAZOFL010000008.1	CAZOFL010000008.1_30	ArchPhaZ_patatin	30107	31069	+	
GCA_964579035.1	CAZOFL010000164.1	CAZOFL010000164.1_1	ArchPhaZ_patatin	3	797	+	
GCA_964581735.1	CAZOQK010000028.1	CAZOQK010000028.1_14	ArchPhaZ_patatin	13220	14227	+	BdhA
GCA_964583735.1	CAZOWU010000052.1	CAZOWU010000052.1_10	ArchPhaZ_patatin	9127	10140	-	BdhA
GCA_964586205.1	CAZPIG010000039.1	CAZPIG010000039.1_12	ArchPhaZ_patatin	8704	10077	-	
GCA_964586685.1	CAZPGR010000004.1	CAZPGR010000004.1_283	ArchPhaZ_patatin	251125	252192	-	PhaC;PhaE
GCA_964586705.1	CAZPIL010000016.1	CAZPIL010000016.1_14	ArchPhaZ_patatin	10301	11476	+	
GCA_964586705.1	CAZPIL010000033.1	CAZPIL010000033.1_6	ArchPhaZ_patatin	2835	4085	-	
GCA_964586705.1	CAZPIL010000112.1	CAZPIL010000112.1_1	ArchPhaZ_patatin	2	979	+	
GCA_964593395.1	CAZQHW010000227.1	CAZQHW010000227.1_2	ArchPhaZ_patatin	455	1456	+	BdhA
GCA_964597715.1	CAZQZE010000140.1	CAZQZE010000140.1_7	ArchPhaZ_patatin	4647	5699	-	BdhA
GCA_964623735.1	CAZUVE010000006.1	CAZUVE010000006.1_34	ArchPhaZ_patatin	33560	34561	+	BdhA
GCA_964623935.1	CAZUWC010000021.1	CAZUWC010000021.1_12	ArchPhaZ_patatin	11339	12346	+	BdhA
GCA_964636595.1	CAZWSG010000005.1	CAZWSG010000005.1_21	ArchPhaZ_patatin	15347	16426	-	PhaC;PhaE
GCA_964638655.1	CAZWZX010000099.1	CAZWZX010000099.1_8	ArchPhaZ_patatin	7566	8528	+	BdhA
GCA_964638655.1	CAZWZX010000274.1	CAZWZX010000274.1_2	ArchPhaZ_patatin	184	1167	-	
GCA_965197925.1	CBDAOC010000020.1	CBDAOC010000020.1_583	ArchPhaZ_patatin	511117	512199	+	
GCA_965223805.1	OZ245014.1	OZ245014.1_2056	ArchPhaZ_patatin	1748124	1748999	+	
GCA_965248185.1	OZ252092.1	OZ252092.1_1097	ArchPhaZ_patatin	937646	938566	+	
GCF_000011085.1	NC_006396.1	NC_006396.1_153	ArchPhaZ_patatin	139491	140447	-	
GCF_000023945.1	NC_013158.1	NC_013158.1_855	ArchPhaZ_patatin	823153	824118	+	BdhA
GCF_000025325.1	NC_013743.1	NC_013743.1_1834	ArchPhaZ_patatin	1898575	1899603	+	
GCF_000172995.2	NC_014735.1	NC_014735.1_260	ArchPhaZ_patatin	294738	295703	+	BdhA
GCF_000220175.1	NZ_AFPU01000001.1	NZ_AFPU01000001.1_793	ArchPhaZ_patatin	678340	679779	+	
GCF_000223905.1	NC_015948.1	NC_015948.1_910	ArchPhaZ_patatin	860315	861274	-	
GCF_000303155.1	NC_018719.1	NC_018719.1_1065	ArchPhaZ_patatin	866628	867590	+	
GCF_000306765.2	NC_017944.1	NC_017944.1_453	ArchPhaZ_patatin	473008	473973	+	BdhA
GCF_000328685.1	NC_019974.1	NC_019974.1_391	ArchPhaZ_patatin	399908	400897	-	
GCF_000336615.1	NZ_AOLW01000019.1	NZ_AOLW01000019.1_7	ArchPhaZ_patatin	11043	12002	+	
GCF_000336635.1	NZ_AOLY01000037.1	NZ_AOLY01000037.1_417	ArchPhaZ_patatin	416095	417078	+	
GCF_000336895.1	NZ_AOLX01000015.1	NZ_AOLX01000015.1_287	ArchPhaZ_patatin	270078	271061	+	
GCF_000337195.1	NZ_AOID01000016.1	NZ_AOID01000016.1_115	ArchPhaZ_patatin	95871	96635	-	BdhA
GCF_000337215.1	NZ_AOHZ01000031.1	NZ_AOHZ01000031.1_103	ArchPhaZ_patatin	96626	97597	+	
GCF_000337455.1	NZ_AOIU01000043.1	NZ_AOIU01000043.1_87	ArchPhaZ_patatin	82510	83523	+	BdhA
GCF_000337455.1	NZ_AOIU01000047.1	NZ_AOIU01000047.1_102	ArchPhaZ_patatin	104470	105432	+	
GCF_000337475.1	NZ_AOIT01000039.1	NZ_AOIT01000039.1_65	ArchPhaZ_patatin	53444	54430	+	
GCF_000337475.1	NZ_AOIT01000066.1	NZ_AOIT01000066.1_28	ArchPhaZ_patatin	23855	24829	+	BdhA
GCF_000337495.1	NZ_AOIS01000048.1	NZ_AOIS01000048.1_47	ArchPhaZ_patatin	43048	44217	-	
GCF_000337675.1	NZ_AOIB01000014.1	NZ_AOIB01000014.1_45	ArchPhaZ_patatin	38726	39715	+	
GCF_000337695.1	NZ_AOIA01000143.1	NZ_AOIA01000143.1_13	ArchPhaZ_patatin	11823	12839	-	
GCF_000337735.1	NZ_AOHX01000046.1	NZ_AOHX01000046.1_51	ArchPhaZ_patatin	49602	50615	-	BdhA
GCF_000337775.1	NZ_AOLQ01000038.1	NZ_AOLQ01000038.1_139	ArchPhaZ_patatin	140327	140983	+	
GCF_000379085.1	NZ_KB905378.1	NZ_KB905378.1_81	ArchPhaZ_patatin	74503	75504	-	BdhA
GCF_000379085.1	NZ_KB905378.1	NZ_KB905378.1_1333	ArchPhaZ_patatin	1260866	1261867	-	BdhA
GCF_000383975.1	NZ_KB913017.1	NZ_KB913017.1_1259	ArchPhaZ_patatin	1236786	1237757	+	
GCF_000403645.1	NC_021313.1	NC_021313.1_1112	ArchPhaZ_patatin	1154917	1155882	+	BdhA
GCF_000427685.1	NZ_KE386573.1	NZ_KE386573.1_1838	ArchPhaZ_patatin	1752374	1753333	-	BdhA
GCF_000470655.1	NC_021921.1	NC_021921.1_155	ArchPhaZ_patatin	134174	135142	+	BdhA
GCF_000591055.1	NC_020388.1	NC_020388.1_831	ArchPhaZ_patatin	787944	788915	+	BdhA
GCF_000685155.1	NZ_JMIY01000004.1	NZ_JMIY01000004.1_91	ArchPhaZ_patatin	100597	101562	+	
GCF_000698785.1	NZ_CP007536.1	NZ_CP007536.1_860	ArchPhaZ_patatin	739181	740308	+	
GCF_000698785.1	NZ_CP007536.1	NZ_CP007536.1_1272	ArchPhaZ_patatin	1137089	1138159	-	
GCF_000730285.1	NZ_CP007174.1	NZ_CP007174.1_2667	ArchPhaZ_patatin	2266605	2267687	-	
GCF_000730285.1	NZ_CP007174.1	NZ_CP007174.1_3357	ArchPhaZ_patatin	2852771	2853910	+	
GCF_000730285.1	NZ_CP007174.1	NZ_CP007174.1_3373	ArchPhaZ_patatin	2870477	2871685	+	
GCF_000802205.1	NZ_CP012850.1	NZ_CP012850.1_1006	ArchPhaZ_patatin	1034638	1036080	-	
GCF_000802205.1	NZ_CP012850.1	NZ_CP012850.1_1047	ArchPhaZ_patatin	1071731	1072975	-	
GCF_000802205.1	NZ_CP012850.1	NZ_CP012850.1_1169	ArchPhaZ_patatin	1199543	1200697	+	
GCF_000802205.1	NZ_CP012850.1	NZ_CP012850.1_1192	ArchPhaZ_patatin	1224877	1226112	+	
GCF_000802205.1	NZ_CP012850.1	NZ_CP012850.1_1554	ArchPhaZ_patatin	1572167	1573585	-	
GCF_000802205.1	NZ_CP012850.1	NZ_CP012850.1_1781	ArchPhaZ_patatin	1808691	1810112	-	
GCF_000802205.1	NZ_CP012850.1	NZ_CP012850.1_1841	ArchPhaZ_patatin	1873307	1874779	-	
GCF_000802205.1	NZ_CP012850.1	NZ_CP012850.1_1847	ArchPhaZ_patatin	1882540	1883970	-	
GCF_000802205.1	NZ_CP012850.1	NZ_CP012850.1_2456	ArchPhaZ_patatin	2534422	2535654	+	
GCF_000802205.1	NZ_CP012850.1	NZ_CP012850.1_2495	ArchPhaZ_patatin	2577662	2579101	+	BdhA
GCF_000802205.1	NZ_CP012850.1	NZ_CP012850.1_2519	ArchPhaZ_patatin	2600012	2601487	-	
GCF_000802205.1	NZ_CP012850.1	NZ_CP012850.1_2831	ArchPhaZ_patatin	2929172	2930386	+	
GCF_001280425.1	NZ_LIUF01000004.1	NZ_LIUF01000004.1_220	ArchPhaZ_patatin	204119	205078	+	
GCF_001485575.1	NZ_BCNB01000006.1	NZ_BCNB01000006.1_2884	ArchPhaZ_patatin	2798148	2799131	+	
GCF_001593955.1	NZ_LTAZ01000001.1	NZ_LTAZ01000001.1_428	ArchPhaZ_patatin	378221	379210	-	BdhA
GCF_001593955.1	NZ_LTAZ01000017.1	NZ_LTAZ01000017.1_205	ArchPhaZ_patatin	171446	172186	+	BdhA
GCF_001870125.1	NZ_CP017922.1	NZ_CP017922.1_211	ArchPhaZ_patatin	207047	208267	+	BdhA
GCF_001870125.1	NZ_CP017922.1	NZ_CP017922.1_841	ArchPhaZ_patatin	832983	834152	+	
GCF_001870125.1	NZ_CP017922.1	NZ_CP017922.1_1253	ArchPhaZ_patatin	1221559	1222785	-	
GCF_001870125.1	NZ_CP017922.1	NZ_CP017922.1_1419	ArchPhaZ_patatin	1404146	1405354	-	
GCF_001870125.1	NZ_CP017922.1	NZ_CP017922.1_1567	ArchPhaZ_patatin	1538534	1539754	-	
GCF_001870125.1	NZ_CP017922.1	NZ_CP017922.1_2730	ArchPhaZ_patatin	2704957	2705565	-	
GCF_001870125.1	NZ_CP017922.1	NZ_CP017922.1_2769	ArchPhaZ_patatin	2747947	2749113	+	
GCF_001989615.1	NZ_CP019067.1	NZ_CP019067.1_1519	ArchPhaZ_patatin	1466987	1467946	-	BdhA
GCF_002156705.1	NZ_CP019893.1	NZ_CP019893.1_2346	ArchPhaZ_patatin	2394184	2395155	-	
GCF_002487355.1	NZ_NTMG01000023.1	NZ_NTMG01000023.1_65	ArchPhaZ_patatin	60875	62128	+	
GCF_002844195.1	NZ_PEND01000005.1	NZ_PEND01000005.1_155	ArchPhaZ_patatin	167738	168742	+	BdhA
GCF_002844195.1	NZ_PEND01000006.1	NZ_PEND01000006.1_17	ArchPhaZ_patatin	18962	20035	+	
GCF_003058365.1	NZ_CP028858.1	NZ_CP028858.1_1591	ArchPhaZ_patatin	1613108	1614073	-	BdhA
GCF_003336245.1	NZ_QPHM01000001.1	NZ_QPHM01000001.1_1373	ArchPhaZ_patatin	1310088	1311188	-	
GCF_003336245.1	NZ_QPHM01000001.1	NZ_QPHM01000001.1_1452	ArchPhaZ_patatin	1400715	1401683	+	BdhA
GCF_003336245.1	NZ_QPHM01000003.1	NZ_QPHM01000003.1_235	ArchPhaZ_patatin	221472	222431	+	BdhA
GCF_003342675.1	NZ_CP031148.1	NZ_CP031148.1_441	ArchPhaZ_patatin	415688	416359	-	BdhA
GCF_003342675.1	NZ_CP031148.1	NZ_CP031148.1_524	ArchPhaZ_patatin	514346	515452	+	
GCF_003342675.1	NZ_CP031148.1	NZ_CP031148.1_2324	ArchPhaZ_patatin	2209870	2210835	+	BdhA
GCF_003675875.1	NZ_RCDI01000002.1	NZ_RCDI01000002.1_515	ArchPhaZ_patatin	504933	505931	+	BdhA;PhaJ
GCF_003730195.1	NZ_QWGG01000007.1	NZ_QWGG01000007.1_223	ArchPhaZ_patatin	233312	234274	+	
GCF_003841465.1	NZ_REFZ01000021.1	NZ_REFZ01000021.1_9	ArchPhaZ_patatin	8743	9831	+	BdhA
GCF_003856835.1	NZ_CP034145.1	NZ_CP034145.1_328	ArchPhaZ_patatin	326975	328078	+	
GCF_003977755.1	NZ_RQWN01000005.1	NZ_RQWN01000005.1_48	ArchPhaZ_patatin	42845	43876	-	
GCF_004015825.1	NZ_SAYS01000006.1	NZ_SAYS01000006.1_113	ArchPhaZ_patatin	103008	103967	-	BdhA
GCF_004015825.1	NZ_SAYS01000013.1	NZ_SAYS01000013.1_68	ArchPhaZ_patatin	58534	59592	-	
GCF_004015825.1	NZ_SAYS01000029.1	NZ_SAYS01000029.1_33	ArchPhaZ_patatin	35446	36417	+	
GCF_004116405.1	NZ_SDIC01000005.1	NZ_SDIC01000005.1_366	ArchPhaZ_patatin	383142	384152	+	
GCF_004118325.1	NZ_RDFA01000001.1	NZ_RDFA01000001.1_67	ArchPhaZ_patatin	56779	57774	+	
GCF_004118325.1	NZ_RDFA01000001.1	NZ_RDFA01000001.1_77	ArchPhaZ_patatin	66393	67418	-	BdhA
GCF_004118325.1	NZ_RDFA01000001.1	NZ_RDFA01000001.1_706	ArchPhaZ_patatin	640815	641783	-	
GCF_004118325.1	NZ_RDFA01000002.1	NZ_RDFA01000002.1_207	ArchPhaZ_patatin	193635	194594	+	BdhA
GCF_004217335.1	NZ_SHMP01000006.1	NZ_SHMP01000006.1_313	ArchPhaZ_patatin	314303	315289	-	
GCF_004217335.1	NZ_SHMP01000009.1	NZ_SHMP01000009.1_49	ArchPhaZ_patatin	44394	45368	+	BdhA
GCF_004681185.1	NZ_SRIF01000001.1	NZ_SRIF01000001.1_205	ArchPhaZ_patatin	194816	195871	+	
GCF_004799645.1	NZ_CP031305.1	NZ_CP031305.1_2995	ArchPhaZ_patatin	2941313	2942338	-	BdhA
GCF_004799645.1	NZ_CP031306.1	NZ_CP031306.1_421	ArchPhaZ_patatin	425074	426096	+	BdhA
GCF_004799665.1	NZ_CP031310.1	NZ_CP031310.1_2187	ArchPhaZ_patatin	2141465	2142469	-	BdhA
GCF_004944975.1	NZ_SPQG01000001.1	NZ_SPQG01000001.1_135	ArchPhaZ_patatin	134338	135315	+	BdhA
GCF_004944975.1	NZ_SPQG01000016.1	NZ_SPQG01000016.1_29	ArchPhaZ_patatin	26512	27477	-	
GCF_005049285.1	NZ_SOSC01000006.1	NZ_SOSC01000006.1_12	ArchPhaZ_patatin	14932	15897	+	BdhA
GCF_005406125.1	NZ_BIXZ01000001.1	NZ_BIXZ01000001.1_763	ArchPhaZ_patatin	754012	754968	+	
GCF_005938085.1	NZ_SMZK01000001.1	NZ_SMZK01000001.1_1445	ArchPhaZ_patatin	1396827	1397813	-	
GCF_005938085.1	NZ_SMZK01000002.1	NZ_SMZK01000002.1_274	ArchPhaZ_patatin	238846	239820	-	BdhA
GCF_007119345.1	NZ_SKPV01000068.1	NZ_SKPV01000068.1_7	ArchPhaZ_patatin	9641	10639	-	
GCF_007421925.1	NZ_QMDX01000009.1	NZ_QMDX01000009.1_1	ArchPhaZ_patatin	827	1804	+	
GCF_007421925.1	NZ_QMDX01000009.1	NZ_QMDX01000009.1_133	ArchPhaZ_patatin	138884	139843	+	
GCF_007826885.1	NZ_ML675580.1	NZ_ML675580.1_56	ArchPhaZ_patatin	53621	54841	+	
GCF_007826885.1	NZ_ML675584.1	NZ_ML675584.1_108	ArchPhaZ_patatin	126294	127514	-	
GCF_008122205.1	NZ_PHNJ01000012.1	NZ_PHNJ01000012.1_109	ArchPhaZ_patatin	105118	106095	+	
GCF_008122205.1	NZ_PHNJ01000019.1	NZ_PHNJ01000019.1_8	ArchPhaZ_patatin	4523	5560	+	BdhA
GCF_008122205.1	NZ_PHNJ01000001.1	NZ_PHNJ01000001.1_56	ArchPhaZ_patatin	52251	53240	-	
GCF_008245225.1	NZ_VTAW01000027.1	NZ_VTAW01000027.1_39	ArchPhaZ_patatin	40736	41776	-	BdhA
GCF_008389435.1	NZ_VUYS01000011.1	NZ_VUYS01000011.1_14	ArchPhaZ_patatin	17424	18686	-	
GCF_008389435.1	NZ_VUYS01000004.1	NZ_VUYS01000004.1_147	ArchPhaZ_patatin	156135	157268	+	
GCF_008389435.1	NZ_VUYS01000018.1	NZ_VUYS01000018.1_18	ArchPhaZ_patatin	18764	19993	-	
GCF_009176545.1	NZ_VTOJ01000001.1	NZ_VTOJ01000001.1_760	ArchPhaZ_patatin	789824	790993	-	BdhA
GCF_009392895.1	NZ_CP045490.1	NZ_CP045490.1_88	ArchPhaZ_patatin	99051	100037	-	BdhA
GCF_009392895.1	NZ_CP045490.1	NZ_CP045490.1_167	ArchPhaZ_patatin	187289	188311	-	BdhA
GCF_009617995.1	NZ_CP044129.1	NZ_CP044129.1_3012	ArchPhaZ_patatin	2867380	2868375	-	BdhA
GCF_009741825.1	NZ_WPCA01000002.1	NZ_WPCA01000002.1_50	ArchPhaZ_patatin	39121	40107	+	BdhA
GCF_009741925.1	NZ_WPCC01000003.1	NZ_WPCC01000003.1_8	ArchPhaZ_patatin	6056	7009	+	BdhA
GCF_009791395.1	NZ_WSZK01000015.1	NZ_WSZK01000015.1_782	ArchPhaZ_patatin	728933	729925	+	
GCF_009831455.1	NZ_WOWO01000003.1	NZ_WOWO01000003.1_502	ArchPhaZ_patatin	488809	489846	+	BdhA
GCF_009831575.1	NZ_WUUT01000007.1	NZ_WUUT01000007.1_127	ArchPhaZ_patatin	135894	136871	-	BdhA
GCF_009834785.1	NZ_WUYX01000070.1	NZ_WUYX01000070.1_194	ArchPhaZ_patatin	193763	194848	+	BdhA
GCF_009898475.1	NZ_QURE01000051.1	NZ_QURE01000051.1_2	ArchPhaZ_patatin	903	2177	-	
GCF_009898475.1	NZ_QURE01000154.1	NZ_QURE01000154.1_6	ArchPhaZ_patatin	4058	5176	-	
GCF_009898475.1	NZ_QURE01000095.1	NZ_QURE01000095.1_6	ArchPhaZ_patatin	4202	4807	+	
GCF_010119195.1	NZ_WRXL01000001.1	NZ_WRXL01000001.1_448	ArchPhaZ_patatin	414629	415585	-	
GCF_010119205.1	NZ_WRXM01000001.1	NZ_WRXM01000001.1_1238	ArchPhaZ_patatin	1193889	1194875	-	
GCF_010119205.1	NZ_WRXM01000004.1	NZ_WRXM01000004.1_14	ArchPhaZ_patatin	10364	11377	+	BdhA
GCF_011319465.1	NZ_RCMB01000007.1	NZ_RCMB01000007.1_227	ArchPhaZ_patatin	156198	157145	+	PhaC;PhaE
GCF_011319465.1	NZ_RCMB01000022.1	NZ_RCMB01000022.1_15	ArchPhaZ_patatin	9263	10351	-	
GCF_011319475.1	NZ_RCMC01000096.1	NZ_RCMC01000096.1_17	ArchPhaZ_patatin	12829	13665	-	PhaC;PhaE
GCF_011440375.1	NZ_JAAOIR010000005.1	NZ_JAAOIR010000005.1_126	ArchPhaZ_patatin	127686	128777	+	BdhA
GCF_013388945.1	NZ_JACAEH010000009.1	NZ_JACAEH010000009.1_40	ArchPhaZ_patatin	31128	32192	-	
GCF_013391105.1	NZ_CP058335.1	NZ_CP058335.1_1268	ArchPhaZ_patatin	1151346	1152299	-	
GCF_013402815.2	NZ_CP058601.1	NZ_CP058601.1_808	ArchPhaZ_patatin	825439	826425	+	
GCF_013407275.1	NZ_CP030846.1	NZ_CP030846.1_800	ArchPhaZ_patatin	715144	716250	-	
GCF_013415905.1	NZ_CP058909.1	NZ_CP058909.1_3274	ArchPhaZ_patatin	3232854	3233834	+	BdhA
GCF_013456555.2	NZ_CP059154.1	NZ_CP059154.1_3773	ArchPhaZ_patatin	3746696	3747724	-	BdhA
GCF_013839425.1	NZ_JACDNP010000002.1	NZ_JACDNP010000002.1_280	ArchPhaZ_patatin	288402	289367	+	BdhA
GCF_014647235.1	NZ_BMOU01000001.1	NZ_BMOU01000001.1_43	ArchPhaZ_patatin	25553	26539	+	
GCF_014647235.1	NZ_BMOU01000003.1	NZ_BMOU01000003.1_24	ArchPhaZ_patatin	21584	22600	+	BdhA
GCF_014647415.1	NZ_BMPD01000009.1	NZ_BMPD01000009.1_117	ArchPhaZ_patatin	100881	101864	-	
GCF_016065055.1	NZ_CP065856.1	NZ_CP065856.1_1053	ArchPhaZ_patatin	1088541	1089500	+	
GCF_017352095.1	NZ_CP071463.1	NZ_CP071463.1_143	ArchPhaZ_patatin	143488	144564	+	
GCF_019599405.1	NZ_RKLQ01000001.1	NZ_RKLQ01000001.1_1352	ArchPhaZ_patatin	1303830	1304801	-	
GCF_019599465.1	NZ_RKLR01000014.1	NZ_RKLR01000014.1_5	ArchPhaZ_patatin	1962	2942	+	
GCF_019599465.1	NZ_RKLR01000015.1	NZ_RKLR01000015.1_27	ArchPhaZ_patatin	19706	20686	+	BdhA
GCF_019599465.1	NZ_RKLR01000024.1	NZ_RKLR01000024.1_18	ArchPhaZ_patatin	15547	16542	-	
GCF_019879105.1	NZ_CP082248.1	NZ_CP082248.1_1	ArchPhaZ_patatin	253	1533	-	
GCF_020405205.1	NZ_CP084469.1	NZ_CP084469.1_815	ArchPhaZ_patatin	790628	791611	+	
GCF_020405225.1	NZ_CP084472.1	NZ_CP084472.1_1201	ArchPhaZ_patatin	1072440	1073468	-	BdhA;PhaJ
GCF_020515625.1	NZ_JAIWPJ010000005.1	NZ_JAIWPJ010000005.1_77	ArchPhaZ_patatin	72735	73763	+	BdhA
GCF_020567525.1	NZ_JAJCVI010000005.1	NZ_JAJCVI010000005.1_343	ArchPhaZ_patatin	356810	357919	-	BdhA
GCF_022869805.1	NZ_CP094974.1	NZ_CP094974.1_556	ArchPhaZ_patatin	555521	556690	-	
GCF_022869805.1	NZ_CP094974.1	NZ_CP094974.1_3379	ArchPhaZ_patatin	3374660	3375697	+	BdhA
GCF_023008545.1	NZ_CP095397.1	NZ_CP095397.1_2849	ArchPhaZ_patatin	2748348	2749334	-	
GCF_023028225.1	NZ_CP095482.1	NZ_CP095482.1_1738	ArchPhaZ_patatin	1643882	1644883	-	BdhA
GCF_023028225.1	NZ_CP095482.1	NZ_CP095482.1_1902	ArchPhaZ_patatin	1783206	1784219	-	BdhA
GCF_023028345.1	NZ_CP095487.1	NZ_CP095487.1_347	ArchPhaZ_patatin	321768	322727	-	
GCF_023028345.1	NZ_CP095487.1	NZ_CP095487.1_3739	ArchPhaZ_patatin	3613521	3614573	-	BdhA
GCF_023074835.1	NZ_JALLGW010000001.1	NZ_JALLGW010000001.1_679	ArchPhaZ_patatin	676443	677426	+	
GCF_023115355.1	NZ_CP096022.1	NZ_CP096022.1_73	ArchPhaZ_patatin	74101	75234	+	
GCF_023566055.1	NZ_JALIQP010000004.1	NZ_JALIQP010000004.1_484	ArchPhaZ_patatin	472452	473486	+	BdhA
GCF_023698535.1	NZ_JALJCL010000014.1	NZ_JALJCL010000014.1_115	ArchPhaZ_patatin	106584	107543	+	BdhA
GCF_023698535.1	NZ_JALJCL010000016.1	NZ_JALJCL010000016.1_93	ArchPhaZ_patatin	76188	77216	+	BdhA
GCF_023699475.1	NZ_JALXFV010000003.1	NZ_JALXFV010000003.1_406	ArchPhaZ_patatin	406606	407601	-	
GCF_023703775.1	NZ_CP098514.1	NZ_CP098514.1_851	ArchPhaZ_patatin	805387	806352	+	BdhA
GCF_023703775.1	NZ_CP098514.1	NZ_CP098514.1_2204	ArchPhaZ_patatin	2100581	2101696	+	
GCF_023703795.1	NZ_CP098518.1	NZ_CP098518.1_2598	ArchPhaZ_patatin	2456416	2457381	-	BdhA
GCF_023913515.1	NZ_CP099391.1	NZ_CP099391.1_1581	ArchPhaZ_patatin	1553320	1554297	+	
GCF_024227435.1	NZ_CP100445.1	NZ_CP100445.1_370	ArchPhaZ_patatin	371150	372139	+	BdhA
GCF_024227715.1	NZ_CP100448.1	NZ_CP100448.1_330	ArchPhaZ_patatin	311860	312858	+	
GCF_024228315.1	NZ_CP100454.1	NZ_CP100454.1_1183	ArchPhaZ_patatin	1191850	1192860	+	
GCF_024228675.1	NZ_CP100463.1	NZ_CP100463.1_233	ArchPhaZ_patatin	240513	241478	-	BdhA
GCF_024266705.1	NZ_CP100756.1	NZ_CP100756.1_3355	ArchPhaZ_patatin	3396991	3397980	+	BdhA
GCF_024296685.1	NZ_CP100763.1	NZ_CP100763.1_1046	ArchPhaZ_patatin	1038615	1039604	+	BdhA
GCF_024298825.1	NZ_CP101153.1	NZ_CP101153.1_3474	ArchPhaZ_patatin	3607803	3608789	+	BdhA
GCF_024298885.1	NZ_CP101166.1	NZ_CP101166.1_2034	ArchPhaZ_patatin	2130684	2131634	-	BdhA
GCF_024298885.1	NZ_CP101166.1	NZ_CP101166.1_3496	ArchPhaZ_patatin	3642613	3643599	+	BdhA
GCF_024298905.1	NZ_CP101154.1	NZ_CP101154.1_2035	ArchPhaZ_patatin	1887241	1888194	+	BdhA
GCF_024362405.1	NZ_CP101454.1	NZ_CP101454.1_1513	ArchPhaZ_patatin	1496178	1496993	+	
GCF_024449025.1	NZ_JAHLKM010000018.1	NZ_JAHLKM010000018.1_24	ArchPhaZ_patatin	19231	20199	-	BdhA
GCF_024498175.1	NZ_CP101823.1	NZ_CP101823.1_1377	ArchPhaZ_patatin	1285225	1286184	+	BdhA
GCF_025231485.1	NZ_CP104003.1	NZ_CP104003.1_1269	ArchPhaZ_patatin	1163231	1164277	-	BdhA
GCF_025399835.1	NZ_JAODVR010000001.1	NZ_JAODVR010000001.1_464	ArchPhaZ_patatin	450013	450972	-	BdhA
GCF_025399835.1	NZ_JAODVR010000001.1	NZ_JAODVR010000001.1_2689	ArchPhaZ_patatin	2610368	2611366	-	
GCF_025517485.1	NZ_JAOPKB010000001.1	NZ_JAOPKB010000001.1_368	ArchPhaZ_patatin	385920	386918	-	
GCF_025517535.1	NZ_JAOPKC010000007.1	NZ_JAOPKC010000007.1_89	ArchPhaZ_patatin	84970	85935	+	BdhA
GCF_025629245.1	NZ_JANZXN010000032.1	NZ_JANZXN010000032.1_42	ArchPhaZ_patatin	35491	36456	+	BdhA
GCF_026410925.1	NZ_CP112972.1	NZ_CP112972.1_2988	ArchPhaZ_patatin	2990264	2991241	-	BdhA
GCF_026586625.1	NZ_JAODIW010000008.1	NZ_JAODIW010000008.1_393	ArchPhaZ_patatin	384703	385671	+	
GCF_026586665.1	NZ_JAODIY010000013.1	NZ_JAODIY010000013.1_267	ArchPhaZ_patatin	258339	259310	+	BdhA
GCF_026616195.1	NZ_JANHDH010000001.1	NZ_JANHDH010000001.1_691	ArchPhaZ_patatin	672221	673237	-	BdhA
GCF_026616195.1	NZ_JANHDH010000001.1	NZ_JANHDH010000001.1_2074	ArchPhaZ_patatin	2046102	2047061	-	BdhA
GCF_028274965.1	NZ_JAQCNO010000071.1	NZ_JAQCNO010000071.1_38	ArchPhaZ_patatin	37805	38764	-	
GCF_028275055.1	NZ_JAQCNJ010000077.1	NZ_JAQCNJ010000077.1_29	ArchPhaZ_patatin	29361	30014	-	BdhA
GCF_028275115.1	NZ_JAQCNH010000091.1	NZ_JAQCNH010000091.1_46	ArchPhaZ_patatin	42982	43998	-	BdhA
GCF_029229925.1	NZ_CP107254.1	NZ_CP107254.1_756	ArchPhaZ_patatin	783324	784289	-	
GCF_029229925.1	NZ_CP107254.1	NZ_CP107254.1_1203	ArchPhaZ_patatin	1218336	1219346	-	
GCF_029278565.1	NZ_CP119559.1	NZ_CP119559.1_973	ArchPhaZ_patatin	933619	934608	+	BdhA
GCF_029338195.1	NZ_CP119779.1	NZ_CP119779.1_2754	ArchPhaZ_patatin	2636888	2637883	-	BdhA
GCF_029338255.1	NZ_CP119787.1	NZ_CP119787.1_2544	ArchPhaZ_patatin	2391704	2392687	+	BdhA
GCF_029338275.1	NZ_CP119789.1	NZ_CP119789.1_2710	ArchPhaZ_patatin	2567546	2568529	+	BdhA
GCF_029338295.1	NZ_CP119791.1	NZ_CP119791.1_2785	ArchPhaZ_patatin	2549370	2550329	+	BdhA
GCF_029338315.1	NZ_CP119794.1	NZ_CP119794.1_864	ArchPhaZ_patatin	792907	793890	+	BdhA
GCF_029338315.1	NZ_CP119794.1	NZ_CP119794.1_949	ArchPhaZ_patatin	859158	859991	+	BdhA
GCF_029338515.1	NZ_CP119988.1	NZ_CP119988.1_2157	ArchPhaZ_patatin	2200704	2201747	+	BdhA
GCF_029338515.1	NZ_CP119988.1	NZ_CP119988.1_4308	ArchPhaZ_patatin	4406730	4407722	+	BdhA
GCF_029338575.1	NZ_CP119992.1	NZ_CP119992.1_234	ArchPhaZ_patatin	227244	228254	-	
GCF_029502005.1	NZ_JAMQOT010000005.1	NZ_JAMQOT010000005.1_366	ArchPhaZ_patatin	375862	376845	-	
GCF_029688845.1	NZ_JARUKW010000001.1	NZ_JARUKW010000001.1_336	ArchPhaZ_patatin	342955	343944	-	
GCF_029688865.1	NZ_JARUKV010000059.1	NZ_JARUKV010000059.1_5	ArchPhaZ_patatin	3596	4585	+	
GCF_030127105.1	NZ_CP126161.1	NZ_CP126161.1_3198	ArchPhaZ_patatin	3008760	3009761	-	BdhA
GCF_030287405.1	NZ_JASVVV010000003.1	NZ_JASVVV010000003.1_167	ArchPhaZ_patatin	140441	141406	+	
GCF_030553305.1	NZ_JARRAH010000001.1	NZ_JARRAH010000001.1_2129	ArchPhaZ_patatin	2021410	2022384	-	
GCF_030734285.1	NZ_CP132294.1	NZ_CP132294.1_989	ArchPhaZ_patatin	970624	971601	+	
GCF_030734285.1	NZ_CP132294.1	NZ_CP132294.1_1918	ArchPhaZ_patatin	1898977	1899963	+	
GCF_030848565.1	NZ_JAVDDV010000003.1	NZ_JAVDDV010000003.1_305	ArchPhaZ_patatin	286465	287436	+	
GCF_031624315.1	NZ_JAMQOM010000006.1	NZ_JAMQOM010000006.1_154	ArchPhaZ_patatin	146848	147807	+	
GCF_031624395.1	NZ_JAMQON010000001.1	NZ_JAMQON010000001.1_1550	ArchPhaZ_patatin	1426486	1427460	-	
GCF_031624395.1	NZ_JAMQON010000005.1	NZ_JAMQON010000005.1_66	ArchPhaZ_patatin	64977	65939	-	BdhA
GCF_031624605.1	NZ_JAMQOS010000004.1	NZ_JAMQOS010000004.1_17	ArchPhaZ_patatin	18744	19730	+	
GCF_031626495.1	NZ_JAMQOJ010000008.1	NZ_JAMQOJ010000008.1_227	ArchPhaZ_patatin	219673	220659	-	BdhA
GCF_032027985.1	NZ_JAHYBW010000004.1	NZ_JAHYBW010000004.1_253	ArchPhaZ_patatin	283016	283966	+	
GCF_032027985.1	NZ_JAHYBW010000006.1	NZ_JAHYBW010000006.1_116	ArchPhaZ_patatin	107975	108970	-	BdhA
GCF_032027985.1	NZ_JAHYBW010000009.1	NZ_JAHYBW010000009.1_161	ArchPhaZ_patatin	176924	177901	+	BdhA
GCF_034808145.1	NZ_JAXHGM010000011.1	NZ_JAXHGM010000011.1_29	ArchPhaZ_patatin	29752	30861	+	BdhA
GCF_035666295.1	NZ_CP142027.1	NZ_CP142027.1_2643	ArchPhaZ_patatin	2496945	2497934	-	BdhA
GCF_036397675.1	NZ_DASWIL010000027.1	NZ_DASWIL010000027.1_126	ArchPhaZ_patatin	107860	108924	+	
GCF_036429475.1	NZ_CP144125.1	NZ_CP144125.1_1655	ArchPhaZ_patatin	1550741	1551709	-	BdhA
GCF_036584055.1	NZ_CP144461.1	NZ_CP144461.1_16	ArchPhaZ_patatin	15934	16926	+	BdhA
GCF_036584055.1	NZ_CP144461.1	NZ_CP144461.1_2095	ArchPhaZ_patatin	1977878	1978711	+	
GCF_036584055.1	NZ_CP144461.1	NZ_CP144461.1_3610	ArchPhaZ_patatin	3431266	3432258	+	
GCF_037031225.1	NZ_JAYEZN010000001.1	NZ_JAYEZN010000001.1_615	ArchPhaZ_patatin	595725	596687	-	
GCF_037031225.1	NZ_JAYEZN010000001.1	NZ_JAYEZN010000001.1_1414	ArchPhaZ_patatin	1429228	1430250	-	
GCF_037031225.1	NZ_JAYEZN010000001.1	NZ_JAYEZN010000001.1_1765	ArchPhaZ_patatin	1779563	1780522	+	BdhA
GCF_037078405.1	NZ_JAYMGZ010000003.1	NZ_JAYMGZ010000003.1_581	ArchPhaZ_patatin	609801	610796	+	BdhA
GCF_037080055.1	NZ_JBAOJI010000001.1	NZ_JBAOJI010000001.1_403	ArchPhaZ_patatin	397934	398926	-	BdhA
GCF_037080055.1	NZ_JBAOJI010000015.1	NZ_JBAOJI010000015.1_2	ArchPhaZ_patatin	122	1090	+	
GCF_037081675.1	NZ_JAZAQL010000001.1	NZ_JAZAQL010000001.1_1338	ArchPhaZ_patatin	1349454	1350530	-	BdhA
GCF_037081675.1	NZ_JAZAQL010000002.1	NZ_JAZAQL010000002.1_944	ArchPhaZ_patatin	986798	987826	-	BdhA
GCF_037081715.1	NZ_JAZDDH010000001.1	NZ_JAZDDH010000001.1_1210	ArchPhaZ_patatin	1153045	1154043	-	
GCF_037081715.1	NZ_JAZDDH010000002.1	NZ_JAZDDH010000002.1_228	ArchPhaZ_patatin	207431	208426	-	BdhA
GCF_037081775.1	NZ_JBAMHQ010000001.1	NZ_JBAMHQ010000001.1_1962	ArchPhaZ_patatin	1797439	1798401	-	BdhA
GCF_037198285.1	NZ_CP147243.1	NZ_CP147243.1_1694	ArchPhaZ_patatin	1540109	1541071	-	BdhA
GCF_037335815.1	NZ_CP147841.1	NZ_CP147841.1_1552	ArchPhaZ_patatin	1634024	1635190	+	BdhA
GCF_037335815.1	NZ_CP147842.1	NZ_CP147842.1_360	ArchPhaZ_patatin	327171	328136	+	BdhA
GCF_037338445.1	NZ_CP147838.1	NZ_CP147838.1_1829	ArchPhaZ_patatin	1689081	1690046	-	BdhA
GCF_037338445.1	NZ_CP147838.1	NZ_CP147838.1_2153	ArchPhaZ_patatin	1989649	1990659	-	BdhA
GCF_037447015.1	NZ_JBBIHK010000007.1	NZ_JBBIHK010000007.1_9	ArchPhaZ_patatin	12575	13705	+	
GCF_037645885.1	NZ_JBBENW010000002.1	NZ_JBBENW010000002.1_129	ArchPhaZ_patatin	117167	118174	-	BdhA
GCF_037645885.1	NZ_JBBENW010000002.1	NZ_JBBENW010000002.1_407	ArchPhaZ_patatin	393469	394254	-	BdhA
GCF_037914945.1	NZ_CP149787.1	NZ_CP149787.1_3457	ArchPhaZ_patatin	3485558	3486589	-	
GCF_041205745.1	NZ_JBGFCC010000004.1	NZ_JBGFCC010000004.1_380	ArchPhaZ_patatin	425364	426425	+	BdhA
GCF_041821085.1	NZ_JBGUAZ010000014.1	NZ_JBGUAZ010000014.1_24	ArchPhaZ_patatin	18510	19484	+	BdhA
GCF_042216475.1	NZ_JBDGTV010000020.1	NZ_JBDGTV010000020.1_37	ArchPhaZ_patatin	31882	32886	+	PhaC;PhaE
GCF_042663545.1	NZ_JBHTAO010000001.1	NZ_JBHTAO010000001.1_2106	ArchPhaZ_patatin	2081441	2082403	+	BdhA
GCF_042663585.1	NZ_JBHTAN010000006.1	NZ_JBHTAN010000006.1_653	ArchPhaZ_patatin	588183	589148	+	BdhA
GCF_042678045.1	NZ_JBHUDI010000001.1	NZ_JBHUDI010000001.1_521	ArchPhaZ_patatin	516284	517270	+	
GCF_042678045.1	NZ_JBHUDI010000008.1	NZ_JBHUDI010000008.1_16	ArchPhaZ_patatin	12882	13856	-	BdhA
GCF_043677095.1	NZ_JBHLJR010000004.1	NZ_JBHLJR010000004.1_92	ArchPhaZ_patatin	94377	95366	-	
GCF_043677095.1	NZ_JBHLJR010000006.1	NZ_JBHLJR010000006.1_394	ArchPhaZ_patatin	393398	394438	+	
GCF_046097095.1	NZ_CP175698.1	NZ_CP175698.1_3491	ArchPhaZ_patatin	3513751	3514737	+	
GCF_046483325.1	NZ_JAWODL010000038.1	NZ_JAWODL010000038.1_152	ArchPhaZ_patatin	149898	150863	+	BdhA
GCF_046710025.1	NZ_JBKEGK010000050.1	NZ_JBKEGK010000050.1_4	ArchPhaZ_patatin	2233	3198	+	PhaJ
GCF_047711255.1	NZ_JBLNIH010000001.1	NZ_JBLNIH010000001.1_628	ArchPhaZ_patatin	562054	563289	+	
GCF_047711255.1	NZ_JBLNIH010000003.1	NZ_JBLNIH010000003.1_114	ArchPhaZ_patatin	87124	88263	-	
GCF_047711275.1	NZ_JBLNIG010000002.1	NZ_JBLNIG010000002.1_800	ArchPhaZ_patatin	778421	779671	-	
GCF_047711275.1	NZ_JBLNIG010000002.1	NZ_JBLNIG010000002.1_805	ArchPhaZ_patatin	783747	784442	-	
GCF_047711275.1	NZ_JBLNIG010000004.1	NZ_JBLNIG010000004.1_266	ArchPhaZ_patatin	256393	257697	+	
GCF_047921035.1	NZ_JBLRWX010000004.1	NZ_JBLRWX010000004.1_69	ArchPhaZ_patatin	69981	70970	-	
GCF_049603855.1	NZ_CP187146.1	NZ_CP187146.1_751	ArchPhaZ_patatin	752850	753806	+	
GCF_049605515.1	NZ_CP187158.1	NZ_CP187158.1_1229	ArchPhaZ_patatin	1157698	1158726	+	BdhA
GCF_049605515.1	NZ_CP187158.1	NZ_CP187158.1_2291	ArchPhaZ_patatin	2243163	2244122	+	BdhA
GCF_049605515.1	NZ_CP187158.1	NZ_CP187158.1_3589	ArchPhaZ_patatin	3492938	3493906	+	
GCF_049605515.1	NZ_CP187157.1	NZ_CP187157.1_47	ArchPhaZ_patatin	39134	40162	+	BdhA
GCF_050748925.1	NZ_JBOGQF010000011.1	NZ_JBOGQF010000011.1_27	ArchPhaZ_patatin	19353	20495	+	
GCF_050748925.1	NZ_JBOGQF010000091.1	NZ_JBOGQF010000091.1_6	ArchPhaZ_patatin	2949	4019	-	
GCF_051122755.1	NZ_CP184844.1	NZ_CP184844.1_2283	ArchPhaZ_patatin	2130289	2131272	-	
GCF_051195035.1	NZ_JBNTJV010000003.1	NZ_JBNTJV010000003.1_712	ArchPhaZ_patatin	686381	687301	-	
GCF_051195035.1	NZ_JBNTJV010000005.1	NZ_JBNTJV010000005.1_94	ArchPhaZ_patatin	102692	103657	+	BdhA
GCF_051207375.1	NZ_JBPJZD010000001.1	NZ_JBPJZD010000001.1_1913	ArchPhaZ_patatin	1833142	1834140	-	
GCF_051207375.1	NZ_JBPJZD010000002.1	NZ_JBPJZD010000002.1_818	ArchPhaZ_patatin	803448	804407	-	BdhA
GCF_051207395.1	NZ_JBPJZC010000001.1	NZ_JBPJZC010000001.1_1920	ArchPhaZ_patatin	1840312	1841277	-	BdhA
GCF_051207415.1	NZ_JBPKGD010000001.1	NZ_JBPKGD010000001.1_1147	ArchPhaZ_patatin	1171811	1172773	+	
GCF_051207415.1	NZ_JBPKGD010000003.1	NZ_JBPKGD010000003.1_434	ArchPhaZ_patatin	407716	408735	+	BdhA
GCF_051207415.1	NZ_JBPKGD010000005.1	NZ_JBPKGD010000005.1_185	ArchPhaZ_patatin	197370	198416	+	
GCF_051208015.1	NZ_JBPKGF010000001.1	NZ_JBPKGF010000001.1_540	ArchPhaZ_patatin	511307	512302	-	
GCF_051414035.1	NZ_JBLKNW010000001.1	NZ_JBLKNW010000001.1_2001	ArchPhaZ_patatin	2129939	2130928	-	BdhA
GCF_051414055.1	NZ_JBLKNX010000011.1	NZ_JBLKNX010000011.1_122	ArchPhaZ_patatin	134003	135019	-	BdhA
GCF_051414115.1	NZ_JBLKNZ010000001.1	NZ_JBLKNZ010000001.1_49	ArchPhaZ_patatin	40477	41490	-	BdhA
GCF_051414135.1	NZ_JBLKOA010000002.1	NZ_JBLKOA010000002.1_383	ArchPhaZ_patatin	387604	388593	+	BdhA
GCF_051801355.1	NZ_CP196560.1	NZ_CP196560.1_994	ArchPhaZ_patatin	955662	956621	-	BdhA
GCF_052040125.1	NZ_JBPPFV010000001.1	NZ_JBPPFV010000001.1_1731	ArchPhaZ_patatin	1750344	1751306	+	BdhA
GCF_052040125.1	NZ_JBPPFV010000002.1	NZ_JBPPFV010000002.1_1295	ArchPhaZ_patatin	1295110	1296081	+	
GCF_052040145.1	NZ_JBPPFW010000001.1	NZ_JBPPFW010000001.1_1233	ArchPhaZ_patatin	1183177	1184148	+	
GCF_052040145.1	NZ_JBPPFW010000003.1	NZ_JBPPFW010000003.1_208	ArchPhaZ_patatin	204722	205684	-	BdhA
GCF_900100335.1	NZ_FNFE01000002.1	NZ_FNFE01000002.1_816	ArchPhaZ_patatin	800455	801426	+	
GCF_900104065.1	NZ_FNLC01000001.1	NZ_FNLC01000001.1_223	ArchPhaZ_patatin	220506	221471	-	
GCF_900110215.1	NZ_FOCX01000003.1	NZ_FOCX01000003.1_226	ArchPhaZ_patatin	215103	216062	-	BdhA
GCF_900110465.1	NZ_FODV01000014.1	NZ_FODV01000014.1_23	ArchPhaZ_patatin	14636	15628	-	
GCF_900110465.1	NZ_FODV01000003.1	NZ_FODV01000003.1_109	ArchPhaZ_patatin	104456	105475	+	
GCF_900110865.1	NZ_FOFD01000001.1	NZ_FOFD01000001.1_589	ArchPhaZ_patatin	582624	583640	-	
GCF_900110865.1	NZ_FOFD01000005.1	NZ_FOFD01000005.1_233	ArchPhaZ_patatin	270052	271089	+	BdhA
GCF_900111485.1	NZ_FOIC01000004.1	NZ_FOIC01000004.1_269	ArchPhaZ_patatin	256088	257074	+	
GCF_900111485.1	NZ_FOIC01000024.1	NZ_FOIC01000024.1_12	ArchPhaZ_patatin	10604	11578	-	BdhA
GCF_900112205.1	NZ_FOKW01000027.1	NZ_FOKW01000027.1_3	ArchPhaZ_patatin	1113	2129	+	
GCF_900114455.1	NZ_FOTC01000006.1	NZ_FOTC01000006.1_86	ArchPhaZ_patatin	94829	96094	-	
GCF_900143675.1	NZ_FRFC01000005.1	NZ_FRFC01000005.1_204	ArchPhaZ_patatin	192870	193994	-	
GCF_900143675.1	NZ_FRFC01000003.1	NZ_FRFC01000003.1_758	ArchPhaZ_patatin	648927	649967	-	PhaC;PhaE
GCF_900156475.1	NZ_FTNR01000003.1	NZ_FTNR01000003.1_271	ArchPhaZ_patatin	258310	259335	+	BdhA
GCF_900156475.1	NZ_FTNR01000013.1	NZ_FTNR01000013.1_61	ArchPhaZ_patatin	75711	76733	-	BdhA
GCF_900167955.1	NZ_FUYK01000013.1	NZ_FUYK01000013.1_93	ArchPhaZ_patatin	65369	66442	-	PhaC;PhaE
GCF_900167955.1	NZ_FUYK01000001.1	NZ_FUYK01000001.1_57	ArchPhaZ_patatin	52127	53617	-	PhaJ
GCF_900177045.1	NZ_LT841358.1	NZ_LT841358.1_946	ArchPhaZ_patatin	821500	822573	-	
GCF_900196725.1	NZ_FZMP01000178.1	NZ_FZMP01000178.1_51	ArchPhaZ_patatin	45713	46690	+	
GCF_900196725.1	NZ_FZMP01000011.1	NZ_FZMP01000011.1_6	ArchPhaZ_patatin	4522	5361	-	
GCF_900696045.1	NZ_LR216287.1	NZ_LR216287.1_1120	ArchPhaZ_patatin	1170105	1171487	+	
GCF_900696045.1	NZ_LR216287.1	NZ_LR216287.1_1846	ArchPhaZ_patatin	1931238	1932482	-	
GCF_900696045.1	NZ_LR216287.1	NZ_LR216287.1_2104	ArchPhaZ_patatin	2183493	2184701	-	
GCF_900696045.1	NZ_LR216287.1	NZ_LR216287.1_2143	ArchPhaZ_patatin	2222283	2223530	+	
GCF_900696045.1	NZ_LR216287.1	NZ_LR216287.1_2161	ArchPhaZ_patatin	2240594	2241901	+	BdhA
GCF_900880625.1	NZ_CAAHFB010000002.1	NZ_CAAHFB010000002.1_5	ArchPhaZ_patatin	3858	4826	-	BdhA
GCF_963457545.1	NZ_OY734802.1	NZ_OY734802.1_191	ArchPhaZ_patatin	158738	159994	-	
GCF_965223225.1	NZ_CBDCVU010000004.1	NZ_CBDCVU010000004.1_1308	ArchPhaZ_patatin	1112015	1113127	+	
