accession	type	length
GCA_000018565.1|CP000875.1_2927	SP	545
GCA_000173115.1|ABVW01000001.1_73	LIPO	292
GCA_000195205.2|AEPR01000797.1_1	LIPO	252
GCA_000230935.2|AGIQ01000002.1_1539	LIPO	278
GCA_000230935.2|AGIQ01000001.1_1425	SP	286
GCA_000242815.2|AHHB01000011.1_95	SP	376
GCA_000335715.1|AMYZ01000008.1_85	SP	334
GCA_000340945.1|ANAW01000014.1_30	SP	415
GCA_000340945.1|ANAW01000292.1_14	SP	437
GCA_000381565.1|KB906724.1_1665	SP	499
GCA_000383355.1|KB911168.1_66	LIPO	297
GCA_000383715.1|KB911840.1_50	SP	291
GCA_000385055.1|ARRL01000006.1_36	LIPO	322
GCA_000432515.1|HF996039.1_5	SP	303
GCA_000434935.1|FR882173.1_7	SP	296
GCA_000435075.1|FR890620.1_15	SP	305
GCA_000470535.1|CBRG010000295.1_12	SP	492
GCA_000497405.1|KI547049.1_137	SP	531
GCA_000585015.1|JFAX01000002.1_222	SP	463
GCA_000585075.1|JEMY01000033.1_74	SP	367
GCA_000585075.1|JEMY01000038.1_30	SP	462
GCA_000632805.1|CP007444.1_2417	SP	340
GCA_000632805.1|CP007444.1_4104	SP	261
GCA_000715855.1|KL571366.1_27	SP	518
GCA_000717735.1|JOBE01000036.1_78	SP	448
GCA_000719105.1|JODX01000007.1_132	SP	462
GCA_000720375.1|JOAA01000020.1_159	SP	281
GCA_000721375.1|JOGW01000010.1_154	SP	337
GCA_000721375.1|JOGW01000012.1_403	SP	430
GCA_000721375.1|JOGW01000026.1_68	SP	360
GCA_000721375.1|JOGW01000026.1_70	SP	342
GCA_000955875.1|JYOE01000010.1_29	SP	416
GCA_000961695.1|LADW01000052.1_8	LIPO	315
GCA_000961725.1|LADS01000002.1_1	SP	337
GCA_000961845.1|LADZ01000021.1_50	LIPO	322
GCA_000961845.1|LADZ01000007.1_33	SP	385
GCA_000964245.1|LANB01000001.1_652	SP	545
GCA_000974665.1|BBSY01000003.1_43	SP	574
GCA_000981645.1|LAQC01000005.1_21	SP	380
GCA_000981645.1|LAQC01000009.1_28	SP	621
GCA_000981645.1|LAQC01000009.1_29	SP	870
GCA_001274695.2|LARU01000002.1_1011	SP	504
GCA_001295865.1|LJHW01000023.1_45	SP	315
GCA_001295905.1|LJHT01000105.1_29	SP	331
GCA_001298555.1|LJCW01000142.1_17	LIPO	334
GCA_001303245.1|LJNS01000036.1_30	LIPO	332
GCA_001303585.1|LJTT01000032.1_28	SP	327
GCA_001303585.1|LJTT01000110.1_1	SP	300
GCA_001303585.1|LJTT01000139.1_2	LIPO	322
GCA_001312805.1|BBEO01000724.1_1	LIPO	375
GCA_001314875.1|LJZS01000002.1_174	SP	350
GCA_001429255.1|LMJI01000001.1_2073	SP	452
GCA_001464125.1|LNEP01000002.1_17	SP	333
GCA_001464235.1|LNFH01000242.1_10	SP	318
GCA_001464385.1|LNFB01000161.1_43	SP	435
GCA_001464495.1|LNDZ01000029.1_153	SP	350
GCA_001464715.1|LNDT01000027.1_2	SP	339
GCA_001507855.1|LGEN01000009.1_96	SP	366
GCA_001514065.1|KQ948423.1_953	SP	322
GCA_001552515.1|BCRI01000006.1_106	SP	434
GCA_001552515.1|BCRI01000045.1_40	SP	455
GCA_001552515.1|BCRI01000205.1_8	SP	343
GCA_001570385.1|BBYL01000024.1_1	SP	340
GCA_001570385.1|BBYL01000025.1_24	SP	445
GCA_001570385.1|BBYL01000029.1_24	SP	441
GCA_001595945.1|LSSI01000048.1_32	LIPO	319
GCA_001603075.1|LVBB01000125.1_37	SP	473
GCA_001603595.1|LUZK01000100.1_11	SP	381
GCA_001603905.1|LVAE01000030.1_36	SP	503
GCA_001643475.1|LXTK01000229.1_13	SP	334
GCA_001660395.1|LXWE01000002.1_122	SP	308
GCA_001665235.1|LZSC01000020.1_18	LIPO	306
GCA_001665255.1|LZSH01000560.1_8	LIPO	314
GCA_001665295.1|LZSE01000093.1_57	LIPO	279
GCA_001665295.1|LZSE01000097.1_125	LIPO	314
GCA_001701105.1|DAAI01000009.1_47	SP	678
GCA_001725155.1|MEFP01000010.1_26	SP	608
GCA_001725355.1|MEGD01000001.1_271	SP	324
GCA_001767915.1|MEMI01000037.1_9	SP	345
GCA_001768125.1|MENB01000058.1_2	SP	310
GCA_001768155.1|MENC01000273.1_5	SP	403
GCA_001768155.1|MENC01000299.1_9	SP	480
GCA_001768975.1|MEND01000249.1_30	SP	403
GCA_001769035.1|MENF01000201.1_48	SP	328
GCA_001769125.1|MEOG01000132.1_48	SP	414
GCA_001769195.1|MEOK01000007.1_34	SP	298
GCA_001769385.1|MEPB01000055.1_5	SP	492
GCA_001769385.1|MEPB01000094.1_11	SP	413
GCA_001769505.1|MEOF01000056.1_4	SP	481
GCA_001769535.1|MEOH01000001.1_199	SP	385
GCA_001770235.1|MEQN01000031.1_12	SP	316
GCA_001770705.1|MERT01000008.1_9	SP	337
GCA_001770725.1|MERU01000001.1_103	SP	336
GCA_001770775.1|MESA01000027.1_44	SP	342
GCA_001770855.1|MESE01000069.1_43	SP	406
GCA_001770855.1|MESE01000105.1_5	SP	284
GCA_001770935.1|MESI01000127.1_92	SP	348
GCA_001772005.1|MERI01000253.1_2	SP	325
GCA_001778355.1|MFGS01000048.1_5	SP	326
GCA_001778355.1|MFGS01000155.1_4	SP	415
GCA_001780275.1|MFGB01000014.1_48	SP	320
GCA_001780385.1|MFGW01000155.1_6	SP	330
GCA_001790315.1|MGCE01000031.1_3	SP	305
GCA_001791795.1|MGFH01000235.1_13	LIPO	317
GCA_001796045.1|MGLN01000046.1_6	SP	304
GCA_001796965.1|MGOA01000094.1_1	TAT	320
GCA_001798855.1|MGQQ01000057.1_19	SP	321
GCA_001799475.1|MGTN01000025.1_13	SP	513
GCA_001799695.1|MGTY01000029.1_7	SP	304
GCA_001799695.1|MGTY01000125.1_2	SP	303
GCA_001799715.1|MGTZ01000053.1_7	SP	316
GCA_001799735.1|MGUA01000003.1_6	SP	321
GCA_001799845.1|MGUG01000028.1_8	SP	318
GCA_001802125.1|MGZK01000129.1_28	SP	371
GCA_001803045.1|MHAR01000045.1_3	SP	632
GCA_001804885.1|MHBM01000210.1_4	SP	323
GCA_001805965.1|MHHG01000078.1_5	SP	351
GCA_001829155.1|MIAO01000011.1_13	LIPO	850
GCA_001829155.1|MIAO01000017.1_2	LIPO	346
GCA_001829455.1|MIBH01000023.1_128	SP	314
GCA_001830395.1|MHZN01000142.1_3	SP	286
GCA_001871015.1|MNUO01000051.1_8	LIPO	324
GCA_001871115.1|MNUR01000039.1_28	SP	348
GCA_001871905.1|MNUG01000026.1_43	LIPO	351
GCA_001873585.1|MNZL01000009.1_4	SP	303
GCA_001873745.1|MNZQ01000184.1_12	LIPO	335
GCA_001874255.1|MPDC01000003.1_215	SP	339
GCA_001874305.1|MPCU01000006.1_200	SP	326
GCA_001874305.1|MPCU01000006.1_201	SP	334
GCA_001897035.1|MKRS01000668.1_1	SP	590
GCA_001897525.1|MKTB01000004.1_4	SP	388
GCA_001897535.1|MKTC01000040.1_80	SP	376
GCA_001898485.1|MKTY01000019.1_233	LIPO	311
GCA_001899145.1|MKVF01000006.1_6	SP	369
GCA_001899145.1|MKVF01000006.1_7	SP	385
GCA_001899315.1|MOYA01000003.1_398	SP	445
GCA_001899855.1|MKWR01000006.1_106	LIPO	364
GCA_001917535.1|MNEF01000067.1_3	SP	304
GCA_001917585.1|MNEG01000002.1_5	SP	315
GCA_001931535.1|CP016211.1_478	LIPO	456
GCA_001971685.1|CP019326.1_175	SP	350
GCA_002007425.1|MUGK01000077.1_20	SP	382
GCA_002007745.1|CP019882.1_1050	LIPO	281
GCA_002007745.1|CP019882.1_4176	SP	300
GCA_002021875.1|CP018627.1_863	SP	305
GCA_002021875.1|CP018627.1_9206	SP	340
GCA_002050455.1|MWZA01000055.1_5	SP	297
GCA_002067855.1|MVQS01000083.1_8	SP	318
GCA_002067975.1|MVRS01000195.1_17	SP	314
GCA_002069765.1|MWBZ01000097.1_2	LIPO	320
GCA_002070645.1|MWDQ01000141.1_5	SP	311
GCA_002083525.1|LWDM01000059.1_11	SP	305
GCA_002102225.1|LQPB01000090.1_145	LIPO	279
GCA_002102225.1|LQPB01000092.1_214	LIPO	313
GCA_002104535.1|NBOG01000001.1_50	SP	307
GCA_002104535.1|NBOG01000006.1_170	SP	766
GCA_002162675.1|MAAE01000006.1_12	SP	768
GCA_002162795.1|MAAY01000068.1_36	SP	273
GCA_002162925.1|MABC01000089.1_107	SP	322
GCA_002163155.1|MAAO01000002.1_103	SP	331
GCA_002163975.1|CP019636.1_4578	SP	357
GCA_002167465.1|NHBL01000032.1_2	SP	434
GCA_002167715.1|NHCG01000003.1_24	SP	306
GCA_002167775.1|NHBV01000038.1_17	SP	334
GCA_002167855.2|NHBG02000025.1_52	SP	344
GCA_002169695.1|NHJO01000011.1_14	LIPO	315
GCA_002169865.1|NHIC01000005.1_37	LIPO	323
GCA_002170005.2|NHGT02000013.1_14	LIPO	301
GCA_002170235.1|NHFO01000034.1_4	SP	344
GCA_002170355.2|NHET02000022.1_4	SP	309
GCA_002170735.1|NHIV01000060.1_11	SP	334
GCA_002171655.1|NHEC01000004.1_22	SP	488
GCA_002171655.1|NHEC01000047.1_33	LIPO	299
GCA_002171975.2|NHIO02000042.1_10	SP	466
GCA_002172625.1|NHEN01000070.1_21	SP	320
GCA_002205125.1|NIOE01000004.1_464	SP	414
GCA_002212725.1|MTCR01000130.1_62	LIPO	322
GCA_002212725.1|MTCR01000110.1_41	SP	380
GCA_002212725.1|MTCR01000097.1_67	SP	362
GCA_002212985.1|NBMY01000150.1_19	SP	380
GCA_002212985.1|NBMY01000072.1_2	SP	367
GCA_002212985.1|NBMY01000073.1_11	SP	372
GCA_002238425.1|MPMJ01000002.1_2	SP	383
GCA_002243285.1|CP022585.1_2574	SP	382
GCA_002254405.1|NJDH01000060.1_6	LIPO	295
GCA_002254405.1|NJDH01000018.1_14	LIPO	308
GCA_002255955.1|NKIM01000002.1_226	SP	339
GCA_002256115.1|NKIK01000014.1_75	SP	489
GCA_002257525.1|CP022737.1_164	SP	368
GCA_002279065.1|NCKB01000007.1_12	LIPO	346
GCA_002279065.1|NCKB01000009.1_199	LIPO	305
GCA_002280515.1|NCEA01000012.1_55	SP	296
GCA_002280725.1|NCEM01000004.1_13	LIPO	319
GCA_002287035.1|NSKG01000002.1_283	SP	283
GCA_002292815.1|DBBX01000003.1_78	SP	331
GCA_002295885.1|DBGM01000025.1_5	SP	546
GCA_002295925.1|DBGO01000010.1_235	LIPO	337
GCA_002297645.1|DBMH01000335.1_3	SP	374
GCA_002298785.1|DBMR01000097.1_21	SP	889
GCA_002298965.1|DBMN01000327.1_4	SP	314
GCA_002299785.1|DBNL01000056.1_7	SP	347
GCA_002300355.1|NSGV01000001.1_3877	SP	527
GCA_002303765.1|DBCB01000013.1_56	SP	324
GCA_002305505.1|DBRC01000033.1_2	SP	583
GCA_002307175.1|DBTS01000034.1_56	SP	340
GCA_002308075.1|DBUU01000043.1_5	SP	651
GCA_002308075.1|DBUU01000072.1_15	SP	333
GCA_002310215.1|DBYR01000021.1_111	SP	580
GCA_002310215.1|DBYR01000021.1_112	SP	585
GCA_002311645.1|DBYW01000001.1_88	SP	370
GCA_002311875.1|DCAD01000051.1_24	LIPO	275
GCA_002313415.1|DCBH01000030.1_4	SP	482
GCA_002313925.1|DCAZ01000050.1_11	LIPO	275
GCA_002314675.1|DCGZ01000058.1_2	SP	519
GCA_002317225.1|DCIW01000203.1_6	SP	463
GCA_002317475.1|DCIS01000187.1_17	SP	685
GCA_002317475.1|DCIS01000077.1_2	SP	463
GCA_002319885.1|DCFT01000228.1_9	LIPO	322
GCA_002321895.1|DCMZ01000003.1_132	SP	337
GCA_002323795.1|DCPZ01000067.1_7	SP	506
GCA_002327255.1|DCUM01000040.1_8	SP	396
GCA_002329525.1|DCTI01000206.1_55	SP	303
GCA_002331485.1|DCYS01000002.1_151	SP	377
GCA_002336805.1|DDEZ01000002.1_74	SP	377
GCA_002337055.1|DDFG01000005.1_868	SP	431
GCA_002337055.1|DDFG01000004.1_249	SP	307
GCA_002337085.1|DDFH01000003.1_535	SP	327
GCA_002338335.1|DDIC01000074.1_33	LIPO	307
GCA_002338515.1|DDIL01000050.1_55	SP	340
GCA_002339125.1|DDJQ01000143.1_43	SP	333
GCA_002339125.1|DDJQ01000152.1_27	SP	304
GCA_002339125.1|DDJQ01000023.1_31	SP	648
GCA_002340325.1|DDLV01000008.1_4	SP	646
GCA_002340325.1|DDLV01000032.1_30	SP	340
GCA_002343395.1|DDSN01000009.1_44	SP	586
GCA_002343395.1|DDSN01000051.1_33	SP	592
GCA_002344565.1|DDTZ01000142.1_26	LIPO	329
GCA_002344565.1|DDTZ01000035.1_28	SP	340
GCA_002344565.1|DDTZ01000149.1_3	SP	336
GCA_002344975.1|DDUV01000027.1_13	LIPO	323
GCA_002345025.1|DDUX01000140.1_63	SP	464
GCA_002345205.1|DDVI01000058.1_6	SP	340
GCA_002345205.1|DDVI01000031.1_47	LIPO	329
GCA_002345205.1|DDVI01000140.1_11	SP	336
GCA_002347035.1|DEAM01000010.1_7	LIPO	273
GCA_002348185.1|DDYW01000156.1_62	SP	319
GCA_002351955.1|DEHO01000044.1_25	SP	313
GCA_002352565.1|DEIQ01000122.1_22	LIPO	326
GCA_002352665.1|DEIV01000128.1_9	SP	321
GCA_002359215.1|DEMN01000012.1_894	LIPO	322
GCA_002359895.1|DEOB01000010.1_746	SP	336
GCA_002360455.1|DEQQ01000098.1_39	SP	369
GCA_002360495.1|DEQO01000179.1_9	SP	371
GCA_002364485.1|DEYK01000007.1_4	SP	344
GCA_002364535.1|DEYL01000053.1_11	LIPO	302
GCA_002364555.1|DEYM01000148.1_5	SP	341
GCA_002364975.1|DEYT01000147.1_19	SP	383
GCA_002365175.1|DEZK01000036.1_89	SP	334
GCA_002365175.1|DEZK01000013.1_120	SP	295
GCA_002366715.1|DFBS01000045.1_159	SP	374
GCA_002366775.1|DFBW01000113.1_2	LIPO	338
GCA_002368235.1|AP018194.1_4133	SP	320
GCA_002371265.1|DFGT01000033.1_15	SP	595
GCA_002371265.1|DFGT01000002.1_39	SP	810
GCA_002381045.1|DFWT01000271.1_22	SP	367
GCA_002381945.1|DFXY01000063.1_7	SP	332
GCA_002382445.1|DGAQ01000025.1_57	SP	316
GCA_002383695.1|DFZX01000065.1_58	SP	801
GCA_002384055.1|DGAU01000025.1_52	SP	377
GCA_002389045.1|DGNS01000009.1_503	SP	344
GCA_002389055.1|DGNT01000161.1_30	LIPO	619
GCA_002389055.1|DGNT01000071.1_18	SP	640
GCA_002389295.1|DGOE01000097.1_4	SP	394
GCA_002390745.1|DGQK01000037.1_6	SP	404
GCA_002390745.1|DGQK01000077.1_39	SP	380
GCA_002392915.1|DGHQ01000024.1_181	SP	594
GCA_002393575.1|DGSN01000012.1_20	SP	588
GCA_002398405.1|DGYN01000010.1_22	SP	305
GCA_002399735.1|DHEF01000008.1_63	SP	285
GCA_002400365.1|DHFK01000072.1_11	LIPO	323
GCA_002401055.1|NVRZ01000121.1_3	SP	392
GCA_002401725.1|NVTW01000038.1_1	SP	334
GCA_002401945.1|NVUP01000025.1_7	SP	270
GCA_002401955.1|NVUQ01000089.1_13	SP	297
GCA_002401955.1|NVUQ01000003.1_9	SP	381
GCA_002402165.1|NVVI01000046.1_7	SP	383
GCA_002403335.1|DHHO01000020.1_12	LIPO	311
GCA_002403455.1|DHHV01000093.1_17	SP	320
GCA_002408125.1|DHQO01000025.1_126	LIPO	318
GCA_002409405.1|DHNG01000045.1_91	SP	385
GCA_002410555.1|DHSR01000065.1_47	SP	387
GCA_002411345.1|DHSL01000058.1_16	SP	293
GCA_002412885.1|DHVX01000018.1_10	SP	385
GCA_002413145.1|DHWK01000149.1_21	SP	352
GCA_002413145.1|DHWK01000116.1_12	LIPO	418
GCA_002413345.1|DHWU01000008.1_21	LIPO	330
GCA_002415025.1|DIBR01000053.1_49	LIPO	391
GCA_002415335.1|DHXL01000257.1_14	SP	409
GCA_002415855.1|DIAS01000067.1_6	LIPO	329
GCA_002418945.1|DIFC01000063.1_1	SP	314
GCA_002419215.1|DIFQ01000099.1_37	LIPO	318
GCA_002420145.1|DIHL01000027.1_11	SP	380
GCA_002420145.1|DIHL01000037.1_9	SP	410
GCA_002421445.1|DIKB01000042.1_6	LIPO	329
GCA_002421805.1|DISM01000006.1_34	SP	305
GCA_002421995.1|DISP01000126.1_39	SP	395
GCA_002421995.1|DISP01000183.1_2	SP	383
GCA_002422285.1|DIUF01000096.1_7	SP	374
GCA_002422605.1|DISW01000006.1_99	SP	330
GCA_002424815.1|DILB01000005.1_33	LIPO	341
GCA_002425245.1|DILW01000118.1_3	SP	351
GCA_002425405.1|DIME01000062.1_6	SP	470
GCA_002425415.1|DIMG01000014.1_45	LIPO	353
GCA_002426025.1|DINP01000132.1_53	SP	378
GCA_002426795.1|DINQ01000021.1_104	SP	382
GCA_002427735.1|DIYP01000007.1_651	SP	314
GCA_002427735.1|DIYP01000012.1_2	SP	375
GCA_002428015.1|DIZW01000036.1_71	SP	356
GCA_002428265.1|DIUR01000001.1_242	SP	329
GCA_002428265.1|DIUR01000023.1_50	SP	551
GCA_002428365.1|DIVW01000043.1_95	LIPO	305
GCA_002428485.1|DIWM01000023.1_57	SP	314
GCA_002428985.1|DIYL01000053.1_343	SP	579
GCA_002432565.1|DJFP01000178.1_20	SP	382
GCA_002432565.1|DJFP01000043.1_18	SP	299
GCA_002432805.1|DJGV01000006.1_66	SP	332
GCA_002433485.1|DJIF01000120.1_6	LIPO	290
GCA_002433805.1|DJIW01000024.1_12	LIPO	507
GCA_002435595.1|DJBL01000023.1_57	SP	335
GCA_002435705.1|DIVA01000004.1_22	SP	334
GCA_002435705.1|DIVA01000046.1_14	SP	317
GCA_002435785.1|DIUC01000014.1_59	SP	375
GCA_002435795.1|DIUE01000016.1_178	SP	337
GCA_002435795.1|DIUE01000018.1_33	SP	329
GCA_002440705.1|DJVA01000047.1_16	SP	306
GCA_002440825.1|DJVH01000093.1_64	SP	321
GCA_002448555.1|DJYV01000164.1_2	SP	368
GCA_002449535.1|DJWZ01000031.1_13	SP	592
GCA_002450895.1|DKAR01000180.1_4	SP	319
GCA_002451065.1|DKBC01000183.1_10	SP	337
GCA_002451275.1|DKBS01000027.1_30	SP	300
GCA_002452695.1|DKFA01000106.1_12	LIPO	346
GCA_002453155.1|DKGG01000057.1_20	SP	304
GCA_002453275.1|DKGN01000071.1_3	SP	321
GCA_002454425.1|DKIV01000041.1_48	SP	313
GCA_002454505.1|DKJA01000097.1_18	SP	292
GCA_002457305.1|NTKG01000059.1_5	SP	295
GCA_002457715.1|NTKN01000026.1_5	LIPO	306
GCA_002469765.1|DKNS01000118.1_1	SP	312
GCA_002471375.1|DKPV01000073.1_18	SP	381
GCA_002471805.1|DKQR01000078.1_7	SP	309
GCA_002478225.1|DLMV01000006.1_11	SP	314
GCA_002482525.1|DLGC01000002.1_73	LIPO	307
GCA_002482715.1|DLGN01000089.1_2	SP	312
GCA_002482725.1|DLGO01000021.1_6	SP	380
GCA_002482845.1|DLGT01000019.1_7	SP	379
GCA_002483085.1|DLHF01000033.1_36	SP	372
GCA_002483135.1|DLHI01000022.1_151	LIPO	314
GCA_002483265.1|DLHO01000023.1_41	SP	369
GCA_002483265.1|DLHO01000026.1_416	SP	320
GCA_002483445.1|DLHY01000105.1_7	LIPO	256
GCA_002494765.1|DACJ01000030.1_1	SP	309
GCA_002501085.1|DLRL01000024.1_7	LIPO	275
GCA_002506745.1|DAYE01000064.1_9	LIPO	326
GCA_002529455.1|NYMS01000001.1_40	SP	445
GCA_002591745.1|PDLQ01000003.1_65	SP	388
GCA_002632325.1|NSJK01000015.1_58	SP	334
GCA_002634385.1|NSJL01000003.1_145	SP	308
GCA_002683315.1|NYTD01000147.1_5	LIPO	291
GCA_002684495.1|NYVG01000016.1_146	SP	303
GCA_002684855.1|NYWD01000056.1_9	SP	342
GCA_002686065.1|NYZX01000196.1_10	SP	328
GCA_002687015.1|NYZB01000041.1_16	SP	346
GCA_002689655.1|NZHC01000089.1_6	SP	292
GCA_002690085.1|NZDM01000074.1_5	LIPO	406
GCA_002690655.1|NZFL01000017.1_89	SP	375
GCA_002690755.1|NZFT01000023.1_5	SP	349
GCA_002690865.1|NZGG01000019.1_96	SP	341
GCA_002690865.1|NZGG01000027.1_25	SP	317
GCA_002690865.1|NZGG01000034.1_1	LIPO	360
GCA_002690915.1|NZGF01000084.1_51	SP	492
GCA_002690915.1|NZGF01000076.1_13	SP	370
GCA_002690945.1|NZGL01000007.1_45	LIPO	337
GCA_002690945.1|NZGL01000007.1_107	LIPO	339
GCA_002691645.1|NZIP01000031.1_33	LIPO	316
GCA_002691685.1|NZIQ01000083.1_1	LIPO	291
GCA_002691685.1|NZIQ01000041.1_7	LIPO	316
GCA_002693745.1|NZRJ01000067.1_12	SP	346
GCA_002693775.1|NZRP01000044.1_10	SP	356
GCA_002696025.1|NZQU01000098.1_6	LIPO	291
GCA_002696025.1|NZQU01000098.1_8	SP	288
GCA_002696275.1|NZRO01000030.1_24	SP	339
GCA_002696345.1|NZRT01000006.1_4	LIPO	311
GCA_002698365.1|NZWM01000049.1_7	SP	475
GCA_002698365.1|NZWM01000049.1_14	SP	349
GCA_002699585.1|PABP01000036.1_262	SP	299
GCA_002699585.1|PABP01000009.1_246	SP	577
GCA_002699585.1|PABP01000014.1_706	SP	317
GCA_002699585.1|PABP01000024.1_49	SP	320
GCA_002700095.1|PACL01000091.1_53	SP	436
GCA_002700845.1|PAFA01000090.1_8	SP	553
GCA_002701185.1|NZRW01000002.1_7	SP	435
GCA_002701365.1|NZUK01000036.1_40	SP	346
GCA_002701845.1|NZXG01000020.1_36	LIPO	347
GCA_002702065.1|NZXX01000009.1_186	SP	324
GCA_002702385.1|NZZF01000007.1_10	LIPO	305
GCA_002702575.1|PAAJ01000024.1_18	SP	343
GCA_002702895.1|PACX01000014.1_20	LIPO	300
GCA_002703045.1|PAEG01000024.1_18	LIPO	309
GCA_002703065.1|PAEO01000003.1_20	LIPO	313
GCA_002703375.1|NZTO01000066.1_11	SP	441
GCA_002707245.1|PAMG01000034.1_5	SP	346
GCA_002707495.1|PAMZ01000022.1_16	SP	286
GCA_002707525.1|PAND01000006.1_12	LIPO	306
GCA_002708715.1|PAPB01000020.1_6	LIPO	309
GCA_002708715.1|PAPB01000021.1_56	SP	360
GCA_002708905.1|PAPM01000039.1_269	LIPO	324
GCA_002708985.1|PAPS01000028.1_9	SP	301
GCA_002708995.1|PAPT01000032.1_61	SP	315
GCA_002709295.1|PAQL01000010.1_65	SP	349
GCA_002709295.1|PAQL01000024.1_6	SP	487
GCA_002710265.1|PAJW01000018.1_16	LIPO	323
GCA_002710495.1|PAKE01000011.1_15	SP	337
GCA_002710725.1|PAKT01000086.1_22	LIPO	386
GCA_002711125.1|PAHN01000004.1_143	SP	352
GCA_002711185.1|PAHL01000006.1_9	LIPO	299
GCA_002711415.1|PARI01000017.1_196	SP	531
GCA_002711465.1|PARL01000009.1_3	SP	437
GCA_002712005.1|PASP01000012.1_72	SP	320
GCA_002712135.1|PASO01000004.1_39	SP	322
GCA_002712135.1|PASO01000034.1_2	LIPO	342
GCA_002712165.1|PASS01000043.1_28	LIPO	301
GCA_002713385.1|PAWC01000033.1_5	SP	306
GCA_002713385.1|PAWC01000033.1_6	SP	395
GCA_002713455.1|PASX01000040.1_8	LIPO	284
GCA_002713705.1|PAUJ01000028.1_105	SP	380
GCA_002713885.1|PAVC01000009.1_10	LIPO	315
GCA_002714185.1|PAWM01000017.1_72	SP	467
GCA_002715445.1|PAZG01000004.1_4	SP	343
GCA_002715565.1|PAZP01000010.1_51	SP	351
GCA_002716065.1|PAZE01000018.1_19	LIPO	296
GCA_002716065.1|PAZE01000036.1_19	LIPO	284
GCA_002716585.1|PBBL01000049.1_9	LIPO	343
GCA_002716845.1|PBCE01000017.1_33	LIPO	307
GCA_002717485.1|PBDW01000004.1_2	SP	333
GCA_002717515.1|PBEC01000002.1_59	LIPO	297
GCA_002717655.1|PBAY01000029.1_6	SP	552
GCA_002720635.1|PBJD01000008.1_11	LIPO	297
GCA_002720865.1|PBIO01000020.1_33	SP	320
GCA_002722245.1|PBLA01000019.1_7	SP	403
GCA_002723085.1|PBNK01000026.1_30	SP	370
GCA_002723085.1|PBNK01000033.1_20	LIPO	303
GCA_002723385.1|PBNY01000035.1_30	SP	564
GCA_002724575.1|PBPC01000061.1_1	LIPO	285
GCA_002724675.1|PBPL01000011.1_7	LIPO	285
GCA_002724825.1|PBPU01000079.1_8	LIPO	321
GCA_002725015.1|PBQM01000063.1_2	SP	390
GCA_002725955.1|PBRN01000256.1_9	SP	316
GCA_002727775.1|PBUF01000056.1_32	LIPO	350
GCA_002728175.1|PBVH01000048.1_18	LIPO	351
GCA_002729235.1|PBTY01000081.1_50	SP	653
GCA_002729885.1|PBUB01000022.1_9	LIPO	314
GCA_002730315.1|PBZW01000022.1_2	SP	397
GCA_002730315.1|PBZW01000065.1_57	LIPO	306
GCA_002730855.1|PCBA01000028.1_5	SP	310
GCA_002730875.1|PCBI01000016.1_50	SP	334
GCA_002731275.1|PCBK01000132.1_36	LIPO	413
GCA_002731275.1|PCBK01000132.1_37	LIPO	368
GCA_002733185.1|NVUT01000008.1_75	LIPO	309
GCA_002733765.1|NVWU01000011.1_153	SP	326
GCA_002733985.1|NVXP01000065.1_20	SP	400
GCA_002733985.1|NVXP01000092.1_11	SP	370
GCA_002734065.2|NVXU02000009.1_33	SP	323
GCA_002734085.1|NVXV01000001.1_67	SP	375
GCA_002734085.1|NVXV01000003.1_181	SP	324
GCA_002746335.1|NVWW01000055.1_9	SP	377
GCA_002747185.1|PDTV01000004.1_63	SP	311
GCA_002747515.1|PDPP01000008.1_5	LIPO	339
GCA_002770955.1|PCUH01000156.1_15	SP	379
GCA_002770955.1|PCUH01000166.1_16	SP	295
GCA_002786715.1|PCTW01000012.1_3	SP	310
GCA_002787775.1|PCUW01000068.1_19	SP	331
GCA_002787815.1|PCUY01000044.1_11	SP	280
GCA_002790175.1|PFUQ01000160.1_16	SP	382
GCA_002790175.1|PFUQ01000171.1_8	SP	299
GCA_002794515.1|PGTJ01000220.1_3	SP	319
GCA_002796105.1|PCVX01000093.1_3	SP	300
GCA_002839435.1|PGYA01000055.1_22	SP	342
GCA_002839445.1|PGYB01000007.1_39	SP	341
GCA_002840095.1|PGZL01000003.1_6	SP	338
GCA_002840405.1|PHAR01000005.1_30	SP	457
GCA_002840435.1|PHAT01000003.1_114	SP	370
GCA_002840565.1|PHBK01000022.1_49	SP	332
GCA_002840685.1|PHBU01000006.1_158	LIPO	307
GCA_002840765.1|PHCE01000003.1_144	SP	352
GCA_002840785.1|PHCH01000007.1_18	SP	316
GCA_002840935.1|PHDH01000068.1_14	SP	315
GCA_002840935.1|PHDH01000078.1_12	SP	373
GCA_002841035.1|PHDR01000408.1_2	SP	379
GCA_002841035.1|PHDR01000292.1_2	SP	295
GCA_002841335.1|PHEY01000003.1_48	LIPO	298
GCA_002842215.1|PHCC01000011.1_135	SP	338
GCA_002842495.1|PHDB01000041.1_20	SP	369
GCA_002842755.1|PHDU01000010.1_46	SP	382
GCA_002843035.1|PHEV01000008.1_19	LIPO	311
GCA_002862205.1|PKCN01000191.1_8	SP	408
GCA_002862305.1|PKCS01000060.1_2	SP	483
GCA_002862435.1|PKDC01000057.1_130	SP	334
GCA_002862545.1|PKDJ01000347.1_10	LIPO	302
GCA_002862545.1|PKDJ01000221.1_13	TATLIPO	324
GCA_002862705.1|PKDU01000066.1_14	LIPO	304
GCA_002862745.1|PKDX01000025.1_7	LIPO	301
GCA_002862785.1|PKDZ01000086.1_25	SP	361
GCA_002862785.1|PKDZ01000022.1_9	SP	388
GCA_002862965.1|PKCW01000306.1_5	SP	320
GCA_002862965.1|PKCW01000261.1_2	SP	333
GCA_002863125.1|PKEB01000005.1_46	SP	482
GCA_002868905.1|PKUA01000039.1_29	LIPO	324
GCA_002869315.1|PKTD01000031.1_3	SP	380
GCA_002869405.1|PKSY01000153.1_13	SP	385
GCA_002869435.1|PKSX01000126.1_9	SP	384
GCA_002898675.1|BEHW01000023.1_13	SP	314
GCA_002919305.1|PKFB01000033.1_85	SP	439
GCA_002928395.1|PEQZ01000025.1_5	SP	345
GCA_002928955.1|PERT01000060.1_1	LIPO	345
GCA_002966495.1|CP016490.1_901	SP	359
GCA_003001795.1|PVNI01000017.1_11	SP	339
GCA_003020985.1|PXRM01000020.1_30	TAT	362
GCA_003021725.1|PXRA01000015.1_5	TAT	331
GCA_003045895.1|PZPC01000112.1_8	SP	376
GCA_003052455.1|QAPD01000006.1_8	SP	498
GCA_003056245.1|MVDH01000003.1_351	SP	468
GCA_003056425.1|PYVY01000016.1_24	SP	331
GCA_003056425.1|PYVY01000006.1_47	SP	639
GCA_003058495.1|QBVC01000014.1_55	LIPO	334
GCA_003112755.1|BFBT01000001.1_1383	LIPO	639
GCA_003133685.1|PKYQ01000012.1_3	SP	336
GCA_003134555.1|PLBO01000059.1_24	LIPO	321
GCA_003134685.1|PLCA01000016.1_302	SP	315
GCA_003134695.1|PLCB01000013.1_54	SP	310
GCA_003134965.1|PLDA01000002.1_1624	LIPO	460
GCA_003134965.1|PLDA01000003.1_687	SP	317
GCA_003134965.1|PLDA01000006.1_173	LIPO	372
GCA_003135415.1|PLBP01000038.1_241	SP	320
GCA_003136255.1|PLDT01000348.1_10	SP	334
GCA_003139095.1|PLHW01000009.1_6	SP	527
GCA_003139415.1|PLIR01000051.1_15	LIPO	325
GCA_003139415.1|PLIR01000042.1_14	LIPO	403
GCA_003140175.1|PLJD01000052.1_49	SP	347
GCA_003140175.1|PLJD01000032.1_64	SP	335
GCA_003141675.1|PLND01000063.1_63	LIPO	312
GCA_003141915.1|PLNY01000294.1_8	LIPO	308
GCA_003142535.1|PLMQ01000046.1_2	SP	423
GCA_003142535.1|PLMQ01000046.1_8	SP	414
GCA_003142535.1|PLMQ01000046.1_9	SP	403
GCA_003142535.1|PLMQ01000032.1_66	SP	557
GCA_003149635.1|QCWI01000001.1_53	SP	380
GCA_003151415.1|PLXK01000082.1_5	SP	415
GCA_003151415.1|PLXK01000207.1_20	SP	491
GCA_003151415.1|PLXK01000255.1_4	SP	389
GCA_003151475.1|PLXQ01000060.1_139	SP	351
GCA_003151815.1|PLYN01000025.1_3	SP	388
GCA_003151815.1|PLYN01000053.1_31	SP	797
GCA_003151955.1|PLZB01000081.1_8	LIPO	324
GCA_003152215.1|PLZP01000050.1_33	SP	322
GCA_003152315.1|PLZV01000037.1_119	SP	304
GCA_003152355.1|PMAA01000181.1_5	LIPO	309
GCA_003152835.1|PMBC01000202.1_22	SP	327
GCA_003153015.1|PMBS01000211.1_7	SP	529
GCA_003153195.1|PLXG01000111.1_67	LIPO	410
GCA_003153315.1|PLYA01000007.1_46	SP	488
GCA_003153435.1|PLYR01000119.1_27	SP	494
GCA_003153435.1|PLYR01000018.1_31	SP	419
GCA_003153555.1|PLZS01000048.1_87	SP	334
GCA_003153555.1|PLZS01000088.1_56	SP	346
GCA_003153675.1|PMAN01000083.1_4	LIPO	446
GCA_003154115.1|PMCF01000435.1_35	LIPO	559
GCA_003154135.1|PMCN01000222.1_9	LIPO	649
GCA_003155915.1|PMFA01000021.1_101	SP	334
GCA_003156715.1|PMHO01000053.1_40	LIPO	381
GCA_003157035.1|PMIF01000070.1_2	SP	348
GCA_003157035.1|PMIF01000067.1_5	SP	305
GCA_003157775.1|PMKP01000122.1_9	SP	545
GCA_003158175.1|PMHJ01000025.1_39	LIPO	301
GCA_003158255.1|PMIH01000158.1_8	SP	339
GCA_003158735.1|PMLB01000380.1_1	SP	660
GCA_003158735.1|PMLB01000192.1_17	SP	546
GCA_003160635.1|PMLV01000135.1_19	SP	367
GCA_003161255.1|PMOQ01000034.1_6	SP	358
GCA_003161435.1|PMOS01000042.1_37	LIPO	374
GCA_003161515.1|PMOH01000347.1_3	LIPO	333
GCA_003161555.1|PMOG01000039.1_5	SP	307
GCA_003161555.1|PMOG01000058.1_13	LIPO	369
GCA_003162595.1|PMNJ01000120.1_7	LIPO	261
GCA_003162935.1|PLUW01000120.1_110	SP	521
GCA_003164895.1|PLUL01000078.1_6	SP	323
GCA_003164895.1|PLUL01000020.1_94	SP	491
GCA_003164955.1|PLRW01000097.1_4	SP	334
GCA_003165295.1|PLTC01000129.1_17	SP	438
GCA_003165895.1|PMXD01000048.1_6	SP	402
GCA_003165895.1|PMXD01000170.1_12	SP	306
GCA_003165895.1|PMXD01000254.1_2	SP	384
GCA_003169675.1|PNAT01000201.1_6	SP	337
GCA_003169845.1|PNAG01000002.1_16	LIPO	307
GCA_003170275.1|PNAM01000017.1_5	LIPO	421
GCA_003170275.1|PNAM01000118.1_43	LIPO	421
GCA_003170275.1|PNAM01000113.1_28	LIPO	327
GCA_003170275.1|PNAM01000060.1_48	LIPO	356
GCA_003170555.1|PMZC01000379.1_9	LIPO	316
GCA_003171035.1|PMXR01000070.1_34	SP	534
GCA_003171215.1|PMYN01000128.1_26	LIPO	320
GCA_003175915.1|PSRH01000216.1_29	SP	303
GCA_003220225.1|QHRU01000034.1_26	SP	299
GCA_003220335.1|QHSB01000288.1_4	SP	298
GCA_003220345.1|QHSC01000083.1_27	SP	322
GCA_003220435.1|QHSL01000054.1_11	SP	310
GCA_003220475.1|QHSO01000101.1_3	SP	298
GCA_003220535.1|QHSU01000079.1_31	SP	311
GCA_003220595.1|QHSZ01000118.1_4	SP	309
GCA_003220615.1|QHTB01000153.1_45	SP	320
GCA_003220795.1|QHTK01000046.1_12	SP	314
GCA_003220935.1|QHTT01000002.1_2	SP	314
GCA_003221515.1|QHSI01000098.1_138	SP	310
GCA_003221615.1|QHSQ01000261.1_3	SP	313
GCA_003221805.1|QHUA01000177.1_1	SP	307
GCA_003223145.1|QHXY01000245.1_2	SP	322
GCA_003223215.1|QHYH01000142.1_10	SP	268
GCA_003223255.1|QHYJ01000102.1_8	SP	269
GCA_003223635.1|QHVS01000090.1_5	SP	302
GCA_003224085.1|QHYK01000066.1_58	SP	266
GCA_003224105.1|QHYL01000038.1_4	SP	271
GCA_003224855.1|QHZY01000003.1_56	SP	262
GCA_003224905.1|QIAA01000134.1_2	SP	335
GCA_003225005.1|QIAN01000296.1_30	SP	272
GCA_003225075.1|QIAP01000079.1_3	SP	269
GCA_003231795.1|QIJI01000159.1_9	SP	308
GCA_003232965.1|QIKG01000210.1_3	SP	326
GCA_003233115.1|QIKV01000103.1_5	SP	324
GCA_003235325.1|QJWQ01000017.1_8	SP	367
GCA_003241895.1|QBLY01000021.1_40	LIPO	356
GCA_003242885.1|QKMZ01000006.1_520	LIPO	340
GCA_003242885.1|QKMZ01000001.1_49	SP	360
GCA_003243425.1|QFQP01000031.1_38	SP	386
GCA_003243425.1|QFQP01000005.1_2	LIPO	441
GCA_003243425.1|QFQP01000007.1_137	LIPO	299
GCA_003245575.1|QKCR01000115.1_7	SP	346
GCA_003245835.1|QKCC01000267.1_3	LIPO	361
GCA_003245895.1|QKBZ01000001.1_22	SP	445
GCA_003247575.1|QJZC01000035.1_31	LIPO	321
GCA_003248565.1|QFOV01000076.1_2	SP	334
GCA_003249315.1|QKJM01000579.1_13	SP	334
GCA_003249315.1|QKJM01001021.1_4	LIPO	358
GCA_003250275.1|QKGW01000411.1_2	SP	288
GCA_003251795.1|QKEI01000189.1_18	SP	365
GCA_003252075.1|QKDO01000006.1_3	LIPO	310
GCA_003252225.1|QKFE01000002.1_13	LIPO	282
GCA_003252385.1|QKEH01000102.1_22	LIPO	295
GCA_003252385.1|QKEH01000137.1_10	SP	387
GCA_003252455.1|QKED01000114.1_9	SP	298
GCA_003265895.1|QFBS01000034.1_6	LIPO	322
GCA_003326195.1|LXQE01000096.1_311	LIPO	314
GCA_003326195.1|LXQE01000165.1_46	SP	331
GCA_003331265.1|QOPV01000027.1_13	LIPO	302
GCA_003331645.1|QOPI01000015.1_7	SP	317
GCA_003331875.1|QOQA01000008.1_50	LIPO	303
GCA_003331885.1|QOPZ01000005.1_5	LIPO	304
GCA_003332265.1|QPGA01000026.1_37	SP	462
GCA_003347205.1|QQBJ01000012.1_282	LIPO	284
GCA_003347205.1|QQBJ01000003.1_254	SP	289
GCA_003388505.1|QQVO01000046.1_26	SP	314
GCA_003388555.1|QQVD01000042.1_47	LIPO	357
GCA_003400185.1|QUQS01000007.1_4	SP	591
GCA_003450735.1|DMEZ01000018.1_43	SP	305
GCA_003451585.1|DMEU01000020.1_25	SP	350
GCA_003451635.1|DMAT01000121.1_3	LIPO	346
GCA_003451975.1|DMIX01000447.1_2	SP	324
GCA_003454975.1|DMST01000308.1_1	SP	391
GCA_003454975.1|DMST01000435.1_5	LIPO	303
GCA_003454975.1|DMST01000109.1_5	SP	299
GCA_003456455.1|DMRV01000263.1_5	SP	319
GCA_003456455.1|DMRV01000297.1_2	SP	381
GCA_003456455.1|DMRV01000122.1_5	SP	378
GCA_003463005.1|QSCI01000007.1_13	SP	539
GCA_003482455.1|DMYW01000036.1_8	SP	327
GCA_003483885.1|DMXI01000124.1_2	SP	746
GCA_003488005.1|DNND01000101.1_14	SP	344
GCA_003500765.1|DNQL01000057.1_9	SP	314
GCA_003501835.1|DNOU01000062.1_5	LIPO	330
GCA_003506275.1|DOBD01000232.1_9	SP	859
GCA_003506435.1|DOAQ01000049.1_223	SP	306
GCA_003508595.1|DNUF01000070.1_50	LIPO	360
GCA_003508595.1|DNUF01000227.1_18	SP	307
GCA_003510825.1|DOKO01000202.1_4	SP	335
GCA_003512365.1|DORI01000203.1_3	SP	379
GCA_003513555.1|DOPG01000411.1_5	SP	292
GCA_003516285.1|DPCK01000113.1_28	SP	322
GCA_003519485.1|DOWQ01000614.1_10	SP	481
GCA_003519485.1|DOWQ01000722.1_10	SP	355
GCA_003524365.1|DQHS01000352.1_2	SP	364
GCA_003525885.1|DQIG01000334.1_8	SP	335
GCA_003529305.1|DPWC01000045.1_4	LIPO	363
GCA_003537575.1|DPRS01000025.1_53	SP	333
GCA_003537575.1|DPRS01000053.1_16	SP	418
GCA_003537575.1|DPRS01000047.1_55	SP	585
GCA_003537575.1|DPRS01000049.1_27	SP	427
GCA_003537575.1|DPRS01000004.1_52	SP	567
GCA_003537575.1|DPRS01000004.1_80	SP	416
GCA_003543035.1|DPJL01000107.1_4	SP	619
GCA_003543035.1|DPJL01000221.1_2	LIPO	293
GCA_003552485.1|PUMX01000522.1_5	LIPO	320
GCA_003552795.1|PUOM01000079.1_4	SP	353
GCA_003557825.1|PWNM01000599.1_4	LIPO	312
GCA_003559555.1|PWLA01000359.1_18	SP	332
GCA_003560175.1|PWIZ01000040.1_5	SP	355
GCA_003564735.1|PXEK01000023.1_3	SP	396
GCA_003567575.1|PWZG01000491.1_2	LIPO	599
GCA_003576905.1|QEVG01000042.1_21	LIPO	347
GCA_003577105.1|QEUQ01000064.1_8	LIPO	338
GCA_003577145.1|QEUP01000021.1_41	LIPO	353
GCA_003598015.1|QZKE01000089.1_55	LIPO	332
GCA_003599455.1|QZKF01000033.1_7	LIPO	322
GCA_003600225.1|QZFT01000018.1_103	SP	326
GCA_003644275.1|QNBY01000118.1_1	SP	571
GCA_003645915.1|QNDG01000434.1_4	SP	323
GCA_003669555.1|QWOS01000115.1_14	SP	298
GCA_003669585.1|QWOQ01000011.1_58	SP	303
GCA_003695565.1|RFIQ01000244.1_5	SP	315
GCA_003695625.1|RFIB01000100.1_18	SP	458
GCA_003695675.1|RFIA01000183.1_29	SP	589
GCA_003695705.1|RFHU01000154.1_5	LIPO	327
GCA_003696105.1|RFGE01000228.1_4	LIPO	329
GCA_003696835.1|RFHT01000234.1_3	SP	378
GCA_003696875.1|RFHL01000708.1_3	SP	381
GCA_003697105.1|RFFQ01000148.1_14	SP	525
GCA_003712125.1|RHLF01000002.1_899	LIPO	321
GCA_003719395.1|RHMC01000018.1_49	SP	360
GCA_003820375.1|RPQH01000119.1_2	LIPO	320
GCA_003856375.1|CP034120.1_686	SP	370
GCA_003856375.1|CP034120.1_847	SP	386
GCA_003856375.1|CP034120.1_1485	SP	320
GCA_003856375.1|CP034120.1_1918	SP	380
GCA_003963115.1|RXJQ01000040.1_64	SP	498
GCA_003963305.1|RXJR01000001.1_393	SP	353
GCA_003963305.1|RXJR01000016.1_48	SP	334
GCA_004010275.1|RBWT01000144.1_2	LIPO	306
GCA_004011035.1|CP025734.1_393	SP	290
GCA_004011035.1|CP025734.1_2077	SP	346
GCA_004144185.1|SEFP01000004.1_203	SP	381
GCA_004173515.1|SECN01000086.1_7	SP	334
GCA_004173515.1|SECN01000095.1_11	LIPO	695
GCA_004193205.1|RZUM01000011.1_152	SP	310
GCA_004193285.1|SECP01000022.1_61	LIPO	299
GCA_004193285.1|SECP01000024.1_65	SP	442
GCA_004195315.1|SDWL01000009.1_5	SP	322
GCA_004211885.1|SHBV01000124.1_2	SP	356
GCA_004213605.1|SGZC01000024.1_3	LIPO	294
GCA_004213995.1|SGZJ01000036.1_8	LIPO	294
GCA_004214175.1|SGZH01000015.1_14	LIPO	294
GCA_004214185.1|SGZG01000049.1_2	LIPO	300
GCA_004282875.1|SHLT01000019.1_33	SP	311
GCA_004282875.1|SHLT01000003.1_58	LIPO	329
GCA_004283055.1|SHLP01000178.1_2	LIPO	308
GCA_004292985.1|RDXT01000828.1_1	SP	345
GCA_004295005.1|SHNG01000101.1_2	LIPO	336
GCA_004297005.1|SCVA01000052.1_31	LIPO	297
GCA_004297005.1|SCVA01000053.1_12	LIPO	336
GCA_004297005.1|SCVA01000011.1_21	SP	309
GCA_004297005.1|SCVA01000023.1_29	SP	279
GCA_004297555.1|SCSV01000071.1_8	LIPO	298
GCA_004298045.1|SCRM01000005.1_210	SP	364
GCA_004298905.1|SCTK01000019.1_104	SP	344
GCA_004298905.1|SCTK01000004.1_186	SP	359
GCA_004299215.1|SCTD01000170.1_1	SP	336
GCA_004299215.1|SCTD01000232.1_3	SP	347
GCA_004299495.1|SCPY01000048.1_4	SP	365
GCA_004321745.1|SGYO01000006.1_65	LIPO	297
GCA_004321905.1|SCQF01000008.1_34	SP	331
GCA_004322015.1|SCQT01000283.1_5	LIPO	346
GCA_004322345.1|SCTQ01000195.1_4	SP	428
GCA_004322435.1|SCTT01000242.1_9	SP	304
GCA_004322525.1|SCUY01000137.1_14	SP	343
GCA_004353515.1|SMNZ01000004.1_89	SP	339
GCA_004356265.1|SMXK01000136.1_5	LIPO	289
GCA_004357015.1|SMXE01000023.1_8	SP	314
GCA_004369025.1|ML178806.1_46	SP	577
GCA_004402915.1|SORU01000004.1_29	SP	624
GCA_004551485.1|SBLD01000020.1_18	SP	351
GCA_004552615.1|SFNZ01000001.1_58	SP	323
GCA_004563715.1|SIRX01000063.1_8	SP	334
GCA_004570315.1|SPQI01000338.1_6	SP	420
GCA_004570315.1|SPQI01000251.1_7	SP	346
GCA_004796365.1|QZLE01000005.1_1	SP	640
GCA_004796365.1|QZLE01000089.1_14	SP	686
GCA_004796365.1|QZLE01000054.1_18	SP	379
GCA_004796365.1|QZLE01000164.1_4	LIPO	312
GCA_004796365.1|QZLE01000012.1_1	SP	422
GCA_004796365.1|QZLE01000131.1_1	SP	483
GCA_004796365.1|QZLE01000176.1_23	SP	437
GCA_004796365.1|QZLE01000142.1_18	SP	730
GCA_004796385.1|QZLD01000078.1_1	SP	420
GCA_004796385.1|QZLD01000078.1_14	SP	409
GCA_004796385.1|QZLD01000053.1_11	SP	353
GCA_004796385.1|QZLD01000255.1_6	SP	603
GCA_004796385.1|QZLD01000037.1_1	SP	722
GCA_004796385.1|QZLD01000052.1_1	SP	465
GCA_004796385.1|QZLD01000142.1_29	LIPO	324
GCA_004796385.1|QZLD01000043.1_1	SP	448
GCA_004796385.1|QZLD01000093.1_5	SP	386
GCA_005402585.1|BIFP01000008.1_89	LIPO	308
GCA_005402585.1|BIFP01000022.1_391	SP	442
GCA_005402585.1|BIFP01000067.1_41	SP	434
GCA_005502875.1|SCMV01000004.1_71	SP	340
GCA_005502915.1|SCMT01000001.1_147	SP	599
GCA_005503165.1|SCNT01000009.1_17	LIPO	308
GCA_005772765.1|SXIR01000086.1_18	LIPO	379
GCA_005773635.1|SXHN01000073.1_4	LIPO	359
GCA_005776365.1|SXPK01000117.1_11	SP	658
GCA_005776585.1|SXOX01000052.1_25	SP	546
GCA_005777185.1|SXNL01000066.1_8	LIPO	420
GCA_005777185.1|SXNL01000066.1_9	LIPO	344
GCA_005777185.1|SXNL01000066.1_11	LIPO	391
GCA_005779305.1|SXJR01000558.1_8	LIPO	332
GCA_005779395.1|SXJP01000016.1_11	LIPO	352
GCA_005786805.1|SYCV01000058.1_2	SP	596
GCA_005786805.1|SYCV01000237.1_4	SP	302
GCA_005789055.1|SYAA01000407.1_3	SP	288
GCA_005791255.1|SXXK01000413.1_10	SP	605
GCA_005792145.1|SXSS01000054.1_4	SP	697
GCA_005793345.1|SXSU01000031.1_1	SP	294
GCA_005799025.1|SYHX01000021.1_2	SP	387
GCA_005800865.1|SYEI01000197.1_2	SP	381
GCA_005808505.1|SYLX01000187.1_9	SP	341
GCA_005877675.1|VBNZ01000014.1_13	LIPO	354
GCA_005877885.1|VCHY01000008.1_138	LIPO	297
GCA_005879095.1|VBLM01000193.1_7	SP	319
GCA_005882115.1|VBEG01000043.1_14	LIPO	329
GCA_005882155.1|VBCQ01000281.1_2	SP	501
GCA_005882215.1|VBCK01000223.1_2	SP	357
GCA_005883675.1|VBCM01000043.1_8	SP	328
GCA_005884765.1|VAZV01000258.1_6	SP	318
GCA_005884855.1|VAZS01000194.1_2	SP	372
GCA_005885285.1|VAZG01000207.1_11	LIPO	318
GCA_005887895.1|VBPC01000151.1_11	SP	302
GCA_005888325.1|VAWU01000007.1_2	LIPO	313
GCA_005889275.1|VBFI01000187.1_7	SP	617
GCA_005889295.1|VBEY01000318.1_2	SP	649
GCA_005889515.1|VBHE01000266.1_18	SP	319
GCA_006226225.1|SBHI01000044.1_5	SP	364
GCA_006226225.1|SBHI01000185.1_10	SP	331
GCA_006226375.1|SBHC01000081.1_289	LIPO	332
GCA_006226425.1|SBGX01000013.1_93	SP	394
GCA_006226555.1|SBGS01000180.1_12	SP	368
GCA_006226595.1|SBGP01000051.1_2	LIPO	352
GCA_006226755.1|SBGE01000214.1_2	SP	313
GCA_006227775.1|SBFV01000075.1_11	SP	399
GCA_007095785.1|SFBL01000030.1_44	SP	358
GCA_007096045.1|SFAU01000172.1_3	SP	358
GCA_007116755.1|SKHU01000199.1_7	SP	334
GCA_007116755.1|SKHU01000121.1_3	SP	383
GCA_007116765.1|SKHV01000391.1_1	SP	828
GCA_007116835.1|SKHS01000278.1_12	SP	351
GCA_007118235.1|SKRY01000413.1_6	LIPO	311
GCA_007121335.1|SKLY01000257.1_2	SP	298
GCA_007123575.1|SKKV01000157.1_12	SP	651
GCA_007127165.1|SKZV01000038.1_2	SP	496
GCA_007127715.1|SKYU01000055.1_1	LIPO	365
GCA_007128085.1|SKYC01000217.1_5	SP	301
GCA_007128525.1|SKXG01000033.1_2	SP	328
GCA_007129225.1|SKVX01000163.1_4	SP	347
GCA_007129525.1|SKVI01000380.1_3	SP	332
GCA_007129525.1|SKVI01000114.1_2	SP	332
GCA_007130525.1|SLSJ01000043.1_21	SP	396
GCA_007131045.1|SLRI01000163.1_6	SP	386
GCA_007135795.1|SLIE01000192.1_6	LIPO	311
GCA_007136375.1|SLHB01000181.1_4	SP	320
GCA_007376135.1|VMFR01000002.1_47	LIPO	370
GCA_007692605.1|REBS01000075.1_18	SP	368
GCA_007692655.1|REBQ01000030.1_10	SP	371
GCA_007692665.1|REBP01000120.1_25	LIPO	313
GCA_007693535.1|REDK01000140.1_35	SP	341
GCA_007693855.1|RECU01000053.1_119	LIPO	353
GCA_007694015.1|RECO01000144.1_1	SP	341
GCA_007694935.1|REES01000121.1_4	SP	362
GCA_007695035.1|REEO01000067.1_37	LIPO	308
GCA_007695095.1|REEL01000088.1_83	SP	378
GCA_007695195.1|REEG01000118.1_4	SP	363
GCA_007695205.1|REEF01000018.1_1	SP	333
GCA_007695245.1|REEE01000225.1_1	SP	330
GCA_008011715.2|CP136508.1_2562	SP	291
GCA_008015095.1|SSEV01000188.1_2	SP	604
GCA_008015235.1|SSFF01000004.1_236	SP	344
GCA_008015325.1|SSFI01000006.1_24	SP	339
GCA_008015835.1|SSGH01000011.1_129	SP	606
GCA_008017065.1|SSGT01000098.1_6	SP	382
GCA_008080595.1|VIKI01000274.1_5	SP	347
GCA_008180335.1|VTEF01000002.1_482	SP	594
GCA_008180335.1|VTEF01000002.1_700	SP	330
GCA_008501635.1|QQUJ01000010.1_157	LIPO	314
GCA_008933495.1|WBUW01000176.1_6	SP	356
GCA_009268125.1|WBOU01000011.1_173	SP	463
GCA_009379995.1|WHSR01000089.1_10	SP	335
GCA_009380095.1|WHSL01000009.1_31	SP	335
GCA_009380105.1|WHSM01000169.1_6	SP	530
GCA_009391835.1|QWJF01000004.1_77	SP	314
GCA_009663185.1|VJZX01000030.1_35	SP	437
GCA_009691845.1|SIAJ01000002.1_108	SP	243
GCA_009691905.1|SIAF01000285.1_2	SP	303
GCA_009692065.1|SHZY01000008.1_16	SP	299
GCA_009692535.1|SHYZ01000086.1_4	LIPO	331
GCA_009692555.1|SHYY01000030.1_33	LIPO	346
GCA_009692555.1|SHYY01000048.1_13	LIPO	317
GCA_009692615.1|SHYW01000018.1_41	SP	317
GCA_009694095.1|SHVV01000045.1_10	SP	333
GCA_009697105.1|SIAQ01000035.1_24	SP	305
GCA_009699825.1|WLNM01000040.1_7	SP	292
GCA_009705225.1|WLCQ01000113.1_8	LIPO	339
GCA_009712185.1|WASQ01000153.1_9	SP	326
GCA_009765735.1|LMUW01000091.1_17	SP	341
GCA_009773165.1|WOUZ01000001.1_628	SP	378
GCA_009773165.1|WOUZ01000004.1_217	SP	381
GCA_009773515.1|WSXX01000006.1_65	SP	385
GCA_009773555.1|WSXZ01000050.1_8	SP	352
GCA_009773755.1|WSZJ01000066.1_24	SP	312
GCA_009773755.1|WSZJ01000028.1_4	SP	310
GCA_009777535.1|WRLP01000003.1_64	SP	316
GCA_009778135.1|WRKJ01000070.1_10	SP	426
GCA_009778475.1|WRJS01000024.1_29	LIPO	337
GCA_009838965.1|VXQP01000023.1_29	LIPO	385
GCA_009885515.1|VFKO01000002.1_2	SP	590
GCA_009908425.1|JAAAPF010000276.1_6	SP	340
GCA_009908585.1|JAAAOZ010000211.1_2	LIPO	323
GCA_009908745.1|JAAAOU010000115.1_1	SP	395
GCA_009908745.1|JAAAOU010000132.1_2	SP	321
GCA_009909005.1|JAAAOG010000095.1_4	SP	372
GCA_009909035.1|JAAAOB010000158.1_1	LIPO	320
GCA_009914615.1|WNDX01000053.1_11	SP	362
GCA_009920765.1|RFZJ01000040.1_29	SP	303
GCA_009921445.1|RFXV01000001.1_40	SP	340
GCA_009924545.1|RFRL01000060.1_7	SP	595
GCA_009924545.1|RFRL01000063.1_5	SP	323
GCA_009924545.1|RFRL01000084.1_14	SP	318
GCA_009926065.1|RFPP01000057.1_1	LIPO	316
GCA_009926295.1|RFPF01000111.1_9	SP	303
GCA_009926615.1|RFOM01000051.1_21	LIPO	331
GCA_009928645.1|SACH01000053.1_8	SP	387
GCA_009936775.1|JAACDW010000178.1_4	SP	355
GCA_009937425.1|JAACFO010000075.1_19	LIPO	329
GCA_009993955.1|JAACSL010000001.1_303	SP	330
GCA_009995455.1|JAACPJ010000003.1_45	SP	370
GCA_009996515.1|JAACZV010000005.1_209	SP	320
GCA_009996615.1|JAACZU010000002.1_6	SP	341
GCA_010028905.1|RGZZ01000284.1_1	SP	327
GCA_010092775.1|JAADYZ010000163.1_6	LIPO	306
GCA_010092805.1|JAADYY010000003.1_2	SP	321
GCA_010092845.1|JAADYW010000124.1_3	SP	588
GCA_010092855.1|JAADYV010000117.1_5	SP	323
GCA_010092855.1|JAADYV010000134.1_2	SP	619
GCA_010092885.1|JAADYX010000199.1_3	LIPO	348
GCA_010092885.1|JAADYX010000213.1_3	LIPO	286
GCA_010092885.1|JAADYX010000070.1_6	SP	326
GCA_010645215.1|JAAGNW010000241.1_3	SP	340
GCA_011008945.1|WYCT01000274.1_5	SP	327
GCA_011039385.1|DRBO01000010.1_2	SP	292
GCA_011042635.1|DQWH01000088.1_2	SP	321
GCA_011049175.1|DSCJ01000101.1_15	LIPO	321
GCA_011050415.1|DRFS01000020.1_186	SP	359
GCA_011052255.1|DRJJ01000058.1_7	SP	345
GCA_011052255.1|DRJJ01000275.1_7	LIPO	331
GCA_011087955.1|JAALKR010000012.1_6	SP	330
GCA_011174825.1|DUEZ01000042.1_3	LIPO	331
GCA_011174845.1|DUEW01000006.1_63	LIPO	319
GCA_011176615.1|DUEG01000121.1_2	LIPO	330
GCA_011321935.1|DROJ01000583.1_5	SP	379
GCA_011330545.1|DRQI01000140.1_3	SP	348
GCA_011330545.1|DRQI01000435.1_4	LIPO	328
GCA_011330655.1|DRPZ01000153.1_9	LIPO	341
GCA_011369445.1|DRQF01000256.1_8	SP	354
GCA_011371465.1|DRQL01000064.1_2	SP	332
GCA_011375245.1|DRMA01000150.1_2	SP	318
GCA_011389885.1|JAABTK010000039.1_32	LIPO	372
GCA_011389935.1|JAABTJ010000012.1_37	LIPO	320
GCA_011390645.1|JAABRY010000049.1_10	SP	317
GCA_011390805.1|JAABRT010000056.1_2	LIPO	322
GCA_011390885.1|JAABRO010000037.1_18	LIPO	313
GCA_011390935.1|JAABRL010000003.1_42	LIPO	321
GCA_011390935.1|JAABRL010000005.1_36	SP	339
GCA_011391155.1|JAABRA010000121.1_3	SP	502
GCA_011391255.1|JAABQV010000009.1_100	SP	351
GCA_011391295.1|JAABQT010000075.1_4	SP	336
GCA_011392765.1|WYCW01000001.1_796	SP	455
GCA_011522855.1|WTID01000259.1_3	SP	361
GCA_011524785.1|WTJQ01000380.1_3	SP	421
GCA_011525685.1|WYBW01000043.1_11	SP	689
GCA_011525915.1|WYBM01000029.1_13	SP	316
GCA_011526095.1|WYBA01000215.1_14	SP	383
GCA_011526095.1|WYBA01000215.1_16	SP	500
GCA_011526095.1|WYBA01000259.1_53	LIPO	315
GCA_011620135.1|WOZS01000036.1_10	SP	365
GCA_011620145.1|WOZT01000136.1_2	SP	334
GCA_011620375.1|WOZH01000028.1_3	LIPO	330
GCA_011620705.1|WOYR01000125.1_9	LIPO	317
GCA_011682535.1|JAACEL010000035.1_2	LIPO	334
GCA_011774835.1|JAACAK010000091.1_41	LIPO	303
GCA_012026925.1|VEPJ01000075.1_38	LIPO	340
GCA_012030715.1|JAAUUJ010000055.1_15	LIPO	326
GCA_012032065.1|JAAURV010000012.1_22	SP	322
GCA_012036325.1|JAAUPC010000200.1_8	SP	305
GCA_012269545.1|JAAXKB010000046.1_100	SP	327
GCA_012270065.1|JAAXJB010000115.1_19	SP	635
GCA_012270065.1|JAAXJB010000085.1_2	SP	288
GCA_012270385.1|JAAXIK010000534.1_3	SP	305
GCA_012513825.1|JAAZBL010000273.1_7	SP	508
GCA_012513915.1|JAAZBG010000036.1_15	SP	357
GCA_012513915.1|JAAZBG010000240.1_11	SP	351
GCA_012513915.1|JAAZBG010000322.1_25	SP	349
GCA_012513915.1|JAAZBG010000324.1_1	SP	406
GCA_012515235.1|JAAYYU010000191.1_39	SP	323
GCA_012515615.1|JAAYYB010000111.1_50	SP	346
GCA_012515615.1|JAAYYB010000195.1_40	SP	350
GCA_012515615.1|JAAYYB010000263.1_2	SP	402
GCA_012517355.1|JAAYVD010000050.1_53	SP	367
GCA_012517375.1|JAAYVC010000098.1_1	SP	291
GCA_012517825.1|JAAYUG010000056.1_9	SP	314
GCA_012517875.1|JAAYUB010000037.1_26	LIPO	327
GCA_012519885.1|JAAYPI010000071.1_2	LIPO	321
GCA_012521525.1|JAAYMG010000298.1_2	SP	871
GCA_012522045.1|JAAYLC010000216.1_14	SP	377
GCA_012523595.1|JAAYIG010000101.1_3	SP	409
GCA_012523595.1|JAAYIG010000103.1_2	SP	610
GCA_012523595.1|JAAYIG010000124.1_30	SP	357
GCA_012523595.1|JAAYIG010000016.1_16	SP	357
GCA_012718945.1|JAAYBL010000053.1_4	SP	867
GCA_012719085.1|JAAYBA010000122.1_10	SP	473
GCA_012719135.1|JAAYAW010000047.1_10	SP	323
GCA_012719445.1|JAAYAH010000212.1_84	SP	458
GCA_012719445.1|JAAYAH010000256.1_1	SP	429
GCA_012719445.1|JAAYAH010000037.1_15	SP	460
GCA_012719495.1|JAAYAG010000105.1_13	SP	795
GCA_012727935.1|JAAYGA010000272.1_5	LIPO	339
GCA_012728855.1|JAAYEH010000388.1_4	SP	302
GCA_012728995.1|JAAYEB010000107.1_2	SP	307
GCA_012728995.1|JAAYEB010000021.1_1	SP	357
GCA_012729055.1|JAAYDW010000068.1_65	SP	396
GCA_012744475.1|JAAYBV010000080.1_51	SP	467
GCA_012797975.1|JAAZOD010000019.1_24	SP	305
GCA_012838585.1|DUPB01000111.1_9	SP	294
GCA_012959395.1|DUDG01000041.1_44	LIPO	301
GCA_012959665.1|DUCT01000055.1_1	SP	286
GCA_012959805.1|DUCN01000079.1_5	SP	354
GCA_012959805.1|DUCN01000133.1_3	SP	369
GCA_012960115.1|DUBX01000023.1_4	SP	307
GCA_012960225.1|DUBS01000035.1_23	LIPO	275
GCA_012960505.1|DUBC01000018.1_14	SP	369
GCA_012960805.1|DUAO01000079.1_9	SP	340
GCA_012960835.1|DUAL01000204.1_3	SP	338
GCA_012960845.1|DUAN01000111.1_1	SP	866
GCA_012964825.1|DTTI01000084.1_3	LIPO	289
GCA_012965625.1|DTSC01000234.1_6	SP	374
GCA_012965625.1|DTSC01000349.1_2	SP	551
GCA_012965975.1|DTRM01000125.1_2	LIPO	314
GCA_012966015.1|DTRI01000245.1_7	SP	452
GCA_013001295.1|JABDMW010000040.1_160	SP	322
GCA_013001465.1|JABDMM010000078.1_6	SP	369
GCA_013001805.1|JABDLW010000782.1_1	SP	386
GCA_013001885.1|JABDLD010000055.1_28	SP	328
GCA_013002205.1|JABDKN010000018.1_2	SP	351
GCA_013002995.1|JABDLO010000356.1_2	SP	389
GCA_013003515.1|JABDIW010000085.1_9	LIPO	334
GCA_013041765.1|JABDRL010000288.1_23	SP	439
GCA_013041765.1|JABDRL010000188.1_4	SP	448
GCA_013042375.1|JABDQH010000075.1_26	LIPO	344
GCA_013042835.1|JABDPJ010000249.1_2	SP	327
GCA_013042915.1|JABDPF010000099.1_17	SP	326
GCA_013112685.1|JABFGC010000002.1_481	LIPO	307
GCA_013112715.1|JABFGB010000005.1_118	SP	597
GCA_013112725.1|JABFFZ010000005.1_40	SP	320
GCA_013122435.1|WYDT01000002.1_12	SP	333
GCA_013138735.1|WTCE01000018.1_47	SP	378
GCA_013140975.1|JABFRV010000038.1_20	SP	379
GCA_013141065.1|JABFRR010000011.1_130	SP	564
GCA_013141065.1|JABFRR010000003.1_238	SP	325
GCA_013141175.1|JABFRN010000001.1_2369	SP	609
GCA_013141295.1|JABFRG010000422.1_12	LIPO	336
GCA_013141295.1|JABFRG010000624.1_5	LIPO	307
GCA_013141455.1|JABFQW010000062.1_9	LIPO	474
GCA_013141455.1|JABFQW010000111.1_4	SP	380
GCA_013151565.1|JAADIB010000243.1_2	SP	619
GCA_013151705.1|JAADHT010000121.1_3	SP	675
GCA_013152325.1|JAADGN010000144.1_26	LIPO	314
GCA_013152325.1|JAADGN010000138.1_19	LIPO	312
GCA_013177795.1|JABLXY010000002.1_924	SP	319
GCA_013177935.1|JABLXZ010000005.1_35	SP	308
GCA_013178295.1|JABLWW010000012.1_75	LIPO	309
GCA_013178375.1|JABLXQ010000025.1_74	SP	318
GCA_013178375.1|JABLXQ010000003.1_160	LIPO	316
GCA_013203755.1|JABMPI010000405.1_3	SP	305
GCA_013203845.1|JABMPE010000415.1_11	SP	325
GCA_013204105.1|JABMOM010000009.1_40	LIPO	303
GCA_013205085.1|JABMLH010000001.1_453	SP	420
GCA_013214265.1|JABSSK010000193.1_9	SP	385
GCA_013214355.1|JABSSL010000087.1_32	SP	379
GCA_013214885.1|JABSRS010000024.1_14	LIPO	305
GCA_013214945.1|JABSRT010000008.1_18	SP	365
GCA_013215295.1|JABSOZ010000038.1_10	SP	320
GCA_013215465.1|JABSOW010000023.1_9	SP	309
GCA_013215655.1|JABSOX010000051.1_27	SP	312
GCA_013216015.1|JABSOI010000130.1_3	SP	327
GCA_013216025.1|JABSOG010000164.1_3	SP	667
GCA_013284265.1|JABTBR010000001.1_48	SP	347
GCA_013285425.1|CP053447.1_2620	SP	297
GCA_013285465.1|CP053449.1_1210	SP	334
GCA_013285465.1|CP053449.1_2164	SP	370
GCA_013285645.1|JABDHJ010000004.1_89	SP	647
GCA_013285655.1|JABDHI010000001.1_77	SP	328
GCA_013285655.1|JABDHI010000012.1_32	SP	496
GCA_013286045.1|JABDGM010000038.1_7	SP	321
GCA_013286045.1|JABDGM010000078.1_16	SP	341
GCA_013286235.1|JABDGE010000059.1_8	SP	302
GCA_013286305.1|JABDFW010000084.1_12	SP	297
GCA_013288325.1|JABDCB010000032.1_15	SP	490
GCA_013288345.1|JABDCA010000005.1_97	SP	491
GCA_013288345.1|JABDCA010000020.1_39	SP	328
GCA_013288385.1|JABDBZ010000096.1_2	SP	387
GCA_013288485.1|JABDBW010000075.1_4	SP	284
GCA_013288685.1|JABDBM010000072.1_9	SP	299
GCA_013289095.1|JABDAO010000037.1_3	SP	489
GCA_013289095.1|JABDAO010000104.1_6	SP	408
GCA_013289395.1|JABCZY010000018.1_12	SP	496
GCA_013289475.1|JABCZW010000004.1_81	SP	323
GCA_013297575.1|JAAFHO010000009.1_15	SP	387
GCA_013297645.1|JAAFHU010000067.1_2	LIPO	302
GCA_013297655.1|JAAFHV010000322.1_2	LIPO	391
GCA_013297655.1|JAAFHV010000040.1_11	LIPO	362
GCA_013297655.1|JAAFHV010000046.1_17	LIPO	420
GCA_013297775.1|JAAFIL010000030.1_25	SP	384
GCA_013298125.1|JAAFJP010000051.1_21	LIPO	314
GCA_013298265.1|JAAFHE010000358.1_7	SP	352
GCA_013298325.1|JAAFHJ010000201.1_7	LIPO	369
GCA_013298365.1|JAAFHL010000380.1_3	SP	375
GCA_013298545.1|JAAFIA010000062.1_4	SP	409
GCA_013298775.1|JAAFIV010000013.1_25	SP	313
GCA_013298805.1|JAAFIU010000074.1_18	LIPO	316
GCA_013298845.1|JAAFJN010000008.1_93	SP	384
GCA_013298995.1|JAAFJW010000146.1_5	LIPO	309
GCA_013299045.1|JAAFJX010000002.1_78	LIPO	312
GCA_013299055.1|JAAFKB010000030.1_27	SP	342
GCA_013336205.1|JAAXUD010000166.1_4	SP	381
GCA_013359135.1|JABWCN010000012.1_65	SP	341
GCA_013359135.1|JABWCN010000014.1_26	SP	349
GCA_013359135.1|JABWCN010000024.1_10	SP	329
GCA_013359225.1|JABWCG010000004.1_44	SP	332
GCA_013359265.1|JABWCD010000011.1_49	SP	308
GCA_013359445.1|JABWBV010000194.1_8	LIPO	311
GCA_013360185.1|JABWCO010000040.1_13	SP	340
GCA_013360465.1|JABWBO010000193.1_2	SP	601
GCA_013360465.1|JABWBO010000029.1_49	SP	334
GCA_013360825.1|JABWAY010000390.1_3	SP	638
GCA_013361685.1|JABFXP010000639.1_3	LIPO	312
GCA_013361685.1|JABFXP010000093.1_7	SP	514
GCA_013361685.1|JABFXP010000573.1_6	SP	581
GCA_013362315.1|JABFWL010000134.1_6	SP	512
GCA_013362785.1|JABFVM010000313.1_6	SP	340
GCA_013362785.1|JABFVM010000268.1_3	SP	442
GCA_013368795.1|JABFXX010000287.1_23	SP	488
GCA_013373125.1|JABXIK010000012.1_20	SP	571
GCA_013373245.1|JABXID010000275.1_9	SP	303
GCA_013373595.1|JABXHO010000067.1_49	SP	379
GCA_013373595.1|JABXHO010000098.1_17	SP	370
GCA_013373625.1|JABXHM010000044.1_36	SP	295
GCA_013373625.1|JABXHM010000033.1_35	SP	333
GCA_013376995.1|JACAAZ010000001.1_72	SP	381
GCA_013377095.1|JACAAY010000069.1_21	SP	338
GCA_013377115.1|JACAAW010000248.1_3	SP	385
GCA_013377115.1|JACAAW010000080.1_3	SP	404
GCA_013377115.1|JACAAW010000093.1_10	SP	302
GCA_013388545.1|JACAFB010000038.1_18	LIPO	308
GCA_013388735.1|JACAES010000177.1_12	SP	312
GCA_013388745.1|JACAER010000042.1_89	SP	317
GCA_013388855.1|JACAEM010000028.1_13	LIPO	305
GCA_013388965.1|JACAEG010000345.1_10	SP	336
GCA_013389105.1|JACADZ010000017.1_7	LIPO	325
GCA_013389125.1|JACADX010000346.1_3	SP	329
GCA_013519935.1|JACDUA010000004.1_13	SP	498
GCA_013538855.1|JABXJS010000230.1_4	SP	546
GCA_013693755.1|CP059256.1_2364	SP	347
GCA_013695075.1|JACDBE010000280.1_5	LIPO	553
GCA_013696105.1|JACCZE010000115.1_6	SP	327
GCA_013696665.1|JACCYC010000022.1_3	SP	326
GCA_013696965.1|JACCXN010000079.1_5	SP	381
GCA_013697045.1|JACCXJ010000198.1_19	SP	371
GCA_013697635.1|JACCWM010000172.1_26	LIPO	313
GCA_013791935.1|VMSV01000210.1_3	LIPO	326
GCA_013792005.1|VMSU01000190.1_44	LIPO	335
GCA_013812485.1|JACCTJ010000028.1_2	LIPO	308
GCA_013812655.1|JACCTC010000297.1_16	SP	496
GCA_013812655.1|JACCTC010000297.1_17	SP	379
GCA_013812775.1|JACCSX010000027.1_7	SP	355
GCA_013815505.1|JACDGA010000319.1_4	LIPO	367
GCA_013815535.1|JACDGC010000491.1_1	LIPO	342
GCA_013816505.1|JACDEG010000042.1_2	SP	356
GCA_013816615.1|JACDED010000081.1_12	SP	317
GCA_013816855.1|JACDDT010000008.1_8	LIPO	313
GCA_013816895.1|JACDDR010000036.1_15	SP	383
GCA_013817465.1|JACDCP010000278.1_1	SP	406
GCA_013817545.1|JACDCM010000123.1_6	SP	304
GCA_013820915.1|JACDHR010000023.1_21	LIPO	347
GCA_013821605.1|JACDGP010000011.1_11	SP	517
GCA_013821605.1|JACDGP010000015.1_42	SP	303
GCA_013821605.1|JACDGP010000039.1_21	SP	302
GCA_013821605.1|JACDGP010000045.1_23	SP	303
GCA_013821605.1|JACDGP010000196.1_7	SP	305
GCA_013821605.1|JACDGP010000059.1_26	SP	302
GCA_013821605.1|JACDGP010000062.1_13	LIPO	366
GCA_013821605.1|JACDGP010000005.1_4	SP	303
GCA_013821665.1|JACDGI010000400.1_6	SP	368
GCA_013821825.1|PNJK01000007.1_92	SP	290
GCA_013822015.1|PNJU01000004.1_112	SP	315
GCA_013822735.1|PNKZ01000006.1_109	SP	328
GCA_013822885.1|PNLC01000095.1_7	SP	585
GCA_013823055.1|PNLN01000117.1_9	SP	334
GCA_013823135.1|PNLP01000086.1_7	SP	311
GCA_013823565.1|PNMI01000008.1_58	SP	379
GCA_013823565.1|PNMI01000033.1_5	SP	410
GCA_013823655.1|PNMN01000046.1_13	SP	326
GCA_013824055.1|PNNE01000078.1_13	SP	289
GCA_013824755.1|PNOJ01000029.1_10	SP	265
GCA_014190575.1|BJGQ01000003.1_30	SP	328
GCA_014192625.1|BJHM01000024.1_8	SP	640
GCA_014235785.1|CP060137.1_3855	SP	641
GCA_014237975.1|JABACA010000016.1_5	SP	352
GCA_014238205.1|JABABM010000004.1_103	SP	515
GCA_014238855.1|JABAAH010000103.1_3	SP	289
GCA_014239275.1|JAAZZF010000110.1_3	LIPO	301
GCA_014239365.1|JAAZZB010000072.1_29	SP	285
GCA_014240065.1|JAAZXR010000043.1_16	LIPO	330
GCA_014240165.1|JAAZXM010000048.1_4	SP	345
GCA_014304965.1|JACRTZ010000138.1_5	SP	315
GCA_014376445.1|JACMRM010000002.1_33	SP	322
GCA_014376445.1|JACMRM010000054.1_6	SP	328
GCA_014376525.1|JACMRI010000119.1_24	SP	492
GCA_014376525.1|JACMRI010000088.1_1	SP	370
GCA_014376535.1|JACMRH010000463.1_3	SP	615
GCA_014376655.1|JACMRC010000476.1_14	SP	293
GCA_014377485.1|JACMPM010000097.1_6	SP	351
GCA_014377485.1|JACMPM010000004.1_10	SP	329
GCA_014378485.1|JACMNO010000002.1_145	SP	382
GCA_014378485.1|JACMNO010000061.1_120	SP	410
GCA_014378525.1|JACMNL010000018.1_21	SP	343
GCA_014378525.1|JACMNL010000007.1_36	SP	328
GCA_014378525.1|JACMNL010000064.1_14	SP	555
GCA_014378715.1|JACMNE010000059.1_35	SP	424
GCA_014379065.1|JACMMM010000595.1_11	SP	385
GCA_014379065.1|JACMMM010000464.1_12	SP	390
GCA_014379235.1|JACMMD010000980.1_4	SP	332
GCA_014379395.1|JACMLV010000781.1_3	SP	362
GCA_014379395.1|JACMLV010000333.1_8	SP	358
GCA_014379585.1|JACMLN010000161.1_17	SP	294
GCA_014379665.1|JACMLK010000448.1_2	SP	381
GCA_014379705.1|JACMLI010000540.1_14	TAT	320
GCA_014379805.1|JACMLB010000110.1_11	SP	380
GCA_014380065.1|JACMKO010000440.1_1	LIPO	318
GCA_014380105.1|JACMKL010000355.1_10	SP	410
GCA_014380155.1|JACMKJ010000151.1_13	SP	311
GCA_014381465.1|JACNLP010000045.1_17	SP	343
GCA_014381985.1|JACNKP010000065.1_5	SP	307
GCA_014382585.1|JACNJL010000058.1_34	SP	283
GCA_014382605.1|JACNJM010000019.1_2	LIPO	600
GCA_014382695.1|JACNJF010000123.1_2	SP	508
GCA_014384505.1|JACNFT010000049.1_16	SP	341
GCA_014584575.1|JACTMP010000054.1_89	LIPO	321
GCA_014584605.1|JACTMO010000075.1_58	SP	317
GCA_014647835.1|BMPY01000024.1_96	SP	424
GCA_014647835.1|BMPY01000025.1_68	SP	443
GCA_014647835.1|BMPY01000025.1_85	SP	451
GCA_014647975.1|BMQF01000006.1_99	SP	437
GCA_014647975.1|BMQF01000021.1_42	SP	491
GCA_014648495.1|BMRF01000001.1_578	SP	475
GCA_014648495.1|BMRF01000016.1_61	SP	328
GCA_014649355.1|BMSW01000005.1_408	SP	327
GCA_014649395.1|BMSY01000001.1_1028	LIPO	326
GCA_014649395.1|BMSY01000016.1_109	SP	337
GCA_014649575.1|BMTH01000006.1_25	SP	327
GCA_014649695.1|BMTN01000020.1_81	SP	498
GCA_014650055.1|BMUF01000007.1_26	SP	328
GCA_014650415.1|BMUX01000004.1_587	LIPO	308
GCA_014654705.1|JACVZY010000118.1_40	SP	769
GCA_014656175.1|BNBX01000001.1_944	SP	327
GCA_014656495.1|BNCN01000009.1_35	LIPO	633
GCA_014656495.1|BNCN01000020.1_31	SP	329
GCA_014695325.1|JACJNZ010000039.1_169	LIPO	325
GCA_014697355.1|JACJRQ010000067.1_21	LIPO	318
GCA_014729375.1|WJKA01000532.1_3	SP	407
GCA_014729665.1|WJJO01000203.1_6	SP	321
GCA_014729665.1|WJJO01000351.1_1	SP	400
GCA_014730065.1|WJIW01000084.1_1	SP	531
GCA_014763715.1|JACXUV010000007.1_106	LIPO	309
GCA_014860575.1|JACZJK010000033.1_38	SP	395
GCA_014860585.1|JACZJL010000002.1_42	SP	384
GCA_014872785.1|WKFJ01000031.1_18	LIPO	799
GCA_014872805.1|WKFN01000016.1_79	SP	342
GCA_014873095.1|CP050848.1_3348	SP	313
GCA_014879665.1|JACSRP010000164.1_7	SP	322
GCA_014879665.1|JACSRP010000056.1_4	SP	313
GCA_014879865.1|JACSRG010000450.1_14	SP	335
GCA_014879865.1|JACSRG010000364.1_3	SP	313
GCA_014879945.1|JACSRE010000115.1_4	SP	513
GCA_014879945.1|JACSRE010000369.1_3	TAT	312
GCA_014946745.1|JADCRD010000001.1_1983	LIPO	342
GCA_014946745.1|JADCRD010000001.1_2336	SP	514
GCA_015059925.1|SUZL01000002.1_159	SP	299
GCA_015060165.1|SUZC01000004.1_111	SP	296
GCA_015060395.1|SUYP01000029.1_2	SP	292
GCA_015060555.1|SUYG01000020.1_11	SP	604
GCA_015060905.1|SUXQ01000009.1_70	SP	295
GCA_015075325.1|JABTUP010000047.1_6	SP	377
GCA_015075365.1|JABTUN010000001.1_1971	SP	318
GCA_015075375.1|JABTUM010000002.1_1195	SP	332
GCA_015075425.1|JABTUL010000001.1_557	SP	289
GCA_015075425.1|JABTUL010000004.1_183	SP	310
GCA_015075445.1|JABTUJ010000027.1_82	SP	803
GCA_015075555.1|JABTUD010000001.1_1370	LIPO	338
GCA_015075635.1|JABTUA010000002.1_1514	LIPO	362
GCA_015075635.1|JABTUA010000003.1_1549	SP	323
GCA_015222805.1|JADFVZ010000026.1_23	SP	325
GCA_015232575.1|JADFZL010000024.1_36	SP	337
GCA_015232575.1|JADFZL010000009.1_12	SP	306
GCA_015233155.1|JADFYG010000044.1_4	SP	368
GCA_015233355.1|JADFXY010000044.1_1	LIPO	329
GCA_015233565.1|JADFXM010000002.1_169	SP	345
GCA_015277795.1|CP063848.1_82	SP	579
GCA_015478855.1|JADMKJ010000153.1_1	SP	307
GCA_015486475.1|WFRO01000164.1_9	SP	322
GCA_015487235.1|WFQC01000180.1_2	SP	323
GCA_015487695.1|WFPF01000043.1_23	SP	380
GCA_015487695.1|WFPF01000125.1_4	LIPO	312
GCA_015493285.1|WGDL01000245.1_4	LIPO	321
GCA_015494165.1|WGBS01000067.1_2	LIPO	454
GCA_015494245.1|WGBN01000218.1_2	SP	386
GCA_015654615.1|JAATGN010000441.1_9	SP	305
GCA_015654675.1|JAATGM010000060.1_52	LIPO	315
GCA_015657475.1|JADLKF010000001.1_116	LIPO	500
GCA_015660155.1|DQLO01000101.1_3	SP	285
GCA_015660645.1|DQKS01000032.1_25	SP	320
GCA_015663855.1|DQRJ01000096.1_5	SP	344
GCA_015665265.1|JADFAM010000120.1_18	LIPO	300
GCA_015665315.1|JADFAK010000179.1_32	SP	319
GCA_015709215.1|JACCQN010000056.1_6	SP	393
GCA_016103465.1|JAEEAP010000100.1_25	SP	340
GCA_016103465.1|JAEEAP010000194.1_12	SP	328
GCA_016124255.1|WGOB01000055.1_42	TAT	239
GCA_016124275.1|WGOA01000030.1_71	SP	382
GCA_016124535.1|WGNK01000029.1_24	SP	357
GCA_016124575.1|WGNM01000001.1_135	SP	345
GCA_016124615.1|WGNF01000021.1_27	SP	300
GCA_016124845.1|WGMW01000054.1_56	SP	392
GCA_016124845.1|WGMW01000049.1_78	SP	320
GCA_016124855.1|WGMX01000016.1_136	SP	344
GCA_016124855.1|WGMX01000020.1_364	SP	297
GCA_016124935.1|WGMS01000014.1_206	SP	362
GCA_016124975.1|WGMP01000004.1_62	SP	621
GCA_016125085.1|WGMM01000007.1_189	SP	309
GCA_016125095.1|WGMK01000007.1_233	SP	370
GCA_016125405.1|WGLW01000023.1_114	SP	314
GCA_016125505.1|WGLP01000003.1_781	SP	321
GCA_016177005.1|JACOWC010000079.1_12	SP	353
GCA_016177355.1|JACOVL010000033.1_9	SP	324
GCA_016177575.1|JACOVA010000081.1_5	SP	312
GCA_016177875.1|JACOUL010000033.1_45	LIPO	324
GCA_016177875.1|JACOUL010000033.1_55	SP	418
GCA_016177875.1|JACOUL010000033.1_56	SP	425
GCA_016177875.1|JACOUL010000038.1_5	SP	600
GCA_016177875.1|JACOUL010000044.1_10	SP	449
GCA_016177875.1|JACOUL010000044.1_77	LIPO	434
GCA_016177875.1|JACOUL010000015.1_90	LIPO	329
GCA_016177875.1|JACOUL010000021.1_42	SP	413
GCA_016177875.1|JACOUL010000021.1_43	SP	419
GCA_016177875.1|JACOUL010000021.1_44	TAT	421
GCA_016177875.1|JACOUL010000021.1_46	SP	415
GCA_016177875.1|JACOUL010000021.1_82	SP	403
GCA_016177875.1|JACOUL010000021.1_83	SP	477
GCA_016177875.1|JACOUL010000023.1_23	SP	484
GCA_016177875.1|JACOUL010000028.1_103	LIPO	328
GCA_016177875.1|JACOUL010000028.1_146	SP	454
GCA_016178305.1|JACOTM010000081.1_31	SP	375
GCA_016179685.1|JACPCR010000131.1_31	SP	340
GCA_016179875.1|JACPCH010000195.1_10	SP	306
GCA_016179925.1|JACPCG010000080.1_58	SP	299
GCA_016182805.1|JACPFV010000043.1_13	SP	413
GCA_016182965.1|JACPFM010000001.1_92	LIPO	516
GCA_016183615.1|JACPEG010000028.1_67	SP	498
GCA_016183655.1|JACPEH010000008.1_5	SP	575
GCA_016183805.1|JACPDX010000101.1_7	SP	389
GCA_016183805.1|JACPDX010000057.1_37	SP	375
GCA_016183815.1|JACPDW010000011.1_21	SP	375
GCA_016184115.1|JACPDH010000035.1_48	SP	313
GCA_016185015.1|JACPOI010000020.1_475	SP	339
GCA_016185125.1|JACPOC010000026.1_162	SP	386
GCA_016186905.1|JACPKS010000062.1_41	LIPO	339
GCA_016187935.1|JACPIU010000043.1_2	LIPO	356
GCA_016188575.1|JACPHN010000196.1_26	SP	350
GCA_016190005.1|JACPRK010000001.1_5	LIPO	327
GCA_016190375.1|JACPQR010000019.1_5	SP	334
GCA_016191015.1|JACPPM010000144.1_1	SP	317
GCA_016191165.1|JACPPF010000178.1_35	SP	302
GCA_016191225.1|JACPPC010000013.1_108	SP	339
GCA_016191785.1|JACPVJ010000029.1_18	LIPO	322
GCA_016191785.1|JACPVJ010000034.1_8	LIPO	334
GCA_016191845.1|JACPVF010000002.1_16	LIPO	323
GCA_016191995.1|JACPVA010000133.1_48	SP	356
GCA_016191995.1|JACPVA010000138.1_16	LIPO	338
GCA_016193485.1|JACPRZ010000019.1_8	SP	381
GCA_016194985.1|JACQAK010000052.1_3	SP	379
GCA_016194985.1|JACQAK010000007.1_3	SP	407
GCA_016194985.1|JACQAK010000009.1_2	SP	375
GCA_016195025.1|JACQAL010000068.1_53	SP	382
GCA_016195405.1|JACPZP010000179.1_18	SP	310
GCA_016195585.1|JACPZJ010000181.1_2	SP	323
GCA_016195825.1|JACPYV010000111.1_10	SP	331
GCA_016196065.1|JACPYL010000007.1_4	SP	323
GCA_016196755.1|JACPXC010000051.1_7	SP	374
GCA_016197285.1|JACPWD010000043.1_46	LIPO	336
GCA_016197365.1|JACPVS010000007.1_52	SP	318
GCA_016197405.1|JACPVR010000022.1_22	LIPO	291
GCA_016198605.1|JACQIG010000062.1_5	LIPO	334
GCA_016198745.1|JACQHZ010000268.1_14	SP	310
GCA_016198805.1|JACQHU010000186.1_3	SP	324
GCA_016199605.1|JACQGJ010000443.1_2	SP	313
GCA_016199745.1|JACQFZ010000029.1_60	SP	375
GCA_016200135.1|JACQFI010000051.1_40	TAT	288
GCA_016200145.1|JACQFH010000599.1_3	SP	301
GCA_016200145.1|JACQFH010000030.1_3	SP	305
GCA_016200155.1|JACQFG010000061.1_3	SP	307
GCA_016200545.1|JACQEO010000027.1_12	LIPO	292
GCA_016200545.1|JACQEO010000049.1_4	SP	312
GCA_016200585.1|JACQEN010000058.1_11	SP	280
GCA_016200955.1|JACQDU010000395.1_2	LIPO	320
GCA_016201065.1|JACQDL010000034.1_6	LIPO	331
GCA_016201275.1|JACQDB010000107.1_53	SP	270
GCA_016202565.1|JACQOK010000435.1_16	SP	341
GCA_016202615.1|JACQOI010000236.1_4	SP	337
GCA_016206485.1|JACQRL010000220.1_22	SP	319
GCA_016206565.1|JACQRG010000067.1_6	LIPO	264
GCA_016206665.1|JACQRC010000020.1_8	SP	335
GCA_016208255.1|JACQYK010000126.1_19	SP	317
GCA_016208315.1|JACQYF010000089.1_30	SP	328
GCA_016208355.1|JACQYE010000086.1_45	LIPO	312
GCA_016208355.1|JACQYE010000150.1_22	LIPO	296
GCA_016209635.1|JACQWC010000131.1_24	SP	321
GCA_016209665.1|JACQVT010000520.1_1	SP	312
GCA_016209735.1|JACQVN010000045.1_34	TAT	327
GCA_016212695.1|JACREX010000216.1_19	SP	412
GCA_016212795.1|JACRDT010000005.1_61	SP	321
GCA_016212965.1|JACRDA010000395.1_7	LIPO	355
GCA_016213105.1|JACRBN010000004.1_144	LIPO	325
GCA_016213125.1|JACRBR010000010.1_18	LIPO	338
GCA_016213405.1|JACRAM010000088.1_44	SP	382
GCA_016213625.1|JACQZZ010000016.1_96	LIPO	665
GCA_016213785.1|JACQZQ010000020.1_34	SP	619
GCA_016213845.1|JACQZN010000048.1_15	LIPO	327
GCA_016213925.1|JACQZH010000043.1_35	LIPO	669
GCA_016215145.1|JACRLA010000144.1_6	LIPO	305
GCA_016217625.1|JACRHK010000103.1_17	LIPO	323
GCA_016218155.1|JACREQ010000076.1_15	SP	327
GCA_016218155.1|JACREQ010000105.1_85	SP	382
GCA_016218495.1|JACRDU010000018.1_16	SP	304
GCA_016218725.1|JACRDB010000018.1_23	LIPO	351
GCA_016218765.1|JACRCZ010000058.1_8	LIPO	350
GCA_016218805.1|JACRCW010000153.1_4	SP	322
GCA_016218825.1|JACRCV010000013.1_67	LIPO	374
GCA_016218885.1|JACRCT010001274.1_2	SP	897
GCA_016218915.1|JACRCQ010000050.1_56	LIPO	333
GCA_016219005.1|JACRCN010000010.1_14	LIPO	316
GCA_016219225.1|JACRBX010000022.1_2	SP	333
GCA_016219275.1|JACRBM010000073.1_37	LIPO	321
GCA_016223085.1|JACRPS010000013.1_100	SP	309
GCA_016234445.1|JACRBT010000014.1_13	LIPO	357
GCA_016234445.1|JACRBT010000014.1_186	LIPO	350
GCA_016234485.1|JACRBL010000067.1_79	LIPO	311
GCA_016234555.1|JACRBJ010000054.1_42	LIPO	317
GCA_016234595.1|JACRBG010000001.1_9	SP	595
GCA_016235775.1|JACRIU010000091.1_1	SP	363
GCA_016235865.1|JACRIK010000001.1_90	LIPO	319
GCA_016235885.1|JACRIH010000478.1_1	SP	309
GCA_016281055.1|JAEEHW010000008.1_36	SP	593
GCA_016281315.1|JAEEIJ010000072.1_11	SP	293
GCA_016281815.1|JAEEJK010000092.1_24	SP	585
GCA_016283095.1|JAEEMG010000083.1_9	SP	595
GCA_016284515.1|JAEEOY010000051.1_7	SP	287
GCA_016285055.1|JAEEPZ010000112.1_2	SP	579
GCA_016285075.1|JAEEQB010000003.1_70	SP	595
GCA_016285885.1|JAEERP010000003.1_134	SP	485
GCA_016285885.1|JAEERP010000004.1_42	SP	585
GCA_016285885.1|JAEERP010000004.1_43	SP	580
GCA_016287075.1|JAEEVC010000002.1_89	SP	291
GCA_016342715.1|JAEINW010000107.1_13	LIPO	291
GCA_016428905.1|JAELTQ010000061.1_7	SP	339
GCA_016429215.1|JAELUH010000008.1_23	SP	390
GCA_016432265.1|CP066681.1_1411	SP	321
GCA_016458225.1|JAEMGR010000010.1_178	LIPO	629
GCA_016458225.1|JAEMGR010000036.1_73	SP	334
GCA_016464775.1|JAEKNP010000069.1_21	LIPO	349
GCA_016649675.1|JAENXG010000007.1_7	SP	354
GCA_016649745.1|JAENXD010000063.1_15	SP	322
GCA_016650445.1|JAENVS010000034.1_48	SP	380
GCA_016650445.1|JAENVS010000035.1_18	SP	352
GCA_016699575.1|CP064979.1_1751	SP	380
GCA_016699575.1|CP064979.1_2910	SP	379
GCA_016699655.1|CP064986.1_752	SP	348
GCA_016699655.1|CP064986.1_3282	SP	355
GCA_016699735.1|CP065008.1_941	SP	306
GCA_016699855.1|CP064988.1_1841	SP	310
GCA_016700115.1|CP064999.1_2357	SP	380
GCA_016700415.1|CP065018.1_2384	SP	320
GCA_016702645.1|JADJDP010000003.1_132	SP	387
GCA_016702645.1|JADJDP010000053.1_79	SP	377
GCA_016703005.1|JADJCX010000016.1_80	SP	402
GCA_016703105.1|JADJCS010000007.1_225	SP	373
GCA_016703105.1|JADJCS010000008.1_168	SP	318
GCA_016703325.1|JADJCH010000023.1_23	SP	317
GCA_016703425.1|JADJCA010000002.1_498	LIPO	375
GCA_016703425.1|JADJCA010000007.1_549	LIPO	344
GCA_016703425.1|JADJCA010000011.1_316	LIPO	434
GCA_016703425.1|JADJCA010000012.1_142	LIPO	340
GCA_016704275.1|JADJAK010000001.1_232	LIPO	301
GCA_016704275.1|JADJAK010000006.1_308	SP	267
GCA_016704325.1|JADJAG010000010.1_11	SP	471
GCA_016704435.1|JADJAB010000004.1_126	SP	299
GCA_016704465.1|JADJAD010000001.1_427	SP	320
GCA_016704485.1|JADJAA010000001.1_544	SP	337
GCA_016704485.1|JADJAA010000002.1_639	SP	390
GCA_016704655.1|JADIZR010000014.1_92	LIPO	360
GCA_016705245.1|JADIYM010000009.1_83	LIPO	486
GCA_016705365.1|JADIYI010000008.1_1986	SP	345
GCA_016705545.1|JADIYA010000022.1_35	SP	330
GCA_016705955.1|JADJKO010000001.1_820	SP	394
GCA_016706255.1|JADJJZ010000003.1_589	SP	403
GCA_016706865.1|JADJIS010000003.1_1935	SP	386
GCA_016707075.1|JADJII010000009.1_92	SP	350
GCA_016707115.1|JADJIH010000026.1_14	SP	299
GCA_016707175.1|JADJIB010000001.1_322	LIPO	382
GCA_016707175.1|JADJIB010000006.1_12	LIPO	311
GCA_016707485.1|JADJHN010000003.1_364	LIPO	364
GCA_016707685.1|JADJHE010000042.1_18	SP	403
GCA_016707895.1|JADJGV010000003.1_347	SP	500
GCA_016707895.1|JADJGV010000005.1_283	LIPO	320
GCA_016708125.1|JADJGF010000001.1_1532	SP	428
GCA_016708825.1|JADJEZ010000006.1_32	LIPO	337
GCA_016708845.1|JADJFB010000002.1_207	SP	381
GCA_016708845.1|JADJFB010000003.1_203	SP	410
GCA_016709025.1|JADJEQ010000003.1_64	SP	380
GCA_016709225.1|JADJEE010000012.1_701	SP	429
GCA_016709225.1|JADJEE010000012.1_2525	SP	422
GCA_016709575.1|JADJMM010000004.1_405	SP	378
GCA_016709575.1|JADJMM010000009.1_95	SP	405
GCA_016709575.1|JADJMM010000017.1_61	SP	381
GCA_016710065.1|JADJLP010000015.1_488	SP	347
GCA_016710235.1|JADJLG010000001.1_208	SP	374
GCA_016710335.1|JADJXQ010000003.1_314	LIPO	332
GCA_016710385.1|JADJVX010000017.1_708	LIPO	392
GCA_016710585.1|JADJVN010000006.1_240	SP	404
GCA_016710585.1|JADJVN010000047.1_71	SP	376
GCA_016710965.1|JADJTW010000021.1_21	SP	381
GCA_016711045.1|JADJTT010000006.1_382	SP	378
GCA_016711095.1|JADJTP010000003.1_457	LIPO	381
GCA_016711285.1|JADJTG010000017.1_71	SP	395
GCA_016711295.1|JADJTE010000006.1_11	SP	397
GCA_016711435.1|JADJSY010000007.1_72	SP	397
GCA_016711805.1|JADJSH010000001.1_70	SP	410
GCA_016711805.1|JADJSH010000010.1_47	SP	381
GCA_016711825.1|JADJSG010000004.1_195	SP	379
GCA_016711875.1|JADJSD010000001.1_1811	SP	316
GCA_016712025.1|JADJRW010000048.1_23	SP	359
GCA_016712105.1|JADJRU010000005.1_203	LIPO	278
GCA_016712225.1|JADJRL010000003.1_1604	SP	378
GCA_016712265.1|JADJRJ010000028.1_517	SP	311
GCA_016712275.1|JADJRI010000038.1_50	LIPO	369
GCA_016712345.1|JADJRH010000011.1_580	LIPO	313
GCA_016712525.1|JADJQX010000001.1_318	LIPO	358
GCA_016712525.1|JADJQX010000001.1_758	LIPO	422
GCA_016712525.1|JADJQX010000001.1_759	LIPO	363
GCA_016712535.1|JADJQW010000002.1_1180	SP	332
GCA_016712535.1|JADJQW010000003.1_150	SP	382
GCA_016712595.1|JADJQT010000002.1_398	SP	364
GCA_016712625.1|JADJQQ010000029.1_298	SP	321
GCA_016712665.1|JADJQP010000004.1_119	SP	379
GCA_016712885.1|JADJQF010000011.1_14	SP	330
GCA_016712885.1|JADJQF010000011.1_15	SP	588
GCA_016712885.1|JADJQF010000033.1_226	SP	328
GCA_016713305.1|JADJPK010000031.1_315	SP	314
GCA_016713325.1|JADJPJ010000017.1_156	SP	311
GCA_016713325.1|JADJPJ010000089.1_270	SP	598
GCA_016713405.1|JADJPF010000010.1_63	SP	614
GCA_016713405.1|JADJPF010000022.1_218	SP	272
GCA_016713425.1|JADJPE010000005.1_3271	LIPO	441
GCA_016713505.1|JADJPA010000002.1_332	SP	325
GCA_016713535.1|JADJOY010000025.1_64	SP	360
GCA_016713565.1|JADJOX010000001.1_26	SP	407
GCA_016713585.1|JADJOV010000002.1_129	SP	350
GCA_016713875.1|JADJOI010000003.1_542	SP	326
GCA_016713885.1|JADJOF010000001.1_78	SP	344
GCA_016713885.1|JADJOF010000002.1_461	SP	295
GCA_016713885.1|JADJOF010000002.1_476	SP	370
GCA_016714015.1|JADJNZ010000004.1_350	SP	317
GCA_016714165.1|JADJNU010000001.1_537	SP	309
GCA_016714465.1|JADKDT010000005.1_120	LIPO	314
GCA_016714765.1|JADKCF010000012.1_21	SP	388
GCA_016714785.1|JADKCC010000008.1_19	SP	372
GCA_016714895.1|JADKBV010000007.1_1	SP	762
GCA_016714935.1|JADKBU010000005.1_118	SP	462
GCA_016714935.1|JADKBU010000007.1_7	SP	354
GCA_016714985.1|JADKBS010000001.1_319	SP	375
GCA_016715065.1|JADKBN010000029.1_144	SP	355
GCA_016715285.1|JADKAO010000002.1_92	LIPO	359
GCA_016715425.1|JADKAC010000001.1_119	SP	386
GCA_016715625.1|JADJZU010000037.1_14	SP	336
GCA_016715895.1|JADJXH010000003.1_77	SP	319
GCA_016715905.1|JADJXI010000018.1_26	SP	294
GCA_016715945.1|JADJXJ010000001.1_1257	SP	391
GCA_016715965.1|JADJXG010000001.1_776	SP	378
GCA_016715985.1|JADJXD010000001.1_4252	SP	375
GCA_016715995.1|JADJXF010000011.1_230	SP	382
GCA_016715995.1|JADJXF010000012.1_123	SP	381
GCA_016716225.1|JADJWT010000001.1_784	SP	427
GCA_016716335.1|JADJWN010000023.1_9	SP	383
GCA_016716405.1|JADJWK010000001.1_1983	LIPO	330
GCA_016716405.1|JADJWK010000001.1_2438	SP	311
GCA_016716605.1|JADJWA010000001.1_946	SP	359
GCA_016716605.1|JADJWA010000001.1_1556	SP	382
GCA_016716605.1|JADJWA010000001.1_2143	SP	383
GCA_016716605.1|JADJWA010000001.1_2923	SP	330
GCA_016716665.1|JADJVH010000005.1_237	SP	382
GCA_016716765.1|JADJVA010000004.1_391	SP	308
GCA_016717205.1|JADKGC010000001.1_832	SP	319
GCA_016717205.1|JADKGC010000002.1_347	SP	312
GCA_016717225.1|JADKGB010000001.1_316	SP	277
GCA_016717265.1|JADKFX010000001.1_290	SP	381
GCA_016717305.1|JADKFY010000007.1_245	SP	399
GCA_016717305.1|JADKFY010000008.1_8	SP	320
GCA_016718405.1|JADKDJ010000016.1_55	SP	410
GCA_016718605.1|JADKCY010000001.1_184	LIPO	341
GCA_016718655.1|JADKCV010000006.1_30	SP	359
GCA_016718655.1|JADKCV010000029.1_26	SP	373
GCA_016718825.1|JADKCL010000033.1_8	SP	307
GCA_016718825.1|JADKCL010000035.1_42	SP	389
GCA_016718845.1|JADKCK010000005.1_139	SP	379
GCA_016718845.1|JADKCK010000068.1_9	SP	385
GCA_016719395.1|JADJZF010000001.1_325	LIPO	320
GCA_016719395.1|JADJZF010000002.1_118	LIPO	348
GCA_016719535.1|JADJYX010000041.1_26	SP	338
GCA_016719575.1|JADJYV010000006.1_266	SP	337
GCA_016719645.1|JADJYS010000028.1_98	SP	263
GCA_016719895.1|JADJYG010000007.1_10	SP	380
GCA_016720545.1|JADKKK010000003.1_482	LIPO	355
GCA_016720545.1|JADKKK010000004.1_116	LIPO	331
GCA_016720595.1|JADKKI010000019.1_80	SP	382
GCA_016720595.1|JADKKI010000019.1_81	SP	475
GCA_016720595.1|JADKKI010000054.1_13	LIPO	284
GCA_016720595.1|JADKKI010000072.1_35	LIPO	284
GCA_016720805.1|JADKJZ010000014.1_267	LIPO	301
GCA_016720925.1|JADKJR010000009.1_139	SP	340
GCA_016721015.1|JADKJL010000009.1_401	LIPO	362
GCA_016721115.1|JADKIW010000001.1_475	LIPO	310
GCA_016721115.1|JADKIW010000001.1_2909	LIPO	317
GCA_016721725.1|JADKHN010000006.1_684	SP	327
GCA_016721825.1|JADKHI010000002.1_352	SP	379
GCA_016721905.1|JADKHH010000015.1_13	SP	379
GCA_016722295.1|JADKGL010000003.1_99	SP	383
GCA_016722525.1|JADKJB010000005.1_133	SP	382
GCA_016722565.1|JADKIU010000003.1_260	SP	427
GCA_016722705.1|JADKGN010000004.1_173	SP	522
GCA_016741895.1|JACVCT010000198.1_3	SP	441
GCA_016742075.1|JACVCL010000010.1_8	SP	619
GCA_016742095.1|JACVCJ010000030.1_5	SP	378
GCA_016744455.1|JADGEI010000015.1_13	LIPO	339
GCA_016745015.1|JADGDH010000048.1_3	SP	313
GCA_016745015.1|JADGDH010000057.1_7	SP	729
GCA_016745215.1|CP050890.1_3002	LIPO	329
GCA_016745215.1|CP050890.1_4253	SP	674
GCA_016763135.1|JAESUI010000162.1_3	SP	386
GCA_016763135.1|JAESUI010000382.1_16	SP	295
GCA_016763645.1|JAESTK010000170.1_11	SP	375
GCA_016763695.1|JAESTH010000258.1_12	LIPO	338
GCA_016763795.1|JAESTF010000122.1_5	SP	382
GCA_016763795.1|JAESTF010000043.1_5	SP	296
GCA_016763875.1|JAESSZ010000631.1_1	LIPO	390
GCA_016763875.1|JAESSZ010000994.1_13	LIPO	342
GCA_016763955.1|JAESSU010000466.1_6	SP	307
GCA_016765535.1|JAESPQ010000103.1_19	LIPO	323
GCA_016779205.1|JADHOC010000003.1_16	SP	426
GCA_016779945.1|JADHMR010000111.1_2	LIPO	305
GCA_016780385.1|JADHLY010000065.1_4	SP	621
GCA_016780605.1|JADHLS010000267.1_3	SP	369
GCA_016781635.1|JADDPY010000507.1_18	LIPO	327
GCA_016781775.1|JADDPR010000360.1_5	LIPO	333
GCA_016781885.1|JADDPM010000224.1_2	SP	360
GCA_016783125.1|JADHXE010000059.1_2	LIPO	622
GCA_016783825.1|JADHVV010000042.1_8	SP	410
GCA_016784025.1|JADHVL010000006.1_3	SP	626
GCA_016784735.1|JADHUC010000116.1_10	SP	316
GCA_016784735.1|JADHUC010000014.1_16	SP	315
GCA_016784965.1|JADHTQ010000008.1_39	SP	382
GCA_016784965.1|JADHTQ010000041.1_20	SP	336
GCA_016785015.1|JADHTJ010000041.1_8	LIPO	320
GCA_016785015.1|JADHTJ010000006.1_2	LIPO	598
GCA_016785015.1|JADHTJ010000025.1_35	LIPO	326
GCA_016785015.1|JADHTJ010000025.1_36	LIPO	446
GCA_016785955.1|JAEUWH010000082.1_157	SP	334
GCA_016785955.1|JAEUWH010000024.1_116	SP	338
GCA_016786705.1|JAEUVV010000006.1_4	SP	391
GCA_016786765.1|JAEUUZ010000003.1_1	SP	393
GCA_016786765.1|JAEUUZ010000046.1_56	SP	399
GCA_016786925.1|JAEUTU010000129.1_59	SP	406
GCA_016786925.1|JAEUTU010000002.1_4	SP	370
GCA_016787065.1|JAEUVD010000052.1_100	SP	374
GCA_016787165.1|JAEUTT010000574.1_2	SP	347
GCA_016787285.1|JAEUUV010000212.1_18	LIPO	319
GCA_016787295.1|JAEUUX010000037.1_2	SP	378
GCA_016787295.1|JAEUUX010000242.1_18	SP	387
GCA_016787415.1|JAEUUT010000167.1_2	SP	383
GCA_016787445.1|JAEUTQ010000015.1_6	SP	381
GCA_016787545.1|JAEUUS010000292.1_3	SP	390
GCA_016788045.1|JAEUTG010000056.1_1	SP	309
GCA_016788285.1|JAEUSW010000063.1_13	SP	342
GCA_016788285.1|JAEUSW010000006.1_9	SP	359
GCA_016788295.1|JAEUSY010000049.1_7	SP	359
GCA_016788435.1|JAEURB010000178.1_15	SP	328
GCA_016788485.1|JAEUSV010000073.1_2	SP	359
GCA_016788495.1|JAEUOM010000193.1_6	TAT	463
GCA_016788945.1|JAEUSA010000405.1_2	LIPO	317
GCA_016789005.1|JAEURA010000054.1_33	SP	312
GCA_016789005.1|JAEURA010000024.1_2	SP	609
GCA_016789025.1|JAEURC010000036.1_21	LIPO	305
GCA_016789295.1|JAEUQL010000269.1_3	SP	389
GCA_016789305.1|JAEURJ010000014.1_508	SP	308
GCA_016789305.1|JAEURJ010000018.1_44	LIPO	302
GCA_016789305.1|JAEURJ010000025.1_81	LIPO	294
GCA_016789405.1|JAEUPQ010000017.1_206	SP	605
GCA_016790045.1|JAEUPW010000166.1_22	LIPO	530
GCA_016790285.1|JAEUPJ010000061.1_73	SP	325
GCA_016790625.1|JAEUNB010000391.1_4	SP	328
GCA_016790765.1|JAEUMZ010000085.1_4	SP	333
GCA_016791005.1|JAEUNY010000073.1_71	SP	362
GCA_016791025.1|JAEUNX010000032.1_16	SP	350
GCA_016791065.1|JAEUOD010000030.1_14	SP	356
GCA_016791265.1|JAEUMY010000014.1_32	SP	335
GCA_016791345.1|JAEUMW010000062.1_4	SP	369
GCA_016791465.1|JAEUWE010000016.1_8	SP	344
GCA_016791465.1|JAEUWE010000362.1_10	SP	292
GCA_016791465.1|JAEUWE010000362.1_25	SP	370
GCA_016792685.1|JAEULQ010000005.1_21	SP	289
GCA_016792765.1|JAEULD010000117.1_11	LIPO	322
GCA_016792765.1|JAEULD010000117.1_12	SP	308
GCA_016792935.1|JAEUJS010000635.1_6	LIPO	506
GCA_016792935.1|JAEUJS010000680.1_5	LIPO	305
GCA_016793045.1|JAEUKZ010000259.1_12	SP	309
GCA_016793045.1|JAEUKZ010000002.1_7	SP	343
GCA_016793095.1|JAEUJQ010000046.1_59	LIPO	310
GCA_016793095.1|JAEUJQ010000037.1_19	LIPO	466
GCA_016793095.1|JAEUJQ010000037.1_163	LIPO	342
GCA_016793115.1|JAEUIN010000111.1_18	SP	305
GCA_016793185.1|JAEUIK010000372.1_2	SP	302
GCA_016793725.1|JAEUJP010000276.1_13	LIPO	406
GCA_016793725.1|JAEUJP010000450.1_8	LIPO	419
GCA_016793725.1|JAEUJP010000241.1_34	LIPO	322
GCA_016794125.1|JAEUKT010000001.1_147	SP	351
GCA_016794325.1|JAEUKG010000739.1_6	LIPO	333
GCA_016794325.1|JAEUKG010001127.1_3	LIPO	336
GCA_016794325.1|JAEUKG010000384.1_8	LIPO	309
GCA_016794345.1|JAEUKE010000314.1_209	LIPO	362
GCA_016794365.1|JAEUKB010000025.1_185	LIPO	302
GCA_016794365.1|JAEUKB010000075.1_3	LIPO	567
GCA_016794465.1|JAEUKA010000047.1_40	LIPO	572
GCA_016794525.1|JAEUJY010000062.1_24	SP	500
GCA_016794525.1|JAEUJY010000095.1_142	LIPO	320
GCA_016794545.1|JAEUJX010000460.1_5	SP	478
GCA_016794545.1|JAEUJX010000460.1_6	SP	363
GCA_016794545.1|JAEUJX010000073.1_9	LIPO	320
GCA_016794585.1|JAEUJM010000010.1_48	LIPO	384
GCA_016794585.1|JAEUJM010000029.1_21	LIPO	354
GCA_016794735.1|JAEUJK010000889.1_4	SP	313
GCA_016794835.1|JAEUJL010000655.1_2	SP	311
GCA_016795125.1|JAEUIG010000502.1_4	SP	325
GCA_016795185.1|JAEUIF010000431.1_12	SP	302
GCA_016795295.1|JAEUHP010000217.1_12	SP	656
GCA_016795345.1|JAEUHO010000246.1_3	LIPO	280
GCA_016802835.1|JAEVHO010000069.1_15	SP	403
GCA_016802835.1|JAEVHO010000433.1_5	SP	346
GCA_016841445.1|JAENZD010000001.1_315	LIPO	370
GCA_016844625.1|JAERMN010000410.1_7	SP	316
GCA_016845175.1|JAERTD010000035.1_133	SP	382
GCA_016865935.1|VGOB01000010.1_8	LIPO	478
GCA_016865935.1|VGOB01000010.1_9	LIPO	500
GCA_016865935.1|VGOB01000027.1_15	LIPO	318
GCA_016865985.1|VGNO01000019.1_19	LIPO	318
GCA_016865985.1|VGNO01000050.1_12	LIPO	312
GCA_016865985.1|VGNO01000367.1_3	LIPO	264
GCA_016866255.1|VGMY01000024.1_8	SP	373
GCA_016867235.1|VGJY01000061.1_1	LIPO	324
GCA_016867235.1|VGJY01000175.1_2	LIPO	338
GCA_016868035.1|VGID01000005.1_14	SP	346
GCA_016868315.1|VGHE01000003.1_98	LIPO	312
GCA_016868575.1|VGGL01000081.1_1	SP	371
GCA_016868975.1|VGFD01000319.1_7	SP	318
GCA_016869275.1|VGEO01000078.1_6	SP	329
GCA_016869435.1|VGEB01000082.1_7	SP	353
GCA_016869515.1|VGDZ01000016.1_45	SP	302
GCA_016869555.1|VGDY01000064.1_19	SP	352
GCA_016869595.1|VGDT01000014.1_29	SP	351
GCA_016869975.1|VGCZ01000001.1_125	SP	283
GCA_016869975.1|VGCZ01000015.1_81	SP	315
GCA_016870115.1|VGCH01000004.1_33	SP	309
GCA_016870535.1|VGBK01000001.1_58	LIPO	312
GCA_016871575.1|VHCW01000006.1_21	SP	307
GCA_016872595.1|VGZJ01000171.1_8	LIPO	252
GCA_016872605.1|VGZI01000012.1_6	SP	299
GCA_016872635.1|VGZN01000521.1_2	SP	329
GCA_016872725.1|VGZC01000003.1_37	SP	302
GCA_016872925.1|VGYR01000035.1_6	SP	305
GCA_016872925.1|VGYR01000332.1_3	SP	598
GCA_016873095.1|VGYC01000021.1_8	SP	310
GCA_016873225.1|VGXS01000012.1_54	SP	301
GCA_016874555.1|VGTW01000001.1_25	SP	314
GCA_016874795.1|VGTG01000120.1_1	LIPO	298
GCA_016874935.1|VGSS01000021.1_20	SP	320
GCA_016875195.1|VGRY01000023.1_43	SP	324
GCA_016875555.1|VGPG01000197.1_5	LIPO	303
GCA_016875875.1|VGOP01000002.1_26	LIPO	323
GCA_016875925.1|VGOO01000004.1_7	LIPO	331
GCA_016879935.1|JAACJQ010000340.1_1	LIPO	460
GCA_016880375.1|JAEHDO010000210.1_2	SP	331
GCA_016903675.1|JADQBA010000042.1_28	LIPO	318
GCA_016903675.1|JADQBA010000112.1_27	LIPO	316
GCA_016926535.1|JAFGOK010000697.1_3	SP	451
GCA_016926535.1|JAFGOK010000020.1_3	SP	454
GCA_016926755.1|JAFGNZ010000315.1_3	LIPO	315
GCA_016926875.1|JAFGNU010000035.1_32	SP	589
GCA_016926875.1|JAFGNU010000066.1_5	SP	317
GCA_016926915.1|JAFGNR010000021.1_1	SP	324
GCA_016927835.1|JAFGMA010000414.1_1	SP	405
GCA_016928025.1|JAFGLN010000006.1_18	LIPO	327
GCA_016928235.1|JAFGLD010000257.1_4	LIPO	313
GCA_016928315.1|JAFGKZ010000094.1_1	SP	648
GCA_016928315.1|JAFGKZ010000101.1_10	SP	332
GCA_016928555.1|JAFGKM010000032.1_4	SP	317
GCA_016928575.1|JAFGKK010000056.1_2	LIPO	305
GCA_016928575.1|JAFGKK010000056.1_3	LIPO	329
GCA_016928765.1|JAFGKC010000036.1_2	SP	345
GCA_016928775.1|JAFGKD010000071.1_93	SP	543
GCA_016928865.1|JAFGJX010000113.1_21	LIPO	325
GCA_016929135.1|JAFGJK010000135.1_9	SP	318
GCA_016929355.1|JAFGJA010000032.1_4	SP	327
GCA_016929355.1|JAFGJA010000609.1_3	SP	610
GCA_016929415.1|JAFGIW010000032.1_12	SP	356
GCA_016929415.1|JAFGIW010000146.1_8	SP	355
GCA_016929495.1|JAFGIS010000309.1_19	LIPO	450
GCA_016929805.1|JAFGIB010000059.1_9	LIPO	444
GCA_016929805.1|JAFGIB010000018.1_10	LIPO	389
GCA_016930015.1|JAFGHR010000123.1_23	SP	604
GCA_016930075.1|JAFGHS010000077.1_27	LIPO	338
GCA_016930085.1|JAFGHO010000127.1_5	SP	647
GCA_016930275.1|JAFGHA010000226.1_2	SP	348
GCA_016930275.1|JAFGHA010000252.1_15	SP	355
GCA_016930275.1|JAFGHA010000003.1_2	SP	360
GCA_016930275.1|JAFGHA010000161.1_32	SP	362
GCA_016930365.1|JAFGGY010000112.1_5	SP	792
GCA_016931315.1|JAFGFB010000035.1_43	LIPO	314
GCA_016931575.1|JAFGEO010000140.1_7	SP	627
GCA_016931915.1|JAFGDU010000113.1_11	LIPO	325
GCA_016931935.1|JAFGDW010000181.1_10	SP	407
GCA_016932035.1|JAFGDR010000042.1_9	LIPO	301
GCA_016932385.1|JAFGCY010000060.1_2	LIPO	476
GCA_016932475.1|JAFGCU010000107.1_42	LIPO	324
GCA_016932475.1|JAFGCU010000024.1_15	LIPO	303
GCA_016932695.1|JAFGCH010000001.1_62	LIPO	344
GCA_016933025.1|JAFGBT010000025.1_63	LIPO	313
GCA_016933025.1|JAFGBT010000028.1_151	SP	315
GCA_016933115.1|JAFGBL010000204.1_8	SP	795
GCA_016933155.1|JAFGBM010000004.1_162	LIPO	292
GCA_016933275.1|JAFGBI010000095.1_29	SP	497
GCA_016933275.1|JAFGBI010000297.1_3	SP	542
GCA_016934135.1|JAFGTK010000214.1_8	SP	316
GCA_016934195.1|JAFGTJ010000410.1_1	SP	625
GCA_016934455.1|JAFGSX010000304.1_14	LIPO	312
GCA_016934715.1|JAFGSI010000031.1_14	LIPO	302
GCA_016934745.1|JAFGSF010000001.1_9	SP	319
GCA_016934825.1|JAFGSB010000150.1_48	SP	549
GCA_016934975.1|JAFGRV010000349.1_4	SP	656
GCA_016935415.1|JAFGRA010000334.1_5	LIPO	305
GCA_016935615.1|JAFGQO010000146.1_2	SP	627
GCA_016935735.1|JAFGQK010000340.1_19	SP	647
GCA_016935755.1|JAFGQI010000039.1_2	LIPO	320
GCA_016935975.1|JAFGPX010000060.1_6	LIPO	439
GCA_016935975.1|JAFGPX010000121.1_11	LIPO	318
GCA_016936215.1|JAFGPL010000029.1_4	SP	387
GCA_016936535.1|JAFGXP010000032.1_28	SP	288
GCA_016937825.1|JAFGVT010000095.1_3	SP	297
GCA_016938055.1|JAFGVJ010000249.1_1	SP	320
GCA_016938235.1|JAFGVA010000198.1_19	SP	797
GCA_016938675.1|JAFGUF010000027.1_150	LIPO	316
GCA_016938685.1|JAFGUD010000238.1_3	LIPO	306
GCA_016939365.1|JAFGHD010000031.1_5	SP	349
GCA_016939375.1|JAFGHF010000036.1_19	SP	332
GCA_017164015.1|CP071065.1_942	LIPO	315
GCA_017164015.1|CP071065.1_3630	LIPO	340
GCA_017302015.1|JAFLEE010000010.1_27	SP	316
GCA_017302135.1|JAFLDZ010000003.1_53	SP	609
GCA_017302255.1|JAFLDV010000013.1_68	SP	329
GCA_017302795.1|JAFLCB010000004.1_44	SP	276
GCA_017302795.1|JAFLCB010000007.1_97	SP	369
GCA_017302835.1|JAFLCC010000001.1_121	SP	342
GCA_017303355.1|JAFLCU010000014.1_89	SP	596
GCA_017303475.1|JAFLBO010000050.1_5	SP	387
GCA_017303475.1|JAFLBO010000008.1_7	SP	387
GCA_017303535.1|JAFLCO010000119.1_5	SP	329
GCA_017303575.1|JAFLCL010000219.1_2	LIPO	343
GCA_017303615.1|JAFLCK010000012.1_53	SP	421
GCA_017303895.1|JAFLBF010000003.1_216	SP	370
GCA_017303895.1|JAFLBF010000005.1_93	SP	403
GCA_017303905.1|JAFLBH010000003.1_199	SP	381
GCA_017303975.1|JAFLBG010000002.1_4	SP	324
GCA_017303975.1|JAFLBG010000009.1_55	SP	368
GCA_017303995.1|JAFLBE010000005.1_44	LIPO	314
GCA_017304845.1|JAFKLL010000011.1_54	SP	422
GCA_017305055.1|JAFKMZ010000084.1_7	LIPO	347
GCA_017307165.1|JAFKGK010000012.1_5	SP	387
GCA_017307785.1|JAFKGI010000044.1_9	LIPO	257
GCA_017307785.1|JAFKGI010000003.1_132	SP	306
GCA_017308235.1|JAFKFL010000010.1_33	SP	307
GCA_017354095.1|JAFMRP010000807.1_4	LIPO	331
GCA_017380095.1|JAFOER010000038.1_30	SP	517
GCA_017381935.1|JAFOBG010000021.1_19	SP	289
GCA_017383345.1|JAFNYE010000024.1_7	SP	288
GCA_017391435.1|JAFOYS010000059.1_1	SP	276
GCA_017398335.1|JAFQGK010000060.1_6	SP	296
GCA_017398555.1|JAFQFV010000025.1_72	SP	289
GCA_017410165.1|JAFQRH010000025.1_96	SP	285
GCA_017416805.1|JAFQBB010000008.1_49	SP	587
GCA_017430235.1|JAFRNH010000040.1_28	SP	878
GCA_017436025.1|JAFSDX010000016.1_15	SP	779
GCA_017437125.1|JAFSBV010000020.1_40	SP	292
GCA_017438975.1|JAFRUH010000031.1_54	SP	291
GCA_017439185.1|JAFRTM010000012.1_10	SP	380
GCA_017441605.1|JAFRXD010000052.1_74	SP	509
GCA_017448965.1|JAFSKK010000058.1_36	SP	602
GCA_017452265.1|JAFTMS010000014.1_24	SP	292
GCA_017459985.1|JAFUBX010000028.1_14	SP	571
GCA_017463615.1|JAFTOU010000016.1_71	SP	291
GCA_017464245.1|JAFUDV010000090.1_36	SP	285
GCA_017465225.1|JAFTWQ010000026.1_6	SP	292
GCA_017466305.1|JAFTUJ010000264.1_7	SP	784
GCA_017471045.1|JAFUWZ010000004.1_7	SP	293
GCA_017474235.1|JAFVIB010000007.1_68	SP	289
GCA_017474485.1|JAFVHO010000199.1_3	SP	620
GCA_017475005.1|JAFVGI010000015.1_27	SP	595
GCA_017481925.1|JAFUOK010000061.1_20	SP	290
GCA_017483225.1|JAFULF010000016.1_9	SP	292
GCA_017483765.1|JAFUVE010000087.1_57	SP	699
GCA_017506175.1|JAFVNW010000052.1_26	SP	396
GCA_017507075.1|JAFWBN010000195.1_7	SP	289
GCA_017509605.1|JAFWPH010000029.1_16	LIPO	899
GCA_017515565.1|JAFWFN010000007.1_17	SP	359
GCA_017517605.1|JAFWYQ010000124.1_5	SP	593
GCA_017517605.1|JAFWYQ010000124.1_6	SP	257
GCA_017521285.1|JAFXDG010000131.1_65	SP	588
GCA_017524385.1|JAFWSS010000126.1_3	SP	470
GCA_017525245.1|JAFXTE010000084.1_12	SP	372
GCA_017526585.1|JAFXRC010000043.1_40	SP	503
GCA_017531305.1|JAFXLG010000052.1_23	SP	294
GCA_017535725.1|JAFXTO010000008.1_16	SP	461
GCA_017541265.1|JAFXZK010000012.1_11	SP	471
GCA_017546725.1|JAFYRX010000065.1_28	SP	316
GCA_017547585.1|JAFYPH010000059.1_28	SP	295
GCA_017549145.1|JAFYVM010000015.1_18	SP	300
GCA_017551675.1|JAFZLC010000015.1_56	SP	585
GCA_017552435.1|JAFZPZ010000014.1_2	SP	467
GCA_017553575.1|JAFZKQ010000023.1_18	SP	596
GCA_017554385.1|JAFZIL010000032.1_16	SP	585
GCA_017556765.1|JAFYME010000054.1_31	SP	326
GCA_017559825.1|JAFYQR010000178.1_8	LIPO	780
GCA_017560255.1|JAFYOI010000008.1_15	SP	417
GCA_017560255.1|JAFYOI010000056.1_61	LIPO	354
GCA_017560255.1|JAFYOI010000056.1_62	LIPO	354
GCA_017560255.1|JAFYOI010000058.1_3	SP	488
GCA_017592665.1|JAGFNW010000011.1_123	SP	614
GCA_017592775.1|JAGFNJ010000019.1_33	SP	463
GCA_017614465.1|JAGABW010000050.1_1	SP	639
GCA_017615055.1|JAGAAW010000020.1_12	SP	510
GCA_017615835.1|JAFZZI010000011.1_88	SP	758
GCA_017619275.1|JAFZSR010000067.1_18	SP	592
GCA_017619375.1|JAFZSL010000074.1_22	SP	598
GCA_017619755.1|JAFZRU010000028.1_21	SP	585
GCA_017619975.1|JAFZRH010000054.1_16	LIPO	406
GCA_017623655.1|JAGAON010000007.1_174	SP	666
GCA_017625725.1|JAGAKH010000041.1_35	SP	298
GCA_017626555.1|JAGAIM010000078.1_15	SP	292
GCA_017626945.1|JAGAHT010000010.1_2	SP	503
GCA_017628595.1|JAGBYV010000046.1_13	SP	296
GCA_017630155.1|JAGBVU010000013.1_4	SP	295
GCA_017630215.1|JAGBVR010000016.1_18	SP	292
GCA_017631435.1|JAGBTG010000056.1_86	SP	295
GCA_017631885.1|JAGBSH010000006.1_9	SP	501
GCA_017632345.1|JAGBRL010000032.1_11	SP	852
GCA_017644045.1|JAEPMI010000014.1_257	LIPO	342
GCA_017644045.1|JAEPMI010000006.1_36	LIPO	336
GCA_017649635.1|JAGCGM010000268.1_8	SP	586
GCA_017650905.1|JAGCDZ010000053.1_7	SP	590
GCA_017651245.1|JAGCDQ010000022.1_45	SP	464
GCA_017654125.1|JAFNYX010000065.1_6	SP	288
GCA_017656235.1|JACDOF010000006.1_106	SP	591
GCA_017743475.1|JAGHYV010000035.1_38	LIPO	306
GCA_017792465.1|CP051234.1_2132	LIPO	376
GCA_017794925.1|CP051238.1_3461	SP	334
GCA_017794945.1|CP051239.1_436	SP	645
GCA_017848855.1|JAFIHF010000072.1_70	SP	338
GCA_017853115.1|JAFMKE010000031.1_12	SP	375
GCA_017853115.1|JAFMKE010000008.1_21	LIPO	292
GCA_017853285.1|JAFMJU010000166.1_4	SP	300
GCA_017853315.1|JAFMJW010000015.1_16	SP	511
GCA_017854775.1|JAFMHC010000107.1_1	SP	686
GCA_017857395.1|JAFMDF010000296.1_5	SP	393
GCA_017857855.1|JAFMCI010000012.1_1	SP	396
GCA_017858255.1|JAFMBV010000126.1_8	SP	310
GCA_017859815.1|JAFMMM010000472.1_2	SP	306
GCA_017880715.1|JADGRT010000023.1_10	SP	258
GCA_017880775.1|JADGRQ010000011.1_21	SP	313
GCA_017880905.1|JADGRO010000035.1_3	SP	304
GCA_017881025.1|JADGRJ010000193.1_3	LIPO	302
GCA_017881245.1|JADGRC010000293.1_4	LIPO	383
GCA_017881245.1|JADGRC010000002.1_6	LIPO	337
GCA_017881585.1|JADGQS010000035.1_10	LIPO	320
GCA_017881725.1|JADGQO010000104.1_3	SP	348
GCA_017882145.1|JADGQB010000029.1_20	LIPO	305
GCA_017882145.1|JADGQB010000029.1_22	LIPO	325
GCA_017882205.1|JADGPY010000243.1_4	SP	373
GCA_017882305.1|JADGPU010000037.1_17	SP	322
GCA_017882425.1|JADGPM010000167.1_2	SP	308
GCA_017882935.1|JADGOP010000017.1_4	LIPO	369
GCA_017882945.1|JADGON010000005.1_11	LIPO	347
GCA_017883065.1|JADGOG010000032.1_16	LIPO	340
GCA_017885605.1|JAFNFT010000071.1_53	LIPO	326
GCA_017937485.1|JAGBDN010000020.1_27	SP	784
GCA_017937685.1|JAGBDD010000041.1_14	SP	781
GCA_017958985.1|JAGDBQ010000068.1_5	SP	294
GCA_017960525.1|JAGCZA010000097.1_7	SP	594
GCA_017961115.1|JAGCXX010000178.1_1	SP	586
GCA_017961765.1|JAGCWQ010000121.1_11	SP	586
GCA_017962085.1|JAGCWA010000056.1_38	SP	584
GCA_017982655.1|JABXYX010000189.1_7	LIPO	325
GCA_017983445.1|JAGOBJ010000003.1_217	SP	353
GCA_017984635.1|JAGNZC010000026.1_13	SP	388
GCA_017985675.1|JAGNXB010000013.1_18	SP	383
GCA_017986765.1|JAGNUZ010000063.1_5	LIPO	327
GCA_017987115.1|JAGNUG010000066.1_5	SP	383
GCA_017987895.1|JAGNSU010000135.1_5	SP	318
GCA_017987895.1|JAGNSU010000180.1_3	SP	382
GCA_017988595.1|JAGNRR010000031.1_9	SP	379
GCA_017990865.1|JAGNNB010000099.1_3	SP	627
GCA_017992055.1|JAGOPK010000010.1_120	SP	315
GCA_017992765.1|JAGOOA010000006.1_13	SP	314
GCA_017995055.1|JAGOJP010000047.1_3	SP	321
GCA_017995695.1|JAGOIJ010000144.1_3	LIPO	358
GCA_017996055.1|JAGOHT010000104.1_6	SP	307
GCA_017996055.1|JAGOHT010000012.1_16	LIPO	309
GCA_017996395.1|JAGOHA010000029.1_5	LIPO	330
GCA_017999915.1|JAGNKX010000004.1_39	SP	317
GCA_018000295.1|JAGNKE010000020.1_39	SP	306
GCA_018000995.1|JAGNIU010000029.1_3	SP	378
GCA_018000995.1|JAGNIU010000030.1_10	SP	378
GCA_018000995.1|JAGNIU010000012.1_92	SP	404
GCA_018003655.1|JAGNDY010000041.1_13	LIPO	332
GCA_018005585.1|JAGMZX010000070.1_18	LIPO	323
GCA_018053845.1|JAGPKU010000012.1_23	SP	319
GCA_018055005.1|JAGPIM010000168.1_4	SP	346
GCA_018057165.1|JAGPEG010000087.1_12	SP	289
GCA_018057605.1|JAGPDK010000103.1_7	LIPO	322
GCA_018057605.1|JAGPDK010000195.1_6	LIPO	366
GCA_018057825.1|JAGPCY010000044.1_41	LIPO	335
GCA_018058095.1|JAGPCO010000081.1_32	LIPO	337
GCA_018058095.1|JAGPCO010000036.1_3	SP	498
GCA_018062085.1|JAGOSY010000013.1_101	SP	335
GCA_018062085.1|JAGOSY010000015.1_36	SP	383
GCA_018062085.1|JAGOSY010000005.1_73	SP	411
GCA_018064345.1|JAGHVK010000066.1_9	SP	284
GCA_018064505.1|JAGHVC010000090.1_7	SP	426
GCA_018064505.1|JAGHVC010000082.1_8	SP	673
GCA_018065035.1|JAGHUC010000122.1_2	SP	284
GCA_018065085.1|JAGHUA010000060.1_45	SP	677
GCA_018065145.1|JAGHTW010000099.1_4	SP	692
GCA_018065895.1|JAGHSK010000032.1_8	SP	287
GCA_018066165.1|JAGHRX010000127.1_8	SP	595
GCA_018066865.1|JAGPVT010000056.1_4	SP	574
GCA_018131015.1|JAFCJJ010000015.1_19	SP	306
GCA_018195615.1|JAGTPG010000002.1_960	SP	439
GCA_018222405.1|JAAFAI010000025.1_38	SP	333
GCA_018222405.1|JAAFAI010000030.1_1	SP	300
GCA_018222405.1|JAAFAI010000041.1_5	SP	647
GCA_018222965.1|JAAEZH010000008.1_75	SP	379
GCA_018224385.1|JAGTVB010000351.1_15	SP	316
GCA_018240245.1|JAFEGD010000114.1_10	LIPO	322
GCA_018240245.1|JAFEGD010000166.1_3	SP	325
GCA_018240295.1|JAFEGB010000342.1_20	SP	341
GCA_018240295.1|JAFEGB010000041.1_9	SP	364
GCA_018240485.1|JAFEFR010000115.1_4	LIPO	349
GCA_018240505.1|JAFEFQ010000260.1_20	LIPO	351
GCA_018240545.1|JAFEFP010000091.1_7	LIPO	349
GCA_018240565.1|JAFEFO010000026.1_125	LIPO	349
GCA_018240635.1|JAFEFJ010000053.1_1	SP	317
GCA_018240635.1|JAFEFJ010000088.1_13	SP	352
GCA_018240635.1|JAFEFJ010000088.1_14	SP	357
GCA_018240765.1|JAFEFD010000066.1_4	SP	339
GCA_018241225.1|JAFEEG010000026.1_49	SP	344
GCA_018241265.1|JAFEEF010000013.1_65	SP	345
GCA_018241475.1|JAFEDV010000468.1_20	SP	621
GCA_018241525.1|JAFEDR010000011.1_523	SP	341
GCA_018241545.1|JAFEDP010000246.1_3	SP	340
GCA_018241865.1|JAFECY010000144.1_5	SP	424
GCA_018241865.1|JAFECY010000178.1_9	SP	441
GCA_018241865.1|JAFECY010000244.1_10	SP	414
GCA_018241865.1|JAFECY010000244.1_11	SP	427
GCA_018241865.1|JAFECY010000334.1_1	SP	334
GCA_018241865.1|JAFECY010000052.1_1	SP	349
GCA_018241865.1|JAFECY010000099.1_2	LIPO	353
GCA_018242215.1|JAFECG010000027.1_126	LIPO	368
GCA_018242255.1|JAFECH010000353.1_4	SP	388
GCA_018242295.1|JAFECE010000004.1_187	LIPO	369
GCA_018242525.1|JAFEBS010000019.1_166	SP	303
GCA_018242565.1|JAFEBR010000892.1_4	SP	320
GCA_018242565.1|JAFEBR010000991.1_23	SP	313
GCA_018260425.1|JAGLBD010000056.1_7	SP	356
GCA_018262285.1|JAGTRX010000044.1_5	SP	557
GCA_018262285.1|JAGTRX010000005.1_39	SP	303
GCA_018262285.1|JAGTRX010000005.1_46	SP	558
GCA_018262285.1|JAGTRX010000070.1_2	SP	564
GCA_018262285.1|JAGTRX010000070.1_3	SP	343
GCA_018262775.1|JADFDU010000009.1_60	SP	319
GCA_018262975.1|JADFDG010000005.1_37	SP	315
GCA_018266055.1|JAFDYT010000005.1_528	SP	305
GCA_018266075.1|JAFEBB010000009.1_1	SP	321
GCA_018266095.1|JAFEBC010000633.1_7	LIPO	322
GCA_018266105.1|JAFEBA010000019.1_134	SP	313
GCA_018266215.1|JAFEAV010000016.1_5	SP	416
GCA_018266215.1|JAFEAV010000078.1_5	SP	351
GCA_018266255.1|JAFEAT010000016.1_46	SP	369
GCA_018266255.1|JAFEAT010000017.1_133	SP	334
GCA_018266255.1|JAFEAT010000031.1_2	SP	337
GCA_018266295.1|JAFEAQ010000014.1_140	SP	338
GCA_018266295.1|JAFEAQ010000015.1_101	SP	339
GCA_018266795.1|JAFDZV010000058.1_7	SP	398
GCA_018266915.1|JAFDZM010000015.1_15	SP	298
GCA_018267355.1|JAFDYP010000427.1_3	SP	378
GCA_018267365.1|JAFDYQ010000035.1_29	SP	378
GCA_018267365.1|JAFDYQ010000007.1_119	SP	379
GCA_018267385.1|JAFDYN010000011.1_79	SP	380
GCA_018267385.1|JAFDYN010000013.1_49	SP	378
GCA_018267475.1|JAFDYI010000031.1_73	SP	484
GCA_018267475.1|JAFDYI010000005.1_138	SP	407
GCA_018267585.1|JAFDYE010000837.1_50	SP	306
GCA_018267655.1|JAFDYB010000086.1_80	SP	320
GCA_018267825.1|JAFDXR010000013.1_237	SP	406
GCA_018267825.1|JAFDXR010000001.1_107	SP	489
GCA_018267825.1|JAFDXR010000028.1_79	SP	378
GCA_018268085.1|JAFDXE010000012.1_71	SP	331
GCA_018268455.1|JAFDWM010000081.1_7	LIPO	328
GCA_018268545.1|JAFDWI010000072.1_13	LIPO	327
GCA_018269005.1|JAFDVK010000012.1_505	SP	325
GCA_018333535.1|JAGXTA010000024.1_20	SP	324
GCA_018334795.1|JAGXLH010000036.1_4	LIPO	318
GCA_018336075.1|JAGXRB010000056.1_10	SP	261
GCA_018336075.1|JAGXRB010000326.1_5	SP	384
GCA_018362975.1|CP074371.1_2382	SP	347
GCA_018362975.1|CP074371.1_5576	LIPO	315
GCA_018385335.1|JAHAZN010000052.1_33	SP	586
GCA_018399745.1|JAGYNZ010000059.1_3	LIPO	332
GCA_018400915.1|JAGYLW010000018.1_7	SP	299
GCA_018400955.1|JAGYLH010000025.1_4	SP	379
GCA_018401455.1|JAGYKU010000046.1_8	SP	380
GCA_018401555.1|JAGYKP010000081.1_24	SP	357
GCA_018401875.1|JAGYJZ010000003.1_120	LIPO	303
GCA_018401955.1|JAGYJT010000004.1_140	SP	394
GCA_018402015.1|JAGYJL010000015.1_11	SP	284
GCA_018402015.1|JAGYJL010000004.1_52	SP	382
GCA_018402015.1|JAGYJL010000007.1_10	SP	379
GCA_018402525.1|JAGYIR010000010.1_247	LIPO	310
GCA_018402525.1|JAGYIR010000010.1_326	SP	382
GCA_018402525.1|JAGYIR010000014.1_55	SP	322
GCA_018434355.1|JAHDPL010000020.1_45	SP	302
GCA_018434945.1|JAHDOI010000004.1_24	SP	312
GCA_018435665.1|JAHDND010000076.1_16	SP	366
GCA_018436925.1|JAHDKI010000005.1_93	SP	315
GCA_018608045.1|JABBAI010000064.1_22	SP	316
GCA_018608485.1|JABAZK010000016.1_6	LIPO	300
GCA_018608485.1|JABAZK010000143.1_14	LIPO	300
GCA_018609055.1|JABAYJ010000008.1_165	SP	383
GCA_018609965.1|JAHENP010000235.1_6	TAT	321
GCA_018614875.1|JAGGNW010000001.1_4	LIPO	584
GCA_018614915.1|JAGGNU010000012.1_12	SP	432
GCA_018614955.1|JAGGNV010000014.1_28	SP	429
GCA_018644665.1|JABGQA010000167.1_25	SP	300
GCA_018646675.1|JABGUH010000030.1_8	SP	348
GCA_018646675.1|JABGUH010000041.1_36	SP	468
GCA_018648225.1|JABGRQ010000053.1_11	LIPO	625
GCA_018648645.1|JABGQS010000008.1_19	LIPO	293
GCA_018650795.1|JABIFG010000228.1_8	SP	556
GCA_018654575.1|JABILI010000014.1_108	SP	306
GCA_018656255.1|JABHYI010000110.1_1	SP	456
GCA_018661505.1|JABJIE010000080.1_50	SP	382
GCA_018663505.1|JABJQG010000047.1_23	SP	301
GCA_018663635.1|JABJPZ010000132.1_3	SP	386
GCA_018668695.1|JABJBS010000227.1_3	LIPO	378
GCA_018668695.1|JABJBS010000232.1_15	LIPO	300
GCA_018669795.1|JABHSQ010000002.1_18	SP	397
GCA_018669945.1|JABHTA010000027.1_2	SP	381
GCA_018672285.1|JABHGC010000122.1_5	SP	321
GCA_018677555.1|JAHHOT010000031.1_11	LIPO	353
GCA_018677555.1|JAHHOT010000022.1_8	LIPO	371
GCA_018695965.1|JABHQB010000009.1_1	SP	337
GCA_018698975.1|JABIPQ010000048.1_21	SP	287
GCA_018715065.1|DVMJ01000057.1_3	SP	886
GCA_018725565.1|QLUR01000004.1_56	SP	559
GCA_018780145.1|JADMKA010000146.1_95	SP	320
GCA_018780185.1|JADMJX010000005.1_2	SP	316
GCA_018780265.1|JADMJV010000158.1_18	SP	318
GCA_018780365.1|JADMJR010000370.1_2	SP	491
GCA_018780645.1|JADMJJ010000002.1_226	SP	349
GCA_018812245.1|JAHJDW010000122.1_3	SP	489
GCA_018812505.1|JAHJDK010000108.1_11	LIPO	315
GCA_018812705.1|JAHJCZ010000062.1_16	SP	352
GCA_018815765.1|JAHIWM010000100.1_5	SP	331
GCA_018816765.1|JAHIUX010000009.1_78	LIPO	482
GCA_018817505.1|JAHITR010000090.1_1	LIPO	336
GCA_018817515.1|JAHIUD010000009.1_6	SP	462
GCA_018819265.1|JAHJQI010000153.1_28	SP	361
GCA_018820925.1|JAHJNJ010000036.1_124	SP	302
GCA_018820995.1|JAHJNE010000360.1_6	SP	351
GCA_018823415.1|JAHJIN010000537.1_4	LIPO	330
GCA_018825925.1|JAHKAT010000320.1_6	SP	368
GCA_018825965.1|JAHKAA010000016.1_125	SP	637
GCA_018825965.1|JAHKAA010000031.1_16	SP	330
GCA_018826295.1|JAHJZX010000031.1_13	SP	333
GCA_018828125.1|JAHJWB010000003.1_188	SP	514
GCA_018828385.1|JAHJVE010000009.1_42	SP	316
GCA_018830105.1|JAHJTC010000010.1_64	SP	381
GCA_018830885.1|JAHJRI010000032.1_2	LIPO	332
GCA_018831265.1|JAHJCO010000012.1_95	LIPO	337
GCA_018831265.1|JAHJCO010000002.1_137	LIPO	318
GCA_018882545.1|VERS01000199.1_5	SP	295
GCA_018882965.1|VEQY01000002.1_3	LIPO	280
GCA_018883075.1|VEQU01000002.1_74	SP	281
GCA_018883325.1|VEQH01000001.1_77	SP	372
GCA_018883325.1|VEQH01000024.1_28	SP	329
GCA_018889975.1|CP076546.1_1560	SP	337
GCA_018969225.1|JAGWYS010000017.1_8	SP	352
GCA_018969565.1|JAGWYC010000051.1_7	SP	375
GCA_018969845.1|JAGWXP010000080.1_4	SP	340
GCA_018970165.1|JAGWWZ010000078.1_2	SP	604
GCA_018970605.1|JAGWWA010000126.1_5	SP	597
GCA_018970825.1|JAGWVP010000050.1_6	SP	511
GCA_018970845.1|JAGWVO010000177.1_2	SP	299
GCA_018970845.1|JAGWVO010000185.1_5	SP	302
GCA_018971775.1|JAGXAB010000047.1_14	SP	424
GCA_019038645.1|JAHOYT010000026.1_32	SP	307
GCA_019084025.1|JAHRBI010000001.1_604	SP	348
GCA_019090895.1|JAHRVB010000134.1_13	LIPO	366
GCA_019090895.1|JAHRVB010000245.1_2	SP	683
GCA_019104905.1|JAHRXB010000030.1_6	SP	341
GCA_019113885.1|DXGO01000110.1_7	SP	288
GCA_019114135.1|DXGC01000073.1_84	LIPO	326
GCA_019114925.1|DXEO01000141.1_5	LIPO	333
GCA_019115245.1|DXDY01000036.1_2	SP	288
GCA_019115585.1|DXDI01000285.1_7	SP	780
GCA_019115605.1|DXDG01000027.1_97	LIPO	288
GCA_019116555.1|DXBL01000042.1_11	SP	300
GCA_019118605.1|DWYP01000014.1_45	SP	288
GCA_019119115.1|DWXP01000050.1_21	SP	303
GCA_019136035.1|JAGVUW010000244.1_2	SP	315
GCA_019137195.1|JAGVSR010000107.1_36	LIPO	353
GCA_019186965.1|JABARV010000017.1_106	SP	315
GCA_019187085.1|JABARS010000001.1_423	LIPO	355
GCA_019187665.1|JABARH010000010.1_10	LIPO	325
GCA_019192445.1|JAHCMK010000002.1_183	LIPO	296
GCA_019233085.1|JAFAMT010000170.1_4	SP	334
GCA_019234035.1|JAFALX010000119.1_3	LIPO	305
GCA_019234295.1|JAFALK010000044.1_43	SP	326
GCA_019235595.1|JAFAKI010000264.1_2	SP	298
GCA_019235715.1|JAFAKE010000025.1_38	LIPO	334
GCA_019235885.1|JAFAKB010000020.1_19	SP	313
GCA_019236925.1|JAFAID010000342.1_32	LIPO	282
GCA_019237205.1|JAFAHO010000356.1_28	SP	385
GCA_019237355.1|JAFAHH010000035.1_3	SP	390
GCA_019237355.1|JAFAHH010000943.1_6	SP	332
GCA_019237355.1|JAFAHH010000270.1_9	SP	335
GCA_019237355.1|JAFAHH010000863.1_7	SP	335
GCA_019237415.1|JAFAHD010000007.1_35	SP	308
GCA_019237945.1|JAFAOG010000232.1_2	SP	320
GCA_019238055.1|JAFAOB010000111.1_35	SP	470
GCA_019239375.1|JAFAZZ010000140.1_3	SP	342
GCA_019239775.1|JAFAZN010000368.1_25	LIPO	301
GCA_019239835.1|JAFAZJ010000020.1_9	SP	289
GCA_019239965.1|JAFAZC010000053.1_16	SP	339
GCA_019239975.1|JAFAZE010000166.1_9	SP	351
GCA_019239975.1|JAFAZE010000021.1_67	SP	442
GCA_019240175.1|JAFAYS010000692.1_6	SP	614
GCA_019240375.1|JAFAYN010000358.1_2	SP	340
GCA_019241525.1|JAFAWY010000113.1_10	SP	321
GCA_019242135.1|JAFAWC010000554.1_3	LIPO	283
GCA_019243445.1|JAFAUH010000109.1_3	SP	317
GCA_019243595.1|JAFAUA010000076.1_4	LIPO	308
GCA_019243635.1|JAFAUB010000033.1_6	SP	311
GCA_019244235.1|JAFASY010000211.1_5	SP	337
GCA_019244235.1|JAFASY010000151.1_9	LIPO	303
GCA_019244235.1|JAFASY010000131.1_27	LIPO	322
GCA_019244295.1|JAFASX010000126.1_11	LIPO	356
GCA_019244985.1|JAFASB010000294.1_6	LIPO	308
GCA_019245115.1|JAFARZ010000102.1_14	SP	514
GCA_019246495.1|JAFAQI010000170.1_2	SP	367
GCA_019247975.1|JAFBAD010000384.1_18	LIPO	351
GCA_019309685.1|JAFDFT010000026.1_17	LIPO	327
GCA_019310245.1|JAFDER010000165.1_6	LIPO	415
GCA_019310245.1|JAFDER010000048.1_2	LIPO	338
GCA_019310245.1|JAFDER010000399.1_2	LIPO	337
GCA_019312835.1|JAFDCJ010000100.1_4	SP	317
GCA_019313725.1|JAFDAT010000100.1_12	LIPO	316
GCA_019313915.1|JAFDAJ010000100.1_13	LIPO	296
GCA_019314375.1|JAFCZJ010000077.1_5	SP	399
GCA_019358895.1|JAHHIG010000021.1_38	LIPO	325
GCA_019358945.1|JAHHIE010000001.1_229	LIPO	316
GCA_019359125.1|JAHHHY010000003.1_231	SP	316
GCA_019359175.1|JAHHHU010000002.1_88	LIPO	283
GCA_019359275.1|JAHHHP010000026.1_26	LIPO	331
GCA_019359375.1|JAHHHL010000032.1_13	LIPO	327
GCA_019359635.1|JAHHGY010000012.1_10	LIPO	359
GCA_019359695.1|JAHHGV010000024.1_9	LIPO	325
GCA_019429185.1|JAHYJH010000083.1_3	SP	379
GCA_019429275.1|JAHYJC010000015.1_21	SP	394
GCA_019455225.1|JACFMU010000034.1_28	LIPO	304
GCA_019456305.1|VRUD01000012.1_23	SP	385
GCA_019459485.1|JAIBEZ010000048.1_19	SP	796
GCA_019468145.1|JAHXDM010000008.1_2	SP	335
GCA_019508225.1|JAEKLZ010000191.1_7	SP	297
GCA_019509785.1|JAEKLQ010000069.1_46	SP	360
GCA_019509785.1|JAEKLQ010000031.1_25	SP	346
GCA_019509785.1|JAEKLQ010000031.1_26	SP	345
GCA_019509985.1|JAEKLF010000062.1_40	SP	327
GCA_019510125.1|JAEKKX010000020.1_34	SP	611
GCA_019510405.1|JAEKKK010000149.1_13	LIPO	306
GCA_019634045.1|JAHQWA010000319.1_24	SP	380
GCA_019634215.1|JAHQVS010000139.1_30	SP	361
GCA_019634715.1|JAHCAU010000001.1_445	SP	600
GCA_019634795.1|JAHCAR010000001.1_353	LIPO	351
GCA_019634795.1|JAHCAR010000007.1_54	SP	322
GCA_019635355.1|JAHBZQ010000001.1_211	SP	312
GCA_019635355.1|JAHBZQ010000001.1_1375	SP	500
GCA_019635415.1|JAHBZN010000001.1_1137	SP	508
GCA_019635415.1|JAHBZN010000007.1_78	SP	333
GCA_019635435.1|JAHBZM010000001.1_2512	SP	333
GCA_019635435.1|JAHBZM010000001.1_3448	SP	313
GCA_019635875.1|JAHBYP010000003.1_353	SP	283
GCA_019635875.1|JAHBYP010000007.1_182	SP	315
GCA_019636095.1|JAHBYF010000002.1_89	SP	603
GCA_019637105.1|JAHBWF010000173.1_12	LIPO	425
GCA_019637105.1|JAHBWF010000305.1_1	SP	348
GCA_019637105.1|JAHBWF010000039.1_10	LIPO	347
GCA_019637155.1|JAHBWE010000011.1_159	LIPO	338
GCA_019637155.1|JAHBWE010000018.1_47	LIPO	336
GCA_019637155.1|JAHBWE010000030.1_53	LIPO	291
GCA_019637155.1|JAHBWE010000034.1_35	LIPO	461
GCA_019637155.1|JAHBWE010000005.1_359	LIPO	308
GCA_019637175.1|JAHBWD010000001.1_303	LIPO	302
GCA_019637175.1|JAHBWD010000020.1_3	SP	394
GCA_019637175.1|JAHBWD010000003.1_100	LIPO	353
GCA_019637175.1|JAHBWD010000003.1_105	LIPO	412
GCA_019637195.1|JAHBWA010000031.1_14	SP	369
GCA_019637195.1|JAHBWA010000070.1_34	LIPO	340
GCA_019637225.1|JAHBWC010000014.1_56	LIPO	296
GCA_019637225.1|JAHBWC010000019.1_19	LIPO	317
GCA_019637295.1|JAHBVX010000002.1_46	LIPO	322
GCA_019637335.1|JAHBVV010000010.1_94	LIPO	319
GCA_019637355.1|JAHBVT010000001.1_1699	SP	302
GCA_019637375.1|JAHBVW010000026.1_62	SP	378
GCA_019637375.1|JAHBVW010000075.1_6	LIPO	325
GCA_019637555.1|JAHBVK010000011.1_113	SP	305
GCA_019637555.1|JAHBVK010000033.1_13	SP	315
GCA_019637615.1|JAHBVJ010000026.1_60	SP	311
GCA_019637615.1|JAHBVJ010000005.1_87	SP	315
GCA_019637635.1|JAHBVI010000118.1_8	LIPO	317
GCA_019637795.1|JAHBUY010000002.1_338	SP	284
GCA_019637875.1|JAHBUW010000012.1_54	SP	271
GCA_019637915.1|JAHBUV010000001.1_25	SP	332
GCA_019637955.1|JAHBUS010000001.1_253	SP	340
GCA_019638115.1|JAHBUK010000003.1_452	SP	381
GCA_019638115.1|JAHBUK010000005.1_107	SP	378
GCA_019638385.1|JAHBTW010000018.1_69	SP	322
GCA_019638515.1|JAHBTS010000001.1_53	SP	381
GCA_019638515.1|JAHBTS010000002.1_356	SP	389
GCA_019639095.1|JAHBSN010000075.1_4	LIPO	379
GCA_019639195.1|JAHBSI010000001.1_511	SP	324
GCA_019689655.1|JADGHC010000645.1_1	SP	460
GCA_019689655.1|JADGHC010000650.1_3	SP	327
GCA_019694255.1|JAIBCI010000104.1_6	SP	689
GCA_019694295.1|JAIBCG010000060.1_10	SP	382
GCA_019694355.1|JAIBCB010000002.1_30	SP	324
GCA_019694435.1|JAIBBZ010000003.1_104	LIPO	341
GCA_019694555.1|JAIBBS010000014.1_46	SP	417
GCA_019694655.1|JAIBBN010000010.1_65	SP	326
GCA_019694685.1|JAIBBM010000001.1_26	SP	301
GCA_019694735.1|JAIBBJ010000207.1_8	SP	341
GCA_019694795.1|JAIBBF010000082.1_3	SP	313
GCA_019694855.1|JAIBBD010000005.1_27	LIPO	313
GCA_019694895.1|JAIBBA010000012.1_29	SP	381
GCA_019695035.1|JAIBAU010000002.1_44	SP	584
GCA_019695095.1|JAIBAQ010000222.1_2	LIPO	331
GCA_019695185.1|JAIBAN010000022.1_32	LIPO	341
GCA_019695265.1|JAIBAJ010000066.1_2	SP	374
GCA_019695265.1|JAIBAJ010000200.1_2	SP	378
GCA_019695295.1|JAIBAH010000139.1_7	SP	371
GCA_019695485.1|JAEUAF010000722.1_1	SP	381
GCA_019745415.1|JAIETF010000037.1_52	SP	429
GCA_019745505.1|JAIETE010000292.1_2	SP	338
GCA_019745505.1|JAIETE010000324.1_3	SP	335
GCA_019745555.1|JAIESX010000012.1_76	SP	337
GCA_019746735.1|JAIERT010000083.1_8	SP	338
GCA_019746975.1|JAIERK010000196.1_11	SP	450
GCA_019746975.1|JAIERK010000200.1_19	SP	350
GCA_019746975.1|JAIERK010000010.1_18	SP	368
GCA_019747875.1|JAIEQI010000096.1_10	SP	336
GCA_019747875.1|JAIEQI010000021.1_58	SP	435
GCA_019748135.1|JAIEPZ010000031.1_4	SP	334
GCA_019748295.1|JAIEPT010000023.1_35	SP	313
GCA_019748395.1|JAIEPM010000350.1_2	SP	332
GCA_019749805.1|JAIEPH010000007.1_152	SP	285
GCA_019749875.1|JAIEPK010000532.1_6	LIPO	288
GCA_019749945.1|JAIEPF010000007.1_251	SP	307
GCA_019750295.1|JAIEOS010000048.1_85	SP	329
GCA_019750335.1|JAIEOQ010000004.1_161	SP	347
GCA_019750335.1|JAIEOQ010000006.1_201	SP	311
GCA_019751755.1|JAIENA010000386.1_3	SP	296
GCA_019751815.1|JAIEMW010000001.1_680	SP	427
GCA_019752015.1|JAIEMQ010000038.1_30	SP	301
GCA_019752375.1|JAIEMG010000387.1_4	SP	305
GCA_019752375.1|JAIEMG010000113.1_5	SP	300
GCA_019752535.1|JAIEMA010000029.1_44	SP	334
GCA_019752635.1|JAIELX010000056.1_50	SP	361
GCA_019752635.1|JAIELX010000092.1_28	SP	342
GCA_019805165.1|RWIJ01000036.1_25	SP	355
GCA_019873645.1|JAIOAX010000069.1_3	LIPO	315
GCA_019873655.1|JAIOAU010000001.1_207	SP	304
GCA_019873735.1|JAIOAQ010000009.1_4	LIPO	315
GCA_019912685.1|JAIOII010000594.1_4	LIPO	319
GCA_019912685.1|JAIOII010001669.1_2	SP	346
GCA_019912885.1|JAIOHV010000126.1_30	LIPO	312
GCA_019912905.1|JAIOHO010000792.1_2	SP	310
GCA_019912985.1|JAIOHN010000778.1_6	SP	309
GCA_019913005.1|JAIOHL010000304.1_13	SP	301
GCA_019913005.1|JAIOHL010000067.1_30	SP	598
GCA_019931245.1|JAINDL010000167.1_5	SP	578
GCA_020048405.1|JAIFMP010000117.1_24	SP	309
GCA_020048985.1|JAIFLR010000030.1_38	SP	316
GCA_020049775.1|JAGVLO010000003.1_239	SP	319
GCA_020050375.1|JAGVKR010000764.1_4	SP	303
GCA_020050695.1|JAGVKI010000237.1_2	SP	314
GCA_020050835.1|JAGVKB010000154.1_12	SP	317
GCA_020050835.1|JAGVKB010000087.1_4	LIPO	518
GCA_020051175.1|JAGVJJ010000013.1_14	SP	373
GCA_020052115.1|JAGVPR010000011.1_3	LIPO	314
GCA_020054035.1|JAGVLY010000067.1_2	SP	336
GCA_020054035.1|JAGVLY010000041.1_34	SP	496
GCA_020054205.1|JAGVLS010000014.1_64	SP	316
GCA_020054355.1|JAGVLI010000796.1_11	SP	303
GCA_020057345.1|JAGVGA010000090.1_3	SP	321
GCA_020060465.1|JAGVAD010000007.1_130	SP	332
GCA_020061105.1|JAGUYW010000022.1_2	LIPO	322
GCA_020073015.1|JAIQFZ010000186.1_2	SP	352
GCA_020073305.1|JAIQFK010000009.1_163	SP	311
GCA_020073395.1|JAIQFF010000113.1_8	SP	309
GCA_020073565.1|JAIQEY010000026.1_71	SP	342
GCA_020073645.1|JAIQET010000028.1_34	SP	309
GCA_020073665.1|JAIQEU010000007.1_79	SP	307
GCA_020073665.1|JAIQEU010000010.1_126	LIPO	334
GCA_020161265.1|JAIUOC010000001.1_772	SP	545
GCA_020161365.1|JAIUNU010000009.1_175	SP	303
GCA_020161405.1|JAIUOD010000003.1_453	SP	314
GCA_020161505.1|JAIUNY010000002.1_220	SP	301
GCA_020161545.1|JAIUNT010000045.1_15	SP	316
GCA_020161655.1|JAIUPC010000019.1_174	SP	290
GCA_020161665.1|JAIUPA010000016.1_100	SP	309
GCA_020161695.1|JAIUOO010000004.1_215	SP	316
GCA_020161775.1|JAIUOW010000022.1_15	SP	504
GCA_020161835.1|JAIUNL010000004.1_105	LIPO	314
GCA_020161935.1|JAIUNI010000002.1_565	SP	318
GCA_020201045.1|JAIVHP010000243.1_3	SP	404
GCA_020201235.1|JAIVHD010000263.1_4	SP	673
GCA_020201435.1|JAIVGS010000049.1_15	SP	299
GCA_020247005.1|JADCJN010000115.1_23	SP	306
GCA_020247085.1|JADCJJ010000236.1_15	SP	496
GCA_020247395.1|JADCJC010000028.1_68	SP	351
GCA_020247545.1|JADCIX010000013.1_9	SP	355
GCA_020248945.1|JADCGQ010000022.1_69	SP	319
GCA_020343515.1|CP070798.1_457	SP	584
GCA_020343695.1|CP070807.1_1712	SP	358
GCA_020344015.1|CP070812.1_328	SP	313
GCA_020346745.1|CP070787.1_623	SP	633
GCA_020350285.1|CP070708.1_724	LIPO	334
GCA_020350725.1|CP070719.1_1070	SP	321
GCA_020353355.1|CP070694.1_719	LIPO	322
GCA_020354105.1|CP070642.1_86	LIPO	316
GCA_020402865.1|JADBYT010000008.1_276	LIPO	446
GCA_020425315.1|JAGQRO010000084.1_21	LIPO	309
GCA_020425635.1|JAGQRJ010000548.1_1	SP	408
GCA_020425635.1|JAGQRJ010000822.1_2	SP	600
GCA_020426325.1|JAGQQG010000001.1_20	SP	304
GCA_020426505.1|JAGQPX010000039.1_15	SP	305
GCA_020426505.1|JAGQPX010000130.1_12	SP	306
GCA_020426925.1|JAGQPC010000222.1_2	SP	485
GCA_020427265.1|JAGQOS010000106.1_10	SP	309
GCA_020427345.1|JAGQOO010000031.1_6	LIPO	246
GCA_020431135.1|JAGQIT010000394.1_3	SP	466
GCA_020431135.1|JAGQIT010000028.1_6	LIPO	384
GCA_020431825.1|JAGQHN010000052.1_10	SP	300
GCA_020432105.1|JAGQGZ010000135.1_2	LIPO	352
GCA_020434205.1|JAGRBF010000176.1_3	SP	486
GCA_020435185.1|JAGRAA010000070.1_2	SP	319
GCA_020435295.1|JAGQZV010000032.1_3	SP	301
GCA_020435335.1|JAGQZT010000038.1_7	SP	291
GCA_020436025.1|JAGQYP010000080.1_3	SP	383
GCA_020436165.1|JAGQYI010000076.1_28	SP	258
GCA_020436175.1|JAGQYH010000110.1_3	SP	455
GCA_020436535.1|JAGQXQ010000401.1_2	SP	323
GCA_020436535.1|JAGQXQ010000117.1_2	SP	375
GCA_020436835.1|JAGQWZ010000074.1_4	SP	387
GCA_020437045.1|JAGQWV010000324.1_2	SP	384
GCA_020437755.1|JAGQVX010000146.1_12	SP	336
GCA_020437905.1|JAGQVN010000159.1_5	SP	377
GCA_020438185.1|JAGQVC010000164.1_1	SP	338
GCA_020438785.1|JAGQTW010000055.1_3	SP	280
GCA_020438845.1|JAGQTV010000046.1_72	SP	284
GCA_020438865.1|JAGQTU010000001.1_32	SP	280
GCA_020438895.1|JAGQTS010000082.1_8	SP	280
GCA_020438905.1|JAGQTQ010000048.1_107	SP	294
GCA_020439025.1|JAGQTO010000143.1_2	SP	297
GCA_020439285.1|JAGQSZ010000007.1_25	LIPO	346
GCA_020441025.1|JAGRMX010000012.1_11	LIPO	320
GCA_020442425.1|JAGRKB010000087.1_3	SP	357
GCA_020442465.1|JAGRJY010000162.1_3	LIPO	346
GCA_020442915.1|JAGRJD010000024.1_17	SP	367
GCA_020443295.1|JAGRIJ010000062.1_5	SP	329
GCA_020444175.1|JAHLLM010000001.1_86	SP	336
GCA_020444415.1|JAHLLA010000006.1_26	SP	377
GCA_020445005.1|JAGRHM010000395.1_4	SP	323
GCA_020445045.1|JAGRHI010000187.1_11	SP	356
GCA_020445405.1|JAGRGQ010000001.1_46	SP	510
GCA_020445415.1|JAGRGP010000153.1_1	SP	497
GCA_020446905.1|JAGRDU010000014.1_10	SP	297
GCA_020528935.1|JAJDFU010000099.1_10	SP	400
GCA_020528935.1|JAJDFU010000254.1_6	SP	378
GCA_020535565.1|CP084758.1_4135	SP	316
GCA_020627525.1|JAHDGP010000115.1_1	SP	873
GCA_020627705.1|JAHDGJ010000005.1_67	SP	390
GCA_020627705.1|JAHDGJ010000027.1_28	SP	382
GCA_020627785.1|JAHDGF010000001.1_38	SP	378
GCA_020627865.1|JAHDGC010000355.1_5	SP	385
GCA_020627965.1|JAHDFX010000226.1_8	SP	379
GCA_020627965.1|JAHDFX010000001.1_3	SP	384
GCA_020628085.1|JAHDFQ010000010.1_10	SP	385
GCA_020628145.1|JAHDFN010000043.1_17	SP	381
GCA_020628475.1|JAHDFB010000015.1_20	SP	375
GCA_020628645.1|JAHDES010000001.1_38	SP	377
GCA_020628725.1|JAHDEO010000056.1_4	SP	378
GCA_020628855.1|JAHDEL010000019.1_9	SP	385
GCA_020629005.1|JAHDEE010000034.1_29	SP	394
GCA_020629035.1|JAHDEC010000006.1_9	SP	368
GCA_020629205.1|JAHDDV010000004.1_19	SP	384
GCA_020629475.1|JAHDDF010000102.1_3	SP	372
GCA_020629535.1|JAHDDD010000237.1_3	SP	380
GCA_020629595.1|JAHDDA010000069.1_2	SP	393
GCA_020629615.1|JAHDCZ010000176.1_3	SP	395
GCA_020629715.1|JAHDCU010000006.1_19	SP	384
GCA_020629915.1|JAHDCK010000525.1_2	SP	387
GCA_020629915.1|JAHDCK010000121.1_10	SP	380
GCA_020629935.1|JAHDCJ010000110.1_15	SP	378
GCA_020629935.1|JAHDCJ010000115.1_2	SP	392
GCA_020629955.1|JAHDCI010000034.1_14	LIPO	354
GCA_020629955.1|JAHDCI010000001.1_77	LIPO	353
GCA_020629965.1|JAHDCG010000013.1_7	SP	376
GCA_020630045.1|JAHDCE010000338.1_4	SP	375
GCA_020630215.1|JAHDBT010000397.1_1	SP	387
GCA_020630215.1|JAHDBT010000084.1_1	SP	385
GCA_020630355.1|JAHDBO010000320.1_2	LIPO	352
GCA_020630475.1|JAHDBI010000093.1_4	SP	378
GCA_020630525.1|JAHDBF010000125.1_11	SP	379
GCA_020630525.1|JAHDBF010000043.1_12	SP	376
GCA_020630555.1|JAHDBE010000068.1_4	SP	387
GCA_020630735.1|JAHDIP010000212.1_8	SP	365
GCA_020630735.1|JAHDIP010000290.1_1	SP	382
GCA_020630895.1|JAHDII010000145.1_6	SP	379
GCA_020631035.1|JAHDIA010000655.1_1	SP	391
GCA_020631135.1|JAHDHU010000036.1_9	SP	371
GCA_020631235.1|JAHDHQ010000004.1_78	SP	366
GCA_020631355.1|JAHDHL010000051.1_13	SP	389
GCA_020631375.1|JAHDHJ010000162.1_5	SP	378
GCA_020631675.1|JAHDGT010000323.1_3	SP	389
GCA_020632715.1|JACKFA010000010.1_127	SP	735
GCA_020632715.1|JACKFA010000011.1_136	SP	323
GCA_020632795.1|JACKEV010000010.1_459	LIPO	325
GCA_020632795.1|JACKEV010000035.1_12	SP	552
GCA_020632795.1|JACKEV010000009.1_427	SP	309
GCA_020632915.1|JACKEP010000007.1_69	LIPO	294
GCA_020632925.1|JACKER010000052.1_9	SP	285
GCA_020632975.1|JACKEL010000003.1_157	LIPO	383
GCA_020632995.1|JACKEN010000001.1_1313	SP	412
GCA_020632995.1|JACKEN010000008.1_144	LIPO	332
GCA_020633205.1|JACKEB010000011.1_671	LIPO	456
GCA_020633235.1|JACKEA010000001.1_754	LIPO	365
GCA_020633235.1|JACKEA010000011.1_55	LIPO	310
GCA_020633295.1|JACKDW010000001.1_746	SP	440
GCA_020633295.1|JACKDW010000018.1_31	LIPO	381
GCA_020633315.1|JACKDV010000001.1_23	LIPO	481
GCA_020633465.1|JACKDN010000019.1_107	SP	833
GCA_020633495.1|JACKDR010000001.1_365	LIPO	380
GCA_020633495.1|JACKDR010000001.1_371	SP	506
GCA_020633495.1|JACKDR010000001.1_373	SP	398
GCA_020633675.1|JACKDE010000002.1_633	SP	265
GCA_020633775.1|JACKDA010000002.1_202	LIPO	314
GCA_020633895.1|JACKCT010000004.1_15	LIPO	334
GCA_020633895.1|JACKCT010000004.1_16	SP	314
GCA_020633895.1|JACKCT010000004.1_17	SP	334
GCA_020634035.1|JACKCM010000006.1_440	SP	316
GCA_020634115.1|JACKCH010000010.1_94	SP	302
GCA_020634115.1|JACKCH010000010.1_97	SP	585
GCA_020634135.1|JACKCG010000003.1_57	SP	315
GCA_020634155.1|JACKCI010000001.1_599	SP	534
GCA_020634165.1|JACKCF010000001.1_554	SP	318
GCA_020634165.1|JACKCF010000001.1_1107	SP	579
GCA_020634165.1|JACKCF010000001.1_1108	SP	792
GCA_020634165.1|JACKCF010000002.1_597	SP	299
GCA_020634435.1|JACKBS010000005.1_124	LIPO	316
GCA_020634565.1|JACKBN010000003.1_362	SP	682
GCA_020634935.1|JACKAT010000038.1_31	LIPO	310
GCA_020635075.1|JACKAM010000001.1_1430	SP	336
GCA_020635075.1|JACKAM010000003.1_553	SP	328
GCA_020635495.1|JACJZQ010000002.1_9	LIPO	283
GCA_020635495.1|JACJZQ010000002.1_41	SP	320
GCA_020635495.1|JACJZQ010000002.1_217	SP	383
GCA_020635495.1|JACJZQ010000004.1_123	SP	380
GCA_020635535.1|JACJZP010000017.1_43	SP	329
GCA_020635535.1|JACJZP010000002.1_74	SP	320
GCA_020635565.1|JACJZN010000008.1_18	SP	374
GCA_020635565.1|JACJZN010000008.1_351	SP	386
GCA_020635675.1|JACJZJ010000004.1_305	SP	332
GCA_020635905.1|JACJYV010000002.1_585	SP	379
GCA_020635905.1|JACJYV010000003.1_610	SP	380
GCA_020635905.1|JACJYV010000005.1_319	SP	309
GCA_020635975.1|JACJYT010000003.1_208	SP	392
GCA_020635995.1|JACJYS010000006.1_94	LIPO	323
GCA_020636095.1|JACJYN010000011.1_160	SP	385
GCA_020636095.1|JACJYN010000002.1_1292	SP	323
GCA_020636215.1|JACJYG010000006.1_953	SP	326
GCA_020636225.1|JACJYI010000007.1_119	SP	382
GCA_020636255.1|JACJYE010000012.1_198	LIPO	326
GCA_020636255.1|JACJYE010000006.1_131	LIPO	313
GCA_020636275.1|JACJYD010000001.1_1000	SP	371
GCA_020636315.1|JACJYA010000013.1_155	SP	781
GCA_020636315.1|JACJYA010000019.1_59	SP	375
GCA_020636325.1|JACJYC010000005.1_182	LIPO	319
GCA_020636375.1|JACJXZ010000017.1_52	SP	325
GCA_020636375.1|JACJXZ010000002.1_643	SP	375
GCA_020636405.1|JACJXW010000004.1_1245	SP	376
GCA_020636405.1|JACJXW010000005.1_278	LIPO	323
GCA_020636435.1|JACJXX010000002.1_208	SP	375
GCA_020636475.1|JACJXU010000005.1_9	SP	387
GCA_020636645.1|JACJXO010000001.1_41	SP	377
GCA_020636745.1|JACJXH010000009.1_55	SP	377
GCA_020636995.1|JACJWU010000012.1_7	LIPO	299
GCA_020637195.1|JACJWK010000004.1_210	LIPO	374
GCA_020637675.1|JACKKD010000003.1_189	SP	296
GCA_020638365.1|JACKIQ010000002.1_102	SP	321
GCA_020638525.1|JACKIL010000003.1_284	SP	307
GCA_020638995.1|JACKHM010000001.1_1382	SP	300
GCA_020638995.1|JACKHM010000003.1_40	SP	303
GCA_020692565.1|JAIMKJ010000006.1_46	SP	618
GCA_020696855.1|JAJFMT010000057.1_18	SP	324
GCA_020717925.1|DYDL01000427.1_1	SP	341
GCA_020718905.1|DYRD01000007.1_29	LIPO	342
GCA_020719165.1|DYQT01000377.1_1	SP	381
GCA_020720045.1|DYPH01000022.1_39	LIPO	369
GCA_020720345.1|DYOT01000162.1_1	SP	316
GCA_020720365.1|DYOU01000033.1_7	SP	345
GCA_020720565.1|DYOK01000227.1_3	SP	368
GCA_020720565.1|DYOK01000082.1_3	SP	325
GCA_020720805.1|DYNZ01000063.1_9	SP	337
GCA_020720905.1|DYNT01000024.1_6	LIPO	363
GCA_020721605.1|DYML01000031.1_4	LIPO	331
GCA_020721655.1|DYMG01000041.1_8	SP	372
GCA_020721655.1|DYMG01000118.1_1	SP	293
GCA_020721945.1|DYLT01000008.1_19	SP	302
GCA_020722345.1|DYKZ01000134.1_2	LIPO	299
GCA_020722725.1|DYKG01000001.1_134	SP	340
GCA_020722805.1|DYKA01000002.1_12	SP	310
GCA_020723345.1|DYJA01000014.1_93	LIPO	305
GCA_020723345.1|DYJA01000007.1_71	LIPO	314
GCA_020723365.1|DYJB01000040.1_8	LIPO	327
GCA_020723385.1|DYIZ01000017.1_9	SP	325
GCA_020723425.1|DYIX01000163.1_5	LIPO	589
GCA_020723485.1|DYIU01000001.1_877	TATLIPO	317
GCA_020723505.1|DYIT01000001.1_49	SP	639
GCA_020723805.1|DYID01000045.1_5	LIPO	305
GCA_020724465.1|DYGX01000023.1_5	SP	604
GCA_020725025.1|DYFV01000058.1_25	SP	345
GCA_020725025.1|DYFV01000078.1_15	SP	505
GCA_020725705.1|DYEN01000358.1_14	SP	604
GCA_020740485.1|DYMN01000016.1_62	SP	317
GCA_020740485.1|DYMN01000037.1_15	SP	316
GCA_020830965.2|JACCFC020000004.1_90	SP	490
GCA_020831845.1|JAFIFV010000141.1_13	SP	445
GCA_020831935.1|JAFIFR010000191.1_3	SP	643
GCA_020832005.1|JAFIFN010000054.1_3	SP	376
GCA_020832045.1|JAFIFK010000022.1_36	SP	353
GCA_020832105.1|JAFIFH010000031.1_2	LIPO	349
GCA_020832365.1|JAFIEX010000038.1_7	SP	394
GCA_020832515.1|JAFIEN010000001.1_13	LIPO	341
GCA_020845575.1|JADLFL010000030.1_15	SP	338
GCA_020845895.1|JADLEX010000013.1_19	SP	304
GCA_020846655.1|JADLDL010000316.1_4	SP	382
GCA_020846935.1|JADLCY010000011.1_239	SP	321
GCA_020847435.1|JADLBX010000032.1_62	LIPO	305
GCA_020848015.1|JADLBA010000310.1_8	SP	381
GCA_020848075.1|JADLAV010000032.1_12	SP	339
GCA_020848455.1|JADLAB010000463.1_3	LIPO	355
GCA_020848545.1|JADLHZ010000032.1_57	LIPO	367
GCA_020848835.1|JADLHJ010000108.1_10	SP	309
GCA_020848905.1|JADLHG010000028.1_23	LIPO	327
GCA_020849035.1|JADLHC010000032.1_3	LIPO	315
GCA_020849375.1|JADLGJ010000087.1_18	SP	355
GCA_020849495.1|JADLGD010000034.1_8	SP	319
GCA_020849495.1|JADLGD010000213.1_9	SP	369
GCA_020849765.1|JADLAY010000026.1_56	SP	310
GCA_020849765.1|JADLAY010000080.1_6	SP	321
GCA_020849935.1|JADZFJ010000095.1_2	SP	378
GCA_020850475.1|JADZEO010000029.1_21	SP	337
GCA_020850995.1|JADZDP010000006.1_8	SP	324
GCA_020850995.1|JADZDP010000091.1_54	SP	551
GCA_020850995.1|JADZDP010000204.1_2	LIPO	355
GCA_020850995.1|JADZDP010000240.1_1	LIPO	335
GCA_020851115.1|JADZDJ010000150.1_1	SP	309
GCA_020851325.1|JADZCY010000068.1_5	SP	331
GCA_020851855.1|JADZBY010000736.1_2	SP	331
GCA_020852215.1|JADZBF010000362.1_11	SP	628
GCA_020853025.1|JADYZP010000009.1_2	LIPO	347
GCA_020853175.1|JADYZK010000418.1_2	SP	380
GCA_020853175.1|JADYZK010000443.1_3	SP	392
GCA_020853635.1|JADYYN010000113.1_20	LIPO	322
GCA_020853755.1|JADYYG010000002.1_26	LIPO	315
GCA_020853755.1|JADYYG010000012.1_28	LIPO	333
GCA_020853885.1|JADYXZ010000003.1_85	SP	386
GCA_020853885.1|JADYXZ010000020.1_342	SP	331
GCA_021107945.1|JAIORV010000162.1_37	SP	316
GCA_021108075.1|JAIORP010000093.1_8	SP	348
GCA_021151605.1|JAGKWZ010000023.1_11	SP	393
GCA_021151605.1|JAGKWZ010000023.1_23	SP	385
GCA_021151615.1|JAGKXA010000426.1_1	SP	306
GCA_021151615.1|JAGKXA010000038.1_33	SP	346
GCA_021151625.1|JAGKWY010000008.1_4	SP	350
GCA_021151625.1|JAGKWY010000031.1_21	SP	384
GCA_021151805.1|JAGKWN010000047.1_12	SP	301
GCA_021151825.1|JAGKWQ010000005.1_174	SP	473
GCA_021151835.1|JAGKWO010000004.1_63	SP	449
GCA_021153285.1|JAGKTT010000080.1_4	SP	292
GCA_021154285.1|JAJKIV010000050.1_2	LIPO	310
GCA_021155045.1|JAJNQB010000021.1_78	SP	370
GCA_021155045.1|JAJNQB010000001.1_78	SP	413
GCA_021155905.1|JAJNBG010000034.1_53	SP	379
GCA_021156365.1|JAJNDK010000017.1_12	SP	381
GCA_021156365.1|JAJNDK010000003.1_67	SP	378
GCA_021158245.1|JAGGVB010000047.1_7	SP	321
GCA_021160885.1|JAGHBR010000325.1_4	SP	320
GCA_021162585.1|JAGGYK010000166.1_1	LIPO	310
GCA_021286985.1|JAJTBJ010000018.1_14	LIPO	298
GCA_021287075.1|JAJTBD010000001.1_1	SP	420
GCA_021287165.1|JAJTAY010000003.1_28	SP	376
GCA_021297895.1|JAJTHN010000078.1_2	SP	620
GCA_021297895.1|JAJTHN010000049.1_1	LIPO	620
GCA_021298315.1|JAJTFC010000079.1_24	SP	601
GCA_021298315.1|JAJTFC010000121.1_5	SP	612
GCA_021298315.1|JAJTFC010000032.1_10	LIPO	324
GCA_021298575.1|JAJTFM010000107.1_8	SP	410
GCA_021299095.1|JAJTFW010000006.1_25	SP	396
GCA_021299185.1|JAJTHZ010000040.1_35	SP	600
GCA_021299955.1|JAJTFQ010000011.1_10	LIPO	318
GCA_021300055.1|JAJTHU010000094.1_3	SP	358
GCA_021300195.1|JAJTIE010000021.1_37	SP	450
GCA_021300395.1|JAJTEO010000040.1_13	SP	375
GCA_021300505.1|JAJTDQ010000025.1_8	SP	320
GCA_021323165.1|JAJTCJ010000068.1_12	SP	406
GCA_021323855.1|JAJPKE010000045.1_118	LIPO	361
GCA_021323955.1|JAJPKC010000042.1_1	LIPO	323
GCA_021324135.1|JAJPJO010000532.1_31	SP	331
GCA_021324435.1|JAJPIZ010000013.1_14	LIPO	307
GCA_021324455.1|JAJPJA010000093.1_15	SP	333
GCA_021324535.1|JAJPIU010000240.1_4	LIPO	346
GCA_021324885.1|JAJPIF010000022.1_6	SP	334
GCA_021325025.1|JAJPHZ010000026.1_48	SP	326
GCA_021325095.1|JAJPHV010000051.1_45	SP	307
GCA_021325435.1|JAJPHE010000010.1_37	SP	400
GCA_021325515.1|JAJPHC010000001.1_139	SP	291
GCA_021325515.1|JAJPHC010000011.1_1	SP	309
GCA_021325515.1|JAJPHC010000056.1_30	SP	405
GCA_021325695.1|JAJTCR010000050.1_8	SP	322
GCA_021372585.1|JAJFUD010000027.1_1	SP	456
GCA_021390615.1|JAJEJU010000025.1_336	LIPO	343
GCA_021404785.1|QWHH01000009.1_38	SP	339
GCA_021404985.1|QWHP01000529.1_2	SP	334
GCA_021413475.1|JAIOQJ010000374.1_3	SP	326
GCA_021413705.1|JAIOPX010000018.1_3	SP	313
GCA_021413735.1|JAIOPV010000042.1_64	SP	247
GCA_021413805.1|JAIOPR010000205.1_7	SP	309
GCA_021413845.1|JAIOPP010000070.1_77	SP	308
GCA_021414245.1|JAIOOU010000007.1_20	LIPO	327
GCA_021414245.1|JAIOOU010000003.1_643	LIPO	312
GCA_021443065.1|JABUUR010000526.1_2	SP	513
GCA_021462805.2|CP192696.1_2266	SP	333
GCA_021462855.1|JAJTXQ010000067.1_9	LIPO	316
GCA_021463145.1|JAJTWZ010000094.1_5	SP	409
GCA_021463345.1|JAJTYM010000004.1_46	SP	355
GCA_021463845.1|JAJTXV010000001.1_762	LIPO	337
GCA_021463865.1|JAJTXY010000002.1_110	SP	597
GCA_021560015.1|CP073588.1_2481	SP	331
GCA_021568835.1|JAKGSH010000004.1_203	SP	508
GCA_021604145.1|BQIX01000114.1_8	SP	321
GCA_021604865.1|BQJU01000003.1_83	SP	380
GCA_021623045.1|JAJWJX010000005.1_46	SP	539
GCA_021635485.1|JAJWOH010000208.1_3	SP	538
GCA_021640525.1|JAJXBQ010000322.1_2	SP	539
GCA_021647835.1|JAKITY010000021.1_18	SP	303
GCA_021648745.1|JAKISE010000009.1_21	LIPO	326
GCA_021648845.1|JAKJHY010000002.1_317	SP	300
GCA_021654635.1|AP025179.1_235	LIPO	314
GCA_021654635.1|AP025179.1_1240	LIPO	306
GCA_021730785.1|JAKFWF010000054.1_34	SP	317
GCA_021731085.1|JAKFYB010000008.1_25	SP	556
GCA_021731085.1|JAKFYB010000020.1_5	LIPO	341
GCA_021731285.1|JAKFXR010000145.1_5	SP	310
GCA_021731445.1|JAKFXK010000003.1_34	LIPO	348
GCA_021732005.1|JAKFVT010000033.1_184	LIPO	277
GCA_021732005.1|JAKFVT010000048.1_69	SP	286
GCA_021732085.1|JAKFVQ010000009.1_33	SP	331
GCA_021732175.1|JAKFVP010000190.1_11	SP	301
GCA_021732215.1|JAKFVL010000032.1_282	SP	306
GCA_021732385.1|JAKFVA010000042.1_20	SP	497
GCA_021732565.1|JAKFUT010000004.1_30	SP	345
GCA_021732585.1|JAKFUR010000078.1_8	SP	333
GCA_021732745.1|JAKFUK010000001.1_532	SP	309
GCA_021732745.1|JAKFUK010000001.1_921	SP	319
GCA_021732785.1|JAKFUG010000037.1_81	SP	314
GCA_021732845.1|JAKFUF010000118.1_23	SP	337
GCA_021732845.1|JAKFUF010000118.1_24	SP	351
GCA_021732845.1|JAKFUF010000172.1_20	SP	325
GCA_021732995.1|JAKFWA010000086.1_11	SP	248
GCA_021734595.1|JAIPIO010000077.1_5	SP	325
GCA_021734865.1|JAIPIC010000011.1_30	LIPO	325
GCA_021737185.1|JAIPEL010000020.1_23	TATLIPO	344
GCA_021737425.1|JAIPDZ010000095.1_1	LIPO	329
GCA_021737785.1|JAIPDI010000007.1_72	LIPO	329
GCA_021737785.1|JAIPDI010000013.1_2	SP	353
GCA_021738625.1|JAIPBS010000006.1_112	SP	414
GCA_021738725.1|JAIPBE010000033.1_28	SP	380
GCA_021739625.1|JAIPBJ010000017.1_31	LIPO	406
GCA_021739625.1|JAIPBJ010000047.1_22	SP	384
GCA_021739625.1|JAIPBJ010000130.1_10	SP	388
GCA_021739695.1|JAIPBM010000004.1_108	SP	382
GCA_021739695.1|JAIPBM010000033.1_16	SP	382
GCA_021740085.1|JAIPAL010000039.1_13	SP	391
GCA_021740385.1|JAIOZY010000006.1_69	SP	796
GCA_021740745.1|JAIOZF010000058.1_4	SP	380
GCA_021740915.1|JAIOYW010000008.1_101	LIPO	293
GCA_021741075.1|JAIOYO010000063.1_8	SP	321
GCA_021741155.1|JAIOYP010000040.1_19	SP	321
GCA_021772135.1|JADYXQ010000030.1_5	SP	383
GCA_021772135.1|JADYXQ010000042.1_6	SP	406
GCA_021772155.1|JADYXS010000383.1_5	SP	387
GCA_021772155.1|JADYXS010000152.1_3	SP	331
GCA_021772705.1|JAJFLN010000650.1_8	SP	332
GCA_021772845.1|JAJFLF010000248.1_6	SP	300
GCA_021772915.1|JAJFLB010000016.1_106	SP	324
GCA_021772935.1|JAJFLA010000046.1_70	SP	328
GCA_021773035.1|JAJFKU010000001.1_123	LIPO	330
GCA_021773055.1|JAJFKV010000059.1_7	LIPO	330
GCA_021773075.1|JAJFKT010000026.1_785	LIPO	331
GCA_021773115.1|JAJFKS010000006.1_491	LIPO	335
GCA_021773365.1|JAJFKF010000154.1_25	SP	324
GCA_021773655.1|JAJFJX010000340.1_5	LIPO	309
GCA_021775255.1|JAJFIA010000010.1_59	SP	293
GCA_021775525.1|JAJFHQ010000087.1_45	LIPO	360
GCA_021775555.1|JAJFHP010000041.1_86	LIPO	372
GCA_021776685.1|JAJFFJ010000013.1_6	SP	315
GCA_021776805.1|JAJFFD010000024.1_24	SP	432
GCA_021778125.1|JAJYCT010000010.1_12	LIPO	364
GCA_021778125.1|JAJYCT010000334.1_3	SP	351
GCA_021781115.1|JAJXXL010000141.1_2	SP	303
GCA_021781555.1|JAJXWQ010000126.1_4	LIPO	330
GCA_021782795.1|JAJXUP010000001.1_18	SP	297
GCA_021783355.1|JAJXTZ010000083.1_7	SP	318
GCA_021787595.1|JAJYLQ010000030.1_23	LIPO	356
GCA_021787595.1|JAJYLQ010000030.1_24	LIPO	384
GCA_021787845.1|JAJYLH010000004.1_26	LIPO	318
GCA_021792405.1|JAJYUU010000134.1_2	SP	524
GCA_021793235.1|JAJYTD010000068.1_8	SP	421
GCA_021793335.1|JAJYSW010000210.1_4	SP	446
GCA_021796115.1|JAJYOP010000004.1_62	SP	351
GCA_021796115.1|JAJYOP010000004.1_63	SP	348
GCA_021806045.1|JAJZDI010000007.1_64	LIPO	312
GCA_021811405.1|JAJZOZ010000038.1_8	SP	493
GCA_021812385.1|JAKANO010000010.1_27	SP	358
GCA_021812865.1|JAKAMP010000353.1_3	SP	323
GCA_021813085.1|JAKAMA010000084.1_3	LIPO	323
GCA_021813085.1|JAKAMA010000254.1_2	LIPO	360
GCA_021818185.1|JAKAFA010000124.1_5	SP	350
GCA_021819435.1|JAKARB010000004.1_210	SP	341
GCA_021823425.1|JAKANX010000021.1_7	LIPO	314
GCA_021824175.1|JAKALP010000011.1_98	SP	335
GCA_021845805.1|JAJZVD010000006.1_9	SP	300
GCA_021845965.1|JAJZUZ010000090.1_2	SP	340
GCA_022013895.1|JAKLPK010000129.1_3	SP	331
GCA_022072165.1|JAJVIF010000001.1_1056	SP	321
GCA_022072225.1|JAJVIC010000009.1_18	SP	343
GCA_022072225.1|JAJVIC010000015.1_66	SP	375
GCA_022213955.1|JAKNTW010000002.1_14	SP	490
GCA_022213955.1|JAKNTW010000009.1_310	SP	437
GCA_022340195.1|JAJDOL010000330.1_6	LIPO	350
GCA_022340265.1|JAJDOH010000257.1_44	LIPO	323
GCA_022340285.1|JAJDOG010000024.1_18	SP	321
GCA_022340465.1|JAJDNW010000014.1_6	LIPO	323
GCA_022340585.1|JAJDNS010000097.1_2	LIPO	313
GCA_022340665.1|JAJDNM010000028.1_8	SP	323
GCA_022340755.1|JAJDNI010000284.1_12	LIPO	322
GCA_022360275.1|JAKSDC010000206.1_34	SP	338
GCA_022360315.1|JAKSDA010000503.1_10	LIPO	410
GCA_022360415.1|JAKSDB010000135.1_6	SP	322
GCA_022361195.1|JAKSBJ010000141.1_13	SP	323
GCA_022361275.1|JAKSBE010000568.1_2	SP	353
GCA_022361455.1|JAKSAW010000048.1_7	LIPO	296
GCA_022361455.1|JAKSAW010000181.1_36	LIPO	305
GCA_022402535.1|JAKRSD010000030.1_57	SP	325
GCA_022425195.1|JAKMFX010000034.1_70	LIPO	297
GCA_022425505.1|JAKMFI010000065.1_2	LIPO	306
GCA_022425625.1|JAKMFD010000180.1_2	SP	369
GCA_022425625.1|JAKMFD010000124.1_2	SP	621
GCA_022425745.1|JAKMEW010000301.1_2	SP	296
GCA_022428005.1|JAKMDI010000015.1_3	LIPO	307
GCA_022428035.1|JAKMDG010000456.1_3	SP	295
GCA_022446795.1|JAKVBX010000009.1_1	SP	558
GCA_022447025.1|JAKUUL010000009.1_22	LIPO	365
GCA_022447205.1|JAKVBQ010000011.1_8	LIPO	297
GCA_022447205.1|JAKVBQ010000006.1_23	SP	534
GCA_022447545.1|JAKVBI010000004.1_44	LIPO	326
GCA_022447555.1|JAKVBF010000015.1_74	SP	441
GCA_022447605.1|JAKVBG010000004.1_31	SP	352
GCA_022448165.1|JAKVAS010000056.1_11	SP	380
GCA_022448245.1|JAKVCO010000007.1_203	SP	293
GCA_022448315.1|JAKVCA010000054.1_19	SP	408
GCA_022448425.1|JAKVCY010000109.1_25	SP	335
GCA_022448945.1|JAKVCV010000012.1_69	SP	292
GCA_022448955.1|JAKVCU010000009.1_25	SP	383
GCA_022448995.1|JAKVCT010000483.1_3	LIPO	298
GCA_022449455.1|JAKUPL010000015.1_91	SP	641
GCA_022451065.1|JAKUOU010000022.1_25	SP	343
GCA_022562175.1|JADFPU010000202.1_4	SP	390
GCA_022563015.1|JADFOF010000390.1_1	SP	380
GCA_022566015.1|JADFJT010000067.1_4	SP	320
GCA_022566735.1|JADFIG010000005.1_156	SP	343
GCA_022567295.1|JADFHE010000017.1_21	SP	367
GCA_022571215.1|JACZYG010000021.1_7	SP	612
GCA_022572355.1|JACZWC010000015.1_27	SP	456
GCA_022599775.1|JAHZLQ010000042.1_65	SP	372
GCA_022599775.1|JAHZLQ010000042.1_77	SP	353
GCA_022601155.1|JAHZJA010000987.1_5	LIPO	353
GCA_022601155.1|JAHZJA010001333.1_6	LIPO	336
GCA_022601155.1|JAHZJA010000467.1_4	LIPO	356
GCA_022614915.1|JAKEHV010000074.1_19	SP	304
GCA_022615465.1|JAKEGR010000407.1_3	SP	344
GCA_022615525.1|JAKEGN010000277.1_3	LIPO	332
GCA_022616245.1|JAKEFD010000273.1_3	SP	304
GCA_022616245.1|JAKEFD010000421.1_1	SP	368
GCA_022616435.1|JAKEET010000036.1_14	SP	299
GCA_022616515.1|JAKEEQ010000426.1_5	SP	555
GCA_022616515.1|JAKEEQ010000505.1_3	SP	562
GCA_022616555.1|JAKEEG010000001.1_1	SP	289
GCA_022616595.1|JAKEEL010000106.1_3	SP	357
GCA_022616655.1|JAKEEJ010000055.1_3	SP	338
GCA_022627515.1|JAKEGK010000082.1_5	SP	327
GCA_022702125.1|JAKOND010000274.1_4	SP	438
GCA_022703175.1|JAKLEG010000418.1_2	LIPO	553
GCA_022703375.1|JAKLDS010000053.1_14	SP	343
GCA_022704925.1|JAKJFK010000051.1_5	SP	333
GCA_022705135.1|JAKJFA010000034.1_23	SP	346
GCA_022705165.1|JAKJEY010000008.1_22	SP	350
GCA_022705325.1|JAKJER010000033.1_5	SP	317
GCA_022708025.1|JAKIZM010000015.1_27	SP	297
GCA_022708865.1|JAKIXW010000009.1_6	SP	293
GCA_022709365.1|JAKLIY010000009.1_69	LIPO	361
GCA_022709405.1|JAKLIV010000120.1_4	LIPO	319
GCA_022709525.1|JAKLIQ010000006.1_3	LIPO	319
GCA_022709905.1|JAKLHY010000058.1_9	SP	814
GCA_022710975.1|JAKLGA010000023.1_10	SP	404
GCA_022711465.1|JAKLEZ010000039.1_20	LIPO	246
GCA_022730285.1|DZCQ01000011.1_49	SP	326
GCA_022736595.1|DZDC01000266.1_2	SP	326
GCA_022763165.1|JALEGO010000809.1_3	SP	381
GCA_022763215.1|JALEHC010000261.1_4	SP	378
GCA_022775105.1|JALFIX010000227.1_1	SP	641
GCA_022777585.1|JALFFZ010000177.1_3	SP	316
GCA_022793095.1|JAAWCD010000104.1_3	SP	721
GCA_022820925.1|JAJEEO010000003.1_60	LIPO	372
GCA_022828425.1|CP094685.1_188	SP	309
GCA_022837485.1|JALHHH010000040.1_13	SP	383
GCA_022841445.1|JALHRM010000001.1_407	SP	304
GCA_022841745.1|JALHQW010000016.1_65	SP	624
GCA_022841745.1|JALHQW010000065.1_28	SP	375
GCA_022842285.1|JALHPV010000007.1_27	LIPO	326
GCA_022842285.1|JALHPV010000253.1_6	LIPO	329
GCA_022842465.1|JALHPN010000026.1_6	LIPO	358
GCA_022842465.1|JALHPN010000038.1_27	SP	398
GCA_022842465.1|JALHPN010000078.1_5	LIPO	443
GCA_022842465.1|JALHPN010000078.1_13	LIPO	376
GCA_022842465.1|JALHPN010000133.1_19	LIPO	333
GCA_022842865.1|JALHOV010000569.1_3	SP	304
GCA_022842865.1|JALHOV010000573.1_3	LIPO	257
GCA_022842885.1|JALHOR010000024.1_22	SP	313
GCA_022842905.1|JALHOS010000037.1_19	SP	385
GCA_022843085.1|JALHOI010000002.1_12	SP	336
GCA_022843265.1|JALHNZ010000001.1_114	SP	343
GCA_022843405.1|JALHNQ010000050.1_11	SP	353
GCA_022843445.1|JALHNS010000317.1_5	SP	242
GCA_022843465.1|JALHNO010000001.1_241	LIPO	355
GCA_022843525.1|JALHNR010000018.1_16	SP	352
GCA_022843565.1|JALHNK010000101.1_1	SP	596
GCA_022843745.1|JALHNB010000018.1_85	SP	311
GCA_022844045.1|JALHMM010000024.1_44	SP	315
GCA_022844045.1|JALHMM010000091.1_6	SP	283
GCA_022844105.1|JALHMJ010000001.1_521	SP	340
GCA_022844105.1|JALHMJ010000004.1_90	LIPO	353
GCA_022844165.1|JALHMH010000013.1_22	SP	300
GCA_022844205.1|JALHMF010000002.1_198	SP	324
GCA_022844265.1|JALHMA010000509.1_3	SP	385
GCA_022844345.1|JALHLU010000009.1_192	LIPO	316
GCA_022844475.1|JALHLR010000015.1_33	LIPO	317
GCA_022865905.1|JALHUM010000140.1_8	LIPO	313
GCA_022866015.1|JALHTX010000005.1_4	LIPO	289
GCA_022866645.1|JALHUQ010000071.1_2	LIPO	330
GCA_022969175.1|JALJPB010000007.1_27	SP	316
GCA_022969215.1|JALJPA010000092.1_6	SP	690
GCA_023131935.1|JAGLYY010000323.1_1	LIPO	242
GCA_023134755.1|JAGLUM010000392.1_3	SP	297
GCA_023146115.1|JAGLCS010000124.1_6	LIPO	347
GCA_023150095.1|JAKLLO010000006.1_7	SP	363
GCA_023150195.1|JAKLLI010000397.1_2	SP	315
GCA_023150275.1|JAKLLG010000008.1_29	SP	335
GCA_023150375.1|JAKLLA010000001.1_339	SP	330
GCA_023150615.1|JAKLKO010000020.1_39	SP	325
GCA_023150835.1|JAKLKB010000087.1_7	LIPO	392
GCA_023150895.1|JAKLJY010000123.1_12	LIPO	357
GCA_023151145.1|JAKLJM010000027.1_9	SP	328
GCA_023151185.1|JAKLJL010000005.1_144	LIPO	319
GCA_023151335.1|JAKLJF010000583.1_4	SP	382
GCA_023213195.1|CP096135.1_2025	SP	370
GCA_023227695.1|JALNVE010000044.1_3	SP	589
GCA_023229135.1|JALNZT010000005.1_87	SP	378
GCA_023229425.1|JALNZG010000008.1_52	SP	403
GCA_023230855.1|JALNWQ010000024.1_24	SP	373
GCA_023248635.1|JAHFED010000006.1_51	LIPO	351
GCA_023248855.1|JAHFDS010000272.1_2	SP	525
GCA_023248875.1|JAHFDT010000086.1_4	LIPO	348
GCA_023249305.1|JAHFCU010000003.1_90	SP	309
GCA_023249375.1|JAHFCT010000098.1_2	SP	309
GCA_023249635.1|JAHFCH010000182.1_3	SP	335
GCA_023250995.1|JAHEZO010000096.1_3	SP	386
GCA_023251195.1|JAHEZG010000129.1_1	SP	328
GCA_023251675.1|JAHEYJ010000213.1_3	SP	384
GCA_023251695.1|JAHEYE010000063.1_5	SP	377
GCA_023251695.1|JAHEYE010000101.1_9	SP	405
GCA_023251725.1|JAHEYG010000018.1_33	SP	377
GCA_023251775.1|JAHEYC010000005.1_65	SP	324
GCA_023251835.1|JAHEXZ010000046.1_21	SP	493
GCA_023251855.1|JAHEYA010000209.1_8	SP	324
GCA_023251975.1|JAHEXU010000204.1_4	SP	538
GCA_023252115.1|JAHEXM010000013.1_3	SP	352
GCA_023254245.1|JALQYE010000055.1_5	LIPO	308
GCA_023254435.1|JALRLM010000372.1_5	SP	315
GCA_023254435.1|JALRLM010000476.1_3	SP	298
GCA_023254435.1|JALRLM010000009.1_2	SP	303
GCA_023255485.1|JALRIJ010000387.1_3	SP	307
GCA_023255615.1|JAHFLI010000008.1_12	LIPO	301
GCA_023262065.1|JALRDW010000030.1_3	SP	352
GCA_023262505.1|JALRAP010000038.1_3	SP	378
GCA_023263555.1|JALQVX010000364.1_5	SP	378
GCA_023264075.1|JALQTG010000205.1_4	LIPO	297
GCA_023264735.1|JAHFVD010000040.1_59	LIPO	305
GCA_023264735.1|JAHFVD010000045.1_62	LIPO	278
GCA_023264735.1|JAHFVD010000074.1_2	SP	291
GCA_023264755.1|JAHFVB010000553.1_2	LIPO	297
GCA_023264765.1|JAHFVC010000003.1_16	SP	318
GCA_023264765.1|JAHFVC010000303.1_8	LIPO	271
GCA_023264995.1|JAHFUR010000028.1_14	LIPO	295
GCA_023265045.1|JAHFUQ010000023.1_32	LIPO	300
GCA_023265235.1|JAHFUF010000770.1_2	SP	616
GCA_023265875.1|JAHFSF010000010.1_18	SP	332
GCA_023266695.1|JAHFPO010000024.1_15	SP	315
GCA_023268575.1|JALRCL010000633.1_3	SP	454
GCA_023268935.1|JALRKK010000106.1_8	SP	342
GCA_023301505.1|JALZUP010000047.1_2	SP	391
GCA_023382675.1|JAHDWN010000018.1_27	SP	310
GCA_023382755.1|JAHDWR010000086.1_11	LIPO	337
GCA_023383735.1|JAHDYN010000174.1_2	SP	321
GCA_023383795.1|JAHDYJ010000032.1_28	SP	318
GCA_023384135.1|JAHDXS010000001.1_415	SP	322
GCA_023384315.1|JAHDWY010000639.1_3	LIPO	312
GCA_023384575.1|JAHDVP010000009.1_22	SP	318
GCA_023386135.1|JAEWKG010000217.1_21	SP	317
GCA_023386455.1|JAEWJO010000186.1_8	LIPO	311
GCA_023386455.1|JAEWJO010000500.1_15	SP	487
GCA_023387335.1|JAEWIF010000052.1_223	SP	365
GCA_023387695.1|JAEWHT010000211.1_7	SP	306
GCA_023389095.1|JAEWFB010000319.1_8	SP	419
GCA_023389105.1|JAEWEY010000007.1_58	SP	332
GCA_023389455.1|JAEWEJ010000153.1_11	SP	466
GCA_023389745.1|JAEWED010000222.1_6	LIPO	312
GCA_023390245.1|JAEWDF010000116.1_6	SP	300
GCA_023390905.1|JAEWBY010000108.1_58	LIPO	266
GCA_023390985.1|JAEWBU010000379.1_11	TAT	365
GCA_023391315.1|JAEWBD010000294.1_6	LIPO	311
GCA_023391395.1|JAEWBA010000259.1_1	SP	487
GCA_023391395.1|JAEWBA010000030.1_6	SP	351
GCA_023391415.1|JAEWAY010000009.1_22	SP	852
GCA_023392115.1|JAEVZT010000263.1_7	SP	305
GCA_023392975.1|JAEWNA010000237.1_3	SP	616
GCA_023393375.1|JAEWLI010000045.1_28	SP	398
GCA_023396415.1|JAEWWJ010000009.1_7	SP	379
GCA_023396415.1|JAEWWJ010000074.1_70	SP	392
GCA_023397505.1|JAEWUC010000003.1_418	SP	373
GCA_023400405.1|JAEXFD010000007.1_146	SP	324
GCA_023402175.1|JAEXCN010000375.1_3	LIPO	400
GCA_023402175.1|JAEXCN010000374.1_30	LIPO	350
GCA_023402175.1|JAEXCN010000503.1_3	LIPO	317
GCA_023402505.1|JAEYGD010000550.1_13	SP	448
GCA_023402505.1|JAEYGD010000132.1_2	LIPO	298
GCA_023402505.1|JAEYGD010000552.1_7	SP	411
GCA_023404955.1|JAEXZY010000077.1_24	SP	284
GCA_023405815.1|JAEXXM010000020.1_67	LIPO	356
GCA_023406895.1|JAEXTV010000021.1_26	LIPO	322
GCA_023408075.1|JAEYKW010000014.1_75	LIPO	331
GCA_023410975.1|JAEYPG010000708.1_5	SP	426
GCA_023411035.1|JAEYPE010000146.1_50	SP	374
GCA_023411405.1|JAEYOU010000069.1_6	SP	513
GCA_023412475.1|JAEYNR010000046.1_5	SP	347
GCA_023412475.1|JAEYNR010000084.1_71	SP	266
GCA_023412515.1|JAEYNO010000416.1_1	SP	456
GCA_023412755.1|JAEZCB010000133.1_5	SP	382
GCA_023412755.1|JAEZCB010000038.1_13	SP	381
GCA_023412765.1|JAEZBX010000303.1_30	SP	305
GCA_023415075.1|JAEZLU010000146.1_7	SP	314
GCA_023415775.1|JAEZJM010000001.1_8	SP	312
GCA_023416315.1|JAEZIA010000002.1_9	SP	286
GCA_023416455.1|JAEZHQ010000397.1_16	SP	366
GCA_023416995.1|JAEZGI010000057.1_199	LIPO	307
GCA_023417065.1|JAEZGH010000032.1_18	LIPO	305
GCA_023417315.1|JAEZFW010000072.1_78	SP	337
GCA_023417785.1|JAEZEH010000085.1_19	LIPO	304
GCA_023417955.1|JAEZDW010000106.1_20	LIPO	306
GCA_023421245.1|JAEZTV010000024.1_22	LIPO	305
GCA_023423695.1|JAFAFA010000149.1_2	SP	355
GCA_023423895.1|JAFAER010000024.1_175	LIPO	453
GCA_023424135.1|JAFAEH010000370.1_22	SP	471
GCA_023426365.1|JAFAAW010000074.1_11	SP	351
GCA_023426545.1|JAFAAN010000064.1_8	LIPO	629
GCA_023428205.1|JAEYZB010000083.1_3	SP	373
GCA_023428295.1|JAEYYV010000004.1_12	LIPO	317
GCA_023429135.1|JAEYWD010000006.1_62	SP	815
GCA_023429275.1|JAEYWB010000921.1_3	SP	346
GCA_023430545.1|JAEZAF010000110.1_21	SP	307
GCA_023430545.1|JAEZAF010000067.1_5	SP	366
GCA_023430775.1|JAEYYY010000653.1_8	LIPO	307
GCA_023432565.1|JAEYUL010000106.1_15	SP	326
GCA_023432655.1|JAEYUK010000266.1_3	SP	330
GCA_023432985.1|JAEZEQ010000059.1_15	SP	382
GCA_023435725.1|JAEYRD010000082.1_6	SP	302
GCA_023436205.1|JAEZKC010000002.1_196	SP	508
GCA_023436205.1|JAEZKC010000107.1_24	SP	535
GCA_023437285.1|JAEZGP010000149.1_3	SP	471
GCA_023437865.1|JAEZFE010000424.1_3	SP	338
GCA_023438245.1|JAEXRD010000078.1_1	SP	421
GCA_023441905.1|JAEZNC010000222.1_2	LIPO	335
GCA_023443765.1|JAEZTA010000151.1_6	SP	287
GCA_023450775.1|JAEXGP010000265.1_19	SP	318
GCA_023456105.1|JAEYAO010000030.1_8	SP	304
GCA_023458095.1|JAEXAS010000009.1_14	LIPO	329
GCA_023459055.1|JAEWVR010000004.1_294	SP	351
GCA_023459055.1|JAEWVR010000018.1_15	SP	402
GCA_023459055.1|JAEWVR010000018.1_223	SP	583
GCA_023459055.1|JAEWVR010000024.1_30	SP	349
GCA_023459055.1|JAEWVR010000025.1_121	SP	357
GCA_023459215.1|JAEWVF010000111.1_29	LIPO	303
GCA_023459495.1|JAEWTL010000096.1_17	LIPO	338
GCA_023460085.1|JAEWRI010000006.1_7	SP	295
GCA_023483915.1|JAMDEO010000128.1_8	LIPO	373
GCA_023485685.1|JAMCZK010000022.1_11	LIPO	285
GCA_023509035.1|CP075583.1_827	SP	375
GCA_023509035.1|CP075583.1_2991	SP	294
GCA_023509035.1|CP075583.1_5592	SP	332
GCA_023511675.1|JAIMBC010000013.1_10	SP	309
GCA_023511675.1|JAIMBC010000055.1_3	SP	355
GCA_023511915.1|JAIMAN010000016.1_25	SP	326
GCA_023622765.1|JAMNYO010000085.1_23	SP	302
GCA_023666905.1|JAMPBC010000005.1_28	SP	291
GCA_023700925.1|JAMPXZ010000088.1_2	SP	357
GCA_023700925.1|JAMPXZ010000005.1_19	SP	437
GCA_023701205.1|JAMPXJ010000038.1_23	SP	361
GCA_023701225.1|JAMPXM010000065.1_5	SP	357
GCA_023701385.1|JAMPXC010000009.1_19	SP	304
GCA_023701385.1|JAMPXC010000015.1_14	SP	333
GCA_023701385.1|JAMPXC010000020.1_3	SP	288
GCA_023701435.1|JAMPXB010000018.1_66	SP	336
GCA_023703555.1|CP097968.1_425	LIPO	733
GCA_023703575.1|CP097969.1_101	SP	305
GCA_023819255.1|JAMWBU010000070.1_5	SP	306
GCA_023898385.1|CP060220.1_2023	SP	267
GCA_023954415.1|JAMLIB010000001.1_101	SP	318
GCA_023954635.1|JAGSHI010000053.1_23	SP	313
GCA_023957215.1|JAMLHH010000003.1_5	SP	383
GCA_023957475.1|JAMLHA010000009.1_106	SP	400
GCA_024072375.1|CP099617.1_1729	SP	322
GCA_024102795.1|JAGFJK010000310.1_6	SP	300
GCA_024102975.1|JAGFJD010000341.1_19	SP	325
GCA_024102975.1|JAGFJD010000342.1_4	SP	376
GCA_024103175.1|JAGFJE010000287.1_2	SP	784
GCA_024103175.1|JAGFJE010000061.1_31	SP	375
GCA_024103195.1|JAGFIW010000234.1_28	SP	377
GCA_024123915.1|CP099650.1_2350	LIPO	579
GCA_024123915.1|CP099650.1_5740	SP	292
GCA_024123955.1|CP099652.1_2240	LIPO	579
GCA_024134725.1|CP099863.1_2441	SP	331
GCA_024222295.1|JAAEPF010000017.1_439	LIPO	379
GCA_024222475.1|JAAEPA010000463.1_5	SP	391
GCA_024222685.1|JAAEOZ010000234.1_4	SP	306
GCA_024224415.1|JAAENK010000013.1_20	SP	313
GCA_024225635.1|JAAEMK010000744.1_30	SP	659
GCA_024226315.1|JAAELT010000151.1_11	SP	305
GCA_024227135.1|JAAELC010000210.1_7	SP	370
GCA_024227155.1|JAAELB010000089.1_2	SP	336
GCA_024227235.1|JAAEKY010000888.1_4	LIPO	334
GCA_024228355.1|JAAETN010000568.1_30	LIPO	321
GCA_024229115.1|JAAEST010000111.1_87	SP	308
GCA_024233865.1|JACKPA010000009.1_208	SP	298
GCA_024233935.1|JACKOY010000004.1_12	LIPO	319
GCA_024233975.1|JACKOX010000008.1_71	SP	618
GCA_024234815.1|JACKNO010000006.1_225	SP	332
GCA_024234815.1|JACKNO010000011.1_3	SP	311
GCA_024234975.1|JACKNH010000035.1_25	SP	315
GCA_024235035.1|JACKNE010000017.1_50	LIPO	430
GCA_024235175.1|JACKMX010000005.1_549	SP	524
GCA_024235215.1|JACKMU010000007.1_46	SP	509
GCA_024235675.1|JACKLZ010000005.1_314	SP	350
GCA_024235855.1|JACKLN010000008.1_165	LIPO	345
GCA_024235895.1|JACKLM010000003.1_623	LIPO	358
GCA_024235895.1|JACKLM010000008.1_159	LIPO	338
GCA_024236075.1|JACKLE010000001.1_39	SP	324
GCA_024236075.1|JACKLE010000009.1_57	SP	339
GCA_024236075.1|JACKLE010000010.1_32	SP	329
GCA_024274785.1|JAJSAM010000005.1_57	SP	873
GCA_024274915.1|JAJSAC010000021.1_15	LIPO	328
GCA_024276095.1|JAJRXW010000232.1_23	LIPO	355
GCA_024276375.1|JAJRXG010000123.1_5	LIPO	320
GCA_024277695.1|JAJRUR010000067.1_1	SP	373
GCA_024277915.1|JAJRUG010000093.1_11	LIPO	345
GCA_024277995.1|JAJRUD010000005.1_2	LIPO	290
GCA_024278455.1|JAJRTE010000284.1_2	SP	288
GCA_024279945.1|JAJRRA010000071.1_5	SP	325
GCA_024280295.1|JAJRQK010000049.1_6	LIPO	389
GCA_024281015.1|JAMXLL010000348.1_19	LIPO	354
GCA_024305105.1|JAMWZA010000028.1_16	SP	644
GCA_024398335.1|JAKSJJ010000073.1_5	SP	305
GCA_024398815.1|JAKSIL010000003.1_18	SP	526
GCA_024398995.1|JAKSIE010000029.1_5	LIPO	531
GCA_024399015.1|JAKSIC010000016.1_13	LIPO	517
GCA_024399015.1|JAKSIC010000003.1_97	SP	487
GCA_024399035.1|JAKSID010000001.1_3	LIPO	511
GCA_024399065.1|JAKSIB010000014.1_8	LIPO	517
GCA_024401215.1|JAKSLL010000146.1_2	SP	674
GCA_024401275.1|JAKSLJ010000001.1_86	SP	517
GCA_024401435.1|JAKSLB010000014.1_49	SP	481
GCA_024401435.1|JAKSLB010000002.1_42	SP	585
GCA_024401455.1|JAKSLA010000028.1_13	SP	496
GCA_024401455.1|JAKSLA010000090.1_4	SP	599
GCA_024401475.1|JAKSKZ010000001.1_216	SP	498
GCA_024401475.1|JAKSKZ010000004.1_4	SP	599
GCA_024401515.1|JAKSKY010000019.1_17	SP	766
GCA_024401555.1|JAKSKV010000026.1_16	SP	762
GCA_024401565.1|JAKSKU010000037.1_11	SP	595
GCA_024402125.1|JAKSJT010000108.1_5	SP	290
GCA_024434115.1|QMIT01000003.1_195	SP	594
GCA_024539815.1|JAHHIU010000055.1_10	SP	438
GCA_024635865.1|JAGXIB010000136.1_2	SP	390
GCA_024635865.1|JAGXIB010000036.1_6	SP	385
GCA_024635865.1|JAGXIB010000036.1_8	SP	385
GCA_024636395.1|JAGXHD010000179.1_5	SP	281
GCA_024636705.1|JAGXGN010000061.1_18	SP	352
GCA_024638385.1|JAHEKJ010000081.1_6	SP	308
GCA_024638445.1|JAHEKH010000149.1_4	SP	363
GCA_024639205.1|JAHEIV010000018.1_4	LIPO	333
GCA_024639325.1|JAHEIO010000131.1_6	SP	375
GCA_024639405.1|JAHEIL010000031.1_7	SP	388
GCA_024639505.1|JAHEIE010000010.1_16	LIPO	299
GCA_024639825.1|JAHEGH010000022.1_27	LIPO	363
GCA_024639975.1|JAHEFX010000171.1_2	LIPO	284
GCA_024640025.1|JAHEFT010000013.1_27	SP	321
GCA_024640315.1|JAHEFF010000017.1_30	LIPO	369
GCA_024640565.1|JAHEET010000002.1_370	LIPO	297
GCA_024640665.1|JAHEEO010000239.1_3	SP	301
GCA_024640845.1|JAHEEE010000021.1_38	LIPO	312
GCA_024641475.1|JAHECZ010000028.1_7	LIPO	307
GCA_024641505.1|JAHECY010000049.1_21	LIPO	333
GCA_024641785.1|JAHECK010000042.1_9	SP	385
GCA_024642025.1|JAHEBY010000071.1_5	LIPO	358
GCA_024642505.1|JAHEAZ010000021.1_38	SP	332
GCA_024642575.1|JAHEBB010000372.1_4	SP	299
GCA_024642625.1|JAHEAU010000057.1_12	SP	382
GCA_024642805.1|JAHEAK010000006.1_16	LIPO	439
GCA_024642805.1|JAHEAK010000606.1_3	SP	353
GCA_024644515.1|JAHEHN010000025.1_11	SP	296
GCA_024645245.1|JAHEBN010000072.1_8	SP	292
GCA_024682395.1|JAIKZH010000043.1_1	SP	310
GCA_024682395.1|JAIKZH010000051.1_1	SP	309
GCA_024686055.1|JAIBDV010000188.1_7	SP	364
GCA_024686055.1|JAIBDV010000376.1_2	SP	519
GCA_024688885.1|JAILDV010000053.1_33	SP	463
GCA_024693065.1|JAILLP010000011.1_23	SP	580
GCA_024694675.1|JAILJO010000022.1_5	SP	294
GCA_024697405.1|JAILFU010000015.1_22	SP	601
GCA_024709105.1|JANJXJ010000122.1_48	SP	374
GCA_024710355.1|JANJUX010000011.1_44	SP	342
GCA_024710405.1|JANJUV010000020.1_91	SP	381
GCA_024710405.1|JANJUV010000010.1_54	SP	378
GCA_024710705.1|JANJUF010000087.1_15	SP	327
GCA_024710865.1|JANJTY010000116.1_3	LIPO	338
GCA_024711325.1|JANJTC010000001.1_182	SP	332
GCA_024742305.1|JANSYQ010000001.1_199	SP	380
GCA_024742405.1|JANSYP010000001.1_1019	SP	404
GCA_024742755.1|JANSXW010000004.1_24	SP	375
GCA_024743255.1|JANSWY010000079.1_3	SP	739
GCA_024743405.1|JANSWP010000080.1_25	SP	377
GCA_024756235.1|JANUGY010000002.1_666	SP	323
GCA_024762995.1|JANTGI010000085.1_8	LIPO	295
GCA_024763075.1|JANTGF010000133.1_2	SP	390
GCA_024763275.1|JANTFT010000012.1_3	SP	317
GCA_025041175.1|JAKCFJ010000001.1_1954	TAT	343
GCA_025041195.1|JAKCFM010000002.1_378	TAT	493
GCA_025054695.1|JANWZI010000010.1_36	LIPO	349
GCA_025210175.1|JAOASF010000044.1_17	SP	372
GCA_025210295.1|JAOASC010000026.1_92	SP	385
GCA_025210295.1|JAOASC010000028.1_149	SP	403
GCA_025350245.1|JANXYG010000041.1_8	SP	344
GCA_025350525.1|JANXXR010000382.1_3	SP	310
GCA_025350705.1|JANXXH010000156.1_2	LIPO	339
GCA_025351525.1|JANXVV010000612.1_9	SP	514
GCA_025351745.1|JANXVI010000194.1_10	SP	492
GCA_025351875.1|JANXVA010000764.1_5	LIPO	344
GCA_025351875.1|JANXVA010000152.1_3	SP	399
GCA_025351985.1|JANXUW010000723.1_2	LIPO	344
GCA_025352065.1|JANXUC010000021.1_78	LIPO	335
GCA_025353585.1|JANXOM010000387.1_8	SP	386
GCA_025353585.1|JANXOM010000253.1_12	LIPO	328
GCA_025354605.1|JANXMN010000476.1_9	SP	395
GCA_025354825.1|JANXMC010000037.1_4	LIPO	356
GCA_025354825.1|JANXMC010000517.1_6	LIPO	354
GCA_025355005.1|JANXLV010000162.1_24	SP	404
GCA_025355005.1|JANXLV010000176.1_10	LIPO	318
GCA_025355005.1|JANXLV010000221.1_8	LIPO	321
GCA_025355105.1|JANYAE010000126.1_36	SP	343
GCA_025355245.1|JANXZZ010000149.1_6	SP	323
GCA_025355385.1|JANXZS010000171.1_8	SP	371
GCA_025355725.1|JANXZC010000097.1_7	LIPO	346
GCA_025355955.1|JANXYP010000214.1_4	LIPO	343
GCA_025356075.1|JANXUT010000068.1_261	SP	342
GCA_025356095.1|JANXUR010000064.1_29	LIPO	386
GCA_025356245.1|JANXUO010000119.1_3	SP	395
GCA_025357175.1|JANXPS010000078.1_22	LIPO	361
GCA_025357235.1|JANXPQ010000179.1_12	SP	334
GCA_025357755.1|JANXOP010000411.1_5	SP	471
GCA_025357795.1|JANYLN010000218.1_25	TATLIPO	328
GCA_025357895.1|JANYLL010000266.1_24	SP	373
GCA_025358055.1|JANYKV010000192.1_9	SP	314
GCA_025358515.1|JANYJG010000218.1_8	SP	471
GCA_025359105.1|JANYHK010000027.1_122	LIPO	352
GCA_025359105.1|JANYHK010000105.1_14	LIPO	411
GCA_025359105.1|JANYHK010000026.1_105	LIPO	480
GCA_025359105.1|JANYHK010000036.1_5	LIPO	462
GCA_025359105.1|JANYHK010000036.1_7	LIPO	444
GCA_025359135.1|JANYHJ010000094.1_2	SP	323
GCA_025359245.1|JANYGW010000227.1_23	SP	581
GCA_025359355.1|JANYGR010000373.1_3	SP	403
GCA_025359355.1|JANYGR010000347.1_3	SP	487
GCA_025359355.1|JANYGR010000298.1_1	SP	275
GCA_025360045.1|JANYCY010000007.1_6	SP	363
GCA_025360345.1|JANYCJ010000034.1_8	SP	299
GCA_025360355.1|JANYCL010000062.1_4	SP	405
GCA_025360395.1|JANYCH010000171.1_5	SP	295
GCA_025360585.1|JANYBW010000092.1_6	LIPO	352
GCA_025360605.1|JANYBV010000057.1_16	SP	304
GCA_025361865.1|JANYJH010000340.1_4	SP	305
GCA_025361995.1|JANYIP010000212.1_11	LIPO	321
GCA_025362035.1|JANYIN010000003.1_18	LIPO	332
GCA_025362095.1|JANYIJ010000173.1_10	SP	307
GCA_025362135.1|JANYHZ010000093.1_11	SP	340
GCA_025362395.1|JANYGK010000028.1_92	SP	382
GCA_025362395.1|JANYGK010000021.1_80	SP	402
GCA_025362575.1|JANYIQ010000011.1_24	SP	401
GCA_025362705.1|JANYFH010000060.1_4	SP	336
GCA_025362975.1|JANYES010000018.1_208	SP	299
GCA_025363015.1|JANYEQ010000020.1_34	SP	387
GCA_025363495.1|JANYDR010000245.1_2	SP	307
GCA_025363655.1|JANYDK010000059.1_40	TATLIPO	375
GCA_025370055.1|CP073041.1_7103	LIPO	357
GCA_025449725.1|JANWIU010000054.1_2	SP	315
GCA_025450955.1|JANWLJ010000027.1_5	LIPO	332
GCA_025451135.1|JANWKW010000041.1_8	SP	293
GCA_025453555.1|JALOQC010000277.1_9	LIPO	339
GCA_025453555.1|JALOQC010000059.1_16	LIPO	340
GCA_025453745.1|JALOPS010000223.1_6	SP	300
GCA_025454495.1|JALOOI010000026.1_20	SP	309
GCA_025454525.1|JALOOG010000099.1_11	SP	336
GCA_025454675.1|JALONZ010000342.1_5	SP	336
GCA_025454775.1|JALONU010000053.1_5	SP	331
GCA_025454855.1|JALONS010000032.1_27	LIPO	313
GCA_025455735.1|JALOMA010000040.1_10	SP	379
GCA_025455775.1|JALOLT010000012.1_11	SP	306
GCA_025457915.1|JALOTL010000016.1_22	SP	305
GCA_025457915.1|JALOTL010000003.1_49	LIPO	321
GCA_025458915.1|JALORL010000164.1_1	SP	403
GCA_025459425.1|JALOQF010000056.1_18	LIPO	732
GCA_025463135.1|JAOAPY010000013.1_187	SP	321
GCA_025463365.1|JAOBWM010000123.1_16	LIPO	374
GCA_025463665.1|JAODAY010000298.1_3	LIPO	321
GCA_025463875.1|JAODBI010000111.1_5	LIPO	354
GCA_025463875.1|JAODBI010000102.1_28	LIPO	378
GCA_025463925.1|JAODBK010000099.1_10	LIPO	346
GCA_025464915.1|JAODNF010000472.1_10	SP	323
GCA_025464915.1|JAODNF010000129.1_10	SP	346
GCA_025464915.1|JAODNF010000479.1_23	SP	331
GCA_025465135.1|JAODNA010000063.1_4	SP	379
GCA_025465135.1|JAODNA010000118.1_12	SP	448
GCA_025465135.1|JAODNA010000105.1_2	SP	353
GCA_025465145.1|JAODNS010000100.1_2	SP	348
GCA_025548565.1|JAJLPB010000002.1_597	LIPO	580
GCA_025808375.1|CP061009.1_1080	SP	682
GCA_025808555.1|CP075526.1_90	LIPO	350
GCA_025869435.1|JAOZVS010000075.1_4	SP	316
GCA_025869435.1|JAOZVS010000075.1_5	LIPO	326
GCA_025922915.1|JAICGY010000020.1_17	SP	312
GCA_025927515.1|JAICLG010000002.1_8	LIPO	364
GCA_025927545.1|JAICLE010000090.1_6	SP	307
GCA_025928125.1|JAICKD010000443.1_4	LIPO	336
GCA_025928645.1|JAICJD010000038.1_21	SP	326
GCA_025928885.1|JAICIM010000128.1_4	LIPO	333
GCA_025928885.1|JAICIM010000278.1_3	LIPO	330
GCA_025928885.1|JAICIM010000684.1_1	LIPO	368
GCA_025928955.1|JAICNA010000088.1_4	LIPO	327
GCA_025929365.1|JAICMG010000038.1_8	SP	343
GCA_025929595.1|JAICQA010000184.1_4	SP	323
GCA_025931335.1|JAICNG010000097.1_5	SP	297
GCA_025934375.1|JAICYD010000008.1_47	SP	360
GCA_025934435.1|JAICYB010000013.1_64	SP	353
GCA_025934475.1|JAICXZ010000389.1_5	SP	296
GCA_025934595.1|JAICXU010000757.1_1	LIPO	359
GCA_025935235.1|JAICVT010000443.1_2	SP	379
GCA_025935235.1|JAICVT010000043.1_2	LIPO	311
GCA_025935815.1|JAICUO010000078.1_11	SP	360
GCA_025937135.1|JAICRZ010000188.1_4	SP	324
GCA_025937815.1|JAICQP010000015.1_18	LIPO	335
GCA_025937895.1|JAICQL010000064.1_12	LIPO	312
GCA_025963195.1|JAOPVF010000112.1_11	LIPO	298
GCA_025963385.1|JAOPUT010000097.1_11	SP	295
GCA_025963485.1|JAOQAO010000079.1_21	SP	381
GCA_025963645.1|JAOQAI010000015.1_182	SP	294
GCA_025963715.1|JAOQAG010000051.1_131	SP	401
GCA_025963725.1|JAOQAE010000004.1_284	SP	370
GCA_025963725.1|JAOQAE010000002.1_1360	SP	407
GCA_025963735.1|JAOQAF010000265.1_13	SP	381
GCA_025963775.1|JAOQAD010000037.1_245	SP	370
GCA_025963905.1|JAOPZW010000292.1_20	SP	482
GCA_025963905.1|JAOPZW010000438.1_19	SP	333
GCA_025963905.1|JAOPZW010000281.1_9	SP	357
GCA_025964075.1|JAOPZQ010000602.1_4	SP	302
GCA_025964075.1|JAOPZQ010000455.1_6	SP	329
GCA_025964075.1|JAOPZQ010000015.1_8	SP	482
GCA_025964155.1|JAOPZJ010000039.1_6	SP	414
GCA_025964155.1|JAOPZJ010000445.1_20	SP	464
GCA_025964575.1|JAOPYO010000016.1_7	SP	434
GCA_025964625.1|JAOPYL010000124.1_65	SP	344
GCA_025964675.1|JAOPYI010000113.1_7	SP	408
GCA_025964685.1|JAOPYG010000224.1_18	SP	338
GCA_025964695.1|JAOPYK010000157.1_9	SP	410
GCA_025964715.1|JAOPYH010000375.1_31	SP	344
GCA_025965115.1|JAOPXO010000050.1_27	LIPO	313
GCA_025965395.1|JAOPXA010000329.1_5	SP	314
GCA_025965495.1|JAOPWW010000163.1_4	SP	324
GCA_025965555.1|JAOPWT010000392.1_26	SP	317
GCA_025965815.1|JAOPWF010000004.1_2	LIPO	299
GCA_025965915.1|JAOPWA010000210.1_7	TAT	318
GCA_025980325.1|JAICXQ010000006.1_41	SP	358
GCA_025980335.1|JAICXO010000035.1_6	SP	332
GCA_025993795.1|JAMQHL010000049.1_2	LIPO	772
GCA_026003335.1|BPHB01000001.1_306	SP	494
GCA_026003335.1|BPHB01000001.1_1174	SP	382
GCA_026003395.1|BPHE01000001.1_217	SP	378
GCA_026003995.1|BPIG01000002.1_95	LIPO	345
GCA_026004675.1|BPJP01000009.1_33	SP	316
GCA_026005095.1|BPKK01000009.1_72	LIPO	335
GCA_026005175.1|BPKO01000001.1_63	LIPO	333
GCA_026125285.1|JAHCLO010000067.1_6	SP	803
GCA_026125665.1|JAHCKS010000108.1_2	SP	344
GCA_026125865.1|JAHCKI010000241.1_4	SP	528
GCA_026126065.1|JAHCJY010000001.1_793	SP	310
GCA_026126245.1|JAHCJT010000024.1_3	SP	323
GCA_026129095.1|JAHCIT010000004.1_91	LIPO	366
GCA_026129405.1|JAHCID010000007.1_161	SP	422
GCA_026129405.1|JAHCID010000007.1_162	SP	421
GCA_026129465.1|JAHCIA010000001.1_494	SP	376
GCA_026129525.1|JAHCHW010000002.1_306	SP	408
GCA_026129525.1|JAHCHW010000009.1_136	SP	735
GCA_026130045.1|JAIBNX010000149.1_1	SP	444
GCA_026130045.1|JAIBNX010000175.1_10	LIPO	299
GCA_026130045.1|JAIBNX010000050.1_7	SP	568
GCA_026130045.1|JAIBNX010000007.1_40	LIPO	293
GCA_026193295.1|JAPHSB010000228.1_3	SP	327
GCA_026196105.1|JAPHRK010000009.1_6	SP	347
GCA_026196225.1|JAPHRD010000060.1_39	SP	363
GCA_026196775.1|JAPHUD010000034.1_18	LIPO	322
GCA_026224805.1|JAMFRN010000195.1_13	SP	313
GCA_026225295.1|JAMFSN010000096.1_16	LIPO	354
GCA_026225295.1|JAMFSN010000028.1_8	LIPO	329
GCA_026225435.1|JAMFST010000957.1_2	LIPO	300
GCA_026387845.1|JAPLKX010000290.1_3	LIPO	294
GCA_026387915.1|JAPLKS010000014.1_41	LIPO	319
GCA_026388155.1|JAPLKI010000006.1_40	SP	306
GCA_026388335.1|JAPLJZ010000159.1_25	SP	313
GCA_026388335.1|JAPLJZ010000081.1_12	LIPO	346
GCA_026388375.1|JAPLJX010000338.1_7	SP	335
GCA_026388445.1|JAPLJU010000215.1_11	SP	315
GCA_026389655.1|JAPLHL010000118.1_10	LIPO	334
GCA_026390045.1|JAPLGR010000192.1_4	LIPO	331
GCA_026391005.1|JAPLEV010000035.1_18	LIPO	397
GCA_026391075.1|JAPLES010000044.1_47	SP	401
GCA_026391255.1|JAPLDU010000037.1_5	SP	395
GCA_026391835.1|JAPLDF010000050.1_39	SP	383
GCA_026391935.1|JAPLDC010000338.1_7	SP	370
GCA_026391975.1|JAPLDB010000035.1_26	SP	401
GCA_026393245.1|JAPLAO010000292.1_6	SP	293
GCA_026393985.1|JAPKZB010000019.1_8	SP	562
GCA_026394435.1|JAPKYG010000048.1_14	LIPO	326
GCA_026397595.1|JAPLUO010000379.1_3	SP	338
GCA_026398695.1|JAPLSJ010000137.1_8	LIPO	356
GCA_026399515.1|JAPLQT010000137.1_4	SP	342
GCA_026399755.1|JAPLQI010000062.1_1	SP	362
GCA_026400075.1|JAPLPS010000066.1_12	SP	349
GCA_026400835.1|JAPLOA010000054.1_67	SP	609
GCA_026400835.1|JAPLOA010000054.1_68	LIPO	349
GCA_026400835.1|JAPLOA010000035.1_172	SP	302
GCA_026401075.1|JAPLNQ010000174.1_7	SP	310
GCA_026410415.1|JAPMLR010000004.1_137	LIPO	348
GCA_026414605.1|JAOAIP010000005.1_22	SP	384
GCA_026415195.1|JAOAHO010000036.1_7	SP	377
GCA_026415395.1|JAOAHD010000016.1_232	SP	316
GCA_026415505.1|JAOAGY010000037.1_5	LIPO	314
GCA_026416115.1|JAOAFU010000213.1_1	SP	552
GCA_026417155.1|JAOADU010000026.1_12	SP	373
GCA_026418295.1|JAOABP010000007.1_13	SP	311
GCA_026418315.1|JAOABO010000054.1_8	SP	380
GCA_026418655.1|JAOAAW010000041.1_11	SP	308
GCA_026645745.1|JAPKMU010000156.1_6	SP	325
GCA_026645745.1|JAPKMU010000375.1_3	SP	319
GCA_026645945.1|JAPKMO010000043.1_26	SP	312
GCA_026646655.1|JAPKHT010000021.1_35	SP	246
GCA_026692825.1|JAPLOC010000266.1_8	SP	284
GCA_026692865.1|JAPLNI010000058.1_473	SP	338
GCA_026786225.1|JAJAYN010000569.1_3	SP	337
GCA_026928325.1|JAIXKS010000011.1_17	SP	387
GCA_026981615.1|JALSIH010000042.1_3	SP	380
GCA_026984795.1|JALSRK010000073.1_92	SP	309
GCA_026985095.1|JALSQW010000046.1_54	LIPO	371
GCA_026985615.1|JALSQD010000012.1_45	LIPO	333
GCA_026989535.1|JALSJD010000026.1_2	LIPO	328
GCA_026991755.1|JALXAX010000133.1_5	SP	316
GCA_026992635.1|JALWYU010000050.1_1	SP	380
GCA_027008975.1|JALVDO010000916.1_7	SP	691
GCA_027013165.1|JALUXV010000063.1_8	SP	338
GCA_027021285.1|JALUUP010000511.1_3	LIPO	334
GCA_027028505.1|JALVJE010000209.1_3	SP	322
GCA_027054335.1|JALUPA010000203.1_26	LIPO	311
GCA_027065935.1|JAMONI010000003.1_2	LIPO	390
GCA_027066995.1|JAMOMQ010000172.1_5	LIPO	334
GCA_027072755.1|JALSXE010000409.1_4	LIPO	331
GCA_027075555.1|JALTAZ010000083.1_5	SP	325
GCA_027080135.1|JALWUJ010000159.1_12	LIPO	308
GCA_027080345.1|JALWSB010000142.1_15	SP	298
GCA_027214385.1|JAPVXR010000005.1_192	SP	387
GCA_027295505.1|JAPUKU010000105.1_5	SP	857
GCA_027307295.1|DAHUXF010000122.1_7	SP	345
GCA_027310665.1|DAIDAJ010000127.1_8	SP	306
GCA_027314595.1|DAHVAN010000364.1_8	SP	337
GCA_027314595.1|DAHVAN010000028.1_1	SP	391
GCA_027315255.1|DAHUYL010000071.1_1	LIPO	330
GCA_027320785.1|DAHVKR010000197.1_4	SP	294
GCA_027340875.1|DAIENX010000052.1_4	SP	493
GCA_027346425.1|DAIESF010000101.1_3	SP	346
GCA_027351005.1|DAIEJF010000184.1_14	SP	300
GCA_027365955.1|DAHXLO010000096.1_8	SP	334
GCA_027449025.1|DAIDMK010000001.1_93	SP	322
GCA_027451705.1|DAIDIT010000211.1_7	LIPO	363
GCA_027452205.1|DAIDGV010000024.1_422	SP	313
GCA_027452245.1|DAIDGW010000149.1_14	SP	399
GCA_027483045.1|JAIXVL010000156.1_5	LIPO	342
GCA_027483285.1|JAIXUZ010000357.1_12	SP	377
GCA_027483285.1|JAIXUZ010000306.1_3	SP	369
GCA_027483445.1|JAIXUS010000078.1_86	SP	314
GCA_027483625.1|JAIXUJ010000014.1_17	SP	312
GCA_027483645.1|JAIXUD010000009.1_45	SP	386
GCA_027483705.1|JAIXTY010000103.1_6	SP	319
GCA_027484125.1|JAIXUI010000074.1_74	SP	383
GCA_027484385.1|JAIXTB010000070.1_3	SP	352
GCA_027484495.1|JAIXSW010000256.1_7	SP	336
GCA_027484885.1|JAIXSD010000142.1_2	SP	335
GCA_027485415.1|JAIXRC010000031.1_3	SP	364
GCA_027485415.1|JAIXRC010000031.1_147	SP	373
GCA_027486525.1|JAIXOY010000282.1_2	SP	314
GCA_027486525.1|JAIXOY010000312.1_5	SP	333
GCA_027486765.1|JAIXOO010000431.1_12	SP	737
GCA_027486795.1|JAIXOI010000017.1_2	SP	383
GCA_027487315.1|JAIYDW010000065.1_2	SP	395
GCA_027487375.1|JAIYDQ010000485.1_14	SP	351
GCA_027487515.1|JAIYDL010000016.1_207	SP	313
GCA_027487685.1|JAIYDC010000149.1_9	SP	330
GCA_027487685.1|JAIYDC010000133.1_52	SP	313
GCA_027487845.1|JAIYCV010000004.1_6	LIPO	316
GCA_027488265.1|JAIYCA010000225.1_2	SP	624
GCA_027488935.1|JAIYAP010000022.1_184	SP	388
GCA_027489175.1|JAIYAE010000014.1_41	SP	290
GCA_027489245.1|JAIYAC010000014.1_86	SP	352
GCA_027489355.1|JAIXZY010000066.1_125	SP	289
GCA_027489965.1|JAIXZA010000175.1_22	SP	398
GCA_027490225.1|JAIXYK010000035.1_87	SP	380
GCA_027490725.1|JAIXXN010000066.1_11	SP	311
GCA_027491165.1|JAIXWS010000017.1_4	SP	393
GCA_027491215.1|JAIXWP010000039.1_27	SP	370
GCA_027492515.1|JAPUEP010000241.1_2	SP	318
GCA_027492575.1|JAPUEM010000160.1_28	LIPO	314
GCA_027492775.1|JAPUEC010000017.1_21	SP	324
GCA_027492775.1|JAPUEC010000031.1_19	SP	437
GCA_027492775.1|JAPUEC010000048.1_7	SP	417
GCA_027492775.1|JAPUEC010000109.1_12	SP	656
GCA_027492775.1|JAPUEC010000171.1_31	SP	556
GCA_027492775.1|JAPUEC010000197.1_27	SP	338
GCA_027492775.1|JAPUEC010000197.1_28	SP	559
GCA_027492775.1|JAPUEC010000197.1_33	SP	411
GCA_027492775.1|JAPUEC010000197.1_34	SP	424
GCA_027492915.1|JAPUDW010000258.1_3	SP	322
GCA_027493875.1|JAOSJX010000001.1_119	LIPO	233
GCA_027493875.1|JAOSJX010000026.1_153	SP	318
GCA_027493935.1|JAOSJV010000012.1_139	LIPO	333
GCA_027493955.1|JAOSJT010000001.1_1088	LIPO	314
GCA_027494055.1|JAOSJO010000001.1_615	SP	790
GCA_027593035.1|JAQCJQ010000095.1_4	SP	621
GCA_027618475.1|JAQCEJ010000012.1_32	SP	301
GCA_027618855.1|JAQCID010000192.1_2	SP	346
GCA_027619225.1|JAQCFW010000016.1_20	SP	341
GCA_027621175.1|JAQCCM010000032.1_2	SP	380
GCA_027621335.1|JAQCAN010000084.1_3	SP	375
GCA_027621355.1|JAQCBZ010000017.1_20	LIPO	307
GCA_027621385.1|JAQCBQ010000178.1_6	LIPO	305
GCA_027623095.1|JAQBVM010000493.1_5	SP	313
GCA_027625095.1|JAQBXN010000005.1_84	SP	300
GCA_027658995.1|JAQDQK010000009.1_29	LIPO	327
GCA_027859005.1|JAQIBQ010000006.1_11	SP	800
GCA_027943745.1|AP025763.1_164	SP	362
GCA_028042835.1|JAOFOL010000011.1_14	SP	406
GCA_028097405.1|JAOHEK010000042.1_5	SP	314
GCA_028097405.1|JAOHEK010000099.1_2	SP	314
GCA_028228615.1|JAOJBS010000007.1_9	SP	325
GCA_028277185.1|JANQGQ010000038.1_61	LIPO	337
GCA_028277265.1|JANQGP010000029.1_8	LIPO	344
GCA_028277585.1|JANQFY010000225.1_3	SP	471
GCA_028277685.1|JANQFT010000234.1_2	SP	347
GCA_028277795.1|JANQFP010000088.1_9	SP	338
GCA_028277915.1|JANQFJ010000195.1_10	SP	388
GCA_028277985.1|JANQFG010000050.1_31	LIPO	333
GCA_028278085.1|JANQFB010000260.1_1	SP	285
GCA_028278335.1|JANQEN010000018.1_7	SP	381
GCA_028278545.1|JANQED010000151.1_44	LIPO	604
GCA_028279885.1|JANQMX010000029.1_72	SP	409
GCA_028279985.1|JANQMR010000024.1_37	LIPO	365
GCA_028280515.1|JANQLP010000082.1_2	SP	395
GCA_028281605.1|JANQJO010000089.1_4	LIPO	419
GCA_028281925.1|JANQIX010000049.1_166	SP	389
GCA_028282095.1|JANQIP010000136.1_72	SP	395
GCA_028282295.1|JANQIE010000055.1_7	SP	538
GCA_028282405.1|JANQIA010000483.1_5	SP	409
GCA_028282465.1|JANQHX010000108.1_15	LIPO	290
GCA_028282595.1|JANQHQ010000014.1_49	SP	332
GCA_028282935.1|JANQGU010000301.1_3	SP	353
GCA_028284395.1|JANQRV010000270.1_6	SP	390
GCA_028284395.1|JANQRV010000409.1_4	SP	663
GCA_028284445.1|JANQRS010000011.1_482	SP	405
GCA_028284485.1|JANQRQ010000069.1_13	SP	524
GCA_028284545.1|JANQRN010000185.1_5	SP	395
GCA_028284675.1|JANQRI010000032.1_106	LIPO	329
GCA_028284865.1|JANQQV010000024.1_98	SP	324
GCA_028284905.1|JANQQU010000056.1_8	SP	402
GCA_028285185.1|JANQQD010000138.1_18	SP	391
GCA_028285525.1|JANQOZ010000037.1_49	LIPO	340
GCA_028287065.1|JAQBQJ010000192.1_7	LIPO	380
GCA_028287065.1|JAQBQJ010000183.1_5	LIPO	411
GCA_028287065.1|JAQBQJ010000545.1_3	LIPO	453
GCA_028287065.1|JAQBQJ010000545.1_8	LIPO	364
GCA_028287065.1|JAQBQJ010000009.1_5	LIPO	479
GCA_028287065.1|JAQBQJ010000418.1_7	SP	581
GCA_028287105.1|JAQBQH010000297.1_2	SP	381
GCA_028287105.1|JAQBQH010000167.1_45	LIPO	375
GCA_028287115.1|JAQBQF010000314.1_24	SP	481
GCA_028287135.1|JAQBQE010000019.1_26	LIPO	315
GCA_028287135.1|JAQBQE010000069.1_8	SP	483
GCA_028287135.1|JAQBQE010000069.1_9	SP	380
GCA_028287185.1|JAQBQD010000114.1_29	LIPO	343
GCA_028287235.1|JAQBQB010000018.1_173	LIPO	327
GCA_028287235.1|JAQBQB010000023.1_38	LIPO	322
GCA_028287285.1|JAQBPY010000369.1_15	SP	287
GCA_028287525.1|JAQBPM010000347.1_40	LIPO	371
GCA_028287525.1|JAQBPM010000046.1_10	LIPO	349
GCA_028287625.1|JAQBPH010000158.1_9	SP	433
GCA_028287685.1|JAQBPE010000409.1_14	LIPO	341
GCA_028287745.1|JAQBPB010000042.1_38	LIPO	336
GCA_028287805.1|JAQBOY010000280.1_2	SP	292
GCA_028288545.1|JAQBNQ010000138.1_4	SP	380
GCA_028288545.1|JAQBNQ010000199.1_6	SP	464
GCA_028288545.1|JAQBNQ010000075.1_15	SP	379
GCA_028288545.1|JAQBNQ010000362.1_3	SP	378
GCA_028289675.1|JANQOL010000365.1_34	SP	299
GCA_028291125.1|JAQGIN010000236.1_4	SP	735
GCA_028291305.1|JAQGII010000235.1_2	SP	683
GCA_028291305.1|JAQGII010000011.1_6	SP	639
GCA_028291605.1|JAQGHS010000518.1_3	SP	326
GCA_028291645.1|JAQGNU010000128.1_3	SP	317
GCA_028291845.1|JAQGNM010000488.1_9	SP	579
GCA_028291845.1|JAQGNM010000503.1_3	SP	394
GCA_028291845.1|JAQGNM010000140.1_4	SP	292
GCA_028291945.1|JAQGNH010000146.1_13	SP	321
GCA_028292065.1|JAQGNC010000411.1_7	SP	321
GCA_028292185.1|JAQGMT010000288.1_6	SP	389
GCA_028292225.1|JAQGMV010000164.1_4	SP	322
GCA_028292265.1|JAQGMR010000072.1_129	SP	357
GCA_028293765.1|JAQGOG010000042.1_42	SP	337
GCA_028293765.1|JAQGOG010000031.1_25	SP	747
GCA_028356795.1|JAOMVH010000077.1_5	SP	333
GCA_028378565.1|JAONMX010000083.1_3	SP	321
GCA_028657175.1|JANCAF010000001.1_192	SP	483
GCA_028657175.1|JANCAF010000005.1_284	SP	503
GCA_028687345.1|JAQUAH010000129.1_4	SP	362
GCA_028687345.1|JAQUAH010000024.1_17	SP	350
GCA_028687545.1|JAQTZZ010000105.1_2	SP	320
GCA_028687585.1|JAQTZV010000021.1_21	LIPO	335
GCA_028687645.1|JAQTZQ010000065.1_11	SP	352
GCA_028688015.1|JAQTZB010000002.1_305	SP	323
GCA_028688145.1|JAQTYU010000001.1_198	SP	357
GCA_028688575.1|JAQTXW010000002.1_18	SP	333
GCA_028689775.1|JAQVCM010000009.1_71	SP	385
GCA_028689875.1|JAQVCG010000173.1_3	SP	315
GCA_028690215.1|JAQVBQ010000003.1_5	SP	305
GCA_028691445.1|JAQUZH010000145.1_3	SP	796
GCA_028694545.1|JAQVKV010000445.1_2	SP	316
GCA_028695965.1|JAQVHZ010000032.1_12	LIPO	522
GCA_028696945.1|JAQVGD010000119.1_7	SP	316
GCA_028698335.1|JAQVDP010000003.1_32	LIPO	310
GCA_028698335.1|JAQVDP010000003.1_127	SP	378
GCA_028698995.1|JAQVVM010000029.1_49	SP	372
GCA_028698995.1|JAQVVM010000035.1_13	SP	374
GCA_028701165.1|JAQVRG010000006.1_12	SP	302
GCA_028701435.1|JAQVQT010000270.1_4	SP	370
GCA_028705255.1|JAQWDW010000155.1_2	SP	288
GCA_028708815.1|JAQVYB010000043.1_14	SP	389
GCA_028709215.1|JAQVXI010000038.1_17	SP	866
GCA_028709785.1|JAQUTK010000005.1_39	SP	792
GCA_028710385.1|JAQTUC010000101.1_5	SP	337
GCA_028710415.1|JAQTUE010000009.1_48	SP	796
GCA_028710415.1|JAQTUE010000016.1_80	SP	817
GCA_028713415.1|JAQTOI010000006.1_31	SP	343
GCA_028713955.1|JAQTNJ010000055.1_4	SP	314
GCA_028717105.1|JAQUOM010000046.1_3	LIPO	329
GCA_028718945.1|JAQUKT010000045.1_9	LIPO	334
GCA_028817905.1|JAPPOR010000931.1_1	LIPO	408
GCA_028817905.1|JAPPOR010000407.1_16	LIPO	396
GCA_028817905.1|JAPPOR010000873.1_3	LIPO	407
GCA_028822155.1|JAPKEJ010000034.1_21	SP	306
GCA_028823175.1|JAPKBZ010000052.1_27	SP	347
GCA_028823235.1|JAPKBW010000031.1_8	LIPO	280
GCA_028823435.1|JAPKBK010000202.1_2	SP	681
GCA_028823435.1|JAPKBK010000227.1_3	SP	342
GCA_028865155.1|JAGWKW010000172.1_3	LIPO	302
GCA_028865545.1|JAGWJY010000001.1_22	SP	295
GCA_028869035.1|JAGWTL010000014.1_14	SP	338
GCA_028871555.1|JAGWNA010000042.1_8	LIPO	347
GCA_028872875.1|JAGWOC010000027.1_25	LIPO	323
GCA_028872875.1|JAGWOC010000005.1_49	LIPO	355
GCA_028873095.1|JAGWMU010000170.1_4	SP	344
GCA_028874335.1|JAPPJY010000023.1_9	LIPO	300
GCA_028874795.1|JAPPHT010000082.1_2	LIPO	396
GCA_028875855.1|JAGWVA010000039.1_17	SP	300
GCA_029009035.1|JAQXJQ010000125.1_9	LIPO	346
GCA_029060285.1|JAIDUH010000048.1_3	SP	672
GCA_029060625.1|JAIDTO010000226.1_3	SP	673
GCA_029061225.1|JAIDSM010000016.1_7	SP	680
GCA_029061225.1|JAIDSM010000243.1_11	SP	593
GCA_029061255.1|JAIDSL010000118.1_28	SP	684
GCA_029062005.1|JAIDQZ010000144.1_2	SP	591
GCA_029068655.1|JAIECF010000252.1_11	SP	679
GCA_029070945.1|JAIEBK010000139.1_4	SP	681
GCA_029194665.1|JARFXO010000007.1_159	SP	358
GCA_029202385.1|CP119314.1_1084	LIPO	681
GCA_029203185.1|CP119310.1_1757	SP	383
GCA_029210205.1|JARGOD010000012.1_24	SP	327
GCA_029210945.1|JARGGH010000027.1_28	LIPO	319
GCA_029212365.1|JARGOC010000006.1_28	LIPO	339
GCA_029212615.1|JARGPJ010000004.1_137	SP	326
GCA_029213005.1|JARGPI010000016.1_30	SP	347
GCA_029213165.1|JARGNO010000030.1_33	SP	308
GCA_029237735.1|JAQZBU010000020.1_51	SP	335
GCA_029237775.1|JAQZBR010000010.1_19	SP	404
GCA_029237775.1|JAQZBR010000005.1_286	SP	370
GCA_029237825.1|JAQZBQ010000002.1_105	SP	407
GCA_029238125.1|JAQWGQ010000024.1_4	LIPO	298
GCA_029238125.1|JAQWGQ010000001.1_83	LIPO	297
GCA_029238315.1|JAQWGI010000025.1_78	LIPO	297
GCA_029238515.1|JAQWFW010000032.1_24	LIPO	301
GCA_029238785.1|JAQWFN010000003.1_44	SP	351
GCA_029239455.1|JAQZAX010000072.1_2	SP	396
GCA_029239875.1|JARBUD010000017.1_44	SP	470
GCA_029242295.1|JAQWUF010000194.1_28	SP	370
GCA_029242715.1|JAQWTL010000003.1_5	SP	554
GCA_029242765.1|JAQWTJ010000092.1_6	SP	632
GCA_029243225.1|JAQWSL010000075.1_1	SP	376
GCA_029243485.1|JAQWRY010000010.1_24	LIPO	368
GCA_029243855.1|JAQWRG010000025.1_11	SP	373
GCA_029244925.1|JAQWQE010000051.1_54	LIPO	428
GCA_029245245.1|JAQWPT010000023.1_6	SP	566
GCA_029245395.1|JAQWPL010000033.1_191	SP	288
GCA_029245785.1|JAQWOR010000063.1_33	LIPO	305
GCA_029246415.1|JAQWNF010000023.1_17	SP	350
GCA_029246505.1|JAQWNC010000030.1_85	SP	293
GCA_029246605.1|JAQWMV010000014.1_3	SP	329
GCA_029246705.1|JAQWMQ010000021.1_4	LIPO	298
GCA_029246705.1|JAQWMQ010000021.1_5	SP	346
GCA_029246705.1|JAQWMQ010000016.1_6	SP	566
GCA_029247205.1|JAQWLT010000055.1_3	SP	525
GCA_029247685.1|JAQWKT010000019.1_7	LIPO	288
GCA_029247685.1|JAQWKT010000070.1_35	SP	381
GCA_029248455.1|JAQWJH010000036.1_24	LIPO	296
GCA_029248455.1|JAQWJH010000064.1_5	LIPO	302
GCA_029248525.1|JAQWJE010000027.1_107	SP	485
GCA_029248525.1|JAQWJE010000014.1_133	LIPO	328
GCA_029248885.1|JAQWIL010000031.1_37	LIPO	306
GCA_029249345.1|JAQWHM010000002.1_11	SP	300
GCA_029249445.1|JAQWHI010000019.1_118	SP	340
GCA_029251425.1|JAQXDJ010000354.1_7	SP	388
GCA_029251505.1|JAQXDG010000175.1_3	SP	352
GCA_029251865.1|JAQXCN010000072.1_12	SP	621
GCA_029251865.1|JAQXCN010000006.1_3	SP	369
GCA_029252405.1|JAQXBM010000033.1_3	LIPO	297
GCA_029252405.1|JAQXBM010000033.1_14	SP	381
GCA_029252405.1|JAQXBM010000044.1_43	SP	343
GCA_029252685.1|JAQXAY010000148.1_16	SP	376
GCA_029254025.1|JAQWYK010000045.1_15	SP	385
GCA_029259795.1|JAJDEM010000101.1_4	SP	335
GCA_029260035.1|JAJDEA010000249.1_10	LIPO	299
GCA_029260755.1|JAJDCQ010000102.1_23	SP	334
GCA_029260755.1|JAJDCQ010000159.1_9	SP	337
GCA_029260755.1|JAJDCQ010000209.1_27	LIPO	321
GCA_029260765.1|JAJDCP010000108.1_62	SP	300
GCA_029261015.1|JAJDCC010000224.1_13	SP	300
GCA_029261015.1|JAJDCC010000073.1_6	SP	333
GCA_029261855.1|JAJDAN010000083.1_128	SP	327
GCA_029261995.1|JAJDAF010000030.1_93	SP	408
GCA_029262035.1|JAJDAE010000101.1_9	SP	308
GCA_029262055.1|JAJDAD010000038.1_16	SP	311
GCA_029262195.1|JAJCZX010000003.1_95	SP	281
GCA_029262315.1|JAJCZP010000272.1_15	SP	507
GCA_029262355.1|JAJCZO010000145.1_39	LIPO	330
GCA_029262455.1|JAJCZJ010000070.1_29	SP	399
GCA_029262635.1|JAJCZA010000022.1_151	SP	328
GCA_029262775.1|JAJCYR010000002.1_31	LIPO	295
GCA_029262775.1|JAJCYR010000023.1_17	LIPO	297
GCA_029262795.1|JAJCYT010000030.1_181	LIPO	327
GCA_029262875.1|JAJCYO010000157.1_5	SP	381
GCA_029262875.1|JAJCYO010000162.1_9	SP	295
GCA_029262915.1|JAJCYN010000466.1_2	SP	297
GCA_029263015.1|JAJCYI010000089.1_1	SP	380
GCA_029263095.1|JAJCYA010000087.1_41	SP	344
GCA_029263115.1|JAJCYC010000006.1_34	LIPO	324
GCA_029265435.1|JAJUJH010000001.1_57	LIPO	296
GCA_029266615.1|JAQSWN010000179.1_16	LIPO	299
GCA_029268515.1|JAQWNP010000003.1_45	SP	392
GCA_029287395.1|JARFRF010000104.1_3	SP	364
GCA_029310945.1|JARJFC010000001.1_144	SP	341
GCA_029310945.1|JARJFC010000028.1_32	SP	322
GCA_029319145.1|CP119753.1_1957	SP	485
GCA_029379215.1|JAQYWO010000224.1_7	LIPO	325
GCA_029379215.1|JAQYWO010000305.1_2	SP	318
GCA_029379225.1|JAQYWR010000009.1_64	SP	317
GCA_029379265.1|JAQYWN010000145.1_2	SP	318
GCA_029379265.1|JAQYWN010000169.1_7	LIPO	325
GCA_029379285.1|JAQYWP010000168.1_3	SP	320
GCA_029379285.1|JAQYWP010000547.1_3	LIPO	304
GCA_029432775.1|JAROAZ010000001.1_61	LIPO	286
GCA_029550345.1|JAKPHK010000018.1_13	LIPO	313
GCA_029550865.1|JAKPGM010000074.1_10	SP	791
GCA_029552065.1|JAKPEG010000166.1_9	LIPO	332
GCA_029552745.1|JAKPDK010000152.1_66	SP	321
GCA_029552745.1|JAKPDK010000167.1_287	LIPO	296
GCA_029552945.1|JAKPDD010000032.1_82	LIPO	507
GCA_029552945.1|JAKPDD010000021.1_23	LIPO	872
GCA_029559435.1|JAKQBZ010000112.1_8	SP	302
GCA_029560515.1|JAKQKT010000370.1_33	LIPO	356
GCA_029561145.1|JAKQJM010000061.1_62	LIPO	342
GCA_029561195.1|JAKQJK010000037.1_12	SP	364
GCA_029561345.1|JAKQJC010000059.1_87	SP	296
GCA_029561505.1|JAKQXK010000046.1_2	SP	320
GCA_029564515.1|JAKQPV010000016.1_97	SP	313
GCA_029565065.1|JAKQOW010000019.1_43	LIPO	330
GCA_029565465.1|JAKQOD010000931.1_4	LIPO	313
GCA_029565465.1|JAKQOD010000577.1_2	LIPO	353
GCA_029571025.1|JAKPTJ010000006.1_9	LIPO	378
GCA_029571025.1|JAKPTJ010000085.1_20	LIPO	366
GCA_029571125.1|JAKPTH010000066.1_2	LIPO	320
GCA_029571985.1|JAKQVC010000058.1_6	LIPO	387
GCA_029573365.1|JAKQGD010000153.1_7	SP	373
GCA_029624675.1|JARSSP010000059.1_18	LIPO	462
GCA_029624735.1|JARSSM010000010.1_96	SP	377
GCA_029776255.1|JAKOTN010000133.1_7	SP	366
GCA_029777335.1|JAKOSN010000073.1_4	SP	313
GCA_029778105.1|JAKOQZ010000131.1_5	SP	286
GCA_029778235.1|JAKOQS010000151.1_3	SP	305
GCA_029779475.1|JAKPAN010000169.1_3	SP	340
GCA_029780075.1|JAKOZI010000249.1_28	SP	462
GCA_029780075.1|JAKOZI010000266.1_15	SP	354
GCA_029780075.1|JAKOZI010000054.1_41	SP	354
GCA_029780675.1|JAKOYE010000197.1_5	SP	274
GCA_029781595.1|JAKOWJ010000287.1_3	SP	308
GCA_029781865.1|JAKOVW010000081.1_232	SP	381
GCA_029859505.1|JAOUCZ010000126.1_12	SP	321
GCA_029861345.1|JAOTZM010000003.1_25	SP	442
GCA_029861345.1|JAOTZM010000014.1_20	SP	441
GCA_029861825.1|JAOTYN010000188.1_6	SP	320
GCA_029862925.1|JAOTWJ010000223.1_2	SP	319
GCA_029863245.1|JAOTVV010000049.1_11	LIPO	289
GCA_029863245.1|JAOTVV010000055.1_6	SP	313
GCA_029863245.1|JAOTVV010000009.1_75	LIPO	289
GCA_029863245.1|JAOTVV010000036.1_13	LIPO	294
GCA_029864235.1|JAOTTW010000065.1_8	SP	441
GCA_029864385.1|JAOTTL010000122.1_7	SP	319
GCA_029864405.1|JAOTTP010000099.1_6	SP	332
GCA_029881015.1|JAOUNK010000119.1_5	LIPO	359
GCA_029932755.1|JAOZPK010000006.1_20	SP	404
GCA_029933565.1|JAOZNY010000135.1_2	SP	391
GCA_029936215.1|JAPYUD010000158.1_7	SP	250
GCA_029936875.1|JAPYRS010000006.1_38	SP	340
GCA_029938115.1|JAPYOP010000020.1_16	SP	309
GCA_029938465.1|JAOZUW010000025.1_2	SP	374
GCA_029939945.1|JAOZRX010000041.1_6	LIPO	356
GCA_029945425.1|JAQSDV010000007.1_150	SP	352
GCA_029945855.1|JAQSDJ010000226.1_4	SP	341
GCA_029959325.1|JASCPF010000011.1_21	LIPO	319
GCA_029974275.1|JARKSN010000035.1_24	LIPO	325
GCA_029974275.1|JARKSN010000278.1_28	SP	316
GCA_029975155.1|JARKPQ010000090.1_44	LIPO	317
GCA_029975165.1|JARKPR010000099.1_6	SP	314
GCA_029975765.1|JARKOK010000176.1_45	SP	310
GCA_029976065.1|JARKNV010000041.1_27	LIPO	314
GCA_029977825.1|JAPOKD010000864.1_3	SP	288
GCA_029977845.1|JAPOKC010000029.1_15	SP	291
GCA_029978085.1|JAPOJV010000069.1_23	SP	303
GCA_029979305.1|JAPOHV010000041.1_3	SP	284
GCA_029979305.1|JAPOHV010000129.1_3	SP	295
GCA_030037785.1|JASHQA010000302.1_12	LIPO	341
GCA_030038355.1|JASHPB010000036.1_14	SP	341
GCA_030038535.1|JASHSV010000271.1_10	SP	302
GCA_030039155.1|JASHQL010000371.1_3	LIPO	338
GCA_030039775.1|JASHUX010000006.1_16	SP	332
GCA_030039975.1|JASHUO010000804.1_1	SP	333
GCA_030041155.1|JASHOJ010000123.1_36	SP	337
GCA_030044595.1|JASHVM010000375.1_3	LIPO	323
GCA_030053945.1|JASGCW010000181.1_6	LIPO	316
GCA_030054095.1|JASGCO010000029.1_34	SP	384
GCA_030064755.1|JASJEH010000032.1_30	SP	368
GCA_030065125.1|JASJDM010000077.1_20	SP	421
GCA_030065855.1|JASJCT010000137.1_15	LIPO	371
GCA_030065915.1|JASJCQ010000011.1_56	LIPO	333
GCA_030065975.1|JASJCN010000157.1_12	LIPO	310
GCA_030066015.1|JASJCL010000048.1_16	LIPO	326
GCA_030066075.1|JASJCH010000047.1_11	SP	335
GCA_030066085.1|JASJCI010000015.1_37	SP	335
GCA_030066595.1|JASJBI010000036.1_52	SP	354
GCA_030066625.1|JASJBG010000037.1_23	LIPO	328
GCA_030066655.1|JASJBE010000059.1_28	LIPO	345
GCA_030066685.1|JASJBF010000025.1_52	SP	354
GCA_030066735.1|JASJBB010000051.1_23	SP	340
GCA_030066775.1|JASJAY010000047.1_25	SP	345
GCA_030066985.1|JASJAN010000030.1_32	SP	305
GCA_030145245.1|JAQYWC010000046.1_3	SP	659
GCA_030146875.1|JASLAX010000015.1_25	SP	342
GCA_030147745.1|JASBUS010000101.1_4	SP	302
GCA_030147945.1|JASBUL010000124.1_11	SP	303
GCA_030149295.1|JASBRV010000043.1_20	SP	317
GCA_030149295.1|JASBRV010000095.1_7	SP	288
GCA_030149365.1|JASBRP010000004.1_95	SP	360
GCA_030149365.1|JASBRP010000004.1_117	LIPO	302
GCA_030149365.1|JASBRP010000014.1_96	LIPO	356
GCA_030149365.1|JASBRP010000018.1_124	SP	351
GCA_030150305.1|JASLGD010000087.1_4	SP	300
GCA_030150315.1|JASLGB010000287.1_5	SP	338
GCA_030157785.1|JAOAUC010000035.1_31	SP	348
GCA_030158285.1|JAOATF010000241.1_4	LIPO	315
GCA_030263275.1|SZOR01000032.1_53	TATLIPO	351
GCA_030263295.1|SZOS01000057.1_2	LIPO	335
GCA_030263555.1|SZPE01000057.1_11	SP	312
GCA_030263615.1|SZPH01000027.1_15	LIPO	310
GCA_030263685.1|SZPJ01000002.1_86	SP	304
GCA_030269125.1|BSSM01000006.1_228	SP	489
GCA_030269125.1|BSSM01000008.1_206	SP	336
GCA_030271615.1|JARXKP010000030.1_13	SP	346
GCA_030272785.1|JARXKM010000095.1_10	SP	238
GCA_030272785.1|JARXKM010000401.1_4	SP	585
GCA_030278895.1|JARXKK010000098.1_10	SP	308
GCA_030403585.1|JAUEPE010000072.1_12	SP	306
GCA_030418115.1|JAUHQD010000001.1_548	SP	352
GCA_030424595.1|JAUHWG010000017.1_112	SP	464
GCA_030424665.1|JAUHWN010000077.1_8	LIPO	357
GCA_030424665.1|JAUHWN010000096.1_12	SP	318
GCA_030424665.1|JAUHWN010000173.1_3	SP	333
GCA_030425045.1|JAUHVL010000003.1_69	SP	331
GCA_030425205.1|JAUIAP010000014.1_41	SP	372
GCA_030425545.1|JAUIAC010000454.1_2	LIPO	331
GCA_030425905.1|JAUHZT010000048.1_2	LIPO	330
GCA_030426005.1|JAUHZM010000050.1_5	SP	683
GCA_030426085.1|JAUHYW010000006.1_21	SP	894
GCA_030426105.1|JAUHZI010000025.1_30	SP	403
GCA_030426145.1|JAUHZF010000394.1_5	LIPO	332
GCA_030426325.1|JAUHYO010000350.1_2	LIPO	328
GCA_030426355.1|JAUHYQ010000007.1_111	SP	314
GCA_030426475.1|JAUHYR010000014.1_24	SP	321
GCA_030426505.1|JAUHYN010000333.1_5	SP	362
GCA_030426505.1|JAUHYN010000352.1_3	LIPO	512
GCA_030426505.1|JAUHYN010000877.1_2	SP	392
GCA_030426765.1|JAUHXV010000005.1_29	SP	379
GCA_030426825.1|JAUHXX010000226.1_7	SP	375
GCA_030426825.1|JAUHXX010000352.1_3	LIPO	308
GCA_030426845.1|JAUHXR010000040.1_24	LIPO	352
GCA_030426945.1|JAUHXL010000564.1_3	LIPO	426
GCA_030427085.1|JAUHXH010000001.1_94	SP	317
GCA_030427085.1|JAUHXH010000001.1_1171	SP	686
GCA_030427405.1|JAUHXK010000007.1_55	SP	271
GCA_030427485.1|JAUICG010000001.1_17	SP	338
GCA_030427595.1|JAUIBX010000256.1_1	SP	307
GCA_030427595.1|JAUIBX010000087.1_7	SP	314
GCA_030427805.1|JAUICP010000003.1_322	SP	318
GCA_030427805.1|JAUICP010000001.1_127	LIPO	357
GCA_030427805.1|JAUICP010000005.1_130	SP	327
GCA_030427935.1|JAUICI010000011.1_38	SP	316
GCA_030428105.1|JAUIBE010000016.1_9	SP	321
GCA_030429005.1|JAUIDP010000008.1_68	LIPO	331
GCA_030429045.1|JAUIEA010000025.1_17	SP	382
GCA_030429125.1|JAUIDF010000245.1_1	SP	356
GCA_030429205.1|JAUICZ010000002.1_16	SP	378
GCA_030429565.1|JAUIFE010000005.1_207	SP	660
GCA_030429665.1|JAUIEZ010000214.1_4	SP	353
GCA_030429735.1|JAUIET010000005.1_139	LIPO	316
GCA_030429765.1|JAUIER010000007.1_110	SP	319
GCA_030429765.1|JAUIER010000001.1_106	SP	360
GCA_030430165.1|JAUIGL010000001.1_4	LIPO	290
GCA_030430205.1|JAUIGE010000004.1_99	LIPO	296
GCA_030430245.1|JAUIFY010000398.1_2	LIPO	295
GCA_030430245.1|JAUIFY010000191.1_8	LIPO	339
GCA_030430565.1|JAUIKS010000033.1_105	SP	430
GCA_030430565.1|JAUIKS010000016.1_40	LIPO	379
GCA_030430575.1|JAUIKF010000050.1_3	SP	368
GCA_030430845.1|JAUIKE010000042.1_1	SP	315
GCA_030430975.1|JAUIKB010000374.1_2	LIPO	370
GCA_030431075.1|JAUIJR010000471.1_4	LIPO	339
GCA_030431075.1|JAUIJR010000250.1_2	LIPO	372
GCA_030431095.1|JAUIJU010000013.1_10	SP	328
GCA_030431185.1|JAUIJO010000018.1_11	SP	622
GCA_030431255.1|JAUIJL010000021.1_30	SP	666
GCA_030431335.1|JAUIJH010000089.1_20	SP	415
GCA_030431455.1|JAUIJE010000005.1_85	LIPO	397
GCA_030431455.1|JAUIJE010000011.1_13	SP	671
GCA_030431755.1|JAUIIK010000006.1_14	LIPO	327
GCA_030432025.1|JAUIIA010000002.1_178	SP	310
GCA_030432405.1|JAUIHG010000002.1_35	SP	391
GCA_030432655.1|JAUILA010000009.1_144	SP	382
GCA_030432655.1|JAUILA010000009.1_145	SP	395
GCA_030432855.1|JAUILM010000857.1_3	SP	379
GCA_030433055.1|JAUILJ010000357.1_3	LIPO	446
GCA_030433195.1|JAUIME010000739.1_1	SP	311
GCA_030440445.1|CP098528.1_3878	SP	350
GCA_030446945.1|JAUJMI010000043.1_12	SP	296
GCA_030447385.1|JAUJOY010000003.1_458	LIPO	309
GCA_030447385.1|JAUJOY010000005.1_15	LIPO	286
GCA_030447445.1|JAUJOW010000001.1_108	LIPO	339
GCA_030448025.1|JAUJNQ010000001.1_477	LIPO	291
GCA_030448125.1|JAUJNO010000012.1_47	LIPO	346
GCA_030453295.1|JAKDKQ010000348.1_1	SP	339
GCA_030454225.1|JAKDRW010000009.1_36	SP	356
GCA_030526935.1|JAUNBY010000067.1_1	SP	573
GCA_030526935.1|JAUNBY010000182.1_4	SP	723
GCA_030526935.1|JAUNBY010000269.1_3	SP	805
GCA_030528325.1|JAUMZD010000010.1_4	SP	410
GCA_030538585.1|JAUNTP010000112.1_3	LIPO	287
GCA_030539115.1|JAUNSR010000005.1_17	SP	293
GCA_030577455.1|JALIAA010000316.1_13	SP	273
GCA_030583925.1|CP129482.1_942	LIPO	305
GCA_030584065.1|CP129489.1_157	SP	324
GCA_030589165.1|JAUUWG010000019.1_8	SP	346
GCA_030590865.1|JAUVCD010000151.1_14	LIPO	358
GCA_030592225.1|JAUVJT010000180.1_2	SP	400
GCA_030592985.1|JAUVIB010000353.1_5	SP	382
GCA_030596185.1|JAUVKP010000257.1_3	SP	293
GCA_030597435.1|JAUVRV010000172.1_2	SP	317
GCA_030599055.1|JAUVOS010000026.1_15	LIPO	322
GCA_030604525.1|JAUVVQ010000014.1_21	LIPO	395
GCA_030604885.1|JAUVUZ010000009.1_72	SP	274
GCA_030609445.1|JAUWCF010000133.1_3	LIPO	320
GCA_030612835.1|JAUWND010000045.1_8	LIPO	479
GCA_030613575.1|JAUWLP010000023.1_19	SP	346
GCA_030619365.1|JAUXBQ010000047.1_15	SP	402
GCA_030620065.1|JAUXFJ010000016.1_2	LIPO	323
GCA_030621975.1|JAUXGQ010000089.1_4	SP	407
GCA_030622435.1|JAUXGE010000109.1_1	SP	332
GCA_030630935.1|DAOVMD010000042.1_4	SP	323
GCA_030645295.1|JAUSMG010000220.1_10	SP	385
GCA_030645355.1|JAUSNJ010000153.1_10	SP	489
GCA_030645915.1|JAUSNO010000039.1_24	SP	572
GCA_030648135.1|JAUSIF010000365.1_2	SP	324
GCA_030648715.1|JAUSGZ010000016.1_17	LIPO	370
GCA_030650395.1|JAUSDY010000001.1_3	SP	315
GCA_030651035.1|JAUSCK010000053.1_4	SP	337
GCA_030652255.1|JAUSAZ010000073.1_86	LIPO	345
GCA_030652575.1|JAUSQI010000160.1_14	SP	318
GCA_030654175.1|JAURXZ010000035.1_263	SP	346
GCA_030654175.1|JAURXZ010000030.1_384	SP	386
GCA_030654175.1|JAURXZ010000042.1_187	SP	698
GCA_030654305.1|JAURXS010000128.1_2	SP	265
GCA_030681195.1|JAUXXJ010000008.1_232	SP	347
GCA_030681365.1|JAUXWH010000053.1_34	SP	472
GCA_030681615.1|JAUXSA010000123.1_11	SP	319
GCA_030681645.1|JAUXRX010000039.1_30	LIPO	404
GCA_030681645.1|JAUXRX010000057.1_221	LIPO	318
GCA_030681895.1|JAUXRI010000259.1_42	SP	435
GCA_030681895.1|JAUXRI010000037.1_10	LIPO	311
GCA_030682835.1|JAUXNG010000094.1_3	SP	337
GCA_030683105.1|JAUXMZ010000019.1_3	SP	337
GCA_030683155.1|JAUXMV010000041.1_30	SP	383
GCA_030683155.1|JAUXMV010000002.1_23	SP	384
GCA_030684355.1|JAUXTN010000093.1_22	LIPO	332
GCA_030694465.1|JAUXYJ010000055.1_240	LIPO	355
GCA_030695565.1|JAUYRZ010000034.1_66	LIPO	307
GCA_030695565.1|JAUYRZ010000034.1_68	LIPO	453
GCA_030695945.1|JAUYOG010000032.1_11	SP	345
GCA_030696045.1|JAUYNO010000059.1_19	LIPO	298
GCA_030696545.1|JAUYSA010000038.1_2	SP	316
GCA_030696635.1|JAUYRX010000035.1_600	SP	331
GCA_030696635.1|JAUYRX010000008.1_11	SP	400
GCA_030696635.1|JAUYRX010000043.1_199	LIPO	351
GCA_030697375.1|JAUYQD010000033.1_20	SP	339
GCA_030697555.1|JAUYPV010000017.1_25	LIPO	323
GCA_030698575.1|JAUYMQ010000504.1_2	LIPO	333
GCA_030699545.1|JAUYMC010000065.1_13	SP	324
GCA_030706285.1|JAUZOU010000038.1_2	SP	296
GCA_030706585.1|JAUZOF010000152.1_5	SP	804
GCA_030706585.1|JAUZOF010000194.1_4	SP	795
GCA_030727625.1|JANRBI010000228.1_3	LIPO	295
GCA_030728235.1|JANRAA010000049.1_4	SP	345
GCA_030747505.1|JASLKQ010000023.1_8	SP	281
GCA_030747575.1|JASLKI010000079.1_4	SP	347
GCA_030748365.1|JASMME010000107.1_3	LIPO	309
GCA_030748635.1|JASMLP010000131.1_32	LIPO	345
GCA_030748735.1|JASMLK010000101.1_41	SP	366
GCA_030749035.1|JASMKV010000451.1_10	LIPO	372
GCA_030765625.1|JAVCCF010000151.1_15	SP	397
GCA_030773235.1|JALYNK010000210.1_2	SP	359
GCA_030773395.1|JALYNB010000379.1_9	SP	369
GCA_030773535.1|JALYMS010000113.1_6	SP	370
GCA_030773555.1|JALYMT010000078.1_10	SP	367
GCA_030773555.1|JALYMT010000234.1_24	SP	598
GCA_030773555.1|JALYMT010000234.1_25	LIPO	333
GCA_030773595.1|JALYMU010000220.1_2	LIPO	365
GCA_030774575.1|JALYKW010000003.1_27	LIPO	342
GCA_030774675.1|JALYKQ010000210.1_2	SP	302
GCA_030774785.1|JALYKM010000208.1_3	SP	307
GCA_030774785.1|JALYKM010000312.1_16	SP	302
GCA_030775105.1|JALYJV010000011.1_5	LIPO	306
GCA_030775105.1|JALYJV010000058.1_5	SP	363
GCA_030775105.1|JALYJV010000342.1_6	LIPO	315
GCA_030776455.1|JALYHQ010000044.1_48	SP	264
GCA_030777265.1|JALYGD010000198.1_2	LIPO	318
GCA_030799345.1|JALYJS010000040.1_5	SP	335
GCA_030824585.1|JAVBXM010000250.1_10	SP	340
GCA_030828385.1|JAURCS010000003.1_78	SP	296
GCA_030828565.1|JAURCF010000031.1_2	LIPO	296
GCA_030830385.1|JAURNA010000128.1_6	SP	380
GCA_030831165.1|JAURLP010000001.1_21	SP	285
GCA_030834695.1|JAUQXK010000111.1_74	LIPO	324
GCA_030834825.1|JAUQXC010000160.1_6	LIPO	566
GCA_030836155.1|JAURQI010000077.1_5	SP	380
GCA_030836785.1|JAUPLT010000319.1_9	SP	281
GCA_030836925.1|JAUPLK010000328.1_5	SP	314
GCA_030837345.1|JAUPKQ010000110.1_1	SP	342
GCA_030837445.1|JAUPKM010000329.1_7	LIPO	328
GCA_030837505.1|JAUPKJ010000271.1_4	SP	429
GCA_030837505.1|JAUPKJ010000124.1_4	SP	467
GCA_030838445.1|JAUZFQ010000071.1_2	SP	378
GCA_030838785.1|JAUZEY010000019.1_9	SP	376
GCA_030838815.1|JAUZEX010000590.1_4	SP	388
GCA_030839105.1|JAUZEI010000152.1_2	LIPO	356
GCA_030840515.1|JAVEEJ010000077.1_16	SP	608
GCA_030840545.1|JAVEEH010000047.1_7	SP	369
GCA_030841085.1|JAVEDP010000025.1_198	SP	353
GCA_030841105.1|JAVEDE010000094.1_42	SP	376
GCA_030852625.1|JALYWQ010000091.1_6	SP	414
GCA_030852845.1|JALYWF010000066.1_1	LIPO	345
GCA_030853145.1|JALYVR010000590.1_2	LIPO	352
GCA_030853735.1|JALYUO010000650.1_7	SP	560
GCA_030853845.1|JALYUI010000379.1_2	SP	396
GCA_030853925.1|JALYUE010000182.1_11	LIPO	368
GCA_030854055.1|JALYTX010000025.1_6	SP	311
GCA_030854195.1|JALYTQ010000013.1_28	SP	335
GCA_030854195.1|JALYTQ010000010.1_23	LIPO	344
GCA_030855235.1|JALYRU010000005.1_145	SP	340
GCA_030855265.1|JALYRR010000016.1_3	SP	317
GCA_030855265.1|JALYRR010000183.1_3	SP	415
GCA_030855635.1|JALYQW010000029.1_14	SP	382
GCA_030855855.1|JALYQL010000120.1_17	SP	384
GCA_030856215.1|JALYPU010000058.1_2	SP	381
GCA_030856445.1|JALYPI010000123.1_13	SP	267
GCA_030857175.1|JALZOJ010000044.1_16	SP	382
GCA_030857175.1|JALZOJ010000044.1_17	SP	469
GCA_030857245.1|JALZOI010000903.1_2	LIPO	318
GCA_030857525.1|JALZNY010000191.1_2	LIPO	301
GCA_030857525.1|JALZNY010000062.1_6	LIPO	299
GCA_030857905.1|JALZNB010000464.1_6	SP	409
GCA_030859285.1|JALZKK010000238.1_1	SP	351
GCA_030859365.1|JALZKG010000210.1_3	LIPO	337
GCA_030860025.1|JALZIX010000029.1_39	LIPO	322
GCA_030860485.1|JALZID010000259.1_3	SP	356
GCA_030860485.1|JALZID010000096.1_19	SP	350
GCA_030914045.1|JALZHG010000660.1_3	SP	354
GCA_030914045.1|JALZHG010000072.1_12	SP	584
GCA_030917395.1|JAUPUU010000014.1_14	SP	384
GCA_030946775.1|JALYYD010000163.1_24	SP	320
GCA_030946925.1|JALYXU010000019.1_10	TAT	211
GCA_030947085.1|JALYXN010000420.1_1	SP	347
GCA_030947665.1|JALZBE010000074.1_3	SP	282
GCA_030947665.1|JALZBE010000045.1_4	LIPO	443
GCA_030948535.1|JALZAE010000013.1_3	LIPO	308
GCA_030948625.1|JALZAA010000159.1_3	SP	333
GCA_030948665.1|JALYZY010000055.1_26	LIPO	393
GCA_030950085.1|JAUZRW010000259.1_2	SP	815
GCA_031082105.1|JAVHLO010000073.1_2	LIPO	351
GCA_031082125.1|JAVHLM010000039.1_9	LIPO	318
GCA_031082205.1|JAVHLJ010000065.1_2	SP	314
GCA_031257305.1|JAIRPB010000053.1_2	SP	334
GCA_031258715.1|JAIRMN010000024.1_25	LIPO	548
GCA_031258965.1|JAIRMC010000074.1_2	SP	356
GCA_031261365.1|JAISJY010000093.1_26	SP	332
GCA_031268685.1|JAIRWW010000238.1_6	SP	350
GCA_031271665.1|JAISVI010000095.1_8	LIPO	358
GCA_031272995.1|JAISSY010000186.1_10	SP	336
GCA_031276015.1|JAISNX010000159.1_3	LIPO	337
GCA_031282905.1|JAITCV010000020.1_2	SP	341
GCA_031285365.1|JAITWP010000095.1_7	SP	351
GCA_031290955.1|JAISLJ010000156.1_4	SP	339
GCA_031292385.1|JARLHE010000060.1_124	SP	379
GCA_031292385.1|JARLHE010000016.1_19	SP	346
GCA_031292665.1|JARLGR010000171.1_16	LIPO	318
GCA_031292665.1|JARLGR010000113.1_34	LIPO	279
GCA_031292675.1|JARLGQ010000021.1_24	LIPO	334
GCA_031315915.1|JALDRK010000002.1_129	LIPO	347
GCA_031359515.1|JANMAD010000459.1_20	SP	343
GCA_031359795.1|JANMAM010000144.1_8	SP	336
GCA_031359795.1|JANMAM010000144.1_27	SP	336
GCA_031360505.1|JANMBR010000399.1_2	SP	306
GCA_031361295.1|JANMCN010000154.1_2	SP	307
GCA_031362125.1|JANLSB010000499.1_2	SP	608
GCA_031362565.1|JANLSU010000108.1_18	SP	266
GCA_031362685.1|JANLSZ010000399.1_2	SP	317
GCA_031363115.1|JANLTT010000129.1_7	SP	315
GCA_031363115.1|JANLTT010000003.1_4	SP	298
GCA_031363815.1|JANLVC010000176.1_7	SP	345
GCA_031364015.1|JANLVM010000756.1_2	SP	345
GCA_031364125.1|JANLVT010000063.1_33	SP	617
GCA_031364365.1|JANLWE010000181.1_4	SP	343
GCA_031364805.1|JANLWW010000009.1_53	SP	302
GCA_031365545.1|JANLYH010000047.1_1	SP	350
GCA_031366985.1|JANLPE010000055.1_130	LIPO	297
GCA_031367385.1|JANLPS010000358.1_11	LIPO	448
GCA_031367385.1|JANLPS010000188.1_35	LIPO	363
GCA_031367385.1|JANLPS010000373.1_16	LIPO	795
GCA_031367385.1|JANLPS010000373.1_31	LIPO	465
GCA_031368215.1|JANLRD010000270.1_56	SP	394
GCA_031368465.1|JANMNT010000100.1_3	SP	340
GCA_031371185.1|JANMJC010000158.1_2	LIPO	327
GCA_031371765.1|JANMKA010000024.1_23	SP	351
GCA_031371785.1|JANMKC010000179.1_18	SP	390
GCA_031371805.1|JANMKB010000150.1_4	SP	353
GCA_031372345.1|JANMLD010000344.1_6	SP	256
GCA_031372705.1|JANMLV010000280.1_27	SP	382
GCA_031373015.1|JANMME010000913.1_4	SP	385
GCA_031373525.1|JANMMS010000047.1_16	LIPO	311
GCA_031373665.1|JANMMZ010000110.1_31	SP	383
GCA_031374565.1|JANMGI010000086.1_2	SP	289
GCA_031374705.1|JANMGP010000358.1_18	SP	310
GCA_031374725.1|JANMGT010000054.1_3	SP	621
GCA_031374825.1|JANMGV010000150.1_47	SP	349
GCA_031375105.1|JANMHJ010000079.1_8	SP	501
GCA_031375675.1|JANMIG010000014.1_13	SP	356
GCA_031375795.1|JANMIM010001170.1_3	SP	382
GCA_031376265.1|JANMDK010000213.1_19	SP	302
GCA_031376405.1|JANMDS010000362.1_2	SP	323
GCA_031376995.1|JANMEO010000019.1_10	SP	428
GCA_031378125.1|JANNDW010000016.1_6	SP	501
GCA_031378845.1|JANNES010000003.1_25	SP	289
GCA_031378885.1|JANNEQ010000187.1_5	SP	384
GCA_031379035.1|JANNEU010000217.1_10	SP	343
GCA_031379145.1|JANNEV010000127.1_4	SP	348
GCA_031379735.1|JANNFK010000043.1_8	SP	596
GCA_031379795.1|JANNFM010000259.1_2	SP	311
GCA_031380765.1|JANMXB010000296.1_1	SP	272
GCA_031384945.1|JANNAY010001350.1_4	SP	379
GCA_031384945.1|JANNAY010001499.1_5	LIPO	343
GCA_031384945.1|JANNAY010000101.1_6	LIPO	344
GCA_031385005.1|JANNBB010000006.1_169	SP	369
GCA_031385805.1|JANNBU010000098.1_3	SP	325
GCA_031387285.1|JANNDB010000434.1_3	SP	354
GCA_031387395.1|JANNDE010000680.1_7	SP	397
GCA_031388865.1|JANMSA010000879.1_3	SP	304
GCA_031389065.1|JANMSG010000930.1_2	SP	270
GCA_031389245.1|JANMSL010000243.1_5	LIPO	346
GCA_031391205.1|JANMUE010000117.1_2	LIPO	333
GCA_031392315.1|JANMVC010000181.1_4	SP	337
GCA_031392725.1|JANMVK010000376.1_3	SP	335
GCA_031392925.1|JANMVV010000284.1_2	SP	317
GCA_031394125.1|JANMWS010000052.1_6	SP	307
GCA_031394255.1|JANMXA010000115.1_29	SP	263
GCA_031394355.1|JANNSU010000029.1_17	SP	338
GCA_031394735.1|JANMXI010000175.1_1	SP	333
GCA_031396485.1|JANNKV010000179.1_1	SP	485
GCA_031396725.1|JANNLH010000108.1_18	SP	322
GCA_031398335.1|JANNNC010000045.1_37	SP	579
GCA_031398695.1|JANNNU010000061.1_12	SP	334
GCA_031399105.1|JANNON010000170.1_2	SP	338
GCA_031399315.1|JANNOS010000146.1_30	SP	330
GCA_031400455.1|JANNPX010000046.1_57	SP	396
GCA_031400515.1|JANNQA010000110.1_2	SP	379
GCA_031400795.1|JANNQO010000433.1_13	SP	379
GCA_031401035.1|JANNRA010000164.1_18	SP	501
GCA_031401195.1|JANNRI010000141.1_10	SP	302
GCA_031401495.1|JANNRQ010000096.1_28	SP	311
GCA_031401755.1|JANNRU010000142.1_20	SP	332
GCA_031402635.1|JANNSM010000218.1_2	SP	381
GCA_031404095.1|JANNGY010000607.1_8	SP	341
GCA_031404355.1|JANNHK010000235.1_2	LIPO	353
GCA_031404555.1|JANNHT010000109.1_5	SP	352
GCA_031404695.1|JANNIB010000544.1_4	SP	310
GCA_031405615.1|JANNJB010000294.1_4	SP	315
GCA_031406255.1|JANOGZ010000245.1_2	TAT	343
GCA_031407575.1|JANOIJ010000336.1_14	LIPO	304
GCA_031407575.1|JANOIJ010000163.1_2	SP	304
GCA_031407575.1|JANOIJ010000173.1_11	SP	314
GCA_031408375.1|JANNVY010000413.1_2	SP	585
GCA_031409655.1|JANNXQ010000107.1_89	SP	341
GCA_031409715.1|JANNXU010000054.1_134	LIPO	331
GCA_031409955.1|JANNYF010000050.1_11	SP	341
GCA_031411095.1|JANOAK010000005.1_93	SP	405
GCA_031411095.1|JANOAK010000008.1_4	SP	377
GCA_031411235.1|JANOAR010000144.1_14	SP	337
GCA_031411635.1|JANOBL010000132.1_2	SP	329
GCA_031411715.1|JANOBP010000538.1_4	SP	340
GCA_031412075.1|JANOCG010000259.1_2	SP	418
GCA_031412295.1|JANOCU010000016.1_40	SP	381
GCA_031412555.1|JANODF010000208.1_10	LIPO	488
GCA_031412555.1|JANODF010000869.1_14	LIPO	418
GCA_031412575.1|JANODG010000153.1_5	SP	359
GCA_031412575.1|JANODG010000248.1_11	SP	350
GCA_031413455.1|JANOFD010000004.1_13	SP	590
GCA_031413515.1|JANOFF010000051.1_8	SP	339
GCA_031413695.1|JANOEV010000050.1_4	SP	340
GCA_031413695.1|JANOEV010000298.1_12	SP	337
GCA_031414335.1|JANNVI010000004.1_160	LIPO	500
GCA_031414535.1|JANNVQ010000027.1_45	SP	299
GCA_031414655.1|JANNVZ010000010.1_96	SP	380
GCA_031414695.1|JANNWG010000071.1_5	SP	334
GCA_031414995.1|JANOQY010000117.1_2	SP	342
GCA_031414995.1|JANOQY010000266.1_1	SP	276
GCA_031415055.1|JANOQZ010000021.1_39	SP	290
GCA_031415375.1|JANORP010000345.1_3	SP	392
GCA_031415375.1|JANORP010000378.1_45	SP	381
GCA_031415655.1|JANOSD010000194.1_2	LIPO	353
GCA_031416355.1|JANOTM010000206.1_2	SP	340
GCA_031417255.1|JANOVD010000563.1_2	SP	325
GCA_031417555.1|JANOVV010000072.1_40	SP	374
GCA_031418455.1|JANOXJ010000312.1_1	SP	380
GCA_031418815.1|JANOJQ010000205.1_24	LIPO	356
GCA_031419135.1|JANOKE010001122.1_2	SP	340
GCA_031419455.1|JANOKS010000185.1_23	LIPO	319
GCA_031423535.1|JANPFS010000874.1_10	SP	341
GCA_031423635.1|JANPFX010000115.1_7	SP	386
GCA_031423655.1|JANPFZ010000556.1_1	LIPO	285
GCA_031424375.1|JANPHH010000267.1_1	SP	382
GCA_031424495.1|JANPHP010000019.1_7	SP	381
GCA_031424495.1|JANPHP010000443.1_5	SP	387
GCA_031424715.1|JANPHZ010000265.1_5	SP	301
GCA_031424715.1|JANPHZ010000274.1_2	SP	353
GCA_031425035.1|JANPIN010000056.1_25	SP	395
GCA_031425095.1|JANPIS010000409.1_27	SP	392
GCA_031425155.1|JANPIV010000107.1_60	SP	387
GCA_031425215.1|JANPIW010000307.1_2	SP	395
GCA_031425525.1|JANPJM010000035.1_72	SP	389
GCA_031426255.1|JANPKW010000090.1_13	SP	287
GCA_031426455.1|JANPLI010000037.1_2	SP	405
GCA_031427395.1|JANPNJ010000114.1_5	LIPO	346
GCA_031427615.1|JANPNU010000511.1_2	SP	341
GCA_031428235.1|JANPOX010000321.1_14	SP	410
GCA_031428235.1|JANPOX010000514.1_2	SP	380
GCA_031428555.1|JANPPO010000205.1_5	SP	302
GCA_031429375.1|JANOZI010000685.1_3	SP	309
GCA_031429735.1|JANPAD010000441.1_2	SP	334
GCA_031429925.1|JANPAK010000220.1_2	SP	354
GCA_031430555.1|JANPBQ010000010.1_9	SP	331
GCA_031430835.1|JANPCH010000008.1_9	SP	327
GCA_031431435.1|JANPDI010000030.1_9	SP	340
GCA_031431695.1|JANPDX010000240.1_2	SP	344
GCA_031458775.1|JAVKJV010000019.1_39	SP	335
GCA_031459235.1|JAVKIY010000027.1_22	SP	318
GCA_031459535.1|JAVKIJ010000029.1_33	SP	335
GCA_031459655.1|JAVKID010000014.1_27	SP	322
GCA_031459765.1|JAVKHY010000001.1_326	SP	314
GCA_031460455.1|JAVKTQ010000023.1_31	SP	312
GCA_031546725.1|JAVBJZ010000010.1_1	SP	333
GCA_031546925.1|JAVBJO010000154.1_2	SP	333
GCA_031732855.1|JAVMKJ010000110.1_68	LIPO	345
GCA_031800425.1|DAPKRR010000043.1_5	LIPO	363
GCA_031844405.1|JAUZVC010000001.1_243	SP	368
GCA_031969005.1|DALYKY010000013.1_14	SP	329
GCA_031970615.1|DALYIA010000023.1_4	SP	329
GCA_031970695.1|DALYHW010000023.1_13	LIPO	340
GCA_031976395.1|DALYLJ010000057.1_14	SP	651
GCA_031988485.1|DALZYJ010000007.1_50	SP	564
GCA_032007425.1|DALZLW010000019.1_8	SP	281
GCA_032111385.1|JAULUX010000227.1_3	SP	384
GCA_032112995.1|DAMCTY010000008.1_61	SP	263
GCA_032115075.1|DAMCRY010000144.1_11	LIPO	295
GCA_032115775.1|JAUMBL010000217.1_24	SP	385
GCA_032116735.1|JAUMAK010000216.1_3	SP	552
GCA_032117045.1|JAUMAF010000104.1_24	SP	303
GCA_032123035.1|JAQBFV010000090.1_3	SP	319
GCA_032128875.1|JAVLKG010000001.1_799	SP	437
GCA_032128875.1|JAVLKG010000002.1_506	SP	341
GCA_032128875.1|JAVLKG010000003.1_131	SP	373
GCA_032159235.1|JAVHWW010000021.1_44	SP	314
GCA_032159565.1|JAVHWR010000142.1_61	SP	310
GCA_032159765.1|JAVHWM010000134.1_97	LIPO	270
GCA_032159775.1|JAVHWK010000214.1_51	SP	298
GCA_032159915.1|JAVHWH010000015.1_2	LIPO	282
GCA_032161845.1|JAVRQA010000301.1_5	SP	299
GCA_032162105.1|JAVRPS010000273.1_30	LIPO	297
GCA_032162325.1|JAVRPG010000932.1_3	SP	264
GCA_032162385.1|JAVRPF010000409.1_1	SP	305
GCA_032162485.1|JAVROZ010000454.1_3	LIPO	340
GCA_032162605.1|JAVROT010000424.1_20	SP	312
GCA_032162705.1|JAVRON010000103.1_39	SP	350
GCA_032229505.1|JAVTWD010000086.1_281	LIPO	315
GCA_032229665.1|JAVTWR010000018.1_28	LIPO	424
GCA_032229665.1|JAVTWR010000031.1_35	LIPO	444
GCA_032229665.1|JAVTWR010000071.1_265	LIPO	307
GCA_032229685.1|JAVTWP010000012.1_260	SP	301
GCA_032229885.1|JAVYAJ010000067.1_6	SP	317
GCA_032230005.1|JAVXVI010000339.1_2	SP	350
GCA_032230575.1|JAVXWK010000940.1_6	SP	403
GCA_032250895.1|JAVVEZ010000001.1_70	SP	296
GCA_032251145.1|JAVVER010000004.1_52	LIPO	322
GCA_032251145.1|JAVVER010000033.1_20	SP	378
GCA_033097465.1|AP028633.1_970	LIPO	313
GCA_033283385.1|JAWMQQ010000002.1_642	SP	333
GCA_033391075.1|JAWPMV010000001.1_4035	SP	377
GCA_033578915.1|JAVQWQ010000005.1_1	SP	407
GCA_033579375.1|JAVQVU010000019.1_3	SP	316
GCA_033720355.1|JAWWCR010000069.1_8	LIPO	310
GCA_033720555.1|JAWWCG010000093.1_8	SP	367
GCA_033720795.1|JAWWBV010000208.1_4	SP	354
GCA_033721635.1|JAWWAT010000480.1_3	SP	496
GCA_033721715.1|JAWWAM010000400.1_2	SP	582
GCA_033722555.1|JAWVYS010000003.1_53	SP	375
GCA_033722575.1|JAWVYU010000103.1_5	LIPO	296
GCA_033722675.1|JAWVYO010000125.1_6	LIPO	307
GCA_033761895.1|JANRMD010000269.1_4	SP	282
GCA_033762295.1|JANRLW010000093.1_37	SP	333
GCA_033762315.1|JANRLS010000143.1_49	SP	325
GCA_033762375.1|JANRLQ010000047.1_33	LIPO	310
GCA_033762415.1|JANRLR010000012.1_320	SP	329
GCA_033762475.1|JANRLO010000002.1_975	SP	316
GCA_033762735.1|JANRLJ010000054.1_39	SP	317
GCA_033762735.1|JANRLJ010000060.1_8	SP	306
GCA_033763335.1|JANRKU010000033.1_6	SP	316
GCA_033763335.1|JANRKU010000067.1_42	SP	301
GCA_033763395.1|JANRKQ010000116.1_73	LIPO	692
GCA_033763395.1|JANRKQ010000152.1_90	LIPO	432
GCA_033763395.1|JANRKQ010000214.1_10	SP	409
GCA_033763945.1|JANRJN010000006.1_482	SP	385
GCA_033764035.1|JANRJJ010000008.1_40	SP	343
GCA_033764075.1|JANRJH010000028.1_63	SP	378
GCA_033764095.1|JANRJF010000053.1_5	SP	286
GCA_033764135.1|JANRJE010000029.1_88	SP	306
GCA_033764435.1|JANRIX010000010.1_301	SP	335
GCA_033764505.1|JANRIW010000033.1_40	LIPO	306
GCA_033765245.1|JANRIF010000233.1_6	LIPO	340
GCA_033791225.1|JASJHD010000008.1_101	SP	377
GCA_033791425.1|JASJGQ010000056.1_9	SP	326
GCA_033791845.1|JASJFX010000036.1_8	SP	326
GCA_033793495.1|JARAWT010000105.1_21	SP	739
GCA_033793495.1|JARAWT010000050.1_46	SP	398
GCA_033794685.1|JARAYZ010000002.1_1971	SP	408
GCA_033794685.1|JARAYZ010000003.1_590	SP	442
GCA_033812595.1|JAPXTJ010000036.1_8	SP	310
GCA_033813515.1|JAPXRQ010000022.1_13	SP	316
GCA_033813515.1|JAPXRQ010000022.1_14	SP	303
GCA_033837965.1|JAJLLM010000110.1_6	LIPO	324
GCA_033838285.1|JAJLLC010000019.1_37	SP	278
GCA_033838285.1|JAJLLC010000019.1_38	SP	277
GCA_033838285.1|JAJLLC010000052.1_33	SP	300
GCA_033838465.1|JAJLKZ010000010.1_160	SP	333
GCA_033850605.1|JAWWPL010000246.1_26	SP	336
GCA_033850895.1|JAWWPE010000133.1_3	LIPO	339
GCA_033851265.1|JAWWOW010000004.1_41	SP	339
GCA_033851845.1|JAWWOH010000013.1_28	SP	387
GCA_033851845.1|JAWWOH010000140.1_40	SP	443
GCA_033852075.1|JAWSVC010000004.1_62	SP	473
GCA_033852075.1|JAWSVC010000004.1_64	SP	438
GCA_033852075.1|JAWSVC010000004.1_66	SP	451
GCA_033852075.1|JAWSVC010000001.1_13	SP	598
GCA_033852075.1|JAWSVC010000011.1_2	SP	329
GCA_033852075.1|JAWSVC010000012.1_49	LIPO	384
GCA_033852075.1|JAWSVC010000015.1_175	SP	554
GCA_033852075.1|JAWSVC010000015.1_244	SP	697
GCA_033852075.1|JAWSVC010000015.1_246	SP	547
GCA_033852075.1|JAWSVC010000003.1_70	SP	823
GCA_033852075.1|JAWSVC010000016.1_11	SP	880
GCA_033852075.1|JAWSVC010000022.1_55	SP	378
GCA_033852135.1|JAWSVB010000005.1_11	SP	433
GCA_033852135.1|JAWSVB010000005.1_13	SP	437
GCA_033852135.1|JAWSVB010000010.1_25	SP	802
GCA_033852135.1|JAWSVB010000010.1_92	SP	827
GCA_033852135.1|JAWSVB010000014.1_63	SP	379
GCA_033852135.1|JAWSVB010000002.1_5	SP	885
GCA_033852135.1|JAWSVB010000021.1_2	SP	666
GCA_033852135.1|JAWSVB010000022.1_133	SP	866
GCA_033852135.1|JAWSVB010000026.1_12	SP	461
GCA_033852135.1|JAWSVB010000026.1_13	TAT	460
GCA_033852135.1|JAWSVB010000026.1_14	SP	593
GCA_033852135.1|JAWSVB010000026.1_15	SP	619
GCA_033852135.1|JAWSVB010000026.1_16	SP	667
GCA_033852155.1|JAWSVA010000007.1_26	SP	666
GCA_033852155.1|JAWSVA010000007.1_27	SP	660
GCA_033852155.1|JAWSVA010000007.1_29	SP	462
GCA_033852155.1|JAWSVA010000009.1_236	SP	823
GCA_033852155.1|JAWSVA010000010.1_132	SP	850
GCA_033852155.1|JAWSVA010000012.1_67	SP	395
GCA_033852155.1|JAWSVA010000003.1_47	SP	433
GCA_033852155.1|JAWSVA010000003.1_48	SP	437
GCA_033852155.1|JAWSVA010000015.1_31	SP	795
GCA_033852155.1|JAWSVA010000006.1_56	SP	877
GCA_033852165.1|JAWSUZ010000053.1_14	SP	434
GCA_033852165.1|JAWSUZ010000054.1_119	SP	422
GCA_033852165.1|JAWSUZ010000011.1_81	SP	702
GCA_033852165.1|JAWSUZ010000018.1_39	SP	421
GCA_033852165.1|JAWSUZ010000023.1_63	SP	590
GCA_033852165.1|JAWSUZ010000023.1_70	SP	599
GCA_033852165.1|JAWSUZ010000024.1_1	SP	450
GCA_033852165.1|JAWSUZ010000025.1_1	SP	451
GCA_033852165.1|JAWSUZ010000026.1_12	SP	429
GCA_033852165.1|JAWSUZ010000038.1_86	SP	693
GCA_033852165.1|JAWSUZ010000041.1_17	SP	328
GCA_033852165.1|JAWSUZ010000042.1_3	SP	604
GCA_033852175.1|JAWSUY010000003.1_78	SP	605
GCA_033852175.1|JAWSUY010000003.1_84	SP	591
GCA_033852175.1|JAWSUY010000058.1_105	SP	376
GCA_033852175.1|JAWSUY010000062.1_25	SP	611
GCA_033852175.1|JAWSUY010000066.1_14	SP	610
GCA_033852175.1|JAWSUY010000014.1_16	SP	402
GCA_033852175.1|JAWSUY010000070.1_1	SP	680
GCA_033852175.1|JAWSUY010000015.1_121	SP	328
GCA_033852175.1|JAWSUY010000018.1_5	SP	333
GCA_033852175.1|JAWSUY010000019.1_51	SP	684
GCA_033852175.1|JAWSUY010000023.1_3	SP	609
GCA_033852175.1|JAWSUY010000084.1_12	SP	354
GCA_033852175.1|JAWSUY010000010.1_125	SP	500
GCA_033852175.1|JAWSUY010000047.1_38	SP	411
GCA_033852175.1|JAWSUY010000047.1_39	SP	422
GCA_033852215.1|JAWSUX010000214.1_3	SP	687
GCA_033852215.1|JAWSUX010000224.1_6	SP	297
GCA_033852215.1|JAWSUX010000258.1_3	SP	328
GCA_033852215.1|JAWSUX010000326.1_3	SP	764
GCA_033852215.1|JAWSUX010000376.1_6	SP	316
GCA_033852215.1|JAWSUX010000148.1_1	SP	342
GCA_033853555.1|JAWOLJ010000065.1_7	SP	346
GCA_033854735.1|JAWWPY010000294.1_6	SP	442
GCA_033854735.1|JAWWPY010000614.1_6	SP	352
GCA_033855075.1|JAWVGM010000059.1_26	SP	313
GCA_033855515.1|JAWVGD010000423.1_2	LIPO	309
GCA_033855515.1|JAWVGD010000542.1_3	SP	411
GCA_033855515.1|JAWVGD010000600.1_6	SP	312
GCA_033856025.1|JAWVFQ010000029.1_81	SP	459
GCA_033856235.1|JAWVFI010000090.1_3	SP	299
GCA_033856255.1|JAWVFH010000050.1_40	SP	349
GCA_033857635.1|JAWVDF010000060.1_6	SP	299
GCA_033857635.1|JAWVDF010000066.1_4	SP	339
GCA_034002405.1|JAVFAS010000065.1_5	LIPO	315
GCA_034002745.1|JAVEZY010000035.1_1	SP	346
GCA_034004565.1|JAVEWL010000111.1_2	LIPO	325
GCA_034005005.1|JAVEVO010000077.1_11	SP	484
GCA_034005165.1|JAVEVE010000005.1_120	SP	355
GCA_034005265.1|JAVEVB010000017.1_20	SP	379
GCA_034005315.1|JAVEUY010000105.1_2	SP	297
GCA_034007585.1|JAVEQP010000001.1_76	SP	387
GCA_034089285.1|JAXDUM010000008.1_31	SP	310
GCA_034091885.1|JAXFXA010000010.1_4	SP	320
GCA_034101015.1|JAXEKN010000015.1_4	SP	820
GCA_034111385.1|JAWUXK010000051.1_2	SP	312
GCA_034112105.1|JAWUVZ010000038.1_21	LIPO	347
GCA_034112225.1|JAWUVT010000030.1_3	SP	296
GCA_034112225.1|JAWUVT010000047.1_17	SP	386
GCA_034189035.1|JAXHVA010000172.1_2	LIPO	333
GCA_034189135.1|JAXHVO010000023.1_8	LIPO	529
GCA_034189135.1|JAXHVO010000083.1_12	SP	319
GCA_034189165.1|JAXHVN010000048.1_9	SP	330
GCA_034189185.1|JAXHVM010000206.1_3	SP	328
GCA_034189865.1|JAXHTV010000013.1_40	SP	336
GCA_034189865.1|JAXHTV010000026.1_26	LIPO	334
GCA_034190055.1|JAXHTT010000077.1_13	SP	359
GCA_034190145.1|JAXHTN010000040.1_3	LIPO	333
GCA_034211175.1|JAXHUH010000241.1_9	SP	352
GCA_034366485.1|JAXMMN010000057.1_2	SP	377
GCA_034366585.1|JAXMMJ010000136.1_26	SP	341
GCA_034406555.1|DASCRM010000009.1_7	LIPO	421
GCA_034408725.1|JAWXCN010000019.1_26	LIPO	313
GCA_034408895.1|JAWXCI010000065.1_8	SP	379
GCA_034408915.1|DAOUGG010000055.1_6	SP	321
GCA_034411715.1|DAOUMJ010000123.1_13	LIPO	305
GCA_034412795.1|DAOUMD010000043.1_2	SP	325
GCA_034417075.1|DAOULU010000031.1_69	LIPO	317
GCA_034422595.1|DAOUJO010000001.1_73	SP	427
GCA_034423175.1|DAOUJA010000060.1_53	LIPO	379
GCA_034428895.1|DAOUGM010000089.1_2	LIPO	319
GCA_034429275.1|DAOUFU010000073.1_23	SP	642
GCA_034429475.1|DAOUGD010000046.1_18	LIPO	314
GCA_034430195.1|DAOUFF010000057.1_23	SP	378
GCA_034430425.1|DAOUEK010000040.1_12	SP	317
GCA_034430475.1|DAOUEA010000029.1_28	LIPO	317
GCA_034430555.1|DAOUEM010000469.1_6	SP	601
GCA_034430695.1|DAOUEE010000207.1_14	LIPO	317
GCA_034430775.1|DAOUDU010000095.1_31	LIPO	321
GCA_034430795.1|DAOUDJ010000147.1_4	LIPO	340
GCA_034431835.1|DAOUDA010000052.1_4	SP	318
GCA_034431895.1|DAOUCM010000051.1_3	LIPO	317
GCA_034431895.1|DAOUCM010000195.1_5	LIPO	338
GCA_034432055.1|DAOUCT010000053.1_11	LIPO	347
GCA_034432395.1|DAOUBU010000005.1_34	SP	326
GCA_034432495.1|DAOUCB010000026.1_4	SP	306
GCA_034432495.1|DAOUCB010000164.1_41	SP	332
GCA_034432495.1|DAOUCB010000184.1_89	SP	365
GCA_034432635.1|DAOUBK010000009.1_8	LIPO	306
GCA_034433515.1|DAOUAL010000033.1_1	LIPO	318
GCA_034433515.1|DAOUAL010000071.1_46	LIPO	318
GCA_034433775.1|DAOUAI010000085.1_2	LIPO	335
GCA_034434255.1|DAOTZT010000099.1_1	LIPO	313
GCA_034434415.1|DAOTZF010000034.1_2	LIPO	305
GCA_034434595.1|DAOTZD010000021.1_166	SP	339
GCA_034434615.1|DAOTYT010000292.1_7	LIPO	319
GCA_034434655.1|DAOTYR010000156.1_10	LIPO	306
GCA_034434755.1|DAOTYW010000340.1_2	LIPO	314
GCA_034435015.1|DAOTYH010000065.1_18	LIPO	309
GCA_034435055.1|DAOTXS010000014.1_56	LIPO	315
GCA_034435215.1|DAOTXM010000169.1_5	LIPO	323
GCA_034435275.1|DAOTXP010000090.1_2	LIPO	303
GCA_034435315.1|DAOTYB010000142.1_5	LIPO	317
GCA_034435375.1|DAOTXR010000092.1_3	LIPO	316
GCA_034435395.1|DAOTXK010000366.1_7	SP	600
GCA_034435435.1|DAOTXN010000035.1_42	SP	313
GCA_034435475.1|DAOTXI010000630.1_2	LIPO	307
GCA_034435495.1|DAOTXO010000075.1_3	SP	585
GCA_034435575.1|DAOTXB010000166.1_5	SP	300
GCA_034435575.1|DAOTXB010000861.1_12	SP	615
GCA_034435595.1|DAOTXA010000218.1_2	SP	581
GCA_034435635.1|DAOTWY010000055.1_25	SP	308
GCA_034435635.1|DAOTWY010000153.1_6	SP	576
GCA_034435675.1|DAOTWP010000220.1_11	SP	592
GCA_034435735.1|DAOTWU010000594.1_6	SP	291
GCA_034435835.1|DAOTWF010000017.1_28	LIPO	341
GCA_034435995.1|DAOTWC010000115.1_10	SP	313
GCA_034436045.1|DAOTVZ010000282.1_18	SP	480
GCA_034436075.1|DAOTWI010000870.1_4	LIPO	334
GCA_034436155.1|DAOTVP010000028.1_11	SP	312
GCA_034436155.1|DAOTVP010000074.1_3	SP	320
GCA_034436595.1|DAOTUO010000146.1_5	SP	316
GCA_034436915.1|DAOTUR010000041.1_23	SP	315
GCA_034437055.1|DAOTUQ010000017.1_128	SP	319
GCA_034437055.1|DAOTUQ010000085.1_29	SP	340
GCA_034437295.1|DAOTUZ010000167.1_3	SP	330
GCA_034437295.1|DAOTUZ010000198.1_3	SP	305
GCA_034437395.1|DAOTUN010000052.1_11	SP	338
GCA_034437535.1|DAOTTZ010000064.1_15	SP	295
GCA_034437635.1|DAOTTT010000019.1_6	SP	300
GCA_034437835.1|DAOTTP010000081.1_2	SP	589
GCA_034438015.1|DAOTTD010000044.1_16	SP	335
GCA_034438135.1|DAOTTL010000571.1_2	LIPO	330
GCA_034439635.1|JAWXAS010000025.1_8	SP	374
GCA_034439635.1|JAWXAS010000119.1_34	SP	292
GCA_034439915.1|JAWXBI010000115.1_1	SP	305
GCA_034439955.1|JAWXBJ010000150.1_9	SP	312
GCA_034440255.1|JAWXBU010000173.1_47	LIPO	340
GCA_034440355.1|JAWXBY010000004.1_3	SP	302
GCA_034440355.1|JAWXBY010000083.1_22	SP	304
GCA_034440455.1|JAWXCB010000031.1_61	SP	391
GCA_034440455.1|JAWXCB010000117.1_10	SP	383
GCA_034440555.1|JAWXCG010000310.1_11	LIPO	346
GCA_034505955.1|JAPDQK010000013.1_67	LIPO	267
GCA_034519505.1|JAXHOI010000004.1_14	LIPO	326
GCA_034519945.1|JAXHNX010000031.1_85	SP	336
GCA_034521145.1|JAXHMX010000001.1_444	SP	295
GCA_034521225.1|JAXHMR010000016.1_130	LIPO	335
GCA_034522715.1|JAXHLA010000005.1_114	SP	329
GCA_034659295.1|JAYEGX010000055.1_15	LIPO	716
GCA_034659735.1|JAYEHX010000077.1_43	LIPO	264
GCA_034660515.1|JAYEJI010000117.1_5	SP	293
GCA_034664165.1|JAXDIE010000075.1_13	SP	351
GCA_034664425.1|JAXDHR010000183.1_45	SP	401
GCA_034664525.1|JAXDHL010000106.1_5	SP	334
GCA_034664525.1|JAXDHL010000435.1_3	SP	398
GCA_034664525.1|JAXDHL010000489.1_8	SP	308
GCA_034664525.1|JAXDHL010000567.1_3	SP	310
GCA_034664785.1|JAXDGY010000224.1_28	SP	493
GCA_034664785.1|JAXDGY010000352.1_12	SP	409
GCA_034664785.1|JAXDGY010000385.1_5	SP	308
GCA_034664845.1|JAXDGW010000098.1_14	SP	310
GCA_034665145.1|JAXDGI010000109.1_2	SP	392
GCA_034665165.1|JAXDGF010000282.1_10	SP	346
GCA_034665465.1|JAXDFS010000356.1_16	LIPO	291
GCA_034665545.1|JAXDFO010000080.1_3	SP	353
GCA_034665905.1|JAXDMU010000568.1_3	SP	339
GCA_034666145.1|JAXDMI010000071.1_13	LIPO	351
GCA_034666145.1|JAXDMI010000119.1_2	LIPO	356
GCA_034666145.1|JAXDMI010000184.1_4	LIPO	828
GCA_034666145.1|JAXDMI010000615.1_2	LIPO	310
GCA_034666145.1|JAXDMI010001011.1_14	LIPO	414
GCA_034666225.1|JAXDMH010000289.1_2	LIPO	380
GCA_034666285.1|JAXDME010000305.1_3	SP	307
GCA_034666305.1|JAXDMA010000120.1_3	LIPO	447
GCA_034666385.1|JAXDLY010000041.1_3	LIPO	357
GCA_034666405.1|JAXDLW010000010.1_260	SP	353
GCA_034666465.1|JAXDLT010000416.1_19	SP	427
GCA_034667465.1|JAXDJV010000002.1_331	SP	303
GCA_034668265.1|JAXDPR010000128.1_2	SP	333
GCA_034676685.1|JAUCBT010000016.1_153	SP	391
GCA_034678415.1|JAXDBV010000243.1_4	SP	314
GCA_034716715.1|JAYEKC010000066.1_3	SP	309
GCA_034716895.1|JAYEKW010000209.1_14	SP	556
GCA_034925975.1|JAYFRK010000188.1_11	SP	598
GCA_034926415.1|JAYFRC010000034.1_1	SP	453
GCA_034928745.1|JAYFOS010000011.1_167	SP	301
GCA_035063585.1|JAPSGB010000009.1_94	LIPO	361
GCA_035248365.1|DATFHN010000147.1_3	SP	423
GCA_035248365.1|DATFHN010000234.1_15	SP	408
GCA_035248505.1|DATFHK010000035.1_2	TAT	317
GCA_035248725.1|DATFHG010000090.1_6	LIPO	282
GCA_035249305.1|DATFGQ010000039.1_45	LIPO	269
GCA_035249945.1|DATFFS010000282.1_16	LIPO	333
GCA_035250065.1|DATFFJ010000134.1_3	LIPO	286
GCA_035251915.1|DATFDU010000351.1_2	SP	279
GCA_035253445.1|DATFCF010001023.1_6	SP	264
GCA_035253585.1|DATFBY010000126.1_5	LIPO	303
GCA_035253685.1|DATFBR010000216.1_19	LIPO	292
GCA_035254165.1|DATFAW010000301.1_4	SP	827
GCA_035255045.1|DATFAA010000165.1_32	SP	327
GCA_035258765.1|DATFWZ010000472.1_3	SP	247
GCA_035258845.1|DATFWX010000014.1_36	SP	299
GCA_035258845.1|DATFWX010000139.1_2	LIPO	304
GCA_035260105.1|DATFVT010000038.1_5	SP	335
GCA_035261165.1|DATFUE010000579.1_1	SP	305
GCA_035261565.1|DATFTU010000537.1_3	SP	493
GCA_035262365.1|DATFSZ010000172.1_33	SP	338
GCA_035262505.1|DATFSR010000077.1_28	SP	270
GCA_035262885.1|DATFRZ010000013.1_3	SP	288
GCA_035262925.1|DATFRY010000576.1_4	SP	417
GCA_035262945.1|DATFRW010000365.1_6	SP	313
GCA_035266345.1|DATFNP010000088.1_47	SP	301
GCA_035266525.1|DATFNF010000055.1_37	SP	633
GCA_035267185.1|DATFLY010000168.1_11	SP	335
GCA_035268465.1|DATFKV010000480.1_5	SP	387
GCA_035268885.1|DATFKA010000161.1_5	LIPO	303
GCA_035269065.1|DATFJT010000023.1_1	SP	285
GCA_035271585.1|DATERL010000027.1_3	SP	796
GCA_035272945.1|DATEPX010000067.1_48	SP	264
GCA_035273045.1|DATEPR010000581.1_10	SP	428
GCA_035273425.1|DATEPB010000089.1_4	SP	345
GCA_035273665.1|DATEOW010000013.1_5	SP	343
GCA_035274425.1|DATEOC010000019.1_1	SP	566
GCA_035274465.1|DATEOF010000005.1_19	LIPO	408
GCA_035275805.1|DATEMG010000533.1_2	SP	257
GCA_035276365.1|DATELS010000595.1_5	SP	293
GCA_035277165.1|DATEKX010000029.1_5	SP	271
GCA_035277225.1|DATEKY010000583.1_4	SP	252
GCA_035278125.1|DATEJJ010000555.1_3	LIPO	312
GCA_035278125.1|DATEJJ010000984.1_13	SP	438
GCA_035278125.1|DATEJJ010001128.1_2	SP	432
GCA_035278325.1|DATEJD010000083.1_4	SP	309
GCA_035278345.1|DATEJC010000167.1_20	SP	302
GCA_035278885.1|DATEIR010000099.1_13	SP	305
GCA_035279135.1|DATEII010000187.1_29	SP	521
GCA_035279185.1|DATEIG010000293.1_5	SP	294
GCA_035280045.1|DATEGP010000006.1_15	SP	271
GCA_035280065.1|DATEGO010000074.1_24	SP	271
GCA_035281265.1|DATEEF010000040.1_1	LIPO	360
GCA_035281505.1|DATEDT010000051.1_28	SP	353
GCA_035281505.1|DATEDT010000112.1_20	LIPO	307
GCA_035281585.1|DATEDP010000036.1_4	LIPO	321
GCA_035283325.1|DATEUF010000254.1_22	SP	349
GCA_035285125.1|JAYKHR010000034.1_21	LIPO	349
GCA_035285325.1|JAYKJB010000105.1_22	LIPO	340
GCA_035285405.1|JAYKJI010000376.1_25	LIPO	357
GCA_035286705.1|DATECW010000145.1_2	SP	733
GCA_035287825.1|DATEBK010000069.1_3	SP	335
GCA_035287825.1|DATEBK010000069.1_4	SP	341
GCA_035288185.1|DATEAV010000276.1_11	SP	334
GCA_035288225.1|DATEAT010000192.1_3	LIPO	320
GCA_035290985.1|DATDTH010000549.1_14	SP	284
GCA_035291465.1|DATDRZ010000070.1_8	LIPO	330
GCA_035291465.1|DATDRZ010000075.1_14	LIPO	338
GCA_035291905.1|DATDRF010000048.1_3	SP	733
GCA_035292085.1|DATDQT010000119.1_10	SP	310
GCA_035292625.1|DATDPS010000300.1_5	SP	329
GCA_035292965.1|DATDPC010000014.1_9	LIPO	343
GCA_035292965.1|DATDPC010000050.1_3	LIPO	341
GCA_035293185.1|DATDOP010000075.1_3	LIPO	345
GCA_035293185.1|DATDOP010000075.1_4	LIPO	337
GCA_035293765.1|DATGMF010000016.1_3	LIPO	351
GCA_035293765.1|DATGMF010000059.1_127	SP	340
GCA_035294125.1|DATGLM010000029.1_70	TATLIPO	352
GCA_035294325.1|DATGLE010000061.1_3	LIPO	363
GCA_035294465.1|DATGKW010000119.1_4	SP	486
GCA_035294465.1|DATGKW010000256.1_1	SP	425
GCA_035294845.1|DATGKC010000570.1_3	SP	345
GCA_035294925.1|DATGJZ010000049.1_48	SP	345
GCA_035295245.1|DATGJK010000046.1_5	SP	314
GCA_035295445.1|DATGJA010000389.1_10	LIPO	423
GCA_035295445.1|DATGJA010000501.1_7	SP	741
GCA_035295605.1|DATGIR010000483.1_16	LIPO	310
GCA_035295685.1|DATGIO010000072.1_129	SP	345
GCA_035295845.1|DATGIF010000027.1_16	SP	320
GCA_035296545.1|DATHAU010000448.1_4	SP	384
GCA_035297005.1|DATGZW010000141.1_4	SP	305
GCA_035298145.1|DATGYF010000544.1_4	SP	308
GCA_035298685.1|DATGXU010000530.1_5	SP	336
GCA_035298825.1|DATGXR010000441.1_1	SP	269
GCA_035298845.1|DATGXP010000820.1_6	SP	376
GCA_035299065.1|DATGXI010000135.1_34	SP	376
GCA_035299145.1|DATGWZ010000009.1_56	SP	379
GCA_035299425.1|DATGWP010000047.1_27	SP	377
GCA_035299425.1|DATGWP010000065.1_13	SP	409
GCA_035299485.1|DATGWM010000003.1_72	SP	381
GCA_035299485.1|DATGWM010000014.1_494	SP	379
GCA_035299505.1|DATGWL010000069.1_18	SP	387
GCA_035304725.1|DATGPR010000110.1_2	LIPO	328
GCA_035305395.1|DATGOZ010000175.1_4	SP	380
GCA_035305805.1|DATGOR010000037.1_4	SP	317
GCA_035306665.1|DATGNP010000083.1_3	SP	307
GCA_035307385.1|DATGID010000032.1_42	LIPO	321
GCA_035307385.1|DATGID010000100.1_82	SP	335
GCA_035308165.1|DATGHC010000079.1_54	SP	345
GCA_035308185.1|DATGHG010000240.1_1	SP	321
GCA_035308365.1|DATGGU010000203.1_30	SP	367
GCA_035308545.1|DATGGI010000213.1_17	SP	305
GCA_035309185.1|DATGFK010000569.1_4	SP	318
GCA_035310405.1|DATGEF010000379.1_5	LIPO	314
GCA_035314925.1|DATFYT010000202.1_3	LIPO	282
GCA_035314925.1|DATFYT010000265.1_4	LIPO	282
GCA_035314925.1|DATFYT010000268.1_5	LIPO	297
GCA_035315605.1|DATFXS010000943.1_2	SP	296
GCA_035316325.1|DATHJB010000161.1_5	LIPO	367
GCA_035318465.1|DATHES010000101.1_58	LIPO	318
GCA_035318465.1|DATHES010000188.1_20	LIPO	323
GCA_035318505.1|DATHEQ010000016.1_50	LIPO	322
GCA_035318505.1|DATHEQ010000355.1_14	LIPO	317
GCA_035325645.1|DAOKZK010000011.1_14	SP	327
GCA_035325905.1|DAOKYY010000033.1_9	SP	603
GCA_035325985.1|DAOKYW010000001.1_197	SP	376
GCA_035325985.1|DAOKYW010000021.1_4	SP	379
GCA_035326365.1|DAOLFJ010000003.1_25	SP	379
GCA_035327665.1|DAOLCW010000017.1_10	SP	348
GCA_035340095.1|DAORGN010000028.1_11	LIPO	336
GCA_035340095.1|DAORGN010000100.1_1	LIPO	574
GCA_035340155.1|DAOQBX010000397.1_2	LIPO	297
GCA_035343915.1|DAOQZZ010000064.1_4	SP	282
GCA_035343915.1|DAOQZZ010000064.1_5	SP	272
GCA_035344075.1|DAORAI010000240.1_3	LIPO	328
GCA_035345235.1|DAORCC010000137.1_2	SP	355
GCA_035345735.1|DAORCZ010000707.1_1	LIPO	304
GCA_035352895.1|DAOPYN010000030.1_20	SP	341
GCA_035352895.1|DAOPYN010000061.1_2	SP	357
GCA_035362335.1|DAOSDL010000058.1_6	SP	397
GCA_035363255.1|DAOSES010000031.1_7	SP	654
GCA_035367355.1|DAOSJS010000045.1_5	SP	320
GCA_035371305.1|DAOOWN010000033.1_9	SP	372
GCA_035373625.1|DAOSNS010000008.1_31	LIPO	314
GCA_035374585.1|DAOSPF010000032.1_15	SP	808
GCA_035380005.1|DAOSWJ010000229.1_5	SP	513
GCA_035382965.1|DAOTAZ010000027.1_15	SP	357
GCA_035382965.1|DAOTAZ010000123.1_2	SP	409
GCA_035382965.1|DAOTAZ010000393.1_2	SP	610
GCA_035387945.1|DAOOOX010000032.1_32	SP	247
GCA_035388625.1|DAOOQH010000254.1_3	SP	386
GCA_035388945.1|DAOOQW010000005.1_16	SP	330
GCA_035389045.1|DAOORA010000024.1_51	SP	391
GCA_035389045.1|DAOORA010000079.1_7	SP	379
GCA_035391465.1|DAOPKY010000017.1_1	SP	358
GCA_035392545.1|DAONMJ010000134.1_2	SP	303
GCA_035400945.1|DAONAJ010000043.1_7	LIPO	313
GCA_035400945.1|DAONAJ010000078.1_9	SP	316
GCA_035403045.1|DAONEL010000027.1_5	LIPO	472
GCA_035405785.1|DAONJS010000007.1_121	SP	380
GCA_035421345.1|DAOLWT010000312.1_1	SP	381
GCA_035426385.1|DAOLZQ010000001.1_11	SP	384
GCA_035429585.1|DAOMFB010000058.1_5	SP	310
GCA_035429725.1|DAOMFI010000060.1_6	SP	336
GCA_035433445.1|DAORUY010000242.1_3	SP	294
GCA_035434405.1|DAORWU010000016.1_75	SP	286
GCA_035437965.1|DAOMZC010000184.1_4	LIPO	301
GCA_035437985.1|DAOMZH010000001.1_48	LIPO	457
GCA_035439005.1|DAORJJ010000048.1_15	LIPO	356
GCA_035439005.1|DAORJJ010000174.1_11	LIPO	329
GCA_035439365.1|DAORKB010000130.1_7	LIPO	375
GCA_035439445.1|DAORKG010000018.1_37	SP	379
GCA_035439445.1|DAORKG010000019.1_39	SP	408
GCA_035439505.1|DAORKJ010000178.1_3	SP	333
GCA_035440755.1|DAORND010000018.1_7	LIPO	343
GCA_035440755.1|DAORND010000079.1_1	SP	267
GCA_035441065.1|DAORNP010000115.1_3	SP	327
GCA_035442025.1|DAORPQ010000117.1_2	LIPO	510
GCA_035444285.1|DAOMOK010000010.1_157	SP	321
GCA_035444805.1|DAOMPM010000078.1_6	SP	321
GCA_035445045.1|DAOMPZ010000190.1_4	SP	380
GCA_035445405.1|DAOMQQ010000322.1_2	LIPO	375
GCA_035448545.1|DAOTJE010000028.1_32	SP	467
GCA_035450225.1|DAOTMJ010000003.1_30	SP	315
GCA_035455205.1|DATIFM010000029.1_16	LIPO	347
GCA_035455265.1|DATIFK010000102.1_7	LIPO	290
GCA_035455265.1|DATIFK010000167.1_4	LIPO	333
GCA_035455385.1|DATIFD010000374.1_4	LIPO	320
GCA_035455565.1|DATIEU010000273.1_9	SP	339
GCA_035455665.1|DATIEQ010000296.1_2	SP	307
GCA_035455825.1|DATIEJ010000553.1_3	SP	304
GCA_035455905.1|DATIEH010000074.1_12	SP	331
GCA_035456045.1|DATIDZ010000113.1_8	SP	302
GCA_035456405.1|DATIDG010000075.1_45	SP	346
GCA_035456865.1|DATICK010000121.1_2	SP	330
GCA_035456885.1|DATICH010000222.1_3	SP	357
GCA_035457045.1|DATICC010000536.1_1	LIPO	329
GCA_035458325.1|DATHZY010000511.1_6	SP	379
GCA_035458765.1|DATHZE010000248.1_14	LIPO	321
GCA_035459605.1|DATHXP010000055.1_3	SP	368
GCA_035461765.1|DATHUY010000142.1_20	SP	306
GCA_035462205.1|DATHUN010000677.1_4	LIPO	287
GCA_035464115.1|DATHSN010000461.1_4	LIPO	332
GCA_035465295.1|DATHRM010000185.1_16	LIPO	349
GCA_035465395.1|DATHRK010000038.1_7	LIPO	322
GCA_035465695.1|DATIVR010000017.1_4	SP	304
GCA_035466375.1|DATIVB010000433.1_19	SP	334
GCA_035466435.1|DATIUW010000259.1_18	SP	314
GCA_035467535.1|DATITS010000078.1_8	SP	331
GCA_035467535.1|DATITS010000214.1_20	LIPO	326
GCA_035468285.1|DATISY010000067.1_1	SP	309
GCA_035469005.1|DATISD010000007.1_2	SP	331
GCA_035470225.1|DATIRA010000409.1_1	LIPO	333
GCA_035470745.1|DATIQO010000120.1_12	SP	333
GCA_035471825.1|DATIPP010000115.1_4	SP	288
GCA_035471965.1|DATIPL010000278.1_10	SP	401
GCA_035472155.1|DATIPJ010000401.1_10	SP	385
GCA_035473355.1|DATIOJ010000088.1_58	LIPO	294
GCA_035473575.1|DATIOA010000064.1_27	SP	341
GCA_035474295.1|DATINL010000025.1_8	SP	313
GCA_035474375.1|DATINJ010000205.1_6	LIPO	302
GCA_035474555.1|DATING010000663.1_2	LIPO	337
GCA_035476635.1|DATILI010000199.1_3	SP	354
GCA_035476855.1|DATILC010000014.1_6	SP	354
GCA_035476855.1|DATILC010000357.1_2	LIPO	301
GCA_035482215.1|DATHQY010000533.1_3	LIPO	305
GCA_035482595.1|DATHQQ010000110.1_6	SP	304
GCA_035484155.1|DATHPF010000131.1_23	LIPO	338
GCA_035484495.1|DATHOW010000125.1_13	SP	486
GCA_035485295.1|DATHOD010000029.1_26	SP	490
GCA_035485295.1|DATHOD010000133.1_13	SP	323
GCA_035485475.1|DATHOA010000074.1_8	SP	341
GCA_035485695.1|DATHNU010001158.1_9	SP	381
GCA_035486275.1|DATHNG010000114.1_15	SP	498
GCA_035486275.1|DATHNG010000188.1_8	SP	328
GCA_035486535.1|DATHMY010000018.1_18	LIPO	473
GCA_035487295.1|DATHMH010000012.1_70	LIPO	337
GCA_035487675.1|DATHLW010000627.1_6	SP	302
GCA_035488115.1|DATHLN010000098.1_11	SP	319
GCA_035488195.1|DATHLL010000301.1_3	LIPO	391
GCA_035489015.1|DATHKR010000290.1_95	LIPO	596
GCA_035489505.1|DATHKF010000107.1_4	SP	382
GCA_035489695.1|DATHJP010000784.1_2	SP	341
GCA_035489875.1|DATHJG010000515.1_9	SP	327
GCA_035490095.1|DATHHQ010000339.1_6	LIPO	381
GCA_035492155.1|DATJJL010000217.1_6	SP	341
GCA_035492155.1|DATJJL010000491.1_2	SP	353
GCA_035492275.1|DATJJI010000010.1_1	SP	298
GCA_035492395.1|DATJJH010000126.1_24	SP	356
GCA_035492545.1|DATJJD010000170.1_16	LIPO	309
GCA_035492595.1|DATJJA010000001.1_2	LIPO	307
GCA_035492655.1|DATJJB010000301.1_7	SP	445
GCA_035492655.1|DATJJB010000329.1_6	SP	400
GCA_035492655.1|DATJJB010000633.1_18	SP	310
GCA_035492865.1|DATJIX010000367.1_5	LIPO	279
GCA_035493195.1|DATJIM010000077.1_34	SP	299
GCA_035493215.1|DATJIO010000001.1_62	SP	643
GCA_035493215.1|DATJIO010000001.1_90	SP	645
GCA_035493215.1|DATJIO010000020.1_18	SP	652
GCA_035493215.1|DATJIO010000047.1_55	SP	663
GCA_035493385.1|DATJIL010000014.1_3	SP	341
GCA_035493475.1|DATJIF010000018.1_39	SP	416
GCA_035493515.1|DATJID010000021.1_36	SP	325
GCA_035493535.1|DATJIE010000006.1_31	LIPO	375
GCA_035493675.1|DATJIA010000432.1_13	LIPO	368
GCA_035493675.1|DATJIA010000432.1_19	SP	487
GCA_035493895.1|DATJHM010000218.1_16	SP	496
GCA_035493955.1|DATJHI010000004.1_32	SP	657
GCA_035493955.1|DATJHI010000004.1_172	SP	696
GCA_035493955.1|DATJHI010000039.1_70	SP	638
GCA_035493955.1|DATJHI010000040.1_82	SP	628
GCA_035493955.1|DATJHI010000040.1_135	SP	636
GCA_035493955.1|DATJHI010000042.1_7	SP	640
GCA_035495395.1|DATJGA010000164.1_2	SP	351
GCA_035495395.1|DATJGA010000281.1_10	SP	332
GCA_035496715.1|DATJEK010000186.1_13	SP	324
GCA_035498035.1|DATKAN010000005.1_10	LIPO	323
GCA_035498295.1|DATKAK010000023.1_23	SP	319
GCA_035498875.1|DATJZP010000043.1_41	SP	303
GCA_035499355.1|DATJYZ010000046.1_7	SP	321
GCA_035499655.1|DATJYL010000101.1_21	SP	311
GCA_035499695.1|DATJYG010000636.1_6	LIPO	320
GCA_035499695.1|DATJYG010000826.1_17	LIPO	379
GCA_035500035.1|DATJXP010000096.1_4	SP	304
GCA_035500055.1|DATJXO010000021.1_7	SP	317
GCA_035500255.1|DATJXJ010000027.1_131	SP	309
GCA_035500495.1|DATJXC010000086.1_2	SP	313
GCA_035501175.1|DATJWQ010000066.1_39	SP	308
GCA_035501655.1|DATJVU010000023.1_74	LIPO	493
GCA_035501775.1|DATJVM010000018.1_67	SP	301
GCA_035501875.1|DATJVI010000148.1_18	SP	323
GCA_035502215.1|DATJUR010000102.1_9	SP	328
GCA_035502995.1|DATJTW010000061.1_11	LIPO	292
GCA_035503515.1|DATJTJ010000114.1_12	SP	319
GCA_035504215.1|DATJSI010000054.1_21	LIPO	333
GCA_035504415.1|DATJRY010000010.1_97	LIPO	357
GCA_035504415.1|DATJRY010000011.1_38	SP	307
GCA_035504415.1|DATJRY010000011.1_194	LIPO	459
GCA_035504755.1|DATJRM010000059.1_2	LIPO	365
GCA_035504755.1|DATJRM010000082.1_5	LIPO	454
GCA_035505015.1|DATJRF010000275.1_2	SP	304
GCA_035505695.1|DATJQO010000006.1_3	LIPO	278
GCA_035505695.1|DATJQO010000141.1_85	SP	306
GCA_035506155.1|DATJPX010000109.1_28	LIPO	291
GCA_035506335.1|DATJPN010000027.1_2	SP	328
GCA_035506495.1|DATJPI010000261.1_11	SP	318
GCA_035506875.1|DATJOR010000035.1_6	LIPO	292
GCA_035506875.1|DATJOR010000138.1_6	LIPO	282
GCA_035507155.1|DATJOK010000315.1_20	SP	314
GCA_035507415.1|DATJOF010000018.1_71	SP	319
GCA_035507615.1|DATJNX010000056.1_17	LIPO	338
GCA_035507775.1|DATJNU010000191.1_38	SP	416
GCA_035509095.1|DATJLY010000184.1_4	SP	305
GCA_035511355.1|DATKFL010000241.1_1	SP	360
GCA_035511355.1|DATKFL010000415.1_2	LIPO	330
GCA_035511515.1|DATKFG010000100.1_19	SP	365
GCA_035511595.1|DATKFF010000394.1_15	SP	347
GCA_035511785.1|DATKEW010000094.1_4	SP	305
GCA_035511785.1|DATKEW010000399.1_4	LIPO	277
GCA_035512055.1|DATKEP010000002.1_23	SP	292
GCA_035512515.1|DATKDY010000050.1_37	SP	509
GCA_035512515.1|DATKDY010000140.1_62	SP	306
GCA_035513555.1|DATKBY010000006.1_34	SP	336
GCA_035514595.1|DATKAX010000470.1_34	SP	327
GCA_035515355.1|DATJBL010000070.1_2	SP	341
GCA_035515435.1|DATJBI010000036.1_27	LIPO	343
GCA_035515435.1|DATJBI010000097.1_2	LIPO	308
GCA_035516415.1|DATJAI010000069.1_18	SP	291
GCA_035516425.1|DATJAH010000001.1_67	LIPO	336
GCA_035516595.1|DATJAE010000273.1_66	LIPO	331
GCA_035516595.1|DATJAE010000404.1_28	SP	479
GCA_035516595.1|DATJAE010000424.1_7	LIPO	317
GCA_035516895.1|DATIZY010000128.1_14	SP	299
GCA_035516895.1|DATIZY010000206.1_11	SP	303
GCA_035516915.1|DATIZV010000350.1_6	SP	301
GCA_035517095.1|DATIZK010000040.1_29	LIPO	344
GCA_035517195.1|DATIZH010000065.1_3	SP	317
GCA_035517415.1|DATIYW010000043.1_10	SP	351
GCA_035517435.1|DATIYV010000041.1_20	SP	330
GCA_035517495.1|DATIYT010000104.1_152	SP	319
GCA_035518275.1|DATIXU010000055.1_67	SP	326
GCA_035518915.1|DATIXE010000004.1_58	LIPO	311
GCA_035519435.1|DATIWL010000165.1_6	SP	320
GCA_035519515.1|DATIWC010000010.1_55	SP	306
GCA_035519555.1|DATIWG010000035.1_27	SP	309
GCA_035523835.1|DATKQA010000347.1_3	SP	314
GCA_035523985.1|DATKPR010000049.1_10	SP	326
GCA_035524415.1|DATKOY010000275.1_16	SP	309
GCA_035524495.1|DATKOR010000016.1_17	SP	334
GCA_035524595.1|DATKOP010000078.1_6	SP	326
GCA_035524595.1|DATKOP010000086.1_19	SP	346
GCA_035525015.1|DATLFC010000238.1_3	SP	264
GCA_035525455.1|DATLEF010000073.1_27	SP	315
GCA_035525495.1|DATLED010000053.1_10	SP	399
GCA_035525615.1|DATLEB010000055.1_51	SP	489
GCA_035526015.1|DATLDH010000065.1_16	SP	347
GCA_035526525.1|DATLCG010000017.1_5	LIPO	341
GCA_035526825.1|DATLBT010000131.1_8	LIPO	364
GCA_035526925.1|DATLBL010000112.1_4	SP	309
GCA_035526975.1|DATLBJ010000089.1_49	SP	347
GCA_035527635.1|DATLAF010000148.1_5	LIPO	326
GCA_035528395.1|DATKYR010000184.1_19	SP	452
GCA_035529475.1|DATKWR010000387.1_4	SP	310
GCA_035530315.1|DATKVA010000025.1_11	SP	345
GCA_035531775.1|DATKSG010000062.1_3	SP	423
GCA_035531855.1|DATKSB010000170.1_6	SP	322
GCA_035531955.1|DATKRZ010000042.1_37	SP	343
GCA_035532195.1|DATKRM010000128.1_19	SP	373
GCA_035532275.1|DATKRG010000045.1_33	LIPO	340
GCA_035533475.1|DATLTS010000018.1_58	SP	369
GCA_035533995.1|DATLSR010000023.1_42	SP	339
GCA_035534335.1|DATLSF010000018.1_6	SP	327
GCA_035536055.1|DATLOW010000274.1_12	SP	355
GCA_035536155.1|DATLOS010000600.1_4	SP	300
GCA_035536235.1|DATLOQ010000042.1_2	SP	365
GCA_035536655.1|DATLNR010000010.1_21	SP	462
GCA_035539175.1|DATLIY010000008.1_414	SP	372
GCA_035539495.1|DATLII010000348.1_7	SP	318
GCA_035539495.1|DATLII010000355.1_3	SP	316
GCA_035539675.1|DATLHW010000062.1_3	SP	537
GCA_035539835.1|DATLHP010000157.1_9	SP	322
GCA_035540215.1|DATLIA010000110.1_15	SP	395
GCA_035540495.1|DATLGL010000012.1_66	SP	429
GCA_035540575.1|DATLGF010000169.1_8	SP	586
GCA_035540575.1|DATLGF010000517.1_13	SP	399
GCA_035540775.1|DATLFW010000088.1_2	SP	358
GCA_035540955.1|DATLFP010000190.1_7	SP	344
GCA_035541175.1|DATKNT010000150.1_4	SP	304
GCA_035541255.1|DATKNR010000080.1_37	SP	303
GCA_035541335.1|DATKNM010000153.1_2	SP	309
GCA_035541875.1|DATKML010000009.1_84	LIPO	324
GCA_035542535.1|DATKLG010000035.1_8	SP	321
GCA_035542575.1|DATKLE010000014.1_77	SP	309
GCA_035542715.1|DATKKW010000030.1_18	LIPO	322
GCA_035543355.1|DASZZG010000149.1_4	SP	329
GCA_035543655.1|DATKJN010000278.1_3	SP	385
GCA_035543975.1|DATKIS010000029.1_4	LIPO	299
GCA_035543975.1|DATKIS010000770.1_6	SP	350
GCA_035544395.1|DATKFM010000099.1_33	SP	279
GCA_035544475.1|DATKEY010000247.1_36	SP	421
GCA_035544675.1|DATKCA010000006.1_3	SP	294
GCA_035544895.1|DASZZM010000028.1_29	LIPO	336
GCA_035545175.1|DASZYY010000140.1_3	LIPO	306
GCA_035545635.1|DASZXY010000009.1_44	SP	345
GCA_035545635.1|DASZXY010000022.1_11	SP	774
GCA_035545935.1|DASZXP010000206.1_2	LIPO	297
GCA_035546055.1|DASZXF010000033.1_3	SP	495
GCA_035546415.1|DASZXM010000539.1_13	SP	436
GCA_035546675.1|DASZWG010000075.1_11	SP	295
GCA_035546735.1|DASZWE010000295.1_1	LIPO	307
GCA_035546775.1|DASZWD010000029.1_31	SP	382
GCA_035546895.1|DASZVW010000141.1_4	LIPO	386
GCA_035547035.1|DASZVL010000082.1_25	SP	343
GCA_035547195.1|DASZVB010000114.1_54	LIPO	352
GCA_035547295.1|DASZVM010000344.1_6	LIPO	310
GCA_035547515.1|DASZUS010000037.1_36	SP	350
GCA_035547615.1|DASZUN010000189.1_15	LIPO	316
GCA_035547615.1|DASZUN010000275.1_14	SP	306
GCA_035548055.1|DASZTL010000005.1_4	SP	347
GCA_035548125.1|DASZTV010000006.1_24	SP	365
GCA_035548125.1|DASZTV010000032.1_58	SP	346
GCA_035548375.1|DASZTG010000027.1_25	SP	335
GCA_035549015.1|DASZRW010000008.1_4	SP	398
GCA_035549715.1|DASZQJ010000179.1_10	SP	332
GCA_035549735.1|DASZQI010000049.1_68	SP	503
GCA_035549735.1|DASZQI010000052.1_16	SP	507
GCA_035549805.1|DASZQH010000345.1_5	SP	310
GCA_035550055.1|DASZRO010000020.1_25	SP	347
GCA_035550195.1|DASZPU010000073.1_1	SP	425
GCA_035550195.1|DASZPU010001012.1_5	LIPO	370
GCA_035550315.1|DASZPL010000010.1_7	LIPO	325
GCA_035550455.1|DASZPC010000146.1_9	SP	378
GCA_035550455.1|DASZPC010000593.1_3	SP	329
GCA_035550595.1|DASZOV010000141.1_37	SP	335
GCA_035550615.1|DASZOW010000545.1_7	LIPO	308
GCA_035550655.1|DASZOU010000008.1_54	SP	365
GCA_035550655.1|DASZOU010000020.1_41	LIPO	304
GCA_035551355.1|DASZNF010000141.1_289	LIPO	301
GCA_035551575.1|DASZNJ010000280.1_3	LIPO	311
GCA_035551575.1|DASZNJ010000395.1_12	LIPO	343
GCA_035551835.1|DASZMN010000090.1_45	SP	360
GCA_035551855.1|DASZMK010000158.1_17	SP	429
GCA_035551855.1|DASZMK010000158.1_19	SP	418
GCA_035551955.1|DASZMD010000018.1_2	SP	319
GCA_035552095.1|DASZMA010000017.1_9	TAT	355
GCA_035552095.1|DASZMA010000142.1_23	SP	340
GCA_035552215.1|DASZLV010000104.1_38	SP	316
GCA_035552275.1|DASZLR010000268.1_10	LIPO	325
GCA_035552295.1|DASZLQ010000074.1_4	LIPO	279
GCA_035552615.1|DASZLC010000053.1_2	SP	391
GCA_035552975.1|DATNEN010000161.1_5	SP	337
GCA_035553395.1|DASZKP010000042.1_19	SP	316
GCA_035554115.1|DATMIW010000074.1_65	LIPO	323
GCA_035554275.1|DATMIN010000119.1_5	LIPO	378
GCA_035554795.1|DATMHT010000179.1_3	LIPO	319
GCA_035555035.1|DATMHG010000016.1_7	SP	334
GCA_035555155.1|DATMGZ010000209.1_14	SP	319
GCA_035555855.1|DATMGD010000028.1_23	SP	337
GCA_035556215.1|DATMFI010000026.1_171	SP	328
GCA_035556995.1|DATMEI010000377.1_13	SP	337
GCA_035559015.1|DATMCA010000184.1_2	SP	444
GCA_035559015.1|DATMCA010000985.1_4	SP	254
GCA_035562195.1|DATMWV010000249.1_1	LIPO	326
GCA_035562875.1|DATMVU010000660.1_1	SP	430
GCA_035565375.1|DATMSN010000358.1_2	SP	435
GCA_035565395.1|DATMSK010000046.1_12	SP	309
GCA_035567575.1|DATMPR010000240.1_18	SP	405
GCA_035567575.1|DATMPR010000467.1_2	SP	378
GCA_035568535.1|DATMNV010000002.1_14	SP	304
GCA_035569515.1|DATMMY010000332.1_19	SP	345
GCA_035569605.1|DATMMS010000002.1_48	SP	391
GCA_035569635.1|DATMMV010000091.1_13	SP	482
GCA_035569755.1|DATMMK010000004.1_8	SP	328
GCA_035569855.1|DATMMH010000028.1_13	SP	311
GCA_035571275.1|DATMKQ010000125.1_6	SP	349
GCA_035571275.1|DATMKQ010000183.1_11	SP	605
GCA_035571575.1|DATNCK010000122.1_8	SP	319
GCA_035571795.1|DATNBX010000034.1_8	LIPO	384
GCA_035573615.1|DATMZQ010000136.1_11	SP	332
GCA_035573755.1|DATLZY010000050.1_38	SP	333
GCA_035574475.1|DATLYR010000002.1_5	SP	465
GCA_035574915.1|DATLYJ010000002.1_4	LIPO	315
GCA_035575095.1|DATLYF010000013.1_22	SP	422
GCA_035575215.1|DATLYB010000278.1_6	SP	675
GCA_035575215.1|DATLYB010000280.1_3	SP	378
GCA_035575675.1|DATLXS010000153.1_8	SP	314
GCA_035577545.1|DATLVI010000004.1_233	SP	304
GCA_035581765.1|DATISN010000045.1_21	SP	349
GCA_035583735.1|DATMAH010000343.1_14	LIPO	345
GCA_035593605.1|DAOSWS010000025.1_3	SP	312
GCA_035593865.1|DAOTAI010000191.1_2	SP	332
GCA_035601635.1|DATNNY010000198.1_4	SP	343
GCA_035601835.1|DATNNM010000009.1_142	LIPO	314
GCA_035602175.1|DATNMV010000234.1_11	SP	304
GCA_035602295.1|DATNMN010000165.1_14	LIPO	301
GCA_035602775.1|DATNLS010000137.1_2	SP	339
GCA_035602775.1|DATNLS010000368.1_3	SP	310
GCA_035603555.1|DATNKF010000372.1_2	SP	369
GCA_035603855.1|DATNJP010000262.1_4	SP	342
GCA_035604135.1|DATNJB010000063.1_155	SP	305
GCA_035604195.1|DATNIY010000106.1_16	SP	316
GCA_035604595.1|DATNIE010000029.1_139	SP	342
GCA_035604615.1|DATNID010000028.1_91	LIPO	286
GCA_035604655.1|DATNHZ010000025.1_12	SP	342
GCA_035605575.1|DASTCJ010000177.1_2	SP	300
GCA_035605895.1|DATNGL010000246.1_5	LIPO	346
GCA_035606475.1|DATNFI010000236.1_6	LIPO	282
GCA_035606745.1|DATNET010000109.1_2	SP	337
GCA_035606745.1|DATNET010000517.1_2	LIPO	342
GCA_035606745.1|DATNET010000064.1_2	LIPO	346
GCA_035607075.1|DATMZL010001559.1_2	SP	405
GCA_035607145.1|DATNCU010000487.1_2	SP	309
GCA_035607415.1|DATNAQ010000139.1_13	LIPO	350
GCA_035607415.1|DATNAQ010000110.1_48	LIPO	350
GCA_035607415.1|DATNAQ010000050.1_23	SP	802
GCA_035622115.1|DASPVY010000034.1_2	SP	306
GCA_035622135.1|DASPVZ010000029.1_2	LIPO	306
GCA_035622995.1|DASPUI010000207.1_4	SP	299
GCA_035623515.1|DASPTH010000082.1_5	SP	322
GCA_035624385.1|DASPRP010000024.1_138	SP	328
GCA_035624475.1|DASPRL010000407.1_2	SP	304
GCA_035625025.1|DASPQJ010000030.1_5	SP	350
GCA_035625615.1|DASPPI010000094.1_22	SP	337
GCA_035625725.1|DASPPB010000026.1_38	SP	387
GCA_035625755.1|DASPOZ010000084.1_26	SP	337
GCA_035625875.1|DASPOT010000009.1_1	LIPO	292
GCA_035625875.1|DASPOT010000108.1_5	LIPO	280
GCA_035625875.1|DASPOT010000380.1_16	LIPO	294
GCA_035626875.1|DASPMV010000030.1_5	SP	414
GCA_035627135.1|DASPMI010000204.1_14	SP	705
GCA_035627375.1|DASPLX010000081.1_12	SP	585
GCA_035628505.1|DASPJR010000190.1_8	SP	339
GCA_035629155.1|DASPIO010000183.1_32	SP	391
GCA_035629775.1|DASPHG010000021.1_26	SP	428
GCA_035629935.1|DASQLQ010000073.1_3	SP	340
GCA_035630095.1|DASQLJ010000158.1_9	SP	328
GCA_035630595.1|DASQKJ010000112.1_53	SP	358
GCA_035631655.1|DASQIH010000226.1_15	SP	266
GCA_035631895.1|DASQHW010000355.1_6	LIPO	319
GCA_035631915.1|DASQHV010000269.1_2	SP	332
GCA_035632095.1|DASQHM010000188.1_4	SP	310
GCA_035632115.1|DASQHL010000029.1_27	LIPO	322
GCA_035632115.1|DASQHL010000088.1_7	LIPO	367
GCA_035632115.1|DASQHL010000106.1_4	LIPO	323
GCA_035632195.1|DASQHH010000357.1_14	LIPO	322
GCA_035632815.1|DASQGB010000066.1_13	LIPO	252
GCA_035632815.1|DASQGB010000290.1_3	SP	326
GCA_035633315.1|DASQFG010000293.1_1	LIPO	290
GCA_035633495.1|DASQEU010000095.1_61	SP	309
GCA_035634295.1|DASQDG010000014.1_11	SP	336
GCA_035634575.1|DASQCU010000446.1_4	SP	307
GCA_035634635.1|DASQCO010000154.1_3	LIPO	395
GCA_035635315.1|DASQBH010000109.1_2	LIPO	348
GCA_035635315.1|DASQBH010000109.1_3	LIPO	334
GCA_035635495.1|DASQAW010000031.1_6	LIPO	251
GCA_035635775.1|DASQAL010000179.1_8	SP	305
GCA_035635915.1|DASQAE010000602.1_2	SP	503
GCA_035635995.1|DASPZZ010000067.1_5	SP	311
GCA_035637355.1|DASPXJ010000100.1_16	SP	327
GCA_035637455.1|DASPXE010000199.1_15	SP	313
GCA_035637895.1|DASRBA010000048.1_4	LIPO	603
GCA_035637935.1|DASRAY010000089.1_2	LIPO	315
GCA_035638075.1|DASRAU010000032.1_7	SP	358
GCA_035638115.1|DASRAN010000074.1_44	SP	369
GCA_035638255.1|DASRAJ010000033.1_14	SP	468
GCA_035639115.1|DASQYQ010000264.1_2	SP	332
GCA_035639935.1|DASQXC010000269.1_6	SP	355
GCA_035640475.1|DASQWC010000188.1_2	SP	353
GCA_035640755.1|DASQVN010000348.1_5	SP	376
GCA_035640795.1|DASQVL010000139.1_5	SP	395
GCA_035641055.1|DASQUY010000240.1_5	SP	339
GCA_035641055.1|DASQUY010000572.1_4	LIPO	355
GCA_035642295.1|DASQSR010000409.1_4	SP	342
GCA_035642315.1|DASQSQ010000496.1_3	LIPO	282
GCA_035642975.1|DASQRI010000594.1_11	LIPO	282
GCA_035642975.1|DASQRI010000668.1_6	SP	292
GCA_035643735.1|DASQPY010000062.1_2	SP	339
GCA_035644215.1|DASQPA010000121.1_10	SP	373
GCA_035644375.1|DASQOS010000190.1_4	SP	354
GCA_035644395.1|DASQOR010000074.1_24	SP	323
GCA_035644855.1|DASQNT010000476.1_8	LIPO	449
GCA_035645175.1|DASQNB010000260.1_10	TAT	339
GCA_035645295.1|DASQMW010000017.1_57	LIPO	629
GCA_035645295.1|DASQMW010000204.1_5	SP	331
GCA_035646755.1|DASROV010000348.1_7	SP	320
GCA_035648655.1|DASRLC010000006.1_10	SP	539
GCA_035649415.1|DASRJP010000397.1_19	SP	248
GCA_035650035.1|DASRIK010000079.1_2	SP	323
GCA_035650035.1|DASRIK010000232.1_7	SP	366
GCA_035650075.1|DASRII010000206.1_5	SP	322
GCA_035650075.1|DASRII010000342.1_6	LIPO	396
GCA_035650075.1|DASRII010000474.1_8	SP	444
GCA_035650075.1|DASRII010000567.1_6	LIPO	290
GCA_035650335.1|DASRHU010000132.1_2	SP	307
GCA_035650355.1|DASRHT010000019.1_36	SP	340
GCA_035650495.1|DASRHK010000142.1_1	SP	309
GCA_035650495.1|DASRHK010000142.1_3	LIPO	367
GCA_035650575.1|DASRHM010000090.1_4	LIPO	339
GCA_035650575.1|DASRHM010000121.1_9	LIPO	323
GCA_035650875.1|DASRGU010000011.1_55	LIPO	477
GCA_035650875.1|DASRGU010000014.1_173	LIPO	348
GCA_035651275.1|DASRFZ010000145.1_16	LIPO	302
GCA_035651275.1|DASRFZ010000242.1_5	LIPO	283
GCA_035651575.1|DASRFM010000098.1_27	SP	305
GCA_035651595.1|DASRFJ010000294.1_42	SP	432
GCA_035651715.1|DASRFD010000038.1_107	LIPO	352
GCA_035651815.1|DASRFB010000007.1_7	SP	342
GCA_035652295.1|DASREC010000289.1_12	LIPO	336
GCA_035652295.1|DASREC010000413.1_11	SP	425
GCA_035652355.1|DASRDY010000335.1_7	SP	247
GCA_035652855.1|DASRCZ010000057.1_4	SP	310
GCA_035653635.1|DASRBM010000359.1_4	SP	422
GCA_035654795.1|DASRWC010000033.1_20	SP	372
GCA_035655235.1|DASRUX010000314.1_2	SP	329
GCA_035656115.1|DASRTD010000271.1_10	SP	301
GCA_035656475.1|DASRSQ010000063.1_12	SP	313
GCA_035656475.1|DASRSQ010000502.1_1	SP	300
GCA_035656495.1|DASRSL010000192.1_16	SP	375
GCA_035656635.1|DASRSD010000164.1_11	SP	316
GCA_035656655.1|DASRSE010000023.1_5	SP	301
GCA_035656655.1|DASRSE010000221.1_13	SP	323
GCA_035685725.1|DASSAD010000125.1_12	SP	320
GCA_035685905.1|DASRZY010000036.1_18	SP	306
GCA_035686645.1|DASRZF010000104.1_2	LIPO	313
GCA_035687145.1|DASRYM010000024.1_3	LIPO	293
GCA_035687405.1|DASRXR010000507.1_3	LIPO	425
GCA_035688895.1|DASSML010000167.1_10	SP	296
GCA_035688915.1|DASSMK010000269.1_3	SP	307
GCA_035689035.1|DASSME010000287.1_7	SP	309
GCA_035689035.1|DASSME010000539.1_1	LIPO	337
GCA_035689035.1|DASSME010000539.1_2	SP	333
GCA_035689325.1|DASSLQ010000165.1_1	SP	299
GCA_035690365.1|DASSKP010000056.1_11	SP	379
GCA_035691085.1|DASSJS010000441.1_14	LIPO	337
GCA_035691585.1|DASSIU010000309.1_11	SP	334
GCA_035691665.1|DASSIS010000089.1_75	SP	310
GCA_035693385.1|DASSGQ010000239.1_13	LIPO	312
GCA_035693605.1|DASSGE010000087.1_2	SP	312
GCA_035693805.1|DASSGA010000021.1_6	SP	310
GCA_035695045.1|DASSEX010000075.1_3	SP	371
GCA_035695125.1|DASSEU010000021.1_20	SP	540
GCA_035695245.1|DASSEQ010000113.1_12	SP	359
GCA_035695245.1|DASSEQ010000200.1_7	LIPO	331
GCA_035695715.1|DASRRM010000271.1_10	SP	309
GCA_035696085.1|DASRRA010000271.1_8	SP	377
GCA_035696085.1|DASRRA010000465.1_1	SP	385
GCA_035696125.1|DASRQZ010000188.1_10	LIPO	312
GCA_035696245.1|DASRQW010000260.1_17	LIPO	337
GCA_035697145.1|DASSDL010000232.1_10	LIPO	363
GCA_035697425.1|DASSCX010000072.1_20	SP	348
GCA_035698445.1|DASSBS010000146.1_5	LIPO	327
GCA_035698655.1|DASSBO010000492.1_8	SP	525
GCA_035699205.1|DASSBA010000232.1_7	SP	306
GCA_035699465.1|DASSPT010000053.1_18	LIPO	333
GCA_035701115.1|DASSOA010000067.1_13	SP	307
GCA_035701945.1|DASSRF010000251.1_4	SP	299
GCA_035702065.1|DASSRA010000328.1_8	SP	306
GCA_035703025.1|DASSYY010000064.1_4	SP	310
GCA_035703435.1|DASSYF010000008.1_16	LIPO	352
GCA_035703755.1|DASSXP010000016.1_6	LIPO	340
GCA_035703895.1|DASSXJ010000307.1_15	SP	307
GCA_035703945.1|DASSXK010000774.1_1	SP	769
GCA_035707405.1|DASSUC010000255.1_40	SP	400
GCA_035707525.1|DASSUA010000339.1_16	SP	401
GCA_035707905.1|DASSTN010000005.1_21	SP	425
GCA_035708745.1|DASTFJ010000047.1_8	SP	311
GCA_035709445.1|DASTET010000613.1_6	SP	266
GCA_035712425.1|DASTAU010000310.1_7	SP	332
GCA_035712985.1|DASTAE010000125.1_1	SP	423
GCA_035712985.1|DASTAE010000233.1_29	LIPO	310
GCA_035714925.1|DASTLN010000336.1_7	LIPO	352
GCA_035715345.1|DASTLD010000061.1_7	LIPO	342
GCA_035715365.1|DASTLB010000063.1_54	SP	483
GCA_035715365.1|DASTLB010000063.1_56	SP	376
GCA_035716045.1|DASTKI010000174.1_1	LIPO	312
GCA_035716165.1|DASTKA010000763.1_2	LIPO	277
GCA_035716785.1|DASTJG010000192.1_2	LIPO	308
GCA_035717485.1|DASTIQ010000105.1_6	SP	329
GCA_035718105.1|DASTHR010000166.1_6	SP	334
GCA_035718845.1|DASTGU010000013.1_27	SP	322
GCA_035719045.1|DASTGO010000178.1_4	SP	502
GCA_035719045.1|DASTGO010000267.1_1	SP	424
GCA_035719245.1|DASTGJ010000416.1_3	LIPO	601
GCA_035719405.1|DASTGE010000247.1_5	LIPO	408
GCA_035719405.1|DASTGE010000850.1_8	SP	351
GCA_035720205.1|DASTOQ010000091.1_20	SP	335
GCA_035720235.1|DASTOH010000254.1_55	LIPO	303
GCA_035720605.1|DASTNU010000699.1_4	LIPO	330
GCA_035759315.1|DASTVB010000101.1_4	SP	342
GCA_035760665.1|DASTSN010000033.1_19	SP	322
GCA_035760825.1|DASTSF010000334.1_2	SP	322
GCA_035760885.1|DASTSB010000431.1_12	LIPO	503
GCA_035760965.1|DASTRY010000036.1_32	SP	319
GCA_035760985.1|DASTRX010000044.1_42	LIPO	306
GCA_035761885.1|DASTQG010000451.1_1	LIPO	330
GCA_035762175.1|DASTPP010000398.1_10	LIPO	691
GCA_035762565.1|DASTOJ010000005.1_42	SP	302
GCA_035762745.1|DASTNM010000330.1_2	SP	326
GCA_035763685.1|DASUAR010000111.1_12	SP	436
GCA_035763685.1|DASUAR010000244.1_59	SP	452
GCA_035764225.1|DASTZT010000773.1_10	SP	340
GCA_035764445.1|DASTZF010000327.1_8	SP	391
GCA_035765075.1|DASTYH010000012.1_2	SP	291
GCA_035765105.1|DASTYG010000107.1_62	SP	445
GCA_035765195.1|DASTYC010000019.1_162	SP	441
GCA_035765195.1|DASTYC010000023.1_143	LIPO	300
GCA_035765415.1|DASTXR010000057.1_46	SP	619
GCA_035765535.1|DASTXE010000006.1_580	LIPO	300
GCA_035776695.1|DASTWJ010000084.1_9	SP	334
GCA_035910535.1|JAMHXF010000090.1_165	SP	394
GCA_035910535.1|JAMHXF010000106.1_76	LIPO	439
GCA_035911315.1|JAMHVS010000036.1_318	SP	366
GCA_035911475.1|JAMHVM010000061.1_41	LIPO	357
GCA_035911475.1|JAMHVM010000120.1_2	SP	663
GCA_035913415.1|JAMIIV010000071.1_9	SP	356
GCA_035934385.1|DASYXY010000075.1_56	LIPO	304
GCA_035936415.1|DASYWD010000569.1_2	LIPO	344
GCA_035936835.1|DASYVT010000077.1_22	SP	323
GCA_035937415.1|DASZIB010000059.1_69	LIPO	282
GCA_035937795.1|DASZHO010000001.1_5	LIPO	324
GCA_035938095.1|DASZHF010000094.1_3	SP	442
GCA_035939115.1|DASZGF010000268.1_31	SP	337
GCA_035939495.1|DASZFU010000061.1_4	SP	344
GCA_035939595.1|DASZFQ010000012.1_35	SP	302
GCA_035939615.1|DASZFP010000205.1_4	SP	365
GCA_035940535.1|DASZEU010000096.1_3	SP	345
GCA_035940575.1|DASZER010000043.1_97	SP	384
GCA_035941045.1|DASZEK010000035.1_93	SP	332
GCA_035943995.1|DASZBS010000041.1_11	SP	292
GCA_035943995.1|DASZBS010000091.1_9	LIPO	386
GCA_035943995.1|DASZBS010000121.1_96	LIPO	443
GCA_035946515.1|DASYZF010000381.1_2	SP	310
GCA_035946955.1|DASYYE010000562.1_23	SP	339
GCA_035948855.1|DASZIT010000074.1_18	LIPO	351
GCA_035949055.1|DASZIO010000029.1_29	LIPO	361
GCA_035949355.1|DASZIH010000056.1_12	SP	316
GCA_035995025.1|DASYKY010000024.1_112	SP	292
GCA_035995025.1|DASYKY010000044.1_70	SP	318
GCA_035995425.1|DASYKM010000187.1_29	SP	517
GCA_035995885.1|DASYKC010000078.1_9	LIPO	382
GCA_035995885.1|DASYKC010000210.1_58	LIPO	306
GCA_035995965.1|DASYJZ010000263.1_2	LIPO	341
GCA_035995985.1|DASYJY010000068.1_22	SP	315
GCA_035996225.1|DASYJS010000134.1_20	LIPO	309
GCA_035999335.1|DASYGV010000032.1_109	SP	296
GCA_035999585.1|DASYGQ010000014.1_2	SP	491
GCA_035999585.1|DASYGQ010000070.1_9	SP	392
GCA_035999585.1|DASYGQ010000149.1_16	SP	411
GCA_035999765.1|CP108521.1_3640	SP	329
GCA_035999765.1|CP108521.1_8308	SP	436
GCA_036000105.1|DASYGE010000012.1_236	SP	312
GCA_036000225.1|DASYGC010000799.1_6	LIPO	353
GCA_036000865.1|DASYUV010000125.1_32	SP	353
GCA_036001065.1|DASYUQ010000089.1_3	SP	312
GCA_036001185.1|DASYUP010000669.1_4	LIPO	338
GCA_036001465.1|DASYUH010000053.1_10	SP	321
GCA_036001925.1|DASYTU010000204.1_4	SP	320
GCA_036002345.1|DASYTM010000123.1_4	SP	298
GCA_036002345.1|DASYTM010000185.1_8	SP	315
GCA_036003325.1|DASYSM010000136.1_6	LIPO	302
GCA_036004525.1|DASYRJ010000018.1_22	LIPO	320
GCA_036005605.1|DASYQJ010000021.1_5	SP	338
GCA_036005805.1|DASYQE010000105.1_12	SP	359
GCA_036005845.1|DASYQD010000183.1_70	SP	309
GCA_036006545.1|DASYPO010000096.1_4	SP	258
GCA_036008805.1|DASYMZ010000138.1_18	LIPO	322
GCA_036009045.1|DASYML010000266.1_8	SP	342
GCA_036009085.1|DASYMM010000624.1_3	SP	365
GCA_036009285.1|DASYMB010000310.1_7	SP	350
GCA_036009425.1|DASYLT010000148.1_62	SP	334
GCA_036009485.1|DASYLQ010000360.1_1	SP	584
GCA_036009485.1|DASYLQ010000473.1_1	SP	374
GCA_036009565.1|DASYLM010000474.1_9	SP	356
GCA_036009565.1|DASYLM010000482.1_13	LIPO	306
GCA_036009625.1|DASYLJ010000098.1_5	SP	418
GCA_036009745.1|DASYLE010000039.1_24	SP	343
GCA_036012565.1|DASCPP010000120.1_7	SP	345
GCA_036013505.1|CP107851.1_2733	SP	332
GCA_036015235.1|CP107926.1_3805	SP	518
GCA_036123135.1|JAZADZ010000079.1_1	SP	375
GCA_036126975.1|JAYYRS010000091.1_4	LIPO	319
GCA_036127535.1|JAYYRF010000549.1_2	LIPO	304
GCA_036127535.1|JAYYRF010000684.1_5	LIPO	297
GCA_036127535.1|JAYYRF010000734.1_2	LIPO	305
GCA_036128675.1|JAYYQC010000400.1_9	LIPO	318
GCA_036128775.1|JAYYPZ010000116.1_10	SP	301
GCA_036128775.1|JAYYPZ010000116.1_25	SP	346
GCA_036137535.1|JAZABE010000112.1_5	SP	407
GCA_036139835.1|JAYZYW010000016.1_39	SP	338
GCA_036141415.1|JAYZXK010000197.1_2	SP	642
GCA_036141415.1|JAYZXK010000412.1_4	SP	333
GCA_036149055.1|JAYZQJ010000093.1_2	LIPO	355
GCA_036152255.1|JAYZNI010000060.1_4	SP	382
GCA_036155555.1|JAYZVO010000089.1_25	LIPO	377
GCA_036155555.1|JAYZVO010000139.1_31	LIPO	464
GCA_036158635.1|JAYYFR010000008.1_33	SP	463
GCA_036159995.1|JAYYEI010000032.1_3	SP	388
GCA_036159995.1|JAYYEI010000070.1_75	SP	361
GCA_036161535.1|JAYYCW010000029.1_7	SP	390
GCA_036170135.1|JAVHOP010000010.1_1	SP	321
GCA_036170475.1|JAVHPE010000078.1_6	SP	405
GCA_036170475.1|JAVHPE010000085.1_6	SP	388
GCA_036170475.1|JAVHPE010000189.1_1	SP	716
GCA_036170535.1|JAVHPJ010000208.1_4	LIPO	325
GCA_036170695.1|JAVHPR010000148.1_43	SP	374
GCA_036170695.1|JAVHPR010000165.1_9	SP	407
GCA_036170695.1|JAVHPR010000249.1_9	SP	698
GCA_036171035.1|JAVHQG010000096.1_12	SP	410
GCA_036171495.1|JAVHRE010000055.1_1	SP	498
GCA_036171595.1|JAVHRJ010000332.1_7	SP	324
GCA_036172315.1|JASFBC010000002.1_5	LIPO	308
GCA_036226585.1|CP108997.1_1745	SP	412
GCA_036227345.1|CP109468.1_5525	SP	493
GCA_036257895.1|DATAES010000111.1_22	LIPO	333
GCA_036258115.1|DATAEH010000061.1_2	SP	494
GCA_036259115.1|DATACK010000250.1_22	SP	299
GCA_036259315.1|DATABZ010000136.1_17	SP	300
GCA_036259415.1|DATABU010000872.1_1	LIPO	355
GCA_036259455.1|DATABT010001020.1_2	LIPO	329
GCA_036259935.1|DATAAV010000260.1_18	TAT	339
GCA_036259975.1|DATAAR010000140.1_7	LIPO	314
GCA_036260145.1|DATAAL010000655.1_15	SP	323
GCA_036260235.1|DATAAG010000126.1_2	LIPO	329
GCA_036260235.1|DATAAG010000126.1_3	LIPO	349
GCA_036260295.1|DATAAD010000113.1_40	LIPO	292
GCA_036260665.1|DATAMF010000548.1_4	SP	568
GCA_036260665.1|DATAMF010000548.1_6	SP	585
GCA_036260665.1|DATAMF010000102.1_4	LIPO	311
GCA_036261265.1|DATALC010000046.1_23	LIPO	313
GCA_036262035.1|DATAJS010000001.1_19	SP	312
GCA_036262635.1|DATAIN010000906.1_6	SP	326
GCA_036262835.1|DATAID010000008.1_5	SP	312
GCA_036262935.1|DATAHW010000033.1_31	SP	306
GCA_036263015.1|DATAHU010000063.1_2	SP	301
GCA_036263155.1|DATAHN010000007.1_2	SP	325
GCA_036263935.1|DATARY010000049.1_3	LIPO	281
GCA_036264035.1|DATART010000313.1_17	SP	311
GCA_036264835.1|DATAQE010000113.1_20	LIPO	389
GCA_036265085.1|DATAPS010000035.1_4	SP	374
GCA_036265355.1|DATAPF010000138.1_5	LIPO	610
GCA_036265575.1|DATAOU010000054.1_4	SP	343
GCA_036265775.1|DATAOM010000286.1_7	LIPO	321
GCA_036265815.1|DATAOI010000074.1_32	SP	308
GCA_036265915.1|DATAOC010000065.1_14	SP	300
GCA_036266415.1|DATANB010000138.1_18	SP	345
GCA_036266835.1|DATAXD010000044.1_29	LIPO	321
GCA_036266975.1|DATAWZ010000182.1_5	SP	295
GCA_036267075.1|DATAWT010000038.1_33	SP	336
GCA_036267165.1|DATAWO010000137.1_7	SP	300
GCA_036267355.1|DATAWG010000037.1_16	SP	254
GCA_036267355.1|DATAWG010000077.1_5	SP	316
GCA_036267695.1|DATAVO010000184.1_5	LIPO	335
GCA_036267875.1|DATAVE010000093.1_7	SP	354
GCA_036267875.1|DATAVE010000106.1_21	SP	349
GCA_036268015.1|DATAUX010000112.1_6	SP	323
GCA_036268025.1|DATAUY010000215.1_26	LIPO	336
GCA_036268295.1|DATAUK010000013.1_94	LIPO	311
GCA_036268405.1|DATAUF010000177.1_3	SP	345
GCA_036268455.1|DATAUD010000018.1_39	SP	327
GCA_036268615.1|DATATV010000005.1_44	LIPO	321
GCA_036268615.1|DATATV010000026.1_21	SP	433
GCA_036268875.1|DATATI010000043.1_23	LIPO	290
GCA_036268995.1|DATATB010000192.1_2	SP	298
GCA_036269435.1|DATASA010000048.1_2	LIPO	294
GCA_036269455.1|DATARS010000151.1_6	SP	325
GCA_036269455.1|DATARS010000175.1_2	SP	422
GCA_036269895.1|DATBDN010000012.1_8	SP	313
GCA_036269895.1|DATBDN010000225.1_2	SP	290
GCA_036270095.1|DATBDE010000013.1_11	SP	313
GCA_036270155.1|DATBDB010000169.1_62	SP	416
GCA_036270375.1|DATBCR010000443.1_2	SP	444
GCA_036270995.1|DATBBO010000116.1_11	SP	285
GCA_036271015.1|DATBBL010000392.1_11	SP	340
GCA_036271035.1|DATBBK010000125.1_9	SP	313
GCA_036271175.1|DATBBD010000787.1_4	LIPO	354
GCA_036271215.1|DATBBB010000151.1_12	LIPO	606
GCA_036271295.1|DATBAY010000573.1_2	SP	322
GCA_036271395.1|DATBAS010000117.1_22	SP	463
GCA_036271395.1|DATBAS010000117.1_24	SP	377
GCA_036271555.1|DATBAK010000003.1_22	LIPO	360
GCA_036271555.1|DATBAK010000073.1_14	LIPO	326
GCA_036271575.1|DATBAJ010000012.1_24	SP	306
GCA_036271595.1|DATBAI010000078.1_43	SP	307
GCA_036271975.1|DATAZP010000016.1_46	LIPO	314
GCA_036272035.1|DATAZN010000374.1_13	LIPO	282
GCA_036272055.1|DATAZL010000145.1_8	LIPO	353
GCA_036272155.1|DATAZG010000024.1_4	LIPO	309
GCA_036272325.1|DATAYY010000132.1_23	SP	301
GCA_036272735.1|DATAYF010000364.1_12	SP	607
GCA_036272795.1|DATAYB010000865.1_9	LIPO	309
GCA_036273055.1|DATAXG010000010.1_6	SP	348
GCA_036273855.1|DASUGU010000042.1_10	SP	430
GCA_036273855.1|DASUGU010000120.1_25	TAT	480
GCA_036274195.1|DASUGD010000143.1_15	LIPO	333
GCA_036274295.1|DASUFZ010000185.1_29	SP	326
GCA_036274355.1|DASUFX010000116.1_7	SP	370
GCA_036274355.1|DASUFX010000747.1_1	SP	474
GCA_036274695.1|DASUFF010000039.1_12	LIPO	584
GCA_036274895.1|DASUEU010000008.1_73	SP	348
GCA_036275295.1|DASUEB010000104.1_8	SP	397
GCA_036275435.1|DASUDU010000368.1_7	SP	331
GCA_036275935.1|DASUCS010000123.1_20	LIPO	325
GCA_036275955.1|DASUCO010000285.1_2	SP	343
GCA_036275955.1|DASUCO010000296.1_4	LIPO	301
GCA_036276095.1|DASUCK010000267.1_14	SP	429
GCA_036276955.1|DASUNW010000084.1_4	SP	640
GCA_036277615.1|DASUMQ010000035.1_2	SP	356
GCA_036278255.1|DASULK010000078.1_4	SP	402
GCA_036278255.1|DASULK010000099.1_27	SP	344
GCA_036278595.1|DASUKS010000176.1_13	LIPO	354
GCA_036279295.1|DASUJK010000120.1_28	SP	443
GCA_036279335.1|DASUJJ010000100.1_2	LIPO	347
GCA_036303125.1|JAXJBE010000185.1_2	SP	486
GCA_036336715.1|JAYZFP010000134.1_47	SP	428
GCA_036336775.1|JAYZFM010000042.1_59	SP	307
GCA_036336775.1|JAYZFM010000043.1_56	SP	284
GCA_036337195.1|JAYZES010000013.1_77	SP	340
GCA_036337195.1|JAYZES010000013.1_78	LIPO	346
GCA_036337295.1|JAYZEN010000013.1_55	LIPO	333
GCA_036337765.1|JAYZDP010000111.1_8	SP	313
GCA_036337845.1|JAYZDK010000034.1_8	LIPO	385
GCA_036338695.1|JAYZBQ010000024.1_19	LIPO	317
GCA_036338695.1|JAYZBQ010000035.1_21	LIPO	285
GCA_036338755.1|JAYZBN010000022.1_78	LIPO	306
GCA_036339295.1|JAYZBK010000078.1_29	SP	487
GCA_036339295.1|JAYZBK010000182.1_4	SP	349
GCA_036339415.1|JAYZBB010000013.1_9	SP	367
GCA_036339555.1|JAYZAT010000080.1_7	SP	527
GCA_036339555.1|JAYZAT010000089.1_3	SP	559
GCA_036339635.1|JAYZAR010000096.1_3	SP	408
GCA_036339955.1|JAYYZX010000019.1_9	SP	335
GCA_036351575.1|JAZBPJ010000036.1_6	SP	327
GCA_036374115.1|DASUUL010000196.1_6	SP	313
GCA_036374515.1|DASUTP010000201.1_7	LIPO	311
GCA_036374515.1|DASUTP010000303.1_10	SP	320
GCA_036374535.1|DASUTR010000778.1_3	LIPO	339
GCA_036374795.1|DASUTC010000277.1_23	SP	617
GCA_036374815.1|DASUSZ010000075.1_19	SP	307
GCA_036374835.1|DASUTB010000040.1_12	SP	439
GCA_036375015.1|DASUSR010000288.1_25	SP	312
GCA_036375165.1|DASUSI010000179.1_7	SP	332
GCA_036375275.1|DASUSF010000090.1_3	SP	491
GCA_036376595.1|DASVAA010000169.1_18	LIPO	363
GCA_036377095.1|DASUZC010000081.1_2	SP	316
GCA_036377595.1|DASUYB010000187.1_42	LIPO	339
GCA_036377655.1|DASUXZ010000180.1_17	SP	288
GCA_036377715.1|DASUXW010000097.1_10	SP	305
GCA_036377915.1|DASUXL010000084.1_13	LIPO	290
GCA_036377915.1|DASUXL010000286.1_9	SP	435
GCA_036378075.1|DASUXE010000113.1_22	SP	311
GCA_036378155.1|DASUXA010000055.1_15	SP	342
GCA_036378155.1|DASUXA010000083.1_23	SP	484
GCA_036378315.1|DASUWU010000091.1_8	SP	329
GCA_036378315.1|DASUWU010000196.1_24	SP	442
GCA_036378435.1|DASUWK010000037.1_58	SP	395
GCA_036378495.1|DASUWI010000051.1_16	LIPO	306
GCA_036378495.1|DASUWI010000104.1_5	LIPO	299
GCA_036378895.1|DASUVP010000308.1_2	SP	334
GCA_036379135.1|DASUVG010000317.1_17	LIPO	335
GCA_036379135.1|DASUVG010000317.1_18	LIPO	347
GCA_036379435.1|DASVGS010000156.1_4	SP	297
GCA_036380435.1|DASVES010000219.1_2	SP	335
GCA_036381015.1|DASVDR010000004.1_18	SP	292
GCA_036381035.1|DASVDQ010000012.1_11	SP	320
GCA_036381475.1|DASVCT010000311.1_5	LIPO	305
GCA_036381595.1|DASVCN010000030.1_27	SP	304
GCA_036381835.1|DASVCA010000175.1_5	SP	399
GCA_036381835.1|DASVCA010000197.1_18	SP	344
GCA_036382495.1|DASVHS010000242.1_3	SP	278
GCA_036383115.1|DASVOY010000483.1_1	SP	352
GCA_036383255.1|DASVOS010000004.1_225	SP	310
GCA_036383995.1|DASVNG010000050.1_39	SP	612
GCA_036384155.1|DASVMV010000358.1_4	LIPO	304
GCA_036384215.1|DASVMX010000704.1_18	SP	477
GCA_036384455.1|DASVMH010000365.1_11	SP	349
GCA_036384635.1|DASVLY010000376.1_2	SP	461
GCA_036384875.1|DASVLM010000290.1_18	SP	428
GCA_036384915.1|DASVLJ010000071.1_62	SP	338
GCA_036386195.1|DASVIY010000260.1_3	LIPO	311
GCA_036386715.1|DASVVD010001055.1_6	LIPO	351
GCA_036386755.1|DASVVC010000177.1_26	SP	578
GCA_036386835.1|DASVUX010000041.1_32	SP	410
GCA_036386835.1|DASVUX010000064.1_90	SP	371
GCA_036388335.1|DASVSA010000102.1_3	SP	301
GCA_036389055.1|DASVQR010000019.1_28	LIPO	348
GCA_036389075.1|DASVQO010000559.1_5	SP	585
GCA_036389795.1|DASVWD010000021.1_66	SP	313
GCA_036389795.1|DASVWD010000021.1_67	LIPO	340
GCA_036389795.1|DASVWD010000140.1_89	LIPO	312
GCA_036390715.1|DASWBG010000322.1_3	SP	307
GCA_036390735.1|DASWBF010000499.1_5	LIPO	283
GCA_036390755.1|DASWBH010000289.1_5	SP	295
GCA_036390815.1|DASWBC010000485.1_4	SP	307
GCA_036392135.1|DASVYO010000136.1_15	SP	354
GCA_036392155.1|DASVYN010000201.1_2	SP	334
GCA_036392595.1|DASVXR010000175.1_4	SP	333
GCA_036393165.1|DASVWO010000343.1_7	LIPO	315
GCA_036393735.1|DASWGL010000057.1_2	LIPO	318
GCA_036394075.1|DASWFT010000029.1_7	SP	404
GCA_036394495.1|DASWEZ010000245.1_5	SP	334
GCA_036394595.1|DASWEU010000029.1_8	SP	317
GCA_036394655.1|DASWER010000286.1_1	SP	296
GCA_036395075.1|DASWDV010000179.1_2	SP	320
GCA_036395495.1|DASWDH010000427.1_3	LIPO	381
GCA_036396535.1|DASWKR010000070.1_81	LIPO	293
GCA_036396895.1|DASWKB010000043.1_29	SP	283
GCA_036397095.1|DASWJQ010000054.1_2	LIPO	334
GCA_036397875.1|DASWIC010000255.1_18	SP	325
GCA_036398155.1|DASWHO010000161.1_6	SP	431
GCA_036398235.1|DASWHI010000154.1_2	SP	331
GCA_036398775.1|DASWOJ010000146.1_2	SP	316
GCA_036398975.1|DASWNZ010000250.1_9	SP	291
GCA_036399275.1|DASWNK010000135.1_26	SP	372
GCA_036399735.1|DASWMN010000386.1_23	SP	337
GCA_036399995.1|DASWMA010000510.1_48	LIPO	337
GCA_036401055.1|DASWWC010000170.1_11	SP	319
GCA_036401155.1|DASWVR010000188.1_12	SP	341
GCA_036401175.1|DASWVP010000323.1_22	SP	391
GCA_036401895.1|DASWTW010000309.1_5	SP	614
GCA_036402055.1|DASWTQ010000808.1_1	SP	614
GCA_036402155.1|DASWTL010000321.1_4	LIPO	307
GCA_036402215.1|DASWTI010000556.1_4	SP	395
GCA_036402415.1|DASWSY010000754.1_2	SP	499
GCA_036402935.1|DASWRZ010000002.1_9	SP	387
GCA_036402935.1|DASWRZ010000043.1_67	SP	451
GCA_036402935.1|DASWRZ010000164.1_6	LIPO	316
GCA_036403075.1|DASWRS010000537.1_14	LIPO	609
GCA_036403235.1|DASWRI010000031.1_31	SP	330
GCA_036405375.1|DASWXS010000202.1_5	SP	488
GCA_036405815.1|DASWWX010000025.1_61	LIPO	307
GCA_036405815.1|DASWWX010000034.1_109	SP	314
GCA_036405915.1|DASWWP010000146.1_3	SP	411
GCA_036406115.1|DASWWB010000144.1_8	SP	338
GCA_036406295.1|DASWVJ010000291.1_9	SP	302
GCA_036406835.1|DASXAG010000047.1_79	SP	315
GCA_036443915.1|JAZFZJ010000246.1_3	LIPO	356
GCA_036444135.1|JAZFZX010000234.1_9	LIPO	308
GCA_036446115.1|JAZFSJ010000494.1_4	LIPO	285
GCA_036447975.1|JAZFVY010000128.1_6	LIPO	330
GCA_036448795.1|JAZFXQ010000178.1_2	LIPO	315
GCA_036477195.1|JAZGCZ010000060.1_5	LIPO	323
GCA_036488085.1|DASXHZ010000067.1_2	SP	296
GCA_036488725.1|DASXHD010000070.1_27	LIPO	356
GCA_036488775.1|DASXHF010000171.1_5	LIPO	318
GCA_036489715.1|DASXFG010000064.1_52	SP	319
GCA_036489755.1|DASXFD010000070.1_77	LIPO	323
GCA_036489755.1|DASXFD010000041.1_11	SP	468
GCA_036489775.1|DASXFC010000019.1_40	SP	365
GCA_036489885.1|DASXEW010000003.1_712	LIPO	367
GCA_036490405.1|DASXDY010000037.1_128	LIPO	334
GCA_036490515.1|DASXDU010000005.1_118	LIPO	369
GCA_036490515.1|DASXDU010000028.1_91	LIPO	370
GCA_036490515.1|DASXDU010000007.1_189	LIPO	657
GCA_036491015.1|DASXCV010000415.1_10	LIPO	315
GCA_036491435.1|DASXBZ010000056.1_6	SP	365
GCA_036491495.1|DASXBW010000020.1_62	SP	324
GCA_036493015.1|DASXQK010000314.1_5	SP	298
GCA_036493275.1|DASXPZ010000659.1_3	LIPO	317
GCA_036493295.1|DASXQB010000053.1_11	LIPO	297
GCA_036493595.1|DASXPN010000075.1_19	LIPO	345
GCA_036493875.1|DASXPB010000061.1_33	SP	312
GCA_036493895.1|DASXOZ010000070.1_5	SP	504
GCA_036494045.1|DASXOU010000066.1_13	SP	830
GCA_036494675.1|DASXOA010000165.1_36	SP	425
GCA_036494675.1|DASXOA010000259.1_19	LIPO	358
GCA_036494715.1|DASXNY010000154.1_4	LIPO	312
GCA_036495095.1|DASXNK010000017.1_2	SP	336
GCA_036495095.1|DASXNK010000200.1_30	SP	434
GCA_036495885.1|DASXMC010000582.1_3	SP	419
GCA_036495965.1|DASXMA010000066.1_6	LIPO	283
GCA_036496065.1|DASXLU010000055.1_2	SP	311
GCA_036496285.1|DASXLI010000006.1_24	SP	318
GCA_036496285.1|DASXLI010000067.1_52	LIPO	286
GCA_036496385.1|DASXLD010000029.1_9	SP	302
GCA_036496605.1|DASXKV010000050.1_162	SP	306
GCA_036496605.1|DASXKV010000054.1_182	LIPO	333
GCA_036496665.1|DASXKR010000034.1_28	SP	303
GCA_036496745.1|DASXKQ010000344.1_12	SP	473
GCA_036497495.1|DASXJI010000002.1_2	LIPO	282
GCA_036497875.1|DASXIP010000242.1_8	SP	301
GCA_036499285.1|DASYEB010000050.1_130	LIPO	310
GCA_036499725.1|DASYDE010000019.1_101	SP	466
GCA_036499725.1|DASYDE010000019.1_102	SP	374
GCA_036500095.1|DASYCR010000831.1_5	SP	493
GCA_036500225.1|DASYCJ010000055.1_55	SP	303
GCA_036500245.1|DASYCL010000709.1_8	SP	475
GCA_036500605.1|DASYBU010000023.1_9	SP	330
GCA_036500845.1|DASYBJ010000375.1_11	SP	385
GCA_036500865.1|DASYBG010000037.1_8	SP	468
GCA_036500865.1|DASYBG010000052.1_13	LIPO	318
GCA_036501205.1|DASYAT010000219.1_15	SP	427
GCA_036501235.1|DASYAR010000685.1_13	SP	304
GCA_036501515.1|DASYAD010000405.1_2	LIPO	339
GCA_036501535.1|DASYAE010000186.1_35	SP	421
GCA_036501535.1|DASYAE010000272.1_16	SP	347
GCA_036501535.1|DASYAE010000289.1_66	SP	363
GCA_036501845.1|DASXZO010000028.1_4	LIPO	331
GCA_036501845.1|DASXZO010000089.1_10	LIPO	356
GCA_036501885.1|DASXZM010000037.1_75	SP	470
GCA_036501885.1|DASXZM010000049.1_44	SP	317
GCA_036501935.1|DASXZL010000041.1_24	LIPO	358
GCA_036501935.1|DASXZL010000050.1_41	LIPO	653
GCA_036502345.1|DASXYT010000122.1_4	SP	435
GCA_036502385.1|DASXYR010000122.1_4	SP	285
GCA_036502405.1|DASXYP010000084.1_57	LIPO	346
GCA_036502565.1|DASXYJ010000101.1_6	SP	304
GCA_036502965.1|DASXXT010000145.1_5	SP	364
GCA_036503755.1|DASXWI010000036.1_3	SP	384
GCA_036504155.1|DASXVQ010000038.1_19	LIPO	590
GCA_036504155.1|DASXVQ010000060.1_82	LIPO	421
GCA_036504155.1|DASXVQ010000090.1_84	SP	463
GCA_036505485.1|DASXTK010000307.1_3	LIPO	353
GCA_036506275.1|DASXSB010000031.1_27	SP	321
GCA_036506775.1|DASXRE010000175.1_3	SP	266
GCA_036506975.1|DASXQW010000243.1_10	SP	314
GCA_036508775.1|DATCGT010000288.1_5	SP	349
GCA_036508775.1|DATCGT010000288.1_6	LIPO	352
GCA_036509775.1|DATCEZ010000026.1_10	LIPO	339
GCA_036510225.1|DATCEH010000029.1_66	SP	347
GCA_036510875.1|DATCDE010000329.1_21	LIPO	325
GCA_036510915.1|DATCDC010000112.1_33	SP	324
GCA_036510975.1|DATCCY010000098.1_15	LIPO	299
GCA_036511415.1|DATCCI010000085.1_5	LIPO	338
GCA_036511635.1|DATCBX010000177.1_2	SP	336
GCA_036511675.1|DATCBU010000113.1_41	LIPO	335
GCA_036513055.1|DATBZT010000091.1_4	LIPO	322
GCA_036513895.1|DATBYF010000121.1_6	SP	309
GCA_036518275.1|DATDNK010000134.1_2	SP	271
GCA_036518595.1|DATDMW010000108.1_3	SP	342
GCA_036520475.1|DATDJP010000249.1_9	LIPO	336
GCA_036520475.1|DATDJP010000322.1_8	LIPO	307
GCA_036520475.1|DATDJP010000348.1_18	LIPO	343
GCA_036520615.1|DATDJI010000033.1_17	SP	352
GCA_036521195.1|DATDID010000051.1_16	LIPO	335
GCA_036521235.1|DATDIE010000243.1_22	SP	364
GCA_036522335.1|DATDGA010000327.1_2	SP	316
GCA_036522655.1|DATDFK010000041.1_56	SP	335
GCA_036522695.1|DATDFI010000651.1_5	SP	407
GCA_036522835.1|DATDFB010000122.1_6	SP	291
GCA_036522835.1|DATDFB010000216.1_7	SP	294
GCA_036523465.1|DATDEG010000056.1_4	SP	323
GCA_036524455.1|DATDCH010000348.1_13	SP	472
GCA_036524455.1|DATDCH010000386.1_3	LIPO	314
GCA_036524455.1|DATDCH010000823.1_6	SP	355
GCA_036525655.1|DATCZY010000079.1_2	SP	326
GCA_036526195.1|DATCYZ010000038.1_10	SP	309
GCA_036528635.1|JAIGNE010000064.1_14	SP	317
GCA_036554385.1|DATBNJ010000137.1_8	LIPO	354
GCA_036554545.1|DATBNA010000516.1_6	LIPO	342
GCA_036555345.1|DATBLN010000011.1_2	SP	345
GCA_036555425.1|DATBLL010000227.1_13	TAT	313
GCA_036555615.1|DATBKZ010000128.1_11	SP	320
GCA_036555665.1|DATBKW010000263.1_1	LIPO	279
GCA_036555725.1|DATBKU010000090.1_33	LIPO	299
GCA_036555725.1|DATBKU010000157.1_24	SP	365
GCA_036555755.1|DATBKS010000295.1_13	LIPO	308
GCA_036556265.1|DATBJU010000091.1_9	SP	330
GCA_036556825.1|DATBIR010000052.1_2	SP	607
GCA_036557185.1|DATBHZ010000033.1_23	LIPO	324
GCA_036557205.1|DATBIB010000011.1_77	LIPO	332
GCA_036557885.1|DATBGS010000146.1_18	LIPO	310
GCA_036558305.1|DATBFX010000543.1_1	SP	303
GCA_036558625.1|DATBFF010000106.1_11	LIPO	284
GCA_036558745.1|DATBEZ010000023.1_63	LIPO	349
GCA_036559405.1|DATBTF010000193.1_3	SP	316
GCA_036559525.1|DATBSZ010000310.1_3	SP	314
GCA_036559665.1|DATBSS010000655.1_1	LIPO	265
GCA_036559705.1|DATBSP010000066.1_27	LIPO	356
GCA_036559745.1|DATBSO010000184.1_54	SP	296
GCA_036560445.1|DATBRG010000033.1_2	SP	301
GCA_036560485.1|DATBRC010000006.1_18	SP	436
GCA_036560485.1|DATBRC010000017.1_2	SP	422
GCA_036560485.1|DATBRC010000017.1_19	SP	426
GCA_036560485.1|DATBRC010000037.1_10	SP	428
GCA_036560485.1|DATBRC010000037.1_15	SP	489
GCA_036560485.1|DATBRC010000037.1_16	SP	422
GCA_036560485.1|DATBRC010000045.1_23	SP	429
GCA_036560485.1|DATBRC010000046.1_2	SP	418
GCA_036560485.1|DATBRC010000049.1_61	SP	352
GCA_036560485.1|DATBRC010000052.1_45	SP	448
GCA_036560485.1|DATBRC010000057.1_117	SP	507
GCA_036560485.1|DATBRC010000076.1_62	SP	311
GCA_036560665.1|DATBQU010000073.1_8	LIPO	347
GCA_036561065.1|DATBQC010000020.1_1	SP	439
GCA_036561565.1|DATBPB010000002.1_30	SP	337
GCA_036561785.1|DATCUT010000132.1_12	LIPO	345
GCA_036563155.1|DATCMT010000034.1_148	LIPO	346
GCA_036563615.1|DATCMB010000019.1_159	LIPO	295
GCA_036563645.1|DATCMA010000018.1_6	SP	438
GCA_036563805.1|DATCLS010000053.1_88	LIPO	365
GCA_036563875.1|DATCLO010000028.1_3	LIPO	305
GCA_036563895.1|DATCLN010000130.1_5	SP	501
GCA_036564175.1|DATCKZ010000050.1_2	SP	442
GCA_036565645.1|DATCXS010000258.1_2	SP	295
GCA_036565725.1|DATCXQ010000409.1_3	LIPO	252
GCA_036566065.1|DATCWZ010000815.1_1	SP	505
GCA_036566165.1|DATCWU010000175.1_6	LIPO	346
GCA_036567525.1|DATCUG010000244.1_21	SP	441
GCA_036567725.1|DATCTX010000003.1_11	LIPO	635
GCA_036567945.1|DATCTM010000055.1_60	LIPO	316
GCA_036567945.1|DATCTM010000122.1_15	SP	385
GCA_036568005.1|DATCTJ010000084.1_9	SP	322
GCA_036568185.1|DATCTB010000165.1_3	SP	364
GCA_036568185.1|DATCTB010000209.1_3	SP	364
GCA_036569285.1|DATCQX010000532.1_13	SP	314
GCA_036570585.1|DATCXY010000026.1_2	SP	348
GCA_036570585.1|DATCXY010000494.1_8	LIPO	299
GCA_036675045.1|JAKFFP010000027.1_8	SP	314
GCA_036675075.1|JAKFFM010000023.1_77	SP	373
GCA_036675285.1|JAKFFK010000084.1_6	SP	835
GCA_036675285.1|JAKFFK010000174.1_3	SP	588
GCA_036675285.1|JAKFFK010000259.1_29	SP	430
GCA_036675285.1|JAKFFK010000055.1_3	SP	564
GCA_036675285.1|JAKFFK010000173.1_27	SP	415
GCA_036675285.1|JAKFFK010000246.1_4	SP	441
GCA_036675285.1|JAKFFK010000268.1_10	SP	333
GCA_036675285.1|JAKFFK010000165.1_7	SP	426
GCA_036675505.1|JAKFEW010000018.1_11	LIPO	354
GCA_036675505.1|JAKFEW010000018.1_12	LIPO	342
GCA_036675505.1|JAKFEW010000018.1_13	SP	316
GCA_036675645.1|JAKFEP010000149.1_2	SP	330
GCA_036675885.1|JAKFDY010000359.1_23	SP	659
GCA_036676245.1|JAKFDH010000184.1_2	SP	292
GCA_036676295.1|JAKFDE010000025.1_30	SP	409
GCA_036676295.1|JAKFDE010000035.1_25	SP	381
GCA_036676395.1|JAKFCY010000002.1_178	SP	282
GCA_036676395.1|JAKFCY010000002.1_1860	SP	334
GCA_036677065.1|JAKFBS010000001.1_554	SP	282
GCA_036677325.1|JAKFBY010000007.1_39	SP	410
GCA_036677325.1|JAKFBY010000019.1_25	SP	354
GCA_036677325.1|JAKFBY010000039.1_101	TAT	819
GCA_036677325.1|JAKFBY010000053.1_2	SP	429
GCA_036677325.1|JAKFBY010000054.1_38	SP	416
GCA_036677325.1|JAKFBY010000061.1_26	SP	588
GCA_036677325.1|JAKFBY010000093.1_10	SP	324
GCA_036677325.1|JAKFBY010000095.1_80	SP	447
GCA_036679495.1|JAZDDE010000098.1_11	LIPO	336
GCA_036702865.1|DATNQD010000002.1_31	LIPO	294
GCA_036702875.1|DATNQB010000081.1_37	LIPO	312
GCA_036702955.1|DATNPY010000058.1_27	SP	334
GCA_036702965.1|DATNPZ010000007.1_16	SP	332
GCA_036702965.1|DATNPZ010000010.1_53	LIPO	334
GCA_036702975.1|DATNPX010000043.1_11	LIPO	323
GCA_036702975.1|DATNPX010000029.1_97	SP	334
GCA_036703075.1|DATNPT010000240.1_8	SP	355
GCA_036703195.1|DATNPN010000030.1_110	SP	323
GCA_036703195.1|DATNPN010000030.1_111	SP	302
GCA_036703195.1|DATNPN010000030.1_182	SP	333
GCA_036703295.1|DATNPJ010000035.1_63	SP	333
GCA_036703315.1|DATNPH010000022.1_29	LIPO	316
GCA_036703325.1|DATNPI010000001.1_1	LIPO	380
GCA_036703375.1|DATNPC010000355.1_2	SP	330
GCA_036703665.1|DATNRD010000518.1_4	SP	327
GCA_036703785.1|DATNQY010000186.1_14	SP	338
GCA_036723955.1|DAIMGL010000107.1_5	LIPO	346
GCA_036724165.1|DAIMGD010000211.1_1	LIPO	324
GCA_036725585.1|DAIMEA010000272.1_2	SP	330
GCA_036732805.1|DAINBS010000106.1_3	SP	321
GCA_036732805.1|DAINBS010000227.1_4	SP	297
GCA_036733345.1|DAINAR010000110.1_4	SP	327
GCA_036733845.1|DAIMZU010000190.1_4	SP	346
GCA_036734345.1|DAIMYT010000072.1_8	LIPO	347
GCA_036734545.1|DAIMYJ010000217.1_1	SP	397
GCA_036735785.1|DAINNP010000010.1_2	SP	354
GCA_036735825.1|DAINNQ010000016.1_5	SP	319
GCA_036741395.1|DAINSI010000034.1_15	SP	399
GCA_036741715.1|DAINRR010000002.1_60	SP	317
GCA_036741715.1|DAINRR010000108.1_2	LIPO	330
GCA_036741775.1|DAINRQ010000014.1_11	LIPO	312
GCA_036745215.1|DAIOGM010000001.1_4	SP	309
GCA_036746235.1|DAIOEN010000259.1_2	LIPO	320
GCA_036746615.1|DAIODV010000177.1_2	LIPO	282
GCA_036746615.1|DAIODV010000385.1_2	LIPO	291
GCA_036751905.1|DAIOTP010000017.1_19	SP	387
GCA_036758285.1|DAIOWV010000010.1_4	SP	380
GCA_036758585.1|DAIOWH010000233.1_5	SP	341
GCA_036758685.1|DAIOWC010000313.1_6	SP	333
GCA_036769205.1|DAIPLM010000108.1_2	SP	330
GCA_036769565.1|DAIPKW010000034.1_5	SP	324
GCA_036770165.1|DAIPJR010000031.1_7	LIPO	298
GCA_036770305.1|DAIPJL010000118.1_2	SP	308
GCA_036770305.1|DAIPJL010000148.1_8	SP	312
GCA_036781305.1|DAIQBF010000310.1_3	SP	322
GCA_036781565.1|DAIQAU010000003.1_21	SP	315
GCA_036782555.1|DAIPYV010000054.1_8	SP	377
GCA_036782595.1|DAIPYT010000021.1_19	SP	295
GCA_036787815.1|DAIQOP010000100.1_10	LIPO	350
GCA_036788135.1|DAIQNZ010000005.1_28	LIPO	303
GCA_036788295.1|DAIQNR010000033.1_20	LIPO	337
GCA_036789645.1|DAIQLC010000044.1_18	SP	319
GCA_036794825.1|DAIRGA010000021.1_9	SP	380
GCA_036794935.1|DAIRFU010000046.1_17	SP	384
GCA_036796405.1|DAIRDB010000014.1_18	SP	397
GCA_036796535.1|DAIRCT010000095.1_11	SP	297
GCA_036797405.1|DAIRBC010000034.1_15	SP	307
GCA_036802765.1|DAIRVP010000100.1_4	SP	297
GCA_036803025.1|DAIRVC010000029.1_12	LIPO	330
GCA_036821185.1|DAISKD010000008.1_3	LIPO	337
GCA_036821645.1|DAISJD010000019.1_9	SP	326
GCA_036822555.1|DAISHL010000028.1_3	SP	381
GCA_036823255.1|DAISGC010000148.1_1	LIPO	618
GCA_036823295.1|DAISGD010000026.1_11	LIPO	351
GCA_036825545.1|DAISYB010000001.1_142	SP	314
GCA_036835305.1|DAITME010000102.1_6	SP	385
GCA_036840015.1|DAISVV010000126.1_4	SP	305
GCA_036843405.1|DAITSJ010000015.1_33	SP	388
GCA_036844565.1|DAIUFP010000005.1_53	SP	297
GCA_036845225.1|DAIUEJ010000004.1_18	LIPO	323
GCA_036845295.1|DAIUED010000437.1_2	SP	407
GCA_036846365.1|DAIUCC010000009.1_23	LIPO	322
GCA_036846745.1|DAIUBI010000003.1_19	SP	387
GCA_036871055.1|CP141893.1_212	SP	356
GCA_036918135.1|JBALDB010000056.1_54	LIPO	317
GCA_036986155.1|BTRA01000041.1_2	LIPO	340
GCA_036986175.1|BTRB01000012.1_12	SP	330
GCA_037045045.1|JBAOHL010000002.1_241	LIPO	367
GCA_037045055.1|JBAOHJ010000002.1_539	LIPO	357
GCA_037045245.1|JBAOHR010000008.1_292	LIPO	301
GCA_037045535.1|JBAOHI010000043.1_44	SP	325
GCA_037045685.1|JBAOII010000036.1_90	SP	325
GCA_037046615.1|JBAOHD010000019.1_28	LIPO	361
GCA_037117115.1|JAVLTM010000001.1_25	SP	354
GCA_037128115.1|JBAXXB010000425.1_2	SP	378
GCA_037129875.1|JBAXUD010000011.1_8	SP	299
GCA_037130135.1|JBAXTO010000001.1_401	SP	382
GCA_037130365.1|JBAXTE010000018.1_16	SP	375
GCA_037130425.1|JBAXTB010000140.1_3	SP	402
GCA_037131555.1|JBAXQU010000025.1_21	SP	416
GCA_037133315.1|JBAXOJ010000017.1_5	SP	753
GCA_037133915.1|JBAXND010000028.1_23	SP	500
GCA_037137375.1|JBAXKJ010000046.1_23	SP	316
GCA_037138275.1|JBAXIR010000183.1_6	SP	293
GCA_037138615.1|JBAXIA010000108.1_10	SP	284
GCA_037139195.1|JBAXGW010000007.1_50	SP	499
GCA_037139415.1|JBAXGN010000064.1_7	SP	335
GCA_037139735.1|JBAXFU010000095.1_4	SP	600
GCA_037139885.1|JBAXFO010000076.1_6	SP	301
GCA_037141465.1|JBAXCK010000021.1_27	SP	274
GCA_037141675.1|JBAXCC010000172.1_6	LIPO	328
GCA_037142075.1|JBAXBJ010000025.1_28	LIPO	315
GCA_037142095.1|JBAXBF010000294.1_2	LIPO	316
GCA_037142775.1|JBAWZY010000007.1_133	SP	265
GCA_037143155.1|JBAWZG010000010.1_6	SP	295
GCA_037144095.1|JBAWXL010000129.1_12	SP	344
GCA_037144155.1|JBAWXH010000009.1_9	SP	349
GCA_037146775.1|JBAWWL010000004.1_47	SP	335
GCA_037146815.1|JBAWWJ010000022.1_8	SP	315
GCA_037146815.1|JBAWWJ010000083.1_7	SP	257
GCA_037146815.1|JBAWWJ010000087.1_14	SP	304
GCA_037147415.1|JBAWVF010000043.1_10	SP	362
GCA_037189645.1|JBBCIY010000002.1_276	SP	381
GCA_037190765.1|JBBCJW010000045.1_22	SP	309
GCA_037190825.1|JBBCJS010000003.1_41	SP	764
GCA_037190825.1|JBBCJS010000031.1_3	LIPO	352
GCA_037379555.1|JARRJK010000040.1_10	LIPO	324
GCA_037382165.1|JARRQC010000032.1_10	SP	364
GCA_037382465.1|JARRPX010000036.1_37	SP	331
GCA_037383205.1|JARRPE010000005.1_14	SP	368
GCA_037384065.1|JARROJ010000008.1_41	SP	325
GCA_037384225.1|JARROD010000145.1_3	SP	565
GCA_037384425.1|JARROA010000040.1_3	SP	332
GCA_037384445.1|JARRNY010000110.1_3	SP	337
GCA_037384645.1|JARRNT010000019.1_28	SP	320
GCA_037385645.1|JARRMU010000073.1_5	LIPO	313
GCA_037387725.1|JARRKU010000053.1_16	LIPO	339
GCA_037387725.1|JARRKU010000151.1_11	SP	638
GCA_037414955.1|JBBEWH010000165.1_66	SP	568
GCA_037414955.1|JBBEWH010000275.1_22	SP	449
GCA_037439525.1|JBBIVW010000018.1_30	LIPO	318
GCA_037439585.1|JBBIVU010000049.1_2	SP	327
GCA_037440045.1|JBBIUW010000120.1_2	SP	379
GCA_037440045.1|JBBIUW010000660.1_1	SP	410
GCA_037440905.1|JBBITE010000056.1_4	LIPO	318
GCA_037440925.1|JBBITF010000100.1_2	SP	311
GCA_037440985.1|JBBITB010000015.1_15	SP	362
GCA_037441285.1|JBBISL010000005.1_68	SP	308
GCA_037441525.1|JBBISA010000015.1_23	SP	794
GCA_037441645.1|JBBIRU010000022.1_67	SP	326
GCA_037441665.1|JBBIRQ010000002.1_175	SP	302
GCA_037441665.1|JBBIRQ010000002.1_213	SP	586
GCA_037441665.1|JBBIRQ010000012.1_75	SP	308
GCA_037442185.1|JBBIQU010000288.1_2	SP	419
GCA_037442465.1|JBBIQI010000240.1_2	SP	310
GCA_037442585.1|JBBIQC010000084.1_3	SP	613
GCA_037443345.1|JBBION010000050.1_4	SP	340
GCA_037443525.1|JBBIOE010000081.1_1	LIPO	320
GCA_037443565.1|JBBIOB010000014.1_11	SP	330
GCA_037443705.1|JBBINV010000014.1_61	SP	306
GCA_037443765.1|JBBINS010000058.1_5	SP	344
GCA_037444445.1|JBBIMK010000005.1_28	SP	484
GCA_037445555.1|JBBIKG010000006.1_81	SP	376
GCA_037445635.1|JBBIKC010000001.1_10	LIPO	303
GCA_037445635.1|JBBIKC010000007.1_16	LIPO	317
GCA_037445755.1|JBBIJW010000022.1_57	SP	309
GCA_037446215.1|JBBIJB010000010.1_32	SP	331
GCA_037478855.1|JBBFLY010000048.1_6	LIPO	356
GCA_037624485.1|JASJJC010000009.1_20	SP	375
GCA_037624665.1|JASJIW010000047.1_13	SP	388
GCA_037719965.1|JBBJMT010000007.1_132	SP	461
GCA_037917685.1|JAVCBU010000011.1_76	SP	305
GCA_037968555.1|JBBKVS010000188.1_6	SP	324
GCA_037968715.1|JBBKVZ010000054.1_2	SP	285
GCA_037968755.1|JBBKWB010000056.1_20	LIPO	327
GCA_037968875.1|JBBKWI010000064.1_2	SP	306
GCA_037968955.1|JBBKWN010000022.1_9	SP	351
GCA_037968975.1|JBBKWL010000204.1_11	LIPO	350
GCA_037968975.1|JBBKWL010000211.1_2	LIPO	342
GCA_037969075.1|JBBKWS010000106.1_4	SP	273
GCA_037969395.1|JBBKXJ010000093.1_11	SP	573
GCA_037969585.1|JBBKXR010000142.1_16	SP	354
GCA_037969625.1|JBBKXT010000047.1_3	SP	379
GCA_037975615.1|JBANGE010000038.1_11	SP	310
GCA_038002745.1|JBBODD010000001.1_991	SP	628
GCA_038040225.1|JBBPIS010000033.1_54	SP	301
GCA_038040445.1|JBBPIG010000018.1_96	SP	262
GCA_038040505.1|JBBPID010000036.1_18	SP	338
GCA_038041915.1|JBBTFH010000126.1_5	LIPO	349
GCA_038041995.1|JBBTFF010000045.1_9	SP	311
GCA_038043045.1|JBBTCX010000116.1_2	LIPO	329
GCA_038043045.1|JBBTCX010000325.1_3	SP	357
GCA_038043105.1|JBBTCR010000689.1_2	SP	314
GCA_038043245.1|JBBTCH010000005.1_46	LIPO	367
GCA_038043445.1|JBBTBY010000097.1_25	SP	324
GCA_038043445.1|JBBTBY010000097.1_30	SP	307
GCA_038057195.1|JBBUDR010000076.1_3	SP	745
GCA_038059315.1|JBBTJT010000107.1_2	SP	309
GCA_038059415.1|JBBTJN010000044.1_24	LIPO	333
GCA_038060705.1|JBBTFS010000048.1_5	SP	309
GCA_038061765.1|JBBTYM010000043.1_1	SP	342
GCA_038066295.1|JBBTPF010000025.1_9	SP	298
GCA_038066315.1|JBBTPG010000087.1_17	LIPO	375
GCA_038066315.1|JBBTPG010000178.1_4	LIPO	357
GCA_038104255.1|JAYOAM010000008.1_26	LIPO	299
GCA_038114965.1|JAYNRW010000007.1_4	LIPO	305
GCA_038131955.1|JAYPQK010000002.1_341	LIPO	295
GCA_038133485.1|JAYPTH010000002.1_58	LIPO	323
GCA_038134525.1|JAYPVI010000003.1_180	SP	369
GCA_038136775.1|JAYQAJ010000003.1_5	SP	311
GCA_038138145.1|JAYQDD010000007.1_27	LIPO	399
GCA_038142005.1|JAYQJE010000004.1_61	SP	377
GCA_038142005.1|JAYQJE010000007.1_58	LIPO	292
GCA_038142965.1|JAYQLC010000007.1_479	LIPO	301
GCA_038143535.1|JAYQMD010000001.1_202	LIPO	304
GCA_038143595.1|JAYQME010000001.1_761	LIPO	297
GCA_038144795.1|JAYQOK010000090.1_9	SP	601
GCA_038147195.1|JAYQTB010000003.1_27	SP	290
GCA_038147195.1|JAYQTB010000004.1_1224	SP	291
GCA_038147895.1|JAYQUJ010000002.1_200	SP	574
GCA_038148755.1|JAYQWA010000016.1_19	SP	292
GCA_038154605.1|JAYPYN010000153.1_3	LIPO	301
GCA_038154685.1|JAYPYW010000033.1_21	SP	363
GCA_038182865.1|CP116226.1_3023	LIPO	324
GCA_038198935.1|JBBPZQ010000119.1_28	SP	359
GCA_038199935.1|JBBPYL010000056.1_11	SP	341
GCA_038200775.1|JBBRRL010000153.1_2	SP	355
GCA_038203335.1|JBBRED010000001.1_44	SP	373
GCA_038203335.1|JBBRED010000001.1_45	SP	487
GCA_038203695.1|JBBRDQ010000102.1_9	SP	382
GCA_038203965.1|JBBRDL010000013.1_36	SP	379
GCA_038205115.1|JBBRCE010000011.1_39	LIPO	318
GCA_038205315.1|JBBRBY010000048.1_18	SP	337
GCA_038205315.1|JBBRBY010000079.1_2	SP	319
GCA_038205505.1|JBBRBU010000004.1_35	LIPO	347
GCA_038205995.1|JBBRBH010000022.1_4	SP	307
GCA_038206055.1|JBBRBG010000016.1_23	SP	371
GCA_038206175.1|JBBRBE010000203.1_6	LIPO	416
GCA_038206765.1|JBBRAM010000012.1_49	SP	366
GCA_038206945.1|JBBRAG010000021.1_18	SP	483
GCA_038207205.1|JBBRAA010000101.1_2	SP	321
GCA_038207305.1|JBBQZY010000014.1_81	SP	326
GCA_038207495.1|JBBQZS010000085.1_1	LIPO	391
GCA_038207515.1|JBBQZR010000032.1_54	SP	605
GCA_038207625.1|JBBQZO010000001.1_232	SP	374
GCA_038208015.1|JBBQZF010000075.1_2	SP	287
GCA_038209335.1|JBBQXV010000005.1_33	LIPO	438
GCA_038209335.1|JBBQXV010000024.1_25	LIPO	331
GCA_038209335.1|JBBQXV010000230.1_12	LIPO	338
GCA_038210215.1|JBBQWY010000016.1_3	SP	326
GCA_038210245.1|JBBQWW010000045.1_9	LIPO	356
GCA_038210245.1|JBBQWW010000045.1_19	SP	353
GCA_038210275.1|JBBQWV010000005.1_61	SP	395
GCA_038210445.1|JBBQWQ010000017.1_116	LIPO	313
GCA_038210445.1|JBBQWQ010000055.1_16	LIPO	424
GCA_038210655.1|JBBQWM010000010.1_7	SP	553
GCA_038210985.1|JBBQWB010000047.1_15	SP	394
GCA_038211045.1|JBBQWA010000335.1_1	SP	294
GCA_038211295.1|JBBQVS010000001.1_2	LIPO	326
GCA_038211355.1|JBBQVR010000055.1_7	SP	294
GCA_038211455.1|JBBQVP010000049.1_20	SP	321
GCA_038211505.1|JBBQVO010000016.1_23	LIPO	371
GCA_038211505.1|JBBQVO010000082.1_5	SP	545
GCA_038212135.1|JBBQUX010000086.1_16	SP	378
GCA_038213575.1|JBBQSW010000195.1_6	SP	385
GCA_038214015.1|JBBQSH010000023.1_1	SP	299
GCA_038214545.1|JBBQRU010000001.1_33	SP	325
GCA_038214655.1|JBBQRR010000008.1_13	SP	484
GCA_038214655.1|JBBQRR010000050.1_11	SP	388
GCA_038214955.1|JBBQRJ010000180.1_4	SP	331
GCA_038215505.1|JBBQQV010000327.1_2	SP	374
GCA_038215995.1|JBBQQL010000194.1_1	LIPO	332
GCA_038216165.1|JBBQQJ010000141.1_4	SP	305
GCA_038216465.1|JBBQQC010000001.1_562	SP	312
GCA_038217425.1|JBBQPM010000054.1_24	SP	302
GCA_038220085.1|JBBRJB010000091.1_3	SP	323
GCA_038221045.1|JBBRIK010000415.1_5	SP	298
GCA_038222385.1|JBBRHS010000105.1_9	LIPO	304
GCA_038222995.1|JBBRHI010000267.1_1	SP	402
GCA_038223355.1|JBBRHB010000192.1_2	LIPO	376
GCA_038223355.1|JBBRHB010000409.1_2	SP	327
GCA_038223355.1|JBBRHB010000517.1_3	SP	305
GCA_038223355.1|JBBRHB010000731.1_4	LIPO	317
GCA_038224035.1|JBBRFQ010000012.1_25	SP	345
GCA_038224475.1|JBBRFJ010000008.1_28	SP	331
GCA_038224985.1|JBBRFD010000009.1_14	SP	316
GCA_038224985.1|JBBRFD010000107.1_6	SP	297
GCA_038227045.1|JBBRQD010000055.1_23	SP	322
GCA_038227375.1|JBBRPY010000001.1_127	LIPO	322
GCA_038227375.1|JBBRPY010000028.1_21	SP	404
GCA_038227635.1|JBBRPT010000001.1_206	LIPO	318
GCA_038227875.1|JBBRPR010000019.1_91	SP	312
GCA_038228295.1|JBBRPH010000026.1_41	SP	550
GCA_038228795.1|JBBROY010000009.1_29	SP	318
GCA_038228795.1|JBBROY010000013.1_52	LIPO	313
GCA_038229415.1|JBBROM010000001.1_266	LIPO	797
GCA_038229495.1|JBBROJ010000019.1_10	SP	252
GCA_038229595.1|JBBROH010000012.1_32	LIPO	315
GCA_038230375.1|JBBRNJ010000007.1_55	SP	405
GCA_038230375.1|JBBRNJ010000035.1_47	SP	340
GCA_038230495.1|JBBRNC010000021.1_54	SP	311
GCA_038230535.1|JBBRNB010000108.1_9	SP	300
GCA_038230775.1|JBBRMQ010000010.1_19	SP	304
GCA_038230775.1|JBBRMQ010000044.1_11	SP	308
GCA_038231015.1|JBBRMD010000071.1_13	SP	383
GCA_038231055.1|JBBRMC010000102.1_4	LIPO	322
GCA_038231275.1|JBBRLQ010000010.1_112	LIPO	490
GCA_038231275.1|JBBRLQ010000014.1_49	LIPO	318
GCA_038231275.1|JBBRLQ010000017.1_47	LIPO	470
GCA_038231275.1|JBBRLQ010000017.1_49	LIPO	442
GCA_038231335.1|JBBRLM010000011.1_67	SP	291
GCA_038231335.1|JBBRLM010000028.1_61	LIPO	328
GCA_038231615.1|JBBRLA010000399.1_3	SP	372
GCA_038231615.1|JBBRLA010000432.1_5	LIPO	362
GCA_038232455.1|JBBSHU010000003.1_39	LIPO	323
GCA_038233555.1|JBBSLT010000265.1_2	LIPO	297
GCA_038233665.1|JBBSVJ010000163.1_5	LIPO	329
GCA_038234255.1|JBBSUR010000351.1_2	LIPO	303
GCA_038234445.1|JBBQTY010000014.1_12	LIPO	350
GCA_038235385.1|JBBSTY010000157.1_2	LIPO	366
GCA_038235385.1|JBBSTY010000204.1_2	LIPO	358
GCA_038236135.1|JBBSTF010000001.1_14	LIPO	338
GCA_038236615.1|JBBRZO010000005.1_85	LIPO	314
GCA_038236905.1|JBBRZG010000068.1_9	SP	331
GCA_038237345.1|JBBRYU010000004.1_37	SP	352
GCA_038238655.1|JBBSFO010000271.1_2	LIPO	335
GCA_038239005.1|JBBSFE010000004.1_86	LIPO	356
GCA_038239145.1|JBBSFB010000075.1_7	LIPO	365
GCA_038239365.1|JBBSEU010000061.1_5	SP	312
GCA_038239995.1|JBBSEE010000177.1_3	SP	366
GCA_038240015.1|JBBSEF010000019.1_17	SP	461
GCA_038240335.1|JBBSDV010000003.1_20	LIPO	328
GCA_038240335.1|JBBSDV010000228.1_3	LIPO	384
GCA_038240465.1|JBBSDR010000996.1_1	SP	298
GCA_038240725.1|JBBRGM010000152.1_10	SP	353
GCA_038240835.1|JBBRGJ010000067.1_10	SP	330
GCA_038240835.1|JBBRGJ010000104.1_5	SP	374
GCA_038240975.1|JBBRGF010000058.1_2	SP	305
GCA_038241255.1|JBBRFW010000003.1_72	LIPO	297
GCA_038241485.1|JBBRFR010000069.1_4	LIPO	426
GCA_038242465.1|JBBSSC010000070.1_5	SP	316
GCA_038242765.1|JBBSRT010000037.1_3	SP	351
GCA_038242795.1|JBBSRS010000253.1_4	SP	438
GCA_038244055.1|JBBRTW010000001.1_55	SP	335
GCA_038244615.1|JBBRTH010000014.1_33	SP	331
GCA_038244715.1|JBBRTE010000024.1_9	SP	295
GCA_038245295.1|JBBRSP010000031.1_2	SP	274
GCA_038245905.1|JBBRRY010000001.1_50	SP	314
GCA_038248085.1|JBBRUE010000532.1_5	LIPO	285
GCA_038248285.1|JBBRTY010000119.1_9	SP	623
GCA_038248285.1|JBBRTY010000163.1_7	SP	300
GCA_038248285.1|JBBRTY010000189.1_2	SP	322
GCA_038249155.1|JBBRWN010000023.1_33	SP	349
GCA_038249585.1|JBBSDI010000030.1_6	LIPO	344
GCA_038249585.1|JBBSDI010000099.1_4	SP	607
GCA_038249705.1|JBBSDC010000008.1_40	SP	380
GCA_038249755.1|JBBSDD010000085.1_6	SP	385
GCA_038249755.1|JBBSDD010000334.1_2	SP	376
GCA_038250105.1|JBBSCQ010000079.1_7	SP	337
GCA_038250905.1|JBBSBV010000029.1_32	LIPO	361
GCA_038251045.1|JBBSBS010000214.1_5	SP	322
GCA_038251275.1|JBBSBM010000051.1_7	SP	297
GCA_038251275.1|JBBSBM010000122.1_3	SP	346
GCA_038252065.1|JBBSAQ010000008.1_88	SP	377
GCA_038252255.1|JBBSAM010000036.1_3	LIPO	345
GCA_038252405.1|JBBSAJ010000008.1_87	LIPO	326
GCA_038252715.1|JBBSAA010000011.1_1	LIPO	351
GCA_038253425.1|JBBSHC010000435.1_1	LIPO	321
GCA_038254545.1|JBBSGB010000015.1_6	SP	465
GCA_038254585.1|JBBSGA010000124.1_16	SP	305
GCA_038255435.1|JBBSLG010000004.1_37	LIPO	354
GCA_038255665.1|JBBSLA010000001.1_74	LIPO	343
GCA_038256525.1|JBBSKF010000002.1_4	LIPO	309
GCA_038257095.1|JBBSJQ010000002.1_4	SP	417
GCA_038257155.1|JBBSJP010000056.1_2	SP	299
GCA_038257655.1|JBBSJC010000032.1_8	LIPO	328
GCA_038257655.1|JBBSJC010000086.1_2	LIPO	352
GCA_038257655.1|JBBSJC010000189.1_7	LIPO	340
GCA_038257785.1|JBBSIY010000012.1_19	LIPO	362
GCA_038257785.1|JBBSIY010000395.1_3	SP	287
GCA_038258185.1|JBBSQD010000172.1_12	SP	313
GCA_038258185.1|JBBSQD010000193.1_13	SP	313
GCA_038258655.1|JBBSPS010000090.1_3	SP	374
GCA_038259155.1|JBBSPE010000051.1_8	SP	338
GCA_038259445.1|JBBSOU010000015.1_10	LIPO	346
GCA_038260485.1|JBBSNT010000127.1_4	SP	336
GCA_038260485.1|JBBSNT010000419.1_4	SP	318
GCA_038260485.1|JBBSNT010000439.1_2	SP	332
GCA_038316775.1|JBBQAV010000116.1_9	SP	321
GCA_038317155.1|JBBQBC010000103.1_10	SP	381
GCA_038317685.1|JBBQBQ010000150.1_3	LIPO	328
GCA_038317875.1|JBBQBR010000205.1_4	LIPO	385
GCA_038318605.1|JBBQCK010000586.1_1	SP	539
GCA_038318835.1|JBBQCQ010000333.1_3	SP	239
GCA_038319115.1|JBBQCV010000012.1_26	SP	323
GCA_038319425.1|JBBQDE010000022.1_2	LIPO	300
GCA_038320055.1|JBBQDU010000293.1_2	LIPO	308
GCA_038321315.1|JBBQEX010000002.1_38	SP	480
GCA_038321315.1|JBBQEX010000007.1_63	SP	364
GCA_038321755.1|JBBQFJ010000041.1_8	SP	319
GCA_038321965.1|JBBQFL010000005.1_53	SP	333
GCA_038322035.1|JBBQFO010000030.1_23	SP	334
GCA_038322185.1|JBBQFU010000151.1_21	LIPO	327
GCA_038322815.1|JBBQGG010000022.1_39	SP	374
GCA_038323195.1|JBBQGQ010000006.1_70	LIPO	338
GCA_038323195.1|JBBQGQ010000012.1_60	LIPO	318
GCA_038323265.1|JBBQGT010000012.1_1	LIPO	373
GCA_038323865.1|JBBQHJ010000079.1_2	SP	301
GCA_038324385.1|JBBQHX010000060.1_12	LIPO	336
GCA_038325075.1|JBBQIQ010000022.1_7	SP	380
GCA_038325515.1|JBBQJC010000001.1_78	SP	326
GCA_038325765.1|JBBQJI010000009.1_108	SP	437
GCA_038325805.1|JBBQJJ010000034.1_2	SP	353
GCA_038326205.1|JBBQJV010000003.1_81	SP	318
GCA_038327195.1|JBBQKU010000014.1_52	LIPO	406
GCA_038327195.1|JBBQKU010000019.1_44	SP	380
GCA_038328375.1|JBBQLX010000082.1_17	SP	357
GCA_038328565.1|JBBQMC010000062.1_14	LIPO	288
GCA_038329515.1|JBBQNA010000067.1_4	SP	314
GCA_038447675.1|CP151773.1_3871	SP	335
GCA_038522085.1|JBCBKJ010000059.1_11	SP	614
GCA_038522085.1|JBCBKJ010000111.1_6	SP	309
GCA_038525605.1|JBCBHL010000194.1_1	SP	745
GCA_038525885.1|JBCBHI010001029.1_1	SP	281
GCA_038526085.1|JBCBHE010000022.1_22	SP	315
GCA_038526915.1|JBCBGF010000006.1_46	SP	342
GCA_038527425.1|JBCBFV010000004.1_19	SP	293
GCA_038527485.1|JBCBFT010000007.1_13	SP	400
GCA_038527485.1|JBCBFT010000012.1_55	SP	323
GCA_038527485.1|JBCBFT010000100.1_12	SP	381
GCA_038528965.1|JBCBEC010000013.1_74	SP	384
GCA_038529265.1|JBCBDX010000010.1_81	SP	342
GCA_038529705.1|JBCBDM010000001.1_31	SP	315
GCA_038533995.1|JBCAXP010000172.1_7	SP	399
GCA_038534295.1|JBCAXA010000004.1_369	LIPO	328
GCA_038562555.1|JBCFBK010000033.1_32	LIPO	307
GCA_038744645.1|JBCDMA010000077.1_4	SP	643
GCA_038744645.1|JBCDMA010000237.1_4	SP	332
GCA_038746285.1|JBCDKT010000002.1_108	LIPO	310
GCA_038747195.1|JBCDKA010000044.1_9	LIPO	340
GCA_038747355.1|JBCDJX010000014.1_25	LIPO	330
GCA_038747545.1|JBCDJT010000002.1_14	LIPO	315
GCA_038748685.1|JBCDIS010000255.1_1	SP	671
GCA_038748735.1|JBCDIR010000003.1_3	SP	371
GCA_038749025.1|JBCDIL010000032.1_27	LIPO	324
GCA_038749915.1|JBCDHN010000248.1_5	SP	406
GCA_038750655.1|JBCDGZ010000234.1_2	SP	416
GCA_038751055.1|JBCDGS010000016.1_46	SP	293
GCA_038751255.1|JBCDGN010000025.1_28	SP	398
GCA_039024295.1|JBCDIQ010000285.1_6	SP	416
GCA_039024315.1|JBCCQN010000124.1_8	SP	377
GCA_039024375.1|JBCCQK010000025.1_14	SP	710
GCA_039024375.1|JBCCQK010000262.1_9	SP	393
GCA_039024435.1|JBCCQH010000050.1_15	SP	375
GCA_039026435.1|JBCCMF010000081.1_12	LIPO	313
GCA_039026915.1|JBCCLJ010000298.1_3	SP	335
GCA_039026975.1|JBCCLI010000258.1_3	LIPO	310
GCA_039027095.1|JBCCLB010000111.1_9	LIPO	446
GCA_039028155.1|JBCCIS010000031.1_4	SP	304
GCA_039028175.1|JBCCIR010000019.1_29	SP	308
GCA_039028295.1|JBCCIJ010000011.1_35	LIPO	314
GCA_039028475.1|JBCCIA010000343.1_3	SP	316
GCA_039028655.1|JBCCHR010000016.1_9	SP	318
GCA_039028875.1|JBCCHE010000018.1_49	LIPO	318
GCA_039028875.1|JBCCHE010000024.1_12	LIPO	322
GCA_039028875.1|JBCCHE010000043.1_7	LIPO	312
GCA_039028895.1|JBCCHF010000001.1_145	SP	381
GCA_039028895.1|JBCCHF010000012.1_20	SP	311
GCA_039028895.1|JBCCHF010000018.1_80	SP	626
GCA_039029215.1|JBCCGP010000019.1_29	SP	298
GCA_039029315.1|JBCCGK010000060.1_10	SP	392
GCA_039029315.1|JBCCGK010000060.1_11	SP	307
GCA_039029315.1|JBCCGK010000060.1_54	SP	283
GCA_039029315.1|JBCCGK010000089.1_16	SP	408
GCA_039029935.1|JBCCFC010000423.1_2	SP	410
GCA_039030295.1|JBCCEK010000005.1_44	LIPO	322
GCA_039030415.1|JBCCEE010000714.1_2	SP	318
GCA_039033415.1|JBCCCR010000019.1_60	LIPO	340
GCA_039033615.1|JBCCCJ010000336.1_5	SP	389
GCA_039033695.1|JBCCCC010000028.1_16	LIPO	333
GCA_039033795.1|JBCCBY010000135.1_6	LIPO	318
GCA_039111475.1|JBCCIP010000041.1_9	LIPO	318
GCA_039111535.1|JBCCIM010000052.1_14	SP	320
GCA_039177115.1|JBCDFZ010000012.1_29	LIPO	321
GCA_039177645.1|JBCDFS010000006.1_14	SP	340
GCA_039177895.1|JBCDFO010000190.1_2	LIPO	320
GCA_039178415.1|JBCDFF010000010.1_12	SP	310
GCA_039178745.1|JBCDFE010000023.1_27	SP	374
GCA_039180865.1|JBCDCZ010000259.1_3	SP	354
GCA_039181265.1|JBCDCU010000019.1_13	SP	355
GCA_039182515.1|JBCDCE010000044.1_5	SP	289
GCA_039182715.1|JBCDBY010000169.1_5	LIPO	287
GCA_039183535.1|JBCDBO010000005.1_74	LIPO	326
GCA_039184415.1|JBCDBB010000132.1_2	SP	404
GCA_039184535.1|JBCDBC010000044.1_11	LIPO	307
GCA_039186015.1|JBCDAH010000013.1_18	SP	361
GCA_039186435.1|JBCDAA010000305.1_5	LIPO	324
GCA_039191945.1|JBCCXG010000919.1_2	LIPO	322
GCA_039193195.1|JBCCWS010000024.1_33	LIPO	323
GCA_039194325.1|JBCCWC010000131.1_27	LIPO	470
GCA_039194425.1|JBCCVZ010000019.1_44	SP	593
GCA_039195135.1|JBCCVP010000016.1_7	SP	330
GCA_039198955.1|JBCCTI010000038.1_2	SP	484
GCA_039199865.1|JBCCSR010000044.1_4	SP	393
GCA_039200705.1|JBCCSC010000064.1_4	SP	303
GCA_039200705.1|JBCCSC010000067.1_16	SP	623
GCA_039201015.1|JBCCRX010000072.1_9	SP	388
GCA_039201015.1|JBCCRX010000264.1_1	SP	394
GCA_039206745.1|JBCECD010000002.1_13	SP	356
GCA_039208155.1|JBCCRG010000013.1_13	LIPO	318
GCA_039534485.1|BAAAVK010000112.1_5	SP	503
GCA_039584015.1|JBDGYO010000260.1_3	SP	303
GCA_039584015.1|JBDGYO010000030.1_4	LIPO	304
GCA_039584015.1|JBDGYO010000365.1_2	LIPO	292
GCA_039584015.1|JBDGYO010000367.1_2	SP	292
GCA_039584325.1|JBDGYA010000023.1_17	LIPO	294
GCA_039586555.1|JBDHKE010000002.1_54	LIPO	311
GCA_039586575.1|JBDHKD010000059.1_16	LIPO	310
GCA_039586575.1|JBDHKD010000162.1_2	LIPO	286
GCA_039586795.1|JBDHJS010000095.1_4	LIPO	313
GCA_039587315.1|JBDHIS010000005.1_15	LIPO	291
GCA_039587355.1|JBDHIO010000001.1_295	LIPO	312
GCA_039588015.1|JBDHAS010000082.1_19	LIPO	303
GCA_039588075.1|JBDHAL010000055.1_6	LIPO	307
GCA_039588075.1|JBDHAL010000062.1_10	LIPO	298
GCA_039588075.1|JBDHAL010000286.1_4	SP	322
GCA_039589995.1|JBDHGH010000090.1_5	LIPO	310
GCA_039591075.1|JBDHEI010000077.1_4	LIPO	289
GCA_039591615.1|JBDHDH010000174.1_11	LIPO	312
GCA_039591795.1|JBDHCY010000035.1_16	LIPO	310
GCA_039591795.1|JBDHCY010000121.1_11	SP	323
GCA_039592335.1|JBDHBX010000035.1_5	LIPO	319
GCA_039592975.1|JBCNQE010000002.1_250	SP	374
GCA_039593255.1|JBCNPQ010000006.1_103	SP	418
GCA_039594005.1|JBCNOF010000011.1_540	SP	427
GCA_039594095.1|JBCNOA010000096.1_3	SP	342
GCA_039594295.1|JBCNNR010000061.1_1	SP	341
GCA_039594975.1|JBCNMJ010000010.1_14	SP	383
GCA_039648995.1|JBBWZH010000224.1_8	SP	445
GCA_039649115.1|JBBWZQ010000117.1_9	SP	311
GCA_039649115.1|JBBWZQ010000397.1_7	SP	439
GCA_039649305.1|JBBWZW010000415.1_3	SP	340
GCA_039656355.1|JBDHMC010000114.1_2	LIPO	324
GCA_039679325.1|JBDKVD010000037.1_1	SP	355
GCA_039679545.1|JBDKUT010000131.1_15	LIPO	324
GCA_039679975.1|JBDKTZ010000620.1_14	SP	291
GCA_039679975.1|JBDKTZ010000416.1_13	SP	311
GCA_039680225.1|JBDKTK010000115.1_24	SP	360
GCA_039680305.1|JBDKTH010000287.1_2	SP	304
GCA_039683575.1|JBDKRC010000234.1_22	SP	725
GCA_039714615.1|JBDLIZ010000734.1_2	SP	391
GCA_039725535.1|CP049827.1_3752	SP	350
GCA_039768115.1|JBDNBC010000012.1_11	SP	306
GCA_039770535.1|JBDMYC010000200.1_8	SP	382
GCA_039794365.1|JBDIVN010000006.1_89	SP	319
GCA_039795165.1|JBDKER010000022.1_54	SP	317
GCA_039795265.1|JBDKEM010000011.1_77	SP	376
GCA_039796255.1|JBDKKE010000152.1_2	SP	299
GCA_039796405.1|JBDKJX010000015.1_4	SP	350
GCA_039796405.1|JBDKJX010000073.1_4	SP	359
GCA_039797505.1|JBDKHS010000203.1_6	SP	352
GCA_039797785.1|JBDKHH010000165.1_4	SP	369
GCA_039797785.1|JBDKHH010000338.1_8	SP	314
GCA_039798265.1|JBDKGH010000078.1_1	SP	304
GCA_039798265.1|JBDKGH010000093.1_6	LIPO	326
GCA_039798485.1|JBDKGB010000242.1_2	SP	320
GCA_039799345.1|JBDLSS010000295.1_11	SP	352
GCA_039799905.1|JBDLRP010000033.1_14	LIPO	312
GCA_039799985.1|JBDLRR010000319.1_9	LIPO	316
GCA_039801085.1|JBDRTY010000002.1_229	SP	313
GCA_039801285.1|JBDRUJ010000061.1_6	SP	319
GCA_039804245.1|JBDLWO010000117.1_4	SP	385
GCA_039805805.1|JBDLTM010000158.1_1	SP	348
GCA_039807685.1|JBDHRR010000064.1_14	SP	348
GCA_039807745.1|JBDHRV010000174.1_4	SP	354
GCA_039808825.1|JBDHTV010000044.1_3	LIPO	308
GCA_039809485.1|JBDHVE010000004.1_78	SP	391
GCA_039809485.1|JBDHVE010000012.1_78	LIPO	334
GCA_039809485.1|JBDHVE010000038.1_37	LIPO	347
GCA_039809485.1|JBDHVE010000082.1_30	SP	607
GCA_039809485.1|JBDHVE010000136.1_4	LIPO	435
GCA_039809485.1|JBDHVE010000136.1_11	LIPO	380
GCA_039809485.1|JBDHVE010000136.1_13	LIPO	330
GCA_039809485.1|JBDHVE010000137.1_10	LIPO	340
GCA_039809485.1|JBDHVE010000173.1_8	LIPO	347
GCA_039809525.1|JBDHVD010000003.1_56	SP	382
GCA_039809525.1|JBDHVD010000097.1_16	LIPO	340
GCA_039809605.1|JBDHVF010000243.1_9	LIPO	312
GCA_039809945.1|JBDHWA010000119.1_3	LIPO	333
GCA_039810825.1|JBDHXR010000148.1_5	SP	328
GCA_039811945.1|JBDHZQ010000160.1_1	LIPO	311
GCA_039815525.1|JBCBZF010000106.1_6	SP	380
GCA_039816785.1|JBCBXB010000012.1_81	SP	339
GCA_039816785.1|JBCBXB010000004.1_54	SP	339
GCA_039816955.1|JBCBWU010000009.1_22	SP	383
GCA_039817415.1|JBCBVV010000047.1_26	SP	317
GCA_039817625.1|JBCBVN010000011.1_2	SP	395
GCA_039819385.1|JBCBSC010000040.1_25	LIPO	332
GCA_039819485.1|JBCBRY010000044.1_22	SP	376
GCA_039819565.1|JBCBRU010000051.1_24	LIPO	380
GCA_039819565.1|JBCBRU010000312.1_8	LIPO	803
GCA_039820545.1|JBCBPW010000016.1_48	SP	323
GCA_039820545.1|JBCBPW010000047.1_32	SP	400
GCA_039821145.1|JBCBOS010000006.1_54	SP	377
GCA_039821555.1|JBCBNX010000008.1_24	SP	312
GCA_039822005.1|JBCBMZ010000004.1_151	SP	343
GCA_039822165.1|JBCBMS010000031.1_4	SP	312
GCA_039822785.1|JBCBMO010000001.1_230	SP	351
GCA_039889035.1|JBDQQY010000001.1_115	SP	403
GCA_039889035.1|JBDQQY010000018.1_114	LIPO	346
GCA_039889035.1|JBDQQY010000021.1_124	LIPO	300
GCA_039889035.1|JBDQQY010000041.1_94	SP	442
GCA_039889035.1|JBDQQY010000049.1_9	LIPO	336
GCA_039889035.1|JBDQQY010000076.1_3	LIPO	299
GCA_039908345.1|JAMOBD010000007.1_9	SP	302
GCA_039915645.1|JBDSMX010000181.1_3	SP	268
GCA_039915865.1|JBDSML010000033.1_28	SP	289
GCA_039915925.1|JBDSMG010000059.1_3	SP	337
GCA_039917735.1|JBDSIY010000071.1_15	SP	324
GCA_039917895.1|JBDSIO010000375.1_8	SP	343
GCA_039917955.1|JBDSIN010000105.1_13	SP	304
GCA_039918435.1|JBDSHN010000008.1_4	SP	376
GCA_039918435.1|JBDSHN010000076.1_9	SP	381
GCA_039918515.1|JBDSHL010000357.1_2	SP	375
GCA_039919545.1|JBDSFL010000566.1_6	SP	325
GCA_039919745.1|JBDSFC010000554.1_4	SP	319
GCA_039919985.1|JBDSEP010000267.1_4	LIPO	329
GCA_039922115.1|JBDSAN010000305.1_4	LIPO	321
GCA_039922235.1|JBDSAJ010000467.1_12	SP	448
GCA_039922235.1|JBDSAJ010000989.1_1	SP	309
GCA_039922635.1|JBDTEH010000144.1_6	SP	493
GCA_039922695.1|JBDTEG010000208.1_2	LIPO	346
GCA_039923495.1|JBDTCO010000037.1_13	LIPO	406
GCA_039923515.1|JBDTCQ010000331.1_5	LIPO	351
GCA_039923935.1|JBDTBU010000112.1_4	SP	339
GCA_039923935.1|JBDTBU010000112.1_5	SP	488
GCA_039924785.1|JBDTAE010000039.1_2	LIPO	322
GCA_039924785.1|JBDTAE010000073.1_9	SP	313
GCA_039924845.1|JBDTAC010000004.1_34	SP	492
GCA_039925285.1|JBDSZF010000115.1_4	SP	353
GCA_039926025.1|JBDSXV010000108.1_2	SP	359
GCA_039926605.1|JBDSWR010000023.1_39	LIPO	346
GCA_039926685.1|JBDSWM010000033.1_9	SP	344
GCA_039926685.1|JBDSWM010000060.1_6	SP	351
GCA_039926685.1|JBDSWM010000403.1_45	SP	349
GCA_039927015.1|JBDSVW010000253.1_17	SP	296
GCA_039927395.1|JBDSUZ010000272.1_6	SP	256
GCA_039927395.1|JBDSUZ010000409.1_2	SP	379
GCA_039927975.1|JBDSTZ010000656.1_21	SP	365
GCA_039928335.1|JBDSTJ010000240.1_4	LIPO	287
GCA_039928475.1|JBDSTA010000182.1_26	SP	272
GCA_039929265.1|JBDSRN010000009.1_7	SP	354
GCA_039930325.1|JBDSPM010000181.1_5	SP	381
GCA_039930405.1|JBDTTW010000326.1_3	SP	343
GCA_039930785.1|JBDTTE010000204.1_4	SP	313
GCA_039930785.1|JBDTTE010000300.1_3	SP	334
GCA_039931265.1|JBDTSG010000009.1_6	SP	383
GCA_039931435.1|JBDTRY010000012.1_18	SP	308
GCA_039932215.1|JBDTQN010000121.1_4	LIPO	304
GCA_039932815.1|JBDTPG010000016.1_10	SP	302
GCA_039932875.1|JBDTPE010000187.1_5	SP	284
GCA_039932995.1|JBDTOZ010000889.1_9	SP	304
GCA_039933095.1|JBDTOS010000060.1_3	LIPO	356
GCA_039933195.1|JBDTON010000074.1_14	SP	336
GCA_039933415.1|JBDTOD010000019.1_4	LIPO	321
GCA_039933535.1|JBDTNU010000145.1_3	LIPO	358
GCA_039933575.1|JBDTNW010000113.1_6	LIPO	294
GCA_039933735.1|JBDTNM010000141.1_10	LIPO	308
GCA_039933785.1|JBDTNL010000106.1_6	LIPO	325
GCA_039933875.1|JBDTNF010000135.1_16	SP	392
GCA_039933915.1|JBDTND010000134.1_3	SP	316
GCA_039933955.1|JBDTNB010000023.1_18	SP	339
GCA_039934195.1|JBDTMS010000782.1_2	SP	353
GCA_039934475.1|JBDTMC010000242.1_8	SP	550
GCA_039934485.1|JBDTMB010000126.1_7	SP	303
GCA_039934615.1|JBDTLV010000063.1_17	LIPO	347
GCA_039935035.1|JBDTLA010000159.1_2	LIPO	346
GCA_039935895.1|JBDTJJ010000133.1_2	SP	487
GCA_039935895.1|JBDTJJ010000204.1_5	SP	406
GCA_039935895.1|JBDTJJ010000381.1_2	SP	390
GCA_039936235.1|JBDTIS010000095.1_16	SP	341
GCA_039936295.1|JBDTIP010000102.1_8	SP	314
GCA_039936515.1|JBDTIE010000091.1_2	LIPO	346
GCA_039937055.1|JBDTHH010000190.1_4	SP	335
GCA_039937915.1|JBDTFN010000332.1_7	LIPO	323
GCA_039937955.1|JBDTFL010000313.1_2	LIPO	368
GCA_039960995.1|JBDVKF010000044.1_169	SP	315
GCA_039961675.1|JABRWC010000025.1_37	LIPO	341
GCA_039961675.1|JABRWC010000118.1_11	SP	326
GCA_039961775.1|JABRVZ010000021.1_9	LIPO	305
GCA_039969155.1|JBDVOJ010000053.1_176	SP	687
GCA_039969155.1|JBDVOJ010000054.1_28	LIPO	347
GCA_039972775.1|JBDWMF010000010.1_21	SP	328
GCA_039978895.1|JBDWAL010000046.1_468	LIPO	273
GCA_039981375.1|JBDXAK010000009.1_322	SP	320
GCA_039984955.1|JBDWTN010000007.1_2248	SP	750
GCA_039985655.1|JBDWSF010000018.1_366	SP	303
GCA_040003045.1|JBDUDG010000095.1_3	SP	381
GCA_040003315.1|JBDUCU010000174.1_4	LIPO	314
GCA_040004215.1|JBDUBG010000249.1_2	LIPO	314
GCA_040004485.1|JBDUAU010000719.1_1	SP	289
GCA_040004535.1|JBDUAS010000439.1_1	SP	471
GCA_040004895.1|JBDTZX010000302.1_2	LIPO	346
GCA_040005135.1|JBDTZO010000190.1_4	SP	319
GCA_040005195.1|JBDTZK010000408.1_1	LIPO	346
GCA_040005335.1|JBDTZD010000236.1_2	SP	337
GCA_040005435.1|JBDTYX010000004.1_14	SP	346
GCA_040005935.1|JBDTXZ010000582.1_3	LIPO	294
GCA_040006415.1|JBDTXA010000049.1_2	SP	346
GCA_040006575.1|JBDTWS010000055.1_16	SP	341
GCA_040006855.1|JBDTWG010000008.1_11	SP	345
GCA_040007995.1|JBDTUA010000324.1_4	SP	352
GCA_040008015.1|JBDTTZ010000272.1_19	SP	316
GCA_040079515.1|JBEBKD010000005.1_151	SP	609
GCA_040080315.1|JBEBIR010000030.1_9	SP	315
GCA_040080595.1|JBEBIC010000185.1_2	SP	325
GCA_040080595.1|JBEBIC010000057.1_11	SP	492
GCA_040080605.1|JBEBIB010000016.1_40	SP	303
GCA_040080805.1|JBEBHQ010000023.1_3	SP	302
GCA_040080915.1|JBEBHD010000262.1_6	LIPO	319
GCA_040080935.1|JBEBHI010000006.1_49	SP	596
GCA_040081465.1|JBEBGL010000014.1_28	LIPO	360
GCA_040081755.1|JBEBFW010000007.1_34	SP	324
GCA_040081755.1|JBEBFW010000159.1_6	SP	341
GCA_040081755.1|JBEBFW010000159.1_7	LIPO	343
GCA_040216495.1|JAVJPA010000264.1_6	SP	647
GCA_040217195.1|JAVJNR010000001.1_12	LIPO	314
GCA_040218145.1|JAVJQK010000089.1_9	LIPO	364
GCA_040218415.1|JAVJRN010000029.1_4	LIPO	343
GCA_040218735.1|JAVJQW010000059.1_6	SP	392
GCA_040218735.1|JAVJQW010000033.1_69	LIPO	503
GCA_040219275.1|JAVJSU010000007.1_250	SP	303
GCA_040219275.1|JAVJSU010000007.1_337	SP	614
GCA_040222235.1|JAVKDO010000014.1_53	SP	401
GCA_040222735.1|JAVKCM010000132.1_25	SP	332
GCA_040222795.1|JAVKCJ010000012.1_24	SP	331
GCA_040235395.1|JBECKS010000178.1_53	SP	317
GCA_040235555.1|JBECKZ010000035.1_24	SP	319
GCA_040255215.1|JBDZUM010000215.1_3	SP	298
GCA_040255525.1|JBDZVD010000054.1_31	SP	446
GCA_040255525.1|JBDZVD010000077.1_7	SP	343
GCA_040255525.1|JBDZVD010000089.1_8	LIPO	358
GCA_040255535.1|JBDZVE010000084.1_17	SP	329
GCA_040255585.1|JBDZVI010000082.1_1	SP	307
GCA_040256005.1|JBDZWC010000032.1_20	SP	308
GCA_040260805.1|JBDQPD010000027.1_28	LIPO	285
GCA_040261275.1|JBDQOI010000022.1_3	SP	394
GCA_040261275.1|JBDQOI010000027.1_7	SP	360
GCA_040264395.1|JBDQII010000220.1_3	SP	291
GCA_040265175.1|JBDQGY010000018.1_5	LIPO	331
GCA_040275325.1|JBEOKA010000296.1_14	LIPO	472
GCA_040289665.1|PSLO01000094.1_10	SP	318
GCA_040302145.1|JBEORG010000027.1_4	SP	422
GCA_040302145.1|JBEORG010000030.1_90	SP	422
GCA_040302145.1|JBEORG010000047.1_43	SP	409
GCA_040364205.1|BPWK01000001.1_343	LIPO	579
GCA_040371205.1|AP031382.1_1078	SP	326
GCA_040373655.1|JBEICB010000359.1_2	SP	605
GCA_040374005.1|JBEIVF010000122.1_2	SP	304
GCA_040374385.1|JBEIUM010000005.1_9	LIPO	318
GCA_040374745.1|JBEITT010000127.1_1	SP	303
GCA_040374745.1|JBEITT010000087.1_10	SP	320
GCA_040375295.1|JBEISR010000038.1_21	LIPO	612
GCA_040375295.1|JBEISR010000015.1_16	SP	333
GCA_040375695.1|JBEIRZ010000664.1_1	SP	308
GCA_040376255.1|JBEIQZ010000124.1_12	LIPO	315
GCA_040376425.1|JBEIQS010000045.1_21	LIPO	306
GCA_040376505.1|JBEIQK010000225.1_8	LIPO	318
GCA_040376605.1|JBEIQI010000031.1_11	SP	370
GCA_040376635.1|JBEIQF010000131.1_6	SP	332
GCA_040376635.1|JBEIQF010000065.1_6	SP	333
GCA_040376855.1|JBEIPV010000082.1_11	SP	341
GCA_040376855.1|JBEIPV010000153.1_6	SP	325
GCA_040376895.1|JBEIPT010000129.1_2	LIPO	354
GCA_040376915.1|JBEIPS010000043.1_9	SP	338
GCA_040377165.1|JBEIPI010000092.1_8	SP	327
GCA_040377165.1|JBEIPI010000010.1_15	SP	566
GCA_040377165.1|JBEIPI010000014.1_29	SP	341
GCA_040377165.1|JBEIPI010000122.1_9	SP	291
GCA_040377215.1|JBEIPE010000010.1_20	SP	312
GCA_040377305.1|JBEIPA010000021.1_26	SP	382
GCA_040377605.1|JBEIOK010000049.1_7	SP	301
GCA_040377605.1|JBEIOK010000019.1_11	SP	314
GCA_040379205.1|JBEILM010000025.1_25	SP	339
GCA_040379205.1|JBEILM010000027.1_22	SP	321
GCA_040379385.1|JBEILF010000002.1_27	SP	351
GCA_040379705.1|JBEIKR010000006.1_17	SP	317
GCA_040379705.1|JBEIKR010000105.1_6	SP	377
GCA_040379745.1|JBEIKL010000044.1_12	SP	309
GCA_040379905.1|JBEIKF010000029.1_12	SP	368
GCA_040380145.1|JBEIJQ010000008.1_32	SP	401
GCA_040380205.1|JBEIJM010000041.1_5	SP	344
GCA_040380835.1|JBEIIK010000014.1_7	SP	387
GCA_040381215.1|JBEIHO010000030.1_3	LIPO	317
GCA_040381215.1|JBEIHO010000080.1_8	SP	305
GCA_040381235.1|JBEIHS010000284.1_3	SP	637
GCA_040381555.1|JBEIHC010000121.1_4	SP	381
GCA_040381975.1|JBEIGI010000065.1_19	SP	600
GCA_040381975.1|JBEIGI010000077.1_10	SP	324
GCA_040382295.1|JBEIFU010000010.1_2	SP	322
GCA_040382375.1|JBEIFO010000130.1_5	SP	377
GCA_040382575.1|JBEIFE010000497.1_2	SP	350
GCA_040382995.1|JBEIEK010000213.1_2	SP	343
GCA_040383605.1|JBEIDF010000002.1_20	SP	385
GCA_040383865.1|JBEICT010000070.1_7	SP	383
GCA_040383865.1|JBEICT010000152.1_4	SP	359
GCA_040384405.1|JAZKJI010000063.1_3	SP	308
GCA_040384505.1|JAZKJB010000228.1_4	SP	364
GCA_040384645.1|JAZKIX010000170.1_4	SP	362
GCA_040384685.1|JAZKIV010000013.1_320	SP	342
GCA_040384925.1|JAZKIK010000760.1_11	SP	331
GCA_040385165.1|JAZKHX010000006.1_36	SP	291
GCA_040385305.1|JAZKHR010000089.1_9	SP	439
GCA_040385335.1|JAZKHP010000059.1_62	SP	543
GCA_040385425.1|JAZKHK010000044.1_30	SP	346
GCA_040385585.1|JAZKHB010000028.1_120	SP	283
GCA_040385605.1|JAZKHC010000006.1_129	LIPO	293
GCA_040385745.1|JAZKGU010000003.1_139	SP	582
GCA_040385995.1|JAZKGI010000005.1_90	SP	358
GCA_040385995.1|JAZKGI010000062.1_30	SP	365
GCA_040385995.1|JAZKGI010000064.1_11	SP	583
GCA_040386015.1|JAZKGG010000001.1_222	SP	334
GCA_040386075.1|JAZKGE010000025.1_24	SP	381
GCA_040386075.1|JAZKGE010000030.1_35	SP	377
GCA_040386075.1|JAZKGE010000064.1_10	SP	409
GCA_040386095.1|JAZKGD010000004.1_7	SP	291
GCA_040386215.1|JAZKFX010000047.1_43	SP	542
GCA_040386255.1|JAZKFW010000051.1_86	SP	292
GCA_040386395.1|JAZKFO010000079.1_30	SP	293
GCA_040386495.1|JAZKFJ010000005.1_333	SP	617
GCA_040386675.1|JAZKEZ010000133.1_32	SP	386
GCA_040387015.1|JAZKEP010000067.1_10	SP	261
GCA_040387015.1|JAZKEP010000137.1_8	SP	384
GCA_040387275.1|JAZKDZ010000001.1_513	SP	330
GCA_040387275.1|JAZKDZ010000001.1_1201	SP	327
GCA_040387325.1|JAZKDY010000050.1_12	SP	358
GCA_040387375.1|JAZKDW010000024.1_5	SP	353
GCA_040387415.1|JAZKDU010000003.1_3	SP	491
GCA_040387415.1|JAZKDU010000009.1_39	SP	372
GCA_040387475.1|JAZKDT010000062.1_5	SP	380
GCA_040387555.1|JAZKDO010000006.1_199	SP	382
GCA_040388175.1|JAZKCG010000008.1_19	SP	298
GCA_040388195.1|JAZKCF010000123.1_20	SP	537
GCA_040388275.1|JAZKCA010000036.1_31	SP	576
GCA_040388455.1|JAZKBX010000256.1_3	SP	329
GCA_040388455.1|JAZKBX010000316.1_12	SP	698
GCA_040388455.1|JAZKBX010000368.1_2	SP	440
GCA_040388555.1|JAZKBP010000006.1_40	SP	555
GCA_040388555.1|JAZKBP010000026.1_72	SP	351
GCA_040388745.1|JAZKBF010000071.1_1	SP	698
GCA_040388805.1|JAZKBE010000008.1_112	SP	582
GCA_040389645.1|JAZJZT010000016.1_110	LIPO	327
GCA_040389865.1|JAZJZM010000005.1_139	SP	698
GCA_040389865.1|JAZJZM010000010.1_13	SP	374
GCA_040389905.1|JAZJZK010000008.1_157	LIPO	300
GCA_040389965.1|JAZJZF010000064.1_6	SP	383
GCA_040389965.1|JAZJZF010000064.1_97	SP	404
GCA_040390145.1|JAZJYY010000030.1_2	SP	472
GCA_040390165.1|JAZJYW010000009.1_127	SP	303
GCA_040390195.1|JAZJYV010000030.1_17	SP	349
GCA_040390345.1|JAZJYP010000058.1_12	SP	335
GCA_040390835.1|JAZJXP010000126.1_20	SP	579
GCA_040391865.1|JBEBWZ010000024.1_14	SP	306
GCA_040391865.1|JBEBWZ010000048.1_2	LIPO	307
GCA_040396935.1|JBBAXA010000018.1_37	SP	604
GCA_040396935.1|JBBAXA010000018.1_38	SP	339
GCA_040397625.1|JBBAVQ010000164.1_5	SP	596
GCA_040397625.1|JBBAVQ010000206.1_3	SP	303
GCA_040397685.1|JBBAVM010000008.1_43	SP	305
GCA_040397785.1|JBBAVI010000023.1_3	SP	388
GCA_040397825.1|JBBAVH010000016.1_13	SP	599
GCA_040398425.1|JBBATZ010000051.1_7	LIPO	319
GCA_040398465.1|JBBAUA010000044.1_21	LIPO	317
GCA_040398885.1|JBBATF010000076.1_11	SP	290
GCA_040399065.1|JBBASU010000004.1_61	SP	637
GCA_040400045.1|JBBAQZ010000024.1_98	SP	441
GCA_040403095.1|JBBALI010000012.1_27	SP	323
GCA_040403535.1|JBBAKL010000012.1_12	SP	381
GCA_040403535.1|JBBAKL010000030.1_17	SP	378
GCA_040403945.1|JBBAJQ010000069.1_8	LIPO	315
GCA_040507035.1|JBEVVR010000004.1_81	SP	299
GCA_040507035.1|JBEVVR010000056.1_4	LIPO	328
GCA_040507665.1|JBEVOI010000323.1_13	SP	498
GCA_040508085.1|JBEVNO010000120.1_8	SP	342
GCA_040508235.1|JBEVNG010000261.1_5	LIPO	332
GCA_040508275.1|JBEVNE010000112.1_19	SP	579
GCA_040508275.1|JBEVNE010000206.1_5	SP	367
GCA_040508835.1|JBEVMD010000373.1_3	SP	314
GCA_040509075.1|JBEVLR010000147.1_4	SP	356
GCA_040509255.1|JBEVLH010000302.1_3	LIPO	366
GCA_040509335.1|JBEVLE010000290.1_19	LIPO	340
GCA_040509855.1|JBEVKA010000093.1_4	SP	522
GCA_040511255.1|JBEVHL010000721.1_26	SP	307
GCA_040512325.1|JBEVFK010000175.1_15	SP	295
GCA_040514355.1|JBEVCF010000098.1_7	LIPO	335
GCA_040544385.1|JBEONR010000002.1_81	SP	369
GCA_040544385.1|JBEONR010000004.1_123	SP	579
GCA_040630935.1|JBEXYN010000004.1_20	SP	332
GCA_040643255.1|JBEYTX010000004.1_232	SP	434
GCA_040643275.1|JBEYTW010000018.1_49	SP	420
GCA_040643275.1|JBEYTW010000031.1_71	LIPO	311
GCA_040643275.1|JBEYTW010000181.1_3	SP	420
GCA_040656635.1|JBFAMT010000010.1_99	SP	437
GCA_040656635.1|JBFAMT010000111.1_7	SP	398
GCA_040679555.1|JBFAUZ010000036.1_39	SP	471
GCA_040679555.1|JBFAUZ010000041.1_39	LIPO	346
GCA_040687235.1|JBFBMV010000002.1_596	SP	443
GCA_040689555.1|JBFBCZ010000023.1_119	SP	398
GCA_040689555.1|JBFBCZ010000041.1_2	SP	455
GCA_040751765.1|JBFMHS010000029.1_18	SP	341
GCA_040751925.1|JBFMFT010000174.1_5	SP	329
GCA_040752145.1|JBFMFL010000068.1_17	LIPO	350
GCA_040752195.1|JBFMFC010000001.1_40	TATLIPO	351
GCA_040752195.1|JBFMFC010000008.1_7	SP	454
GCA_040752215.1|JBFMEX010000068.1_62	LIPO	363
GCA_040752415.1|JBFMGU010000161.1_13	SP	320
GCA_040752415.1|JBFMGU010000171.1_2	LIPO	376
GCA_040752415.1|JBFMGU010000032.1_27	SP	648
GCA_040752415.1|JBFMGU010000032.1_28	SP	325
GCA_040752415.1|JBFMGU010000089.1_2	SP	452
GCA_040752555.1|JBFMGT010000033.1_31	SP	304
GCA_040752795.1|JBFMGH010000134.1_6	SP	351
GCA_040752795.1|JBFMGH010000137.1_1	SP	321
GCA_040752955.1|JBFMHG010000004.1_175	SP	635
GCA_040752975.1|JBFMHF010000040.1_18	LIPO	298
GCA_040752975.1|JBFMHF010000049.1_29	SP	635
GCA_040752975.1|JBFMHF010000149.1_14	LIPO	349
GCA_040753755.1|JBFMDB010000004.1_157	LIPO	304
GCA_040753755.1|JBFMDB010000034.1_18	LIPO	304
GCA_040754355.1|JBFMCM010000093.1_5	LIPO	312
GCA_040754355.1|JBFMCM010000107.1_2	LIPO	317
GCA_040754535.1|JBFMCC010000034.1_51	LIPO	303
GCA_040755035.1|JBFMBU010000030.1_94	SP	329
GCA_040755095.1|JBFMBH010000013.1_19	SP	345
GCA_040755255.1|JBFLZZ010000005.1_62	LIPO	330
GCA_040755515.1|JBFMAW010000014.1_133	SP	359
GCA_040755575.1|JBFMAS010000313.1_6	LIPO	297
GCA_040755795.1|JBFLXS010000178.1_6	SP	353
GCA_040755875.1|JBFLZJ010000024.1_33	SP	582
GCA_040755915.1|JBFLWM010000033.1_1	SP	341
GCA_040755995.1|JBFMAF010000033.1_46	LIPO	318
GCA_040756235.1|JBFLZG010000041.1_4	LIPO	342
GCA_040756375.1|JBFLZC010000023.1_70	SP	313
GCA_040756765.1|JBFLYG010000002.1_290	SP	310
GCA_040758275.1|JBFLVV010000036.1_11	SP	292
GCA_040758275.1|JBFLVV010000075.1_27	SP	489
GCA_040758375.1|JBFLWE010000047.1_30	SP	338
GCA_040758375.1|JBFLWE010000108.1_4	SP	399
GCA_040758525.1|JBFLVQ010000133.1_8	SP	616
GCA_040758575.1|JBFLVH010000019.1_24	SP	385
GCA_040766885.1|JAXGPP010000001.1_294	SP	267
GCA_040766885.1|JAXGPP010000003.1_75	SP	304
GCA_040766885.1|JAXGPP010000003.1_303	SP	301
GCA_040768125.1|JAXGNG010000002.1_399	SP	315
GCA_040768125.1|JAXGNG010000006.1_31	SP	313
GCA_040768985.1|JAXGLX010000002.1_128	LIPO	330
GCA_040772485.1|JAXGYC010000019.1_44	SP	467
GCA_040833965.1|CP162142.1_2524	LIPO	351
GCA_040833965.1|CP162142.1_3512	LIPO	340
GCA_040877745.1|JBBDNH010000242.1_2	SP	466
GCA_040877935.1|JBBDNB010000014.1_6	LIPO	323
GCA_040877955.1|JBBDMZ010000040.1_236	LIPO	333
GCA_040880205.1|JBBDIU010000067.1_21	LIPO	325
GCA_040880585.1|JBBDID010000032.1_7	SP	377
GCA_040880585.1|JBBDID010000044.1_37	SP	320
GCA_040881405.1|JBBEDG010000043.1_2	SP	379
GCA_040881785.1|JBBECO010000160.1_12	SP	307
GCA_040882265.1|JBBEBO010000019.1_5	SP	326
GCA_040883295.1|JBFLKR010000264.1_18	LIPO	309
GCA_040883315.1|JBFLKU010000011.1_218	LIPO	332
GCA_040901465.1|JBBDYN010000013.1_37	SP	330
GCA_040901795.1|JBBDYH010000094.1_30	SP	700
GCA_040901795.1|JBBDYH010000142.1_2	SP	736
GCA_040901985.1|JBBDYC010000014.1_30	SP	307
GCA_040902005.1|JBBDYA010000111.1_51	SP	298
GCA_040902065.1|JBBDXX010000015.1_160	SP	398
GCA_040902195.1|JBBDXS010000014.1_14	SP	385
GCA_040902195.1|JBBDXS010000015.1_32	SP	461
GCA_040902195.1|JBBDXS010000015.1_63	SP	465
GCA_040902205.1|JBBDXR010000006.1_78	LIPO	333
GCA_040902265.1|JBBDXQ010000016.1_6	LIPO	335
GCA_040902295.1|JBBDXO010000297.1_3	SP	304
GCA_040902505.1|JBBDXE010000012.1_166	LIPO	329
GCA_040902505.1|JBBDXE010000013.1_225	LIPO	343
GCA_040902505.1|JBBDXE010000028.1_148	SP	403
GCA_040902535.1|JBBDXD010000018.1_281	LIPO	344
GCA_040902655.1|JBBDWV010000055.1_2	SP	338
GCA_040904285.1|JBBDTT010000059.1_2	SP	337
GCA_040904965.1|JBBDSL010000089.1_16	SP	672
GCA_040905305.1|JBBDRU010000057.1_8	LIPO	297
GCA_040905465.1|JBBDRK010000034.1_2	SP	324
GCA_040989845.1|JAYMFZ010000004.1_989	SP	436
GCA_041083665.1|JBFPGZ010000014.1_8	SP	341
GCA_041159995.1|JBEAXD010000011.1_3	SP	352
GCA_041160955.1|JBEAVK010000275.1_3	SP	387
GCA_041161465.1|JBEAUK010000038.1_12	SP	639
GCA_041161565.1|JBEAUF010000363.1_11	SP	331
GCA_041161565.1|JBEAUF010000053.1_3	SP	343
GCA_041163605.1|JBEAQY010000024.1_10	LIPO	305
GCA_041163605.1|JBEAQY010000065.1_28	SP	364
GCA_041165345.1|JBEANQ010000019.1_14	SP	314
GCA_041166025.1|JBEAMJ010000047.1_179	LIPO	318
GCA_041166085.1|JBEEFP010000093.1_50	LIPO	317
GCA_041166245.1|JBEEFQ010000065.1_18	LIPO	309
GCA_041166365.1|JBEEFX010000033.1_21	LIPO	324
GCA_041166385.1|JBEEFW010000078.1_70	LIPO	321
GCA_041166405.1|JBEEFV010000013.1_60	SP	340
GCA_041166745.1|JBEEGH010000033.1_98	LIPO	325
GCA_041169085.1|JBEEJT010000042.1_15	SP	331
GCA_041170685.1|JBEDNI010000124.1_4	SP	396
GCA_041170785.1|JBEDND010000157.1_5	SP	374
GCA_041171905.1|JBEDKY010000433.1_3	LIPO	312
GCA_041178425.1|JBEGVH010000022.1_41	SP	283
GCA_041178425.1|JBEGVH010000026.1_64	SP	290
GCA_041178485.1|JBEGVI010000117.1_8	SP	373
GCA_041178745.1|JBEGUT010000086.1_6	SP	329
GCA_041179165.1|JBEGTX010000352.1_23	SP	445
GCA_041182785.1|JBEGNB010000297.1_1	SP	387
GCA_041190985.1|JBEEPT010000094.1_2	SP	354
GCA_041191025.1|JBEEPQ010000002.1_367	SP	364
GCA_041191065.1|JBEEPO010000007.1_37	SP	603
GCA_041192045.1|JBEENR010000009.1_46	SP	302
GCA_041192465.1|JBEEMX010000056.1_6	SP	341
GCA_041287425.1|JBEULG010000027.1_71	LIPO	315
GCA_041287865.1|JBGGMV010000126.1_22	SP	351
GCA_041288045.1|JBGGMM010000167.1_35	SP	299
GCA_041288045.1|JBGGMM010000190.1_4	SP	327
GCA_041298995.1|JBFYVZ010000044.1_2	LIPO	327
GCA_041300405.1|JBGLNK010000001.1_1203	LIPO	329
GCA_041301605.1|JBFYSM010000494.1_3	LIPO	315
GCA_041302385.1|JBFYRF010000079.1_14	LIPO	342
GCA_041302745.1|JBFYQP010000125.1_13	LIPO	336
GCA_041302875.1|JBFYQI010000242.1_5	LIPO	331
GCA_041302955.1|JBFYQB010000173.1_15	LIPO	406
GCA_041302955.1|JBFYQB010000427.1_9	SP	382
GCA_041303415.1|JBFYPG010000027.1_5	SP	330
GCA_041303695.1|JBFYOR010000100.1_1	SP	280
GCA_041306765.1|JBFZER010000406.1_8	SP	346
GCA_041307365.1|JBFZDM010000442.1_2	SP	477
GCA_041308885.1|JBFZAQ010000126.1_8	SP	330
GCA_041309305.1|JBFYZW010000396.1_7	LIPO	320
GCA_041309305.1|JBFYZW010000521.1_2	SP	640
GCA_041309365.1|JBFYZU010000211.1_3	SP	333
GCA_041310935.1|JBFYWS010000366.1_5	LIPO	331
GCA_041389565.1|JAWKRP010000003.1_264	LIPO	351
GCA_041389565.1|JAWKRP010000003.1_265	LIPO	277
GCA_041389565.1|JAWKRP010000023.1_32	LIPO	325
GCA_041389685.1|JAWKRJ010000009.1_178	LIPO	345
GCA_041389725.1|JAWKRG010000009.1_145	LIPO	358
GCA_041389765.1|JAWKRE010000023.1_65	LIPO	484
GCA_041389785.1|JAWKRH010000001.1_1483	LIPO	338
GCA_041389785.1|JAWKRH010000006.1_128	LIPO	427
GCA_041389785.1|JAWKRH010000012.1_138	LIPO	351
GCA_041389805.1|JAWKRD010000012.1_21	LIPO	453
GCA_041389845.1|JAWKQZ010000041.1_20	SP	446
GCA_041389865.1|JAWKRA010000046.1_24	LIPO	389
GCA_041389905.1|JAWKQY010000027.1_23	SP	458
GCA_041389905.1|JAWKQY010000057.1_19	LIPO	383
GCA_041389925.1|JAWKQX010000004.1_248	LIPO	598
GCA_041389945.1|JAWKQW010000015.1_94	LIPO	325
GCA_041389965.1|JAWKQV010000006.1_239	LIPO	345
GCA_041389965.1|JAWKQV010000019.1_118	LIPO	332
GCA_041389985.1|JAWKQS010000015.1_110	SP	304
GCA_041389985.1|JAWKQS010000026.1_7	SP	455
GCA_041390685.1|JAWKPL010000001.1_1757	LIPO	306
GCA_041391425.1|JAWKNZ010000005.1_217	SP	323
GCA_041391665.1|JAWKNO010000001.1_1792	LIPO	300
GCA_041391745.1|JAWKNK010000001.1_94	SP	385
GCA_041391765.1|JAWKNJ010000030.1_20	SP	291
GCA_041391785.1|JAWKNI010000002.1_174	SP	379
GCA_041392805.1|JAWKLJ010000002.1_823	SP	423
GCA_041392845.1|JAWKLG010000011.1_42	SP	399
GCA_041392845.1|JAWKLG010000054.1_10	SP	375
GCA_041393015.1|JAWKKV010000005.1_259	SP	385
GCA_041393775.1|JAWKJM010000003.1_721	SP	272
GCA_041394325.1|JAWKIJ010000001.1_2924	LIPO	322
GCA_041394705.1|JAWKHS010000011.1_95	SP	322
GCA_041394745.1|JAWKHP010000003.1_148	SP	384
GCA_041395225.1|JAWLAV010000011.1_31	LIPO	344
GCA_041395245.1|JAWLAY010000005.1_122	LIPO	342
GCA_041395325.1|JAWLAT010000032.1_19	SP	333
GCA_041395385.1|JAWLAN010000026.1_4	SP	302
GCA_041395525.1|JAWLAH010000007.1_26	LIPO	338
GCA_041395945.1|JAWKZN010000001.1_1678	LIPO	336
GCA_041396245.1|JAWKYW010000003.1_148	SP	341
GCA_041396705.1|JAWKYB010000025.1_3	SP	332
GCA_041397675.1|JAWKWG010000019.1_26	SP	352
GCA_041398305.1|JAWKUZ010000016.1_38	SP	597
GCA_041398325.1|JAWKUX010000003.1_242	SP	598
GCA_041398365.1|JAWKUV010000014.1_51	SP	311
GCA_041398965.1|JAWKTT010000012.1_63	SP	320
GCA_041402045.1|JAWKSZ010000011.1_80	SP	603
GCA_041424235.1|JBGMOD010000114.1_71	SP	475
GCA_041476145.1|JBGOSW010000120.1_11	LIPO	291
GCA_041476345.1|JBGOTH010000003.1_12	SP	282
GCA_041476745.1|JBGOTY010000082.1_6	SP	309
GCA_041477065.1|JBGOUQ010000012.1_95	SP	314
GCA_041477975.1|JBGOVF010000277.1_3	LIPO	327
GCA_041479075.1|JBGOXH010000284.1_4	SP	338
GCA_041480535.1|JBGPAF010000414.1_3	SP	327
GCA_041481225.1|JBGPBL010000083.1_10	LIPO	330
GCA_041481445.1|JBGPBV010000009.1_9	SP	287
GCA_041481875.1|JBGPCS010000318.1_5	SP	314
GCA_041482235.1|JBGPDK010000038.1_16	SP	305
GCA_041482275.1|JBGPDL010000005.1_10	LIPO	325
GCA_041482855.1|JBGPEQ010000056.1_9	SP	279
GCA_041483795.1|JBGPGJ010000007.1_15	SP	331
GCA_041484265.1|JBGPHH010000351.1_2	SP	302
GCA_041484425.1|JBGPHO010000251.1_2	SP	307
GCA_041484905.1|JBGPIL010000218.1_4	SP	352
GCA_041485045.1|JBGPIW010000048.1_5	SP	302
GCA_041485425.1|JBGPJK010000003.1_12	SP	310
GCA_041485885.1|JBGPKL010000087.1_9	SP	315
GCA_041486365.1|JBGPLH010000242.1_5	LIPO	333
GCA_041486385.1|JBGPLJ010000242.1_7	SP	322
GCA_041487395.1|JBGPNG010000039.1_7	SP	304
GCA_041487675.1|JBGPNU010000019.1_6	SP	338
GCA_041487975.1|JBGPOI010000065.1_8	SP	340
GCA_041488235.1|JBGPOW010000148.1_11	SP	300
GCA_041491005.1|JBGPUE010000076.1_14	SP	347
GCA_041492755.1|JBGPXN010000090.1_5	SP	315
GCA_041493815.1|JBGPZN010000053.1_11	SP	304
GCA_041494685.1|JBGQBE010000003.1_44	LIPO	320
GCA_041494685.1|JBGQBE010000025.1_8	TATLIPO	399
GCA_041494685.1|JBGQBE010000047.1_24	LIPO	336
GCA_041497135.1|JBGQFX010000094.1_5	SP	302
GCA_041497605.1|JBGQGW010000132.1_6	TAT	304
GCA_041497655.1|JBGQGU010000025.1_12	SP	338
GCA_041497835.1|JBGQHF010000012.1_6	SP	314
GCA_041498155.1|JBGQHV010000167.1_5	SP	307
GCA_041498515.1|JBGQIO010000028.1_22	LIPO	302
GCA_041498575.1|JBGQIT010000087.1_2	SP	307
GCA_041498575.1|JBGQIT010000089.1_2	LIPO	318
GCA_041499375.1|JBGQKD010000021.1_39	SP	314
GCA_041499635.1|JBGQKT010000042.1_18	LIPO	317
GCA_041499965.1|JBGQLG010000064.1_4	SP	303
GCA_041545745.1|CP168152.1_2083	SP	335
GCA_041546685.1|JBFEVX010000114.1_2	SP	313
GCA_041552015.1|JBFELT010000266.1_1	LIPO	331
GCA_041553075.1|JBFEJR010000017.1_36	LIPO	330
GCA_041553175.1|JBFEJM010000039.1_7	SP	324
GCA_041554435.1|JBFFLX010000031.1_14	SP	380
GCA_041555695.1|JBFFJV010000079.1_7	SP	319
GCA_041555695.1|JBFFJV010000403.1_2	LIPO	336
GCA_041555955.1|JBFFJL010000472.1_2	SP	363
GCA_041556555.1|JBFFIE010000038.1_16	SP	346
GCA_041558415.1|JBFFEY010000091.1_8	SP	351
GCA_041559075.1|JBFFEB010000020.1_42	LIPO	349
GCA_041560205.1|JBFFBV010000009.1_9	LIPO	355
GCA_041562415.1|JBFEXY010000192.1_2	LIPO	347
GCA_041564355.1|JBFGQE010000062.1_1	SP	311
GCA_041565515.1|JBFGUQ010000238.1_4	LIPO	452
GCA_041568095.1|JBFGAO010000052.1_2	SP	332
GCA_041569645.1|JBFFXR010000074.1_8	SP	308
GCA_041570235.1|JBFFWN010000081.1_2	SP	327
GCA_041571575.1|JBFFTZ010000071.1_1	SP	335
GCA_041574375.1|JBFFOS010000029.1_10	SP	325
GCA_041576575.1|JBFGKR010000056.1_3	SP	353
GCA_041580235.1|JBFGEG010000026.1_8	SP	342
GCA_041581895.1|JBFICQ010000293.1_3	LIPO	298
GCA_041582905.1|JBFHGY010000223.1_6	SP	370
GCA_041583015.1|JBFHGR010000057.1_11	SP	327
GCA_041583015.1|JBFHGR010000083.1_7	SP	380
GCA_041583135.1|JBFHGJ010000002.1_74	SP	482
GCA_041583135.1|JBFHGJ010000002.1_78	SP	318
GCA_041583335.1|JBFHGF010000451.1_3	SP	323
GCA_041583955.1|JBFHEW010000539.1_4	SP	380
GCA_041584215.1|JBFHEM010000037.1_23	SP	315
GCA_041584475.1|JBFHDX010000019.1_8	SP	412
GCA_041585035.1|JBFHCW010000288.1_2	LIPO	386
GCA_041586695.1|JBFGZP010000019.1_11	SP	506
GCA_041586815.1|JBFGZM010000528.1_1	SP	354
GCA_041589735.1|JBFHVA010000256.1_3	SP	400
GCA_041591635.1|JBFHRO010000050.1_3	SP	314
GCA_041591755.1|JBFHRI010000160.1_2	SP	333
GCA_041593595.1|JBFHNV010000075.1_8	SP	377
GCA_041596415.1|JBFHIN010000095.1_3	SP	379
GCA_041596895.1|JBFHHS010000046.1_10	SP	307
GCA_041600735.1|JBFIJN010000485.1_4	LIPO	359
GCA_041601995.1|JBFIHC010000071.1_6	LIPO	348
GCA_041602035.1|JBFIHA010000088.1_2	SP	307
GCA_041602315.1|JBFIGM010000124.1_7	SP	333
GCA_041603255.1|JBFIER010000006.1_36	SP	295
GCA_041603755.1|JBFIDU010000006.1_3	SP	333
GCA_041611275.1|JBFINI010000054.1_3	SP	326
GCA_041611945.1|JBFILZ010000204.1_1	SP	328
GCA_041612095.1|JBFJJW010000002.1_25	SP	309
GCA_041612095.1|JBFJJW010000072.1_8	SP	314
GCA_041616855.1|JBFJQB010000232.1_4	SP	310
GCA_041617155.1|JBFJPL010000111.1_2	SP	359
GCA_041617155.1|JBFJPL010000162.1_6	SP	366
GCA_041617635.1|JBFJOO010000115.1_9	SP	321
GCA_041617795.1|JBFJOD010000098.1_5	LIPO	302
GCA_041618685.1|JBFKFH010000281.1_4	LIPO	333
GCA_041619315.1|JBFKEC010000314.1_2	SP	303
GCA_041619575.1|JBFKDP010000005.1_16	LIPO	407
GCA_041621875.1|JBFJZW010000044.1_9	SP	287
GCA_041622095.1|JBFJZP010000078.1_3	SP	433
GCA_041623325.1|JBFJXC010000119.1_1	SP	355
GCA_041624875.1|JBFJUC010000006.1_15	SP	645
GCA_041625325.1|JBFJTN010000003.1_3	SP	848
GCA_041625325.1|JBFJTN010000165.1_3	SP	342
GCA_041625325.1|JBFJTN010000203.1_1	SP	316
GCA_041625575.1|JBFJTG010000003.1_15	SP	391
GCA_041629335.1|JBFKNN010000199.1_1	SP	353
GCA_041633075.1|JBFKGZ010000052.1_15	SP	332
GCA_041635075.1|JBFJKG010000006.1_11	SP	314
GCA_041648505.1|JBAZOY010000005.1_21	SP	307
GCA_041649275.1|JBAZNL010000022.1_3	LIPO	321
GCA_041649735.1|JBAZMN010000373.1_2	SP	355
GCA_041649995.1|JBAZMA010000006.1_86	SP	311
GCA_041650455.1|JBAZLE010000020.1_9	LIPO	326
GCA_041650695.1|JBAZKS010000002.1_119	SP	314
GCA_041650695.1|JBAZKS010000060.1_14	SP	297
GCA_041650835.1|JBAZKL010000004.1_136	SP	323
GCA_041653875.1|JBAZEM010000042.1_8	SP	334
GCA_041655765.1|JBBAEU010000001.1_174	SP	403
GCA_041658145.1|JBBAAT010000005.1_17	SP	412
GCA_041658185.1|JBBAAR010000008.1_40	SP	315
GCA_041658225.1|JBBAAN010000187.1_3	SP	419
GCA_041659025.1|JBAZZA010000001.1_518	SP	300
GCA_041659605.1|JBAZXW010000002.1_27	LIPO	352
GCA_041659605.1|JBAZXW010000033.1_42	LIPO	302
GCA_041660405.1|JBAZWL010000001.1_54	SP	392
GCA_041662125.1|JBAZTA010000001.1_431	SP	323
GCA_041662705.1|JBAZRY010000001.1_1192	SP	332
GCA_041662805.1|JBAZRU010000154.1_7	LIPO	330
GCA_041663105.1|JBAZRB010000007.1_54	LIPO	347
GCA_041663385.1|JBAYMZ010000089.1_3	SP	333
GCA_041667115.1|JBAYFO010000053.1_9	SP	403
GCA_041667245.1|JBAYFJ010000082.1_8	SP	292
GCA_041670605.1|JBAXYW010000041.1_8	SP	826
GCA_041671505.1|JBAZBK010000020.1_58	SP	319
GCA_041672395.1|JBAYZS010000082.1_5	SP	293
GCA_041674725.1|JBAYVC010000009.1_94	SP	347
GCA_041674785.1|JBAYVG010000125.1_3	SP	344
GCA_041675385.1|JBAYTY010000023.1_4	LIPO	362
GCA_041675385.1|JBAYTY010000033.1_94	SP	386
GCA_041675415.1|JBAYTX010000031.1_27	SP	377
GCA_041675645.1|JBAYTN010000026.1_10	SP	294
GCA_041685645.1|JAWLFI010000012.1_3	SP	379
GCA_041686195.1|JAWLEI010000039.1_2	SP	343
GCA_041687695.1|JAWLBL010000050.1_13	LIPO	346
GCA_041687875.1|JBDNJH010000101.1_12	SP	382
GCA_041687875.1|JBDNJH010000199.1_7	SP	321
GCA_041688765.1|JBDNHP010000024.1_3	SP	374
GCA_041690355.1|JAWLHK010000015.1_68	LIPO	310
GCA_041690495.1|JAWLHE010000004.1_84	SP	339
GCA_041690835.1|JBEPVY010000133.1_4	SP	297
GCA_041691275.1|JBEPUZ010000037.1_15	LIPO	340
GCA_041691275.1|JBEPUZ010000139.1_10	LIPO	369
GCA_041736155.1|JBGSUL010000121.1_34	SP	341
GCA_041736365.1|JBGSTR010000109.1_7	SP	333
GCA_041736515.1|JBGSTP010000038.1_10	LIPO	263
GCA_041736515.1|JBGSTP010000103.1_5	SP	325
GCA_041736625.1|JBGSTG010000114.1_32	SP	378
GCA_041736895.1|JBGSSS010000184.1_43	SP	313
GCA_041737735.1|JBGSRB010000658.1_7	SP	306
GCA_041738395.1|JBGSPW010000024.1_15	LIPO	553
GCA_041738415.1|JBGSPU010000001.1_5	SP	449
GCA_041738475.1|JBGSPT010000337.1_5	SP	340
GCA_041738675.1|JBGSPH010000001.1_3	SP	299
GCA_041738985.1|JBGSOR010000546.1_7	SP	327
GCA_041739205.1|JBGSOH010000038.1_2	SP	379
GCA_041739545.1|JBGSNR010000057.1_38	SP	301
GCA_041739785.1|JBGSNE010000128.1_49	SP	339
GCA_041739875.1|JBGSNA010000365.1_7	SP	608
GCA_041740615.1|JBGSLR010000018.1_78	SP	332
GCA_041740875.1|JBGSLE010000331.1_1	SP	540
GCA_041741135.1|JBGSKR010000102.1_3	SP	342
GCA_041741155.1|JBGSKO010000144.1_29	SP	381
GCA_041741315.1|JBGSKI010000338.1_4	SP	312
GCA_041741355.1|JBGSKE010000099.1_5	SP	302
GCA_041741395.1|JBGSKB010000308.1_2	SP	421
GCA_041741955.1|JBGSJL010000035.1_19	LIPO	344
GCA_041742675.1|JBGTOG010000330.1_8	LIPO	335
GCA_041743025.1|JBGTNM010000360.1_9	SP	364
GCA_041743405.1|JBGTMU010000259.1_10	SP	318
GCA_041744015.1|JBGTLS010000409.1_17	SP	385
GCA_041744175.1|JBGTLJ010000247.1_4	SP	385
GCA_041744295.1|JBGTLE010000350.1_3	SP	338
GCA_041744735.1|JBGTKH010000200.1_9	SP	242
GCA_041745595.1|JBGTIR010000114.1_15	SP	333
GCA_041745755.1|JBGTIG010000105.1_5	LIPO	332
GCA_041745875.1|JBGTIB010000079.1_5	SP	378
GCA_041745875.1|JBGTIB010000104.1_5	SP	414
GCA_041745895.1|JBGTIC010000146.1_3	LIPO	336
GCA_041746335.1|JBGTHE010000212.1_9	SP	325
GCA_041746375.1|JBGTHC010000019.1_46	LIPO	332
GCA_041746735.1|JBGTGP010000028.1_1	SP	376
GCA_041747275.1|JBGTFN010000243.1_15	SP	335
GCA_041747675.1|JBGTES010000046.1_24	SP	376
GCA_041748615.1|JBGTCY010000298.1_2	SP	381
GCA_041748915.1|JBGTCG010000236.1_4	SP	357
GCA_041748995.1|JBGTCB010000803.1_1	SP	381
GCA_041749015.1|JBGTCD010000088.1_2	LIPO	330
GCA_041749375.1|JBGTBN010000050.1_7	SP	314
GCA_041749375.1|JBGTBN010000085.1_23	LIPO	315
GCA_041749915.1|JBGTAJ010000310.1_14	SP	359
GCA_041750195.1|JBGSZX010000030.1_86	SP	348
GCA_041750275.1|JBGSZR010000246.1_52	SP	302
GCA_041750735.1|JBGSYX010000075.1_6	LIPO	297
GCA_041750795.1|JBGSYQ010000216.1_6	SP	316
GCA_041751455.1|JBGSXK010000086.1_4	SP	316
GCA_041751455.1|JBGSXK010000319.1_7	SP	577
GCA_041751875.1|JBGSIC010000032.1_44	SP	323
GCA_041751895.1|JBGSID010000103.1_14	SP	604
GCA_041751955.1|JBGSIB010000066.1_8	SP	369
GCA_041752695.1|JBGSVZ010000027.1_19	SP	250
GCA_041753015.1|JBGSVJ010000003.1_11	SP	318
GCA_041753015.1|JBGSVJ010000016.1_173	SP	328
GCA_041753395.1|JBGSUQ010000005.1_128	LIPO	311
GCA_041753395.1|JBGSUQ010000026.1_78	SP	316
GCA_041753455.1|JBGSUK010000017.1_173	SP	598
GCA_041753475.1|JBGSUN010000255.1_9	SP	327
GCA_041753535.1|JBGSUB010000082.1_29	SP	378
GCA_041859365.1|JBHEKR010000512.1_2	TATLIPO	325
GCA_041859475.1|JBHEKO010000039.1_2	LIPO	312
GCA_041862635.1|JBGVTO010000239.1_5	SP	558
GCA_041875495.1|CP112982.1_3134	SP	363
GCA_041905405.1|JAYRLC010000001.1_143	SP	507
GCA_041905785.1|JAYRKJ010000005.1_141	SP	364
GCA_041906185.1|JAYRJQ010000003.1_203	SP	358
GCA_041908795.1|JAYRER010000048.1_83	LIPO	330
GCA_041911975.1|JAYRNY010000125.1_1	SP	377
GCA_041911975.1|JAYRNY010000224.1_1	SP	338
GCA_041912595.1|JAYRMR010000009.1_6	SP	358
GCA_041913045.1|JAYSGB010000002.1_2	SP	334
GCA_041913405.1|JAYSFH010000343.1_5	SP	308
GCA_041913905.1|JAYSEK010000030.1_8	SP	362
GCA_041914265.1|JAYSDS010000012.1_32	SP	290
GCA_041914645.1|JAYSCY010000007.1_223	SP	348
GCA_041914785.1|JAYSCT010000033.1_9	SP	328
GCA_041914845.1|JAYSCP010000001.1_205	SP	329
GCA_041914905.1|JAYSCL010000018.1_28	SP	324
GCA_041915065.1|JAYSCC010000310.1_2	SP	318
GCA_041915545.1|JAYSBF010000002.1_44	SP	339
GCA_041916315.1|JAYRZU010000018.1_38	SP	311
GCA_041916315.1|JAYRZU010000041.1_61	SP	345
GCA_041916315.1|JAYRZU010000091.1_27	SP	319
GCA_041916575.1|JAYRZI010000033.1_20	SP	590
GCA_041917235.1|JAYRXZ010000001.1_112	SP	335
GCA_041919175.1|JAYRUI010000252.1_2	SP	330
GCA_041919595.1|JAYRTK010000245.1_1	SP	604
GCA_041919915.1|JAYRSY010000002.1_281	SP	605
GCA_041920215.1|JAYRSJ010000005.1_67	SP	350
GCA_041937185.1|CP166621.1_2414	LIPO	316
GCA_041939405.1|JBGTUD010000001.1_95	LIPO	308
GCA_041940205.1|JBGTSP010000188.1_2	SP	338
GCA_041940305.1|JBGTSJ010000001.1_523	SP	326
GCA_041940405.1|JBGTSH010000069.1_5	LIPO	347
GCA_041941305.1|JBGTQJ010000009.1_71	SP	377
GCA_041941305.1|JBGTQJ010000046.1_2	SP	381
GCA_041946825.1|JBHGBD010000003.1_91	SP	311
GCA_041946865.1|JBHGBF010000020.1_1	LIPO	322
GCA_041946965.1|JBHGBM010000036.1_2	SP	273
GCA_041984585.1|JBHIXX010000002.1_31	LIPO	295
GCA_041987885.1|JBHIVS010000028.1_5	SP	300
GCA_042089975.1|JBELJW010000107.1_1	SP	411
GCA_042090255.1|JBELJS010000008.1_21	SP	644
GCA_042091155.1|JBELHZ010000047.1_19	SP	327
GCA_042091275.1|JBELHR010000018.1_8	LIPO	296
GCA_042091415.1|JBELHK010000033.1_16	LIPO	299
GCA_042091715.1|JBELGW010000010.1_29	LIPO	296
GCA_042091715.1|JBELGW010000056.1_1	LIPO	291
GCA_042094215.1|JBELDQ010000051.1_8	LIPO	296
GCA_042095055.1|JBELBZ010000008.1_9	SP	360
GCA_042095135.1|JBELBV010000079.1_2	SP	389
GCA_042095135.1|JBELBV010000085.1_3	SP	489
GCA_042095375.1|JBELBJ010000040.1_3	LIPO	324
GCA_042095635.1|JBELBA010000038.1_5	SP	348
GCA_042095835.1|JBELML010000225.1_4	LIPO	321
GCA_042219765.1|JBDGPI010000016.1_13	SP	336
GCA_042408245.1|JAYFMV010000034.1_142	SP	321
GCA_042408355.1|JBHORD010000009.1_10	LIPO	307
GCA_042408965.1|JBHOQN010000048.1_6	SP	483
GCA_042408965.1|JBHOQN010000048.1_7	SP	335
GCA_042408965.1|JBHOQN010000005.1_64	LIPO	336
GCA_042577295.1|JBHPEE010000108.1_2	LIPO	314
GCA_042584825.1|JBHOSK010000005.1_17	LIPO	375
GCA_042675245.1|JBHTGL010000008.1_6368	SP	490
GCA_042680865.1|JBHUET010000002.1_4474	SP	492
GCA_042701975.1|CP170561.1_1802	SP	329
GCA_042732085.1|JBHWIE010000032.1_35	SP	430
GCA_042732085.1|JBHWIE010000156.1_14	SP	507
GCA_042732085.1|JBHWIE010000355.1_3	SP	390
GCA_042742985.1|JBHYMQ010000004.1_186	SP	332
GCA_042899005.1|JBIAZI010000002.1_27	SP	444
GCA_043717125.1|JAYSXP010000646.1_50	SP	399
GCA_043718125.1|JAYSWI010000601.1_4	SP	326
GCA_043718785.1|JAYSVA010000046.1_6	SP	314
GCA_043718855.1|JAYSUY010000296.1_5	SP	355
GCA_043718985.1|JAYSUQ010000231.1_8	SP	382
GCA_043719555.1|JAYSTR010000049.1_19	SP	314
GCA_043719555.1|JAYSTR010000085.1_28	SP	386
GCA_043720315.1|JAYSSX010000146.1_3	SP	329
GCA_043720335.1|JAYSSW010000462.1_2	SP	303
GCA_043721975.1|JAYSPR010000317.1_3	SP	551
GCA_043721975.1|JAYSPR010000318.1_2	LIPO	325
GCA_043721975.1|JAYSPR010000374.1_3	SP	324
GCA_043727235.1|JAYSYX010000056.1_8	SP	386
GCA_043727255.1|JAYSYW010000084.1_3	SP	398
GCA_043732195.1|JAYTHX010000203.1_68	SP	407
GCA_043732195.1|JAYTHX010000347.1_5	LIPO	339
GCA_043732425.1|JAYTHR010000054.1_2	SP	267
GCA_043734125.1|JAYTFR010000035.1_16	SP	332
GCA_043736095.1|JAYTDH010000117.1_10	SP	311
GCA_043736095.1|JAYTDH010000311.1_4	SP	298
GCA_043736975.1|JAYTBL010000002.1_8	LIPO	429
GCA_043736975.1|JAYTBL010000077.1_19	LIPO	392
GCA_043736975.1|JAYTBL010000518.1_7	SP	391
GCA_043737175.1|JAYTBF010000142.1_3	SP	347
GCA_043738095.1|JAYSZI010000019.1_79	SP	603
GCA_043738115.1|JAYSZJ010000070.1_20	SP	357
GCA_043738235.1|JAYSZC010000833.1_1	SP	386
GCA_043738845.1|JAYUFG010000001.1_2	SP	302
GCA_043739405.1|JAYUEE010000088.1_67	SP	301
GCA_043739525.1|JAYUEB010000729.1_3	SP	327
GCA_043740355.1|JAYUCM010000370.1_2	SP	301
GCA_043741435.1|JAYUBF010000235.1_14	SP	413
GCA_043741455.1|JAYUBH010000036.1_22	LIPO	361
GCA_043741455.1|JAYUBH010000559.1_4	LIPO	295
GCA_043741455.1|JAYUBH010000565.1_1	SP	820
GCA_043741475.1|JAYUAG010000057.1_14	SP	346
GCA_043741475.1|JAYUAG010000324.1_1	LIPO	349
GCA_043742085.1|JAYTZB010000141.1_1	LIPO	345
GCA_043742085.1|JAYTZB010001260.1_4	LIPO	353
GCA_043742085.1|JAYTZB010001436.1_2	LIPO	360
GCA_043742085.1|JAYTZB010001450.1_3	LIPO	827
GCA_043742085.1|JAYTZB010001474.1_3	SP	400
GCA_043742725.1|JAYTXX010000110.1_21	SP	370
GCA_043742955.1|JAYTXL010000029.1_3	SP	314
GCA_043743295.1|JAYTWT010000203.1_5	SP	316
GCA_043743755.1|JAYTVY010000272.1_9	SP	264
GCA_043744135.1|JAYTVG010000267.1_3	SP	396
GCA_043744185.1|JAYTVE010000441.1_5	SP	298
GCA_043745425.1|JAYTSW010000029.1_5	SP	413
GCA_043745425.1|JAYTSW010000051.1_5	SP	378
GCA_043745515.1|JAYTTH010000057.1_1	SP	333
GCA_043745805.1|JAYTSD010000025.1_3	SP	289
GCA_043746065.1|JAYTRS010000181.1_3	SP	386
GCA_043746165.1|JAYTRM010000154.1_2	SP	369
GCA_043747435.1|JAYTPD010000017.1_28	SP	337
GCA_043747615.1|JAYTOU010000029.1_44	LIPO	361
GCA_043747665.1|JAYTOQ010000722.1_10	LIPO	352
GCA_043749225.1|JAYVEP010000068.1_15	LIPO	336
GCA_043749245.1|JAYVDU010000383.1_29	SP	487
GCA_043749245.1|JAYVDU010000578.1_6	SP	382
GCA_043749505.1|JAYVDI010000060.1_8	SP	292
GCA_043749575.1|JAYVDE010000051.1_2	SP	339
GCA_043750125.1|JAYVCD010000396.1_12	LIPO	336
GCA_043750675.1|JAYVAZ010000368.1_6	SP	329
GCA_043750875.1|JAYVAQ010000479.1_3	LIPO	361
GCA_043751835.1|JAYUZK010000167.1_11	SP	316
GCA_043752225.1|JAYUYY010000807.1_3	LIPO	419
GCA_043752985.1|JAYUYE010000458.1_6	LIPO	315
GCA_043753085.1|JAYUXI010000305.1_4	LIPO	334
GCA_043753365.1|JAYUWU010000157.1_14	SP	286
GCA_043753995.1|JAYUVP010000234.1_2	SP	325
GCA_043754135.1|JAYUVI010000086.1_2	SP	344
GCA_043754275.1|JAYUVE010000004.1_18	LIPO	289
GCA_043754535.1|JAYUUN010000057.1_23	LIPO	315
GCA_043754745.1|JAYUUH010000611.1_2	SP	602
GCA_043755305.1|JAYUTD010000112.1_4	LIPO	780
GCA_043755735.1|JAYUSJ010000006.1_4	SP	311
GCA_043756275.1|JAYURJ010000262.1_7	SP	340
GCA_043756345.1|JAYURE010000609.1_12	SP	313
GCA_043757085.1|JAYVQB010000226.1_5	SP	312
GCA_043757515.1|JAYVPD010000008.1_10	SP	333
GCA_043757515.1|JAYVPD010000063.1_18	SP	334
GCA_043757515.1|JAYVPD010000069.1_36	SP	335
GCA_043758025.1|JAYVOH010000250.1_7	SP	311
GCA_043758185.1|JAYVNZ010000430.1_2	LIPO	302
GCA_043759315.1|JAYVLW010000220.1_2	SP	470
GCA_043759455.1|JAYVLO010000089.1_18	LIPO	344
GCA_043762325.1|JAYUMU010000091.1_32	SP	365
GCA_043763525.1|JAYULN010000119.1_9	SP	397
GCA_043764095.1|JAYUKX010000013.1_22	SP	387
GCA_043764595.1|JAYUKI010000614.1_6	LIPO	362
GCA_043764595.1|JAYUKI010000903.1_8	LIPO	321
GCA_043765595.1|JAYUIZ010000822.1_3	SP	629
GCA_043767065.1|JAYUHJ010000266.1_5	LIPO	344
GCA_043767605.1|JAYUGN010000141.1_11	LIPO	343
GCA_043767805.1|JAYUGC010000038.1_19	SP	300
GCA_043768865.1|JAYVJZ010000002.1_13	SP	313
GCA_043769055.1|JAYVJQ010000103.1_11	SP	502
GCA_043769795.1|JAYVIY010000428.1_12	SP	350
GCA_043769965.1|JAYVIT010000100.1_3	LIPO	380
GCA_043769975.1|JAYVIS010000017.1_6	SP	380
GCA_043771075.1|JAYVHR010000247.1_5	SP	315
GCA_043772435.1|JAYVGH010000003.1_35	SP	383
GCA_043773025.1|JAYVFP010000367.1_2	LIPO	393
GCA_043773745.1|JAYVEV010000097.1_7	SP	344
GCA_043775055.1|JAYVSU010000155.1_8	SP	480
GCA_043776025.1|JAYVRT010001032.1_2	LIPO	292
GCA_043776275.1|JAYVRN010000629.1_9	SP	382
GCA_043777635.1|JAYWHS010000190.1_2	LIPO	366
GCA_043777635.1|JAYWHS010000530.1_7	LIPO	322
GCA_043778315.1|JAYWGJ010000240.1_8	SP	330
GCA_043778625.1|JAYWFU010000030.1_20	SP	371
GCA_043778625.1|JAYWFU010000052.1_15	SP	338
GCA_043778625.1|JAYWFU010000108.1_52	SP	491
GCA_043779795.1|JAYWDO010000142.1_4	SP	320
GCA_043780025.1|JAYWEH010000483.1_9	LIPO	360
GCA_043781115.1|JAYWBY010000697.1_7	SP	339
GCA_043781715.1|JAYWBE010000461.1_11	SP	307
GCA_043782525.1|JAYWAJ010000161.1_3	SP	303
GCA_043782525.1|JAYWAJ010000292.1_11	SP	296
GCA_043783695.1|JAYVZC010000144.1_1	SP	283
GCA_043785085.1|JAYVXN010000537.1_3	SP	363
GCA_043785185.1|JAYVXL010000552.1_2	LIPO	460
GCA_043785585.1|JAYVXB010000063.1_5	LIPO	339
GCA_043785585.1|JAYVXB010000663.1_10	LIPO	316
GCA_043785585.1|JAYVXB010000796.1_9	LIPO	363
GCA_043787615.1|JAYVUV010000555.1_2	SP	357
GCA_043787615.1|JAYVUV010000563.1_5	SP	371
GCA_043788115.1|JAYVUH010000375.1_2	SP	342
GCA_043788195.1|JAYVUE010000012.1_4	SP	328
GCA_043788255.1|JAYVUA010000072.1_22	LIPO	309
GCA_043788685.1|JAYVTP010000084.1_2	LIPO	344
GCA_043789255.1|JAYWIA010000346.1_14	SP	402
GCA_043793345.1|JAYVXF010000099.1_7	SP	327
GCA_043797445.1|JAZDPP010000145.1_30	LIPO	322
GCA_043800975.1|JAZDMK010000220.1_8	SP	314
GCA_043801485.1|JAZDLY010000041.1_2	SP	321
GCA_043801885.1|JAZDLP010000243.1_5	SP	314
GCA_043802525.1|JAZDKY010000145.1_4	SP	341
GCA_043803805.1|JAZDJP010000072.1_12	SP	323
GCA_043805435.1|JAZDHY010000095.1_12	SP	313
GCA_043806015.1|JAZDHH010000007.1_22	LIPO	336
GCA_043806115.1|JAZDHI010000024.1_2	SP	378
GCA_043807425.1|JAZDFZ010000011.1_37	LIPO	337
GCA_043807425.1|JAZDFZ010000076.1_71	LIPO	319
GCA_043807765.1|JAZDFQ010000023.1_4	SP	296
GCA_043810615.1|JBDROA010000088.1_4	LIPO	333
GCA_043811005.1|JBDRNO010000129.1_23	LIPO	379
GCA_043811435.1|JBDRNF010000068.1_6	SP	472
GCA_043813155.1|JBDRLK010000348.1_4	LIPO	366
GCA_043813155.1|JBDRLK010000348.1_5	LIPO	361
GCA_043814015.1|JBDRKM010000454.1_15	LIPO	294
GCA_043821645.1|JBDRCO010000001.1_8	LIPO	313
GCA_043821645.1|JBDRCO010000068.1_159	SP	445
GCA_043825095.1|JBDRSE010000274.1_10	LIPO	356
GCA_043825855.1|JBDRRJ010000020.1_5	SP	323
GCA_043825855.1|JBDRRJ010000030.1_87	LIPO	330
GCA_043825855.1|JBDRRJ010000030.1_111	SP	349
GCA_043826845.1|JBDRPR010000371.1_3	SP	382
GCA_044220505.1|JBGAQV010000001.1_45	LIPO	386
GCA_044220725.1|JBGAQN010000004.1_36	LIPO	391
GCA_044220735.1|JBGAQM010000552.1_2	SP	301
GCA_044221225.1|JBGAPQ010000020.1_14	LIPO	323
GCA_044221555.1|JBGAOY010000001.1_63	SP	325
GCA_044221555.1|JBGAOY010000004.1_259	LIPO	392
GCA_044221555.1|JBGAOY010000006.1_12	SP	334
GCA_044222475.1|JBGANF010000173.1_11	LIPO	300
GCA_044222475.1|JBGANF010000099.1_26	LIPO	308
GCA_044222685.1|JBGAMU010000143.1_10	SP	413
GCA_044223235.1|JBGAME010000011.1_89	SP	292
GCA_044223505.1|JBGALX010000021.1_121	SP	273
GCA_044223505.1|JBGALX010000029.1_49	LIPO	420
GCA_044224185.1|JBGAKW010000001.1_210	SP	331
GCA_044224355.1|JBGAKP010000010.1_66	LIPO	324
GCA_044224605.1|JBGAKC010000022.1_63	SP	311
GCA_044224715.1|JBGAJV010000073.1_16	LIPO	310
GCA_044224815.1|JBGAJR010000010.1_42	LIPO	445
GCA_044224815.1|JBGAJR010000090.1_10	LIPO	384
GCA_044224875.1|JBGAJQ010000008.1_19	SP	303
GCA_044225205.1|JBGAIY010000371.1_2	LIPO	461
GCA_044225205.1|JBGAIY010000030.1_8	LIPO	477
GCA_044225205.1|JBGAIY010000085.1_4	LIPO	795
GCA_044225415.1|JBGAIO010000001.1_51	SP	369
GCA_044225825.1|JBGAIB010000001.1_166	SP	380
GCA_044225865.1|JBGAID010000060.1_23	LIPO	368
GCA_044225915.1|JBGAHZ010000005.1_63	SP	363
GCA_044225915.1|JBGAHZ010000083.1_8	LIPO	380
GCA_044225935.1|JBGAHX010000025.1_6	SP	320
GCA_044226285.1|JBGAHI010000001.1_9	SP	374
GCA_044226285.1|JBGAHI010000010.1_81	SP	399
GCA_044226395.1|JBGAHD010000001.1_9	LIPO	336
GCA_044226645.1|JBGAGR010000050.1_16	SP	330
GCA_044226855.1|JBGAGF010000010.1_170	SP	356
GCA_044226875.1|JBGAGD010000001.1_581	SP	318
GCA_044227005.1|JBGAFZ010000001.1_866	SP	330
GCA_044227045.1|JBGAFW010000040.1_4	LIPO	491
GCA_044227045.1|JBGAFW010000100.1_20	LIPO	321
GCA_044227045.1|JBGAFW010000007.1_44	LIPO	310
GCA_044227145.1|JBGAFR010000060.1_9	SP	616
GCA_044227325.1|JBGAFI010000018.1_54	SP	334
GCA_044227375.1|JBGAWX010000010.1_21	SP	380
GCA_044227555.1|JBGAWQ010000043.1_13	SP	379
GCA_044228065.1|JBGAVP010000004.1_113	SP	372
GCA_044228065.1|JBGAVP010000012.1_49	SP	399
GCA_044228145.1|JBGAVL010000241.1_3	SP	414
GCA_044228145.1|JBGAVL010000050.1_7	SP	369
GCA_044228435.1|JBGAUW010000035.1_17	SP	381
GCA_044228435.1|JBGAUW010000012.1_72	SP	382
GCA_044228435.1|JBGAUW010000002.1_247	SP	407
GCA_044228505.1|JBGAUT010000016.1_65	LIPO	562
GCA_044228625.1|JBGAUM010000040.1_6	SP	334
GCA_044229035.1|JBGATT010000202.1_6	SP	317
GCA_044229235.1|JBGATH010000031.1_16	SP	334
GCA_044229295.1|JBGATJ010000002.1_122	SP	322
GCA_044229295.1|JBGATJ010000008.1_44	LIPO	355
GCA_044229315.1|JBGATG010000004.1_38	SP	381
GCA_044229415.1|JBGATB010000037.1_13	LIPO	392
GCA_044229655.1|JBGASM010000002.1_166	SP	339
GCA_044229835.1|JBGASF010000242.1_2	SP	515
GCA_044229845.1|JBGASG010000002.1_29	SP	342
GCA_044229845.1|JBGASG010000012.1_7	LIPO	343
GCA_044229885.1|JBGASD010000002.1_545	LIPO	319
GCA_044229975.1|JBGARZ010000011.1_37	SP	310
GCA_044230055.1|JBGART010000100.1_5	SP	451
GCA_044230055.1|JBGART010000100.1_10	LIPO	693
GCA_044230055.1|JBGART010000015.1_53	LIPO	402
GCA_044230055.1|JBGART010000024.1_79	SP	423
GCA_044230055.1|JBGART010000033.1_6	SP	301
GCA_044230055.1|JBGART010000035.1_55	LIPO	621
GCA_044230415.1|JBGARE010000024.1_8	LIPO	317
GCA_044230415.1|JBGARE010000038.1_74	LIPO	387
GCA_044230415.1|JBGARE010000039.1_51	LIPO	336
GCA_044230415.1|JBGARE010000049.1_55	SP	467
GCA_044230415.1|JBGARE010000049.1_56	SP	355
GCA_044233275.1|JBIIKG010000214.1_4	SP	380
GCA_044233655.1|JBIIJQ010000098.1_2	SP	392
GCA_044233745.1|JBIIJN010000027.1_20	SP	383
GCA_044234005.1|JBIIJE010000044.1_3	SP	371
GCA_044234825.1|JBIIIL010000194.1_1	SP	296
GCA_044235005.1|JBIIIF010000098.1_13	SP	609
GCA_044235425.1|JBIIHW010000015.1_14	SP	772
GCA_044236455.1|JBIIGJ010000045.1_19	SP	310
GCA_044237745.1|JBIIER010000008.1_108	SP	287
GCA_044238405.1|JBIIDK010000029.1_23	SP	365
GCA_044238735.1|JBIICS010000024.1_15	SP	374
GCA_044238845.1|JBIICN010000028.1_24	SP	408
GCA_044238845.1|JBIICN010000008.1_14	SP	379
GCA_044239025.1|JBIICE010000018.1_5	SP	322
GCA_044239765.1|JBIIAR010000247.1_3	LIPO	293
GCA_044239765.1|JBIIAR010000337.1_3	LIPO	303
GCA_044239865.1|JBIIAO010000003.1_331	SP	377
GCA_044336965.1|JBIIOL010000420.1_3	SP	312
GCA_044337015.1|JBIIOJ010000120.1_7	SP	303
GCA_044337125.1|JBIIOB010000155.1_5	SP	403
GCA_044337125.1|JBIIOB010000438.1_2	SP	370
GCA_044337705.1|JBIINB010000024.1_12	LIPO	355
GCA_044337705.1|JBIINB010000024.1_13	SP	606
GCA_044337705.1|JBIINB010000058.1_13	SP	332
GCA_044337845.1|JBIIMU010000142.1_4	SP	597
GCA_044339205.1|JBIIVW010000008.1_7	SP	490
GCA_044339525.1|JBIIVH010000032.1_33	SP	331
GCA_044340325.1|JBIITV010000065.1_18	SP	608
GCA_044341875.1|JBIIQT010000022.1_2	LIPO	316
GCA_044342075.1|JBIIQM010000097.1_10	SP	303
GCA_044342925.1|JBIIOV010000009.1_15	SP	297
GCA_044344385.1|JBIJCY010000195.1_2	SP	360
GCA_044344575.1|JBIJCS010000065.1_3	SP	605
GCA_044344575.1|JBIJCS010000099.1_9	SP	331
GCA_044344815.1|JBIJCH010000106.1_7	SP	359
GCA_044344875.1|JBIJCC010000015.1_83	SP	434
GCA_044344895.1|JBIJCD010000021.1_9	SP	598
GCA_044344935.1|JBIJCA010000210.1_2	LIPO	342
GCA_044344935.1|JBIJCA010000308.1_1	SP	528
GCA_044345315.1|JBIJBH010000367.1_2	SP	613
GCA_044345955.1|JBIJAD010000111.1_6	SP	619
GCA_044346675.1|JBIIYT010000266.1_3	SP	366
GCA_044346705.1|JBIIYP010000057.1_3	SP	359
GCA_044346745.1|JBIIYQ010000058.1_2	SP	341
GCA_044347005.1|JBIIYD010000274.1_1	SP	385
GCA_044347565.1|JBIKUN010000051.1_11	SP	312
GCA_044347755.1|JBIKUE010000077.1_10	SP	387
GCA_044347925.1|JBIKTT010000357.1_4	SP	616
GCA_044348205.1|JBIKTI010000010.1_3	SP	617
GCA_044348665.1|JBIKSI010000053.1_18	SP	379
GCA_044348775.1|JBIKSC010000235.1_2	SP	377
GCA_044349005.1|JBIKRT010000168.1_3	LIPO	321
GCA_044349155.1|JBIKRQ010000099.1_14	SP	356
GCA_044349155.1|JBIKRQ010000176.1_2	LIPO	293
GCA_044349155.1|JBIKRQ010000001.1_3	SP	566
GCA_044349575.1|JBIKQS010000053.1_10	SP	382
GCA_044349855.1|JBIKQC010000415.1_4	SP	381
GCA_044349985.1|JBILIM010000021.1_2	SP	364
GCA_044349985.1|JBILIM010000335.1_2	SP	370
GCA_044350415.1|JBILHQ010000041.1_7	SP	384
GCA_044350425.1|JBILHS010000198.1_2	SP	386
GCA_044350515.1|JBILHL010000021.1_37	SP	372
GCA_044350515.1|JBILHL010000007.1_28	SP	328
GCA_044350605.1|JBILHF010000026.1_3	SP	593
GCA_044351075.1|JBILGL010000211.1_2	SP	317
GCA_044351075.1|JBILGL010000513.1_4	SP	305
GCA_044351125.1|JBILGJ010000134.1_4	SP	307
GCA_044352295.1|JBILEB010000114.1_16	SP	307
GCA_044352295.1|JBILEB010000021.1_50	LIPO	355
GCA_044352295.1|JBILEB010000261.1_3	LIPO	395
GCA_044352505.1|JBILDS010000114.1_3	SP	624
GCA_044353545.1|JBILBT010000312.1_4	SP	320
GCA_044354115.1|JBILAR010000028.1_8	SP	284
GCA_044354455.1|JBILAB010000173.1_5	SP	380
GCA_044354755.1|JBIKZJ010000617.1_1	SP	330
GCA_044355055.1|JBIKYW010000518.1_2	SP	490
GCA_044355195.1|JBIKYP010000014.1_15	LIPO	316
GCA_044356865.1|JBIKVN010000204.1_2	SP	348
GCA_044356875.1|JBIKVL010000279.1_1	SP	612
GCA_044356935.1|JBIKVI010000214.1_4	LIPO	315
GCA_044358025.1|JBIKOK010000022.1_29	LIPO	719
GCA_044358055.1|JBIKOL010000025.1_26	SP	330
GCA_044358055.1|JBIKOL010000060.1_30	SP	333
GCA_044358055.1|JBIKOL010000108.1_25	SP	327
GCA_044358335.1|JBIKOC010000103.1_1	SP	330
GCA_044358575.1|JBIKNN010000003.1_194	SP	380
GCA_044358965.1|JBIKNA010000099.1_13	LIPO	360
GCA_044358965.1|JBIKNA010000138.1_3	LIPO	356
GCA_044358965.1|JBIKNA010000143.1_8	LIPO	305
GCA_044358965.1|JBIKNA010000174.1_4	LIPO	369
GCA_044358965.1|JBIKNA010000174.1_5	LIPO	426
GCA_044358965.1|JBIKNA010000421.1_2	LIPO	356
GCA_044359065.1|JBIKMW010000045.1_44	SP	335
GCA_044359155.1|JBIKMR010000029.1_12	LIPO	300
GCA_044359155.1|JBIKMR010000069.1_4	LIPO	370
GCA_044359485.1|JBIKMB010000063.1_8	SP	321
GCA_044359485.1|JBIKMB010000007.1_24	SP	281
GCA_044359485.1|JBIKMB010000022.1_31	SP	346
GCA_044359525.1|JBIKLY010000053.1_7	SP	353
GCA_044359895.1|JBIKLJ010000233.1_2	SP	600
GCA_044359895.1|JBIKLJ010000105.1_8	SP	608
GCA_044360115.1|JBIKKW010000115.1_5	SP	384
GCA_044360245.1|JBIKKU010000010.1_19	SP	317
GCA_044361165.1|JBIKJE010000021.1_9	SP	323
GCA_044361315.1|JBIKJA010000014.1_6	SP	385
GCA_044361535.1|JBIKIQ010000011.1_39	SP	376
GCA_044368255.1|JBIPLT010000074.1_3	SP	333
GCA_044368655.1|JBIPPB010000001.1_4	LIPO	316
GCA_044368835.1|JBILIX010000217.1_2	SP	392
GCA_044369655.1|JBILWX010000168.1_3	SP	313
GCA_044370415.1|JBILVO010000190.1_3	SP	302
GCA_044371205.1|JBILUC010000002.1_34	LIPO	388
GCA_044371205.1|JBILUC010000072.1_10	SP	312
GCA_044371425.1|JBILTR010000009.1_107	LIPO	612
GCA_044371535.1|JBILTL010000017.1_12	SP	377
GCA_044371595.1|JBILTI010000474.1_3	SP	314
GCA_044371675.1|JBILTF010000009.1_12	SP	377
GCA_044371755.1|JBILSZ010000041.1_2	SP	381
GCA_044371785.1|JBILTA010000068.1_6	SP	282
GCA_044371785.1|JBILTA010000622.1_1	SP	280
GCA_044372835.1|JBILRE010000015.1_51	SP	372
GCA_044372955.1|JBILQY010000056.1_3	SP	328
GCA_044373115.1|JBILQQ010000009.1_90	LIPO	316
GCA_044373115.1|JBILQQ010000006.1_98	LIPO	315
GCA_044373675.1|JBILPT010000016.1_43	LIPO	391
GCA_044374225.1|JBILOX010000004.1_23	SP	372
GCA_044374225.1|JBILOX010000064.1_7	SP	330
GCA_044374295.1|JBILOU010000042.1_6	SP	377
GCA_044374335.1|JBILOV010000024.1_2	SP	382
GCA_044374645.1|JBILOD010000042.1_6	SP	291
GCA_044375095.1|JBILNH010000095.1_8	SP	371
GCA_044375415.1|JBILMS010000020.1_2	SP	292
GCA_044375655.1|JBILMF010000078.1_4	SP	343
GCA_044375895.1|JBILLV010000403.1_4	LIPO	685
GCA_044375895.1|JBILLV010000494.1_2	LIPO	344
GCA_044376115.1|JBILLK010000012.1_20	LIPO	349
GCA_044376115.1|JBILLK010000013.1_129	LIPO	386
GCA_044376125.1|JBILLJ010000029.1_13	LIPO	344
GCA_044376575.1|JBILKR010000004.1_99	SP	379
GCA_044376655.1|JBILKQ010000238.1_3	LIPO	331
GCA_044376695.1|JBILKM010000060.1_4	LIPO	312
GCA_044377495.1|JBILYY010000004.1_14	SP	317
GCA_044377625.1|JBILYS010000357.1_2	SP	381
GCA_044377775.1|JBILYL010000040.1_5	SP	412
GCA_044378815.1|JBIPOV010000010.1_42	SP	331
GCA_044378815.1|JBIPOV010000057.1_44	SP	341
GCA_044378815.1|JBIPOV010000065.1_22	SP	384
GCA_044378815.1|JBIPOV010000017.1_53	LIPO	426
GCA_044378815.1|JBIPOV010000001.1_95	LIPO	353
GCA_044379045.1|JBIPOO010000103.1_8	SP	381
GCA_044445225.1|JBIODO010000091.1_17	SP	318
GCA_044445645.1|JBIOEC010000027.1_6	SP	333
GCA_044446745.1|JBIOFE010000003.1_24	SP	329
GCA_044448685.1|JBIOHC010000026.1_26	SP	491
GCA_044450485.1|JBIOJD010000219.1_4	LIPO	423
GCA_044450765.1|JBIOJK010000083.1_2	SP	317
GCA_044456955.1|JBITGK010000001.1_216	SP	311
GCA_044456955.1|JBITGK010000028.1_74	LIPO	316
GCA_044506225.1|JBIQKU010000098.1_8	SP	337
GCA_044507605.1|JBIQJI010000156.1_1	SP	342
GCA_044508395.1|JBIQHU010000083.1_25	SP	284
GCA_044508445.1|JBIQHQ010000007.1_44	TAT	329
GCA_044757065.1|JBIVUG010000005.1_465	SP	401
GCA_044757065.1|JBIVUG010000012.1_175	SP	441
GCA_044841755.1|JAXOFM010000001.1_223	SP	295
GCA_044841755.1|JAXOFM010000001.1_788	LIPO	341
GCA_044868105.1|JBIOWC010000011.1_10	SP	268
GCA_044869265.1|JBIOXD010000077.1_11	SP	316
GCA_044869805.1|JBIOXV010000194.1_8	SP	319
GCA_044869915.1|JBIOYB010000549.1_12	SP	342
GCA_044870035.1|JBIOYF010000229.1_9	SP	469
GCA_044870035.1|JBIOYF010000355.1_3	LIPO	301
GCA_044870155.1|JBIOYN010000268.1_5	SP	324
GCA_044871085.1|JBIOZI010000302.1_5	SP	525
GCA_045104975.1|JBGCCY010000033.1_95	SP	392
GCA_045105075.1|JBGCDD010000022.1_60	LIPO	278
GCA_045105075.1|JBGCDD010000234.1_5	SP	312
GCA_045105115.1|JBGCDE010000013.1_6	LIPO	322
GCA_045105695.1|JBGCDT010000312.1_10	SP	408
GCA_045105775.1|JBGCDW010000269.1_8	SP	379
GCA_045106435.1|JBGCEN010000224.1_13	LIPO	305
GCA_045106455.1|JBGCEL010000118.1_5	LIPO	301
GCA_045106555.1|JBGCET010000026.1_3	SP	319
GCA_045106555.1|JBGCET010000048.1_17	LIPO	343
GCA_045106675.1|JBGCFA010000240.1_36	SP	377
GCA_045106715.1|JBGCFC010000204.1_9	LIPO	351
GCA_045106715.1|JBGCFC010000037.1_20	LIPO	352
GCA_045106765.1|JBGCFD010000078.1_7	SP	393
GCA_045106825.1|JBGCFH010000446.1_9	SP	286
GCA_045106885.1|JBGCFJ010001190.1_2	SP	783
GCA_045107005.1|JBGCFP010000123.1_29	SP	320
GCA_045107085.1|JBGCFT010000221.1_3	LIPO	337
GCA_045110315.1|JBGCFY010000202.1_2	SP	380
GCA_045110335.1|JBGCGB010000011.1_24	LIPO	328
GCA_045111535.1|JBGUGM010000015.1_3	SP	466
GCA_045113275.1|JBGUIU010000243.1_31	SP	585
GCA_045118995.1|JBGVCR010000028.1_6	SP	292
GCA_045126915.1|JBGVPH010000070.1_32	SP	296
GCA_045131085.1|JBGUQN010000116.1_6	SP	502
GCA_045133255.1|JBGUTV010000002.1_30	SP	296
GCA_045224895.1|JBGVAT010000046.1_8	SP	490
GCA_045226255.1|JBGVCG010000014.1_88	SP	580
GCA_045226255.1|JBGVCG010000014.1_89	SP	588
GCA_045403155.1|JAXIPB010000031.1_2	LIPO	326
GCA_045403155.1|JAXIPB010000321.1_5	LIPO	314
GCA_045430275.1|JAILXU010000002.1_100	LIPO	389
GCA_045430275.1|JAILXU010000003.1_196	SP	563
GCA_045430285.1|JAILXV010000001.1_232	SP	417
GCA_045430285.1|JAILXV010000001.1_291	SP	671
GCA_045430285.1|JAILXV010000001.1_455	SP	581
GCA_045430285.1|JAILXV010000001.1_796	SP	375
GCA_045430285.1|JAILXV010000001.1_1010	SP	680
GCA_045430285.1|JAILXV010000002.1_512	SP	420
GCA_045430285.1|JAILXV010000002.1_547	SP	489
GCA_045430285.1|JAILXV010000004.1_74	SP	669
GCA_045430285.1|JAILXV010000004.1_142	SP	412
GCA_045430285.1|JAILXV010000004.1_145	SP	413
GCA_045430285.1|JAILXV010000004.1_328	SP	580
GCA_045430285.1|JAILXV010000005.1_29	SP	546
GCA_045430285.1|JAILXV010000005.1_38	SP	420
GCA_045430285.1|JAILXV010000005.1_137	SP	482
GCA_045430285.1|JAILXV010000005.1_280	SP	324
GCA_045430295.1|JAILXX010000001.1_33	LIPO	724
GCA_045430295.1|JAILXX010000004.1_238	SP	393
GCA_045430295.1|JAILXX010000006.1_81	SP	879
GCA_045430295.1|JAILXX010000006.1_113	SP	764
GCA_045430295.1|JAILXX010000009.1_24	SP	696
GCA_045430295.1|JAILXX010000009.1_25	SP	762
GCA_045430295.1|JAILXX010000009.1_27	SP	784
GCA_045430295.1|JAILXX010000009.1_28	SP	462
GCA_045430295.1|JAILXX010000009.1_29	SP	480
GCA_045430295.1|JAILXX010000009.1_30	SP	486
GCA_045430295.1|JAILXX010000009.1_31	SP	655
GCA_045430295.1|JAILXX010000009.1_32	SP	656
GCA_045430295.1|JAILXX010000009.1_33	SP	476
GCA_045430295.1|JAILXX010000009.1_34	SP	515
GCA_045430295.1|JAILXX010000009.1_38	SP	343
GCA_045430295.1|JAILXX010000009.1_39	SP	339
GCA_045430305.1|JAILXW010000001.1_260	SP	454
GCA_045430305.1|JAILXW010000001.1_296	SP	673
GCA_045430305.1|JAILXW010000001.1_462	SP	369
GCA_045430305.1|JAILXW010000001.1_754	SP	553
GCA_045430305.1|JAILXW010000001.1_921	SP	727
GCA_045430305.1|JAILXW010000002.1_164	SP	687
GCA_045430305.1|JAILXW010000002.1_203	SP	677
GCA_045430305.1|JAILXW010000004.1_128	SP	490
GCA_045430345.1|JAILXT010000001.1_222	SP	686
GCA_045430345.1|JAILXT010000001.1_550	SP	374
GCA_045430345.1|JAILXT010000001.1_882	SP	599
GCA_045430345.1|JAILXT010000001.1_1059	SP	675
GCA_045430345.1|JAILXT010000001.1_1122	SP	419
GCA_045430345.1|JAILXT010000004.1_97	SP	324
GCA_045430345.1|JAILXT010000004.1_238	SP	480
GCA_045430345.1|JAILXT010000004.1_338	SP	415
GCA_045430345.1|JAILXT010000004.1_340	SP	430
GCA_045430345.1|JAILXT010000004.1_348	SP	553
GCA_045430345.1|JAILXT010000005.1_263	SP	648
GCA_045430345.1|JAILXT010000006.1_157	SP	413
GCA_045430345.1|JAILXT010000006.1_159	SP	413
GCA_045430345.1|JAILXT010000006.1_160	SP	416
GCA_045430345.1|JAILXT010000006.1_161	SP	411
GCA_045430345.1|JAILXT010000006.1_238	SP	667
GCA_045430345.1|JAILXT010000007.1_82	SP	489
GCA_045430345.1|JAILXT010000007.1_144	SP	422
GCA_045560825.1|JBJKYX010000022.1_22	LIPO	350
GCA_045561415.1|JBJKXU010000036.1_21	SP	346
GCA_045561415.1|JBJKXU010000043.1_17	SP	376
GCA_045562345.1|JBJKVZ010000020.1_20	LIPO	301
GCA_045563495.1|JBJLJA010000003.1_1169	SP	304
GCA_045569055.1|JBJKZT010000008.1_11	LIPO	286
GCA_045577885.1|JAZNJF010000206.1_9	SP	785
GCA_045588775.1|JAZNEW010000024.1_57	SP	300
GCA_045592005.1|JAZNTY010000156.1_9	SP	291
GCA_045592425.1|JAZNUT010000016.1_47	SP	284
GCA_045597545.1|JAZLKH010000096.1_34	SP	488
GCA_045597745.1|JAZLKQ010000105.1_2	SP	669
GCA_045597985.1|JAZLLE010000019.1_17	SP	758
GCA_045598645.1|JAZLMK010000082.1_70	SP	505
GCA_045599625.1|JAZRWJ010000009.1_7	SP	516
GCA_045600425.1|JAZRXW010000073.1_29	SP	528
GCA_045600465.1|JAZRXY010000028.1_68	LIPO	575
GCA_045600665.1|JAZRYI010000110.1_5	SP	426
GCA_045600885.1|JAZRYU010000092.1_16	SP	522
GCA_045601045.1|JAZRZA010000005.1_16	SP	760
GCA_045603545.1|JAZUMG010000014.1_33	SP	295
GCA_045614445.1|JAZLCW010000055.1_6	SP	292
GCA_045615885.1|JAZLFR010000051.1_30	SP	506
GCA_045615885.1|JAZLFR010000060.1_62	SP	529
GCA_045616805.1|JAZLHK010000029.1_29	SP	551
GCA_045617275.1|JAZLII010000187.1_4	SP	691
GCA_045617325.1|JAZLIJ010000269.1_1	SP	489
GCA_045617365.1|JAZLIN010000014.1_30	SP	394
GCA_045617845.1|JAZLJL010000020.1_11	SP	588
GCA_045627865.1|JAZQOK010000012.1_15	SP	671
GCA_045629285.1|JAZQQY010000009.1_41	SP	594
GCA_045629905.1|JAZQSA010000024.1_22	SP	289
GCA_045629945.1|JAZQSE010000030.1_14	SP	501
GCA_045630445.1|JAZQTF010000093.1_15	SP	372
GCA_045630445.1|JAZQTF010000101.1_9	LIPO	354
GCA_045630445.1|JAZQTF010000101.1_10	LIPO	354
GCA_045630445.1|JAZQTF010000210.1_8	SP	425
GCA_045632085.1|JAZQVY010000032.1_9	SP	295
GCA_045633445.1|JAZQYI010000009.1_51	SP	290
GCA_045635205.1|JAZRBS010000036.1_3	SP	292
GCA_045635325.1|JAZRBZ010000001.1_4	SP	291
GCA_045639525.1|JAZUDI010000073.1_16	SP	779
GCA_045641065.1|JAZUGF010000013.1_38	SP	594
GCA_045641065.1|JAZUGF010000148.1_1	SP	421
GCA_045642085.1|JAZUIF010000101.1_23	SP	595
GCA_045643145.1|JAZUKG010000166.1_11	LIPO	293
GCA_045645465.1|JAZRIV010000043.1_3	SP	282
GCA_045650235.1|JAZRQX010000019.1_26	SP	294
GCA_045654285.1|JAZONC010000009.1_62	SP	306
GCA_045656505.1|JAZORI010000058.1_50	SP	288
GCA_045658265.1|JAZOUS010000002.1_31	SP	296
GCA_045658845.1|JAZOVT010000005.1_2	SP	316
GCA_045659425.1|JAZOWW010000021.1_38	SP	292
GCA_045659425.1|JAZOWW010000028.1_109	SP	293
GCA_045803205.1|JBJMPM010000115.1_24	SP	314
GCA_045803515.1|JBJMOX010000337.1_3	SP	306
GCA_045803545.1|JBJMOW010000004.1_799	TAT	303
GCA_045804285.1|JBJMNL010000095.1_19	SP	334
GCA_045805035.1|JBJMLZ010000092.1_28	SP	315
GCA_045805065.1|JBJMMA010000019.1_6	SP	335
GCA_045805065.1|JBJMMA010000108.1_7	SP	335
GCA_045805065.1|JBJMMA010000224.1_2	SP	348
GCA_045805185.1|JBJMLS010000046.1_12	SP	331
GCA_045805185.1|JBJMLS010000238.1_4	SP	492
GCA_045805205.1|JBJMLR010000012.1_59	SP	404
GCA_045805385.1|JBJMLG010000132.1_19	SP	309
GCA_045805505.1|JBJMLA010000156.1_23	SP	344
GCA_045805605.1|JBJMKX010000086.1_2	SP	297
GCA_045806925.1|JBJMII010000149.1_20	SP	402
GCA_045806965.1|JBJMIG010000006.1_173	SP	326
GCA_045806965.1|JBJMIG010000038.1_111	SP	439
GCA_045806965.1|JBJMIG010000099.1_1	SP	628
GCA_045806985.1|JBJMIH010000183.1_6	SP	441
GCA_045809185.1|JBJNRH010000003.1_238	SP	335
GCA_045810225.1|JBJMWI010000069.1_6	SP	332
GCA_045810445.1|JBJMVX010000234.1_42	SP	580
GCA_045810505.1|JBJMVV010000083.1_7	LIPO	579
GCA_045810625.1|JBJMVQ010000002.1_3	SP	313
GCA_045810725.1|JBJMVK010000010.1_31	LIPO	331
GCA_045863235.1|BTUM01000069.1_6	SP	306
GCA_045863295.1|BTWA01000050.1_8	LIPO	317
GCA_045863295.1|BTWA01000050.1_20	LIPO	322
GCA_045863855.1|BTVV01000022.1_53	SP	329
GCA_045864775.1|BTVR01000001.1_701	SP	324
GCA_045864815.1|BTVG01000032.1_15	SP	604
GCA_046045565.1|JBJOLO010000498.1_8	SP	301
GCA_046045565.1|JBJOLO010000720.1_5	SP	601
GCA_046046325.1|JBJOJZ010000165.1_6	SP	373
GCA_046047235.1|JBJOII010000047.1_24	SP	303
GCA_046047375.1|JBJOIB010000352.1_1	SP	347
GCA_046047575.1|JBJOHR010000064.1_6	SP	383
GCA_046047575.1|JBJOHR010000194.1_1	SP	320
GCA_046047575.1|JBJOHR010000217.1_7	SP	381
GCA_046048875.1|JBJOFG010000011.1_6	SP	377
GCA_046048995.1|JBJOEZ010000001.1_76	SP	688
GCA_046049215.1|JBJOER010000018.1_27	SP	384
GCA_046049865.1|JBJOQO010000002.1_67	SP	397
GCA_046051005.1|JBJOPA010000353.1_10	LIPO	314
GCA_046051185.1|JBJOOT010000049.1_13	SP	349
GCA_046051235.1|JBJOON010000158.1_2	SP	377
GCA_046051375.1|JBJOOI010000156.1_3	LIPO	321
GCA_046052065.1|JBJOND010000037.1_6	SP	375
GCA_046052345.1|JBJOMN010000007.1_205	SP	378
GCA_046052625.1|JBJOMA010000019.1_15	SP	378
GCA_046055745.1|JASFZG010000128.1_3	LIPO	308
GCA_046070625.1|JBJTMR010000275.1_2	SP	302
GCA_046070625.1|JBJTMR010000310.1_2	SP	298
GCA_046073825.1|JBJTMY010000145.1_3	SP	377
GCA_046074585.1|JBJTOM010000142.1_40	SP	601
GCA_046074585.1|JBJTOM010000518.1_11	SP	324
GCA_046074645.1|JBJTOP010000128.1_33	SP	343
GCA_046074645.1|JBJTOP010000128.1_34	SP	601
GCA_046074725.1|JBJTOU010000182.1_1	SP	303
GCA_046074805.1|JBJTOW010000100.1_2	SP	624
GCA_046074845.1|JBJTOY010000127.1_1	SP	246
GCA_046075365.1|JBJTPZ010000078.1_2	SP	327
GCA_046075365.1|JBJTPZ010000565.1_8	SP	596
GCA_046075485.1|JBJTQF010000020.1_18	SP	296
GCA_046075485.1|JBJTQF010000245.1_32	SP	286
GCA_046075685.1|JBJTQP010000079.1_4	SP	302
GCA_046075685.1|JBJTQP010000219.1_25	SP	607
GCA_046075765.1|JBJTQS010000274.1_5	SP	381
GCA_046075925.1|JBJTRB010000090.1_3	SP	378
GCA_046076185.1|JBJTRR010000982.1_5	SP	614
GCA_046080785.1|JBJTUO010000109.1_12	SP	376
GCA_046081705.1|JBJTWK010000087.1_3	SP	351
GCA_046082075.1|JBJTXE010000268.1_2	SP	373
GCA_046085865.1|JBJSWM010000496.1_3	SP	612
GCA_046085865.1|JBJSWM010000496.1_4	LIPO	355
GCA_046086325.1|JBJSXJ010000025.1_6	SP	309
GCA_046086325.1|JBJSXJ010000285.1_13	SP	772
GCA_046086605.1|JBJSXX010000178.1_10	SP	600
GCA_046086605.1|JBJSXX010000311.1_16	SP	324
GCA_046090365.1|JBJSZP010000410.1_4	SP	618
GCA_046090945.1|JBJTAQ010000243.1_5	SP	337
GCA_046090945.1|JBJTAQ010000463.1_3	SP	600
GCA_046091765.1|JBJTCF010000076.1_6	SP	284
GCA_046092145.1|JBJTDB010000181.1_19	SP	303
GCA_046092585.1|JBJTDZ010000072.1_1	SP	303
GCA_046093905.1|JBJTGN010000069.1_2	LIPO	311
GCA_046094265.1|JBJTHA010000129.1_2	LIPO	315
GCA_046094845.1|JBJTIE010000242.1_10	SP	303
GCA_046095145.1|JBJTIV010000184.1_3	SP	610
GCA_046095365.1|JBJTJF010000191.1_6	SP	310
GCA_046152935.1|JBJXGB010000182.1_1	SP	374
GCA_046153705.1|JBJXGK010000108.1_11	LIPO	317
GCA_046153985.1|JBJXFD010000562.1_3	SP	377
GCA_046154965.1|JBJXDY010000010.1_53	SP	279
GCA_046155225.1|JBJXED010000104.1_9	SP	494
GCA_046155425.1|JBJXFM010001009.1_1	SP	259
GCA_046160275.1|JBJXHA010000146.1_4	SP	371
GCA_046160345.1|JBJXGO010000081.1_4	SP	386
GCA_046160585.1|JBJXGN010000049.1_25	LIPO	334
GCA_046160585.1|JBJXGN010000124.1_3	SP	489
GCA_046160585.1|JBJXGN010000206.1_2	SP	470
GCA_046160625.1|JBJXGZ010000155.1_59	SP	385
GCA_046160785.1|JBJXHE010000084.1_3	SP	354
GCA_046233135.1|JBJXHN010000001.1_785	SP	377
GCA_046259355.1|JBJYWH010000303.1_2	LIPO	323
GCA_046260075.1|JBJYXS010000420.1_2	LIPO	316
GCA_046262175.1|JBHENF010000163.1_3	SP	353
GCA_046262475.1|JBHEMQ010000028.1_19	LIPO	373
GCA_046262875.1|JBHELX010000009.1_15	LIPO	331
GCA_046263055.1|JBHELO010000109.1_8	LIPO	302
GCA_046289335.1|JBKBVY010000111.1_6	SP	322
GCA_046289975.1|JBKBUQ010000005.1_4	SP	313
GCA_046290225.1|JBKAGE010000039.1_31	LIPO	383
GCA_046290225.1|JBKAGE010000065.1_28	LIPO	743
GCA_046290225.1|JBKAGE010000073.1_6	SP	853
GCA_046290225.1|JBKAGE010000082.1_9	SP	705
GCA_046291245.1|JBKBTW010000138.1_8	SP	301
GCA_046291735.1|JBKBSK010000016.1_2	LIPO	327
GCA_046291795.1|JBKBSH010000239.1_2	TATLIPO	351
GCA_046292325.1|JBKBRG010000342.1_4	SP	289
GCA_046292385.1|JBKBRF010000002.1_46	SP	253
GCA_046293015.1|JBKBPU010000007.1_10	SP	335
GCA_046293015.1|JBKBPU010000010.1_46	SP	336
GCA_046294845.1|JBKBNU010000001.1_653	SP	344
GCA_046294845.1|JBKBNU010000001.1_1579	SP	312
GCA_046296195.1|JBKBLR010000011.1_90	SP	334
GCA_046296495.1|JBKBLB010000022.1_11	SP	388
GCA_046297495.1|JBKBIP010000030.1_49	SP	304
GCA_046297695.1|JBKBHF010000005.1_30	SP	330
GCA_046297935.1|JBKBHA010000003.1_195	LIPO	307
GCA_046299555.1|JBKBHS010000001.1_1198	SP	375
GCA_046301395.1|JBKCKE010000116.1_2	SP	603
GCA_046302815.1|JBKCHO010000072.1_14	SP	379
GCA_046303115.1|JBKCGZ010000062.1_2	SP	375
GCA_046303515.1|JBKCGI010000121.1_5	SP	377
GCA_046303595.1|JBKCFX010000038.1_3	LIPO	286
GCA_046306055.1|JBKDXR010000006.1_133	SP	363
GCA_046306195.1|JBKDXO010000084.1_32	SP	603
GCA_046307935.1|JBKCAB010000107.1_4	SP	372
GCA_046314055.1|JBKBXN010000052.1_19	SP	304
GCA_046314695.1|JBKDBI010000374.1_29	SP	303
GCA_046316025.1|JBKCXU010000115.1_40	SP	317
GCA_046316935.1|JBKCXA010000333.1_4	SP	335
GCA_046318115.1|JBKCVA010000064.1_2	LIPO	342
GCA_046318115.1|JBKCVA010000081.1_11	SP	516
GCA_046318275.1|JBKCUW010000004.1_7	SP	603
GCA_046318275.1|JBKCUW010000057.1_3	SP	304
GCA_046318275.1|JBKCUW010000132.1_32	SP	329
GCA_046318755.1|JBKCTR010000045.1_14	SP	302
GCA_046318795.1|JBKCTT010000191.1_4	SP	332
GCA_046318875.1|JBKCTJ010000277.1_3	SP	376
GCA_046327745.1|JAXLXV010000017.1_96	SP	314
GCA_046327755.1|JAXLXW010000007.1_51	SP	333
GCA_046327915.1|JAXLXO010000006.1_103	SP	323
GCA_046328035.1|JAXLXI010000015.1_130	SP	342
GCA_046328035.1|JAXLXI010000002.1_292	LIPO	343
GCA_046328215.1|JAXLXA010000005.1_215	LIPO	331
GCA_046328615.1|JAXLWG010000026.1_15	SP	320
GCA_046328615.1|JAXLWG010000026.1_37	SP	330
GCA_046328675.1|JAXLWC010000011.1_59	SP	309
GCA_046328855.1|JAXLVU010000010.1_123	LIPO	308
GCA_046328905.1|JAXLVP010000001.1_242	SP	321
GCA_046328905.1|JAXLVP010000001.1_2144	SP	328
GCA_046328925.1|JAXLVT010000025.1_19	LIPO	310
GCA_046328925.1|JAXLVT010000005.1_150	LIPO	293
GCA_046329055.1|JAXLVK010000008.1_3	SP	391
GCA_046329125.1|JAXLVD010000010.1_154	LIPO	309
GCA_046329305.1|JAXLUW010000004.1_331	SP	532
GCA_046329325.1|JAXLUU010000001.1_2261	SP	688
GCA_046329495.1|JAXLUO010000002.1_214	SP	380
GCA_046329535.1|JAXLUN010000011.1_47	SP	404
GCA_046329555.1|JAXLUK010000002.1_683	SP	370
GCA_046329575.1|JAXLUJ010000007.1_52	SP	373
GCA_046330225.1|JAXLTD010000010.1_77	SP	305
GCA_046330285.1|JAXLSX010000022.1_5	SP	329
GCA_046330415.1|JAXLSW010000031.1_26	SP	329
GCA_046330855.1|JAXLRX010000001.1_924	SP	328
GCA_046330935.1|JAXLRU010000002.1_195	SP	808
GCA_046330935.1|JAXLRU010000004.1_266	SP	375
GCA_046331175.1|JAXLRI010000014.1_55	LIPO	380
GCA_046331505.1|JAXLQT010000016.1_99	SP	307
GCA_046331705.1|JAXLQJ010000001.1_72	SP	355
GCA_046335555.1|JBKDHA010000161.1_37	SP	292
GCA_046335555.1|JBKDHA010000186.1_22	LIPO	441
GCA_046335555.1|JBKDHA010000207.1_28	SP	385
GCA_046337925.1|JBKCZS010000293.1_3	SP	634
GCA_046339535.1|JBKDUK010000402.1_9	SP	302
GCA_046341255.1|JBKDRW010000191.1_6	SP	329
GCA_046342295.1|JBKDQC010000342.1_2	LIPO	354
GCA_046343855.1|JBKDMX010000013.1_34	SP	303
GCA_046344995.1|JBKDKR010000011.1_20	SP	604
GCA_046345155.1|JBKDKI010000022.1_4	SP	375
GCA_046346845.1|JAXMHH010000003.1_116	LIPO	326
GCA_046346875.1|JAXMHG010000002.1_320	SP	309
GCA_046346885.1|JAXMHI010000008.1_80	LIPO	309
GCA_046346945.1|JAXMHE010000005.1_27	SP	320
GCA_046348185.1|JAXMER010000013.1_2031	SP	340
GCA_046348225.1|JAXMEQ010000002.1_352	SP	503
GCA_046348835.1|JAXMDM010000003.1_660	SP	364
GCA_046349015.1|JAXMDE010000004.1_242	SP	301
GCA_046349135.1|JAXMCY010000004.1_19	LIPO	354
GCA_046349635.1|JAXMBX010000039.1_8	SP	302
GCA_046349715.1|JAXMBR010000028.1_31	SP	299
GCA_046349775.1|JAXMBS010000012.1_67	SP	335
GCA_046349855.1|JAXMBM010000110.1_4	SP	320
GCA_046349915.1|JAXMBL010000008.1_301	SP	325
GCA_046349935.1|JAXMBK010000009.1_160	SP	309
GCA_046349995.1|JAXMBE010000032.1_38	SP	305
GCA_046350095.1|JAXMBA010000004.1_726	SP	302
GCA_046350165.1|JAXMAY010000006.1_168	SP	320
GCA_046350215.1|JAXMAU010000064.1_8	SP	299
GCA_046350235.1|JAXMAT010000027.1_38	SP	313
GCA_046350295.1|JAXMAR010000018.1_106	SP	299
GCA_046350935.1|JAXLZK010000002.1_162	SP	310
GCA_046351255.1|JAXLYU010000005.1_619	LIPO	447
GCA_046351255.1|JAXLYU010000010.1_326	LIPO	293
GCA_046351255.1|JAXLYU010000015.1_211	LIPO	290
GCA_046351435.1|JAXLYN010000008.1_221	LIPO	337
GCA_046351435.1|JAXLYN010000021.1_46	LIPO	368
GCA_046351455.1|JAXLYM010000045.1_5	LIPO	472
GCA_046351475.1|JAXLYL010000032.1_13	LIPO	383
GCA_046351555.1|JAXLYI010000016.1_16	LIPO	322
GCA_046351555.1|JAXLYI010000030.1_134	LIPO	415
GCA_046351555.1|JAXLYI010000038.1_55	LIPO	375
GCA_046351635.1|JAXLYC010000019.1_13	SP	414
GCA_046351675.1|JAXLYB010000001.1_15	SP	273
GCA_046351675.1|JAXLYB010000002.1_236	SP	404
GCA_046481785.1|JAWOJF010000181.1_6	SP	373
GCA_046482575.1|JAWOEU010000075.1_6	SP	300
GCA_046482735.1|JAWOEL010000008.1_30	SP	542
GCA_046484315.1|JAWOJC010000137.1_1	SP	315
GCA_046484635.1|JAWOIL010000069.1_35	SP	358
GCA_046484745.1|JAWOIJ010000053.1_79	SP	320
GCA_046484755.1|JAWOII010000054.1_6	LIPO	359
GCA_046484945.1|JAWOHY010000026.1_4	SP	366
GCA_046496215.1|JAWOHH010000064.1_52	SP	338
GCA_046497165.1|JAWOGE010000095.1_3	LIPO	373
GCA_046497285.1|JAWOFY010000015.1_5	SP	309
GCA_046498365.1|JAWOAV010000035.1_27	LIPO	322
GCA_046520375.1|JBKGHK010000017.1_5	LIPO	628
GCA_046520405.1|JBKGHI010000117.1_9	LIPO	633
GCA_046520405.1|JBKGHI010000032.1_15	SP	329
GCA_046537875.1|JBKHJZ010000009.1_33	SP	452
GCA_046537905.1|JBKHJW010000002.1_191	SP	493
GCA_046538635.1|JBKHIN010000246.1_4	SP	346
GCA_046540755.1|JBKHEO010000021.1_11	SP	357
GCA_046565505.1|JBKHYJ010000054.1_44	SP	266
GCA_046565865.1|JBKHXU010000101.1_4	SP	328
GCA_046566325.1|JBKHWX010000060.1_8	SP	345
GCA_046566385.1|JBKHWS010000003.1_38	SP	330
GCA_046570105.1|JBKHVI010000011.1_27	SP	314
GCA_046570145.1|JBKHVJ010000443.1_2	SP	359
GCA_046583195.1|JAYGCV010000030.1_10	SP	347
GCA_046590495.1|JBKJTE010000224.1_18	LIPO	316
GCA_046590575.1|JBKJUS010000172.1_48	LIPO	302
GCA_046590705.1|JBKJUK010000012.1_7	SP	364
GCA_046590875.1|JBKJTK010000276.1_2	LIPO	346
GCA_046593615.1|JBKJNL010000623.1_4	LIPO	415
GCA_046594225.1|JBKJPW010000180.1_11	SP	382
GCA_046594225.1|JBKJPW010000128.1_14	SP	410
GCA_046594925.1|JBKJQG010000193.1_3	SP	372
GCA_046595075.1|JBKJPT010000176.1_11	SP	393
GCA_046595175.1|JBKJPM010000245.1_6	LIPO	315
GCA_046595175.1|JBKJPM010000207.1_5	LIPO	323
GCA_046595175.1|JBKJPM010000207.1_7	SP	313
GCA_046595475.1|JBKJOQ010000052.1_9	SP	424
GCA_046595515.1|JBKJOV010000008.1_64	SP	491
GCA_046595765.1|JBKJSW010000227.1_2	LIPO	332
GCA_046595915.1|JBKJSI010000259.1_7	LIPO	342
GCA_046596005.1|JBKJMK010000133.1_3	SP	341
GCA_046596155.1|JBKJNF010000334.1_10	SP	377
GCA_046596275.1|JBKJMR010000401.1_11	SP	381
GCA_046596395.1|JBKJMP010000152.1_2	LIPO	295
GCA_046596735.1|JBKJLP010000250.1_2	SP	353
GCA_046596735.1|JBKJLP010000496.1_4	SP	296
GCA_046596935.1|JBKJLN010000020.1_9	SP	439
GCA_046597295.1|JBKJKS010000690.1_4	SP	387
GCA_046597375.1|JBKJKM010000013.1_1	SP	437
GCA_046597375.1|JBKJKM010000080.1_8	LIPO	341
GCA_046597595.1|JBKJKH010000224.1_4	SP	314
GCA_046598075.1|JBKJJE010000189.1_14	SP	308
GCA_046598195.1|JBKJJF010000009.1_3	LIPO	424
GCA_046598235.1|JBKJJB010000365.1_5	SP	407
GCA_046598445.1|JBKJHV010000024.1_17	SP	607
GCA_046598735.1|JBKJIA010000371.1_2	SP	335
GCA_046598735.1|JBKJIA010000238.1_5	LIPO	343
GCA_046599375.1|JBKIWM010000001.1_453	SP	363
GCA_046614775.1|JBKJFJ010000001.1_290	SP	402
GCA_046614775.1|JBKJFJ010000003.1_381	SP	450
GCA_046630695.1|CP148075.1_2003	SP	335
GCA_046704085.1|JBJKSJ010000090.1_31	SP	337
GCA_046704785.1|JBJKRF010000083.1_2	LIPO	312
GCA_046704805.1|JBJKRG010000014.1_25	SP	303
GCA_046704885.1|JBJKRB010000063.1_1	LIPO	318
GCA_046707185.1|JBJKOR010000360.1_10	LIPO	308
GCA_046709505.1|JBKEFM010000104.1_6	SP	332
GCA_046709505.1|JBKEFM010000161.1_4	SP	633
GCA_046709585.1|JBKEFO010000052.1_10	SP	383
GCA_046709645.1|JBKEFT010000025.1_8	SP	692
GCA_046710535.1|JBKEHH010000015.1_10	SP	323
GCA_046712525.1|JBKKCN010000271.1_2	SP	304
GCA_046713635.1|JBKKBW010000602.1_3	SP	475
GCA_046714915.1|JBKJZS010000211.1_5	SP	484
GCA_046716985.1|JBKJWG010000108.1_1	LIPO	340
GCA_046717125.1|JBKJVQ010000039.1_2	SP	359
GCA_046719065.1|JBDNDP010000020.1_18	SP	319
GCA_046719185.1|JBDNDK010000072.1_2	SP	311
GCA_046719255.1|JBDNDG010000055.1_4	LIPO	314
GCA_046719305.1|JBDNDE010000139.1_7	SP	300
GCA_046723475.1|JBKOUQ010000070.1_2	SP	300
GCA_046724665.1|JBKOWZ010000210.1_15	SP	446
GCA_046725375.1|JBKOYM010000180.1_6	LIPO	302
GCA_046725575.1|JBKOYU010000928.1_3	SP	278
GCA_046725875.1|JBKOZJ010000164.1_35	LIPO	310
GCA_046726115.1|JBKOZX010000028.1_3	LIPO	303
GCA_046726235.1|JBKPAD010000013.1_8	SP	323
GCA_046726655.1|JBKPAZ010000022.1_7	SP	362
GCA_046727735.1|JBKPDF010000108.1_30	SP	357
GCA_046727755.1|JBKPDG010000134.1_3	SP	335
GCA_046727895.1|JBKPDM010000505.1_7	SP	373
GCA_046727955.1|JBKPDO010000074.1_9	LIPO	342
GCA_046727995.1|JBKPDS010000019.1_13	SP	331
GCA_046728075.1|JBKPDV010000227.1_11	SP	315
GCA_046728335.1|JBKPEJ010000037.1_71	SP	582
GCA_046729675.1|JBKPGZ010000320.1_3	SP	299
GCA_046733235.1|JBKPOT010000013.1_133	SP	316
GCA_046733355.1|JBKPOZ010000118.1_10	SP	363
GCA_046733635.1|JBKPPO010000360.1_2	SP	299
GCA_046734435.1|JBKPRE010000203.1_11	SP	476
GCA_046734815.1|JBKPRZ010000662.1_8	LIPO	291
GCA_046735135.1|JBKPSU010000098.1_25	LIPO	319
GCA_046735375.1|JBKPTD010000136.1_14	LIPO	304
GCA_046756545.1|JBHHWM010000230.1_6	LIPO	293
GCA_046757165.1|JBHHXT010000276.1_6	SP	342
GCA_046760105.1|JBHIDJ010000033.1_23	SP	367
GCA_046760205.1|JBHIDS010000053.1_7	LIPO	718
GCA_046765795.1|JBKPRH010000392.1_7	SP	309
GCA_047495455.1|CP179936.1_1941	LIPO	332
GCA_047518265.1|JAKZRG010000004.1_129	LIPO	341
GCA_047518265.1|JAKZRG010000006.1_129	SP	576
GCA_047600485.1|JASGKS010000001.1_2232	SP	498
GCA_047600765.1|JASGKF010000002.1_120	SP	326
GCA_047601145.1|JASGJW010000003.1_923	LIPO	306
GCA_047601445.1|JASGJH010000001.1_3090	LIPO	352
GCA_047601445.1|JASGJH010000001.1_7619	LIPO	314
GCA_047602145.1|JASGIA010000002.1_2067	LIPO	307
GCA_047602415.1|JASGHH010000001.1_4895	LIPO	316
GCA_047602415.1|JASGHH010000001.1_6377	LIPO	470
GCA_047602415.1|JASGHH010000001.1_6378	LIPO	461
GCA_047605205.1|JASGGE010000017.1_25	SP	320
GCA_047605685.1|JASGFF010000116.1_3	LIPO	351
GCA_047609825.1|JBLFXJ010000126.1_12	LIPO	318
GCA_047609825.1|JBLFXJ010000286.1_7	SP	334
GCA_047610025.1|JBLFZA010000252.1_4	LIPO	405
GCA_047611425.1|JBLFWJ010000116.1_2	SP	382
GCA_047611925.1|JBLFXB010000011.1_24	SP	376
GCA_047614525.1|JBLHEU010000058.1_10	SP	382
GCA_047615865.1|JBLHIB010000005.1_19	SP	377
GCA_047615875.1|JBLHGU010000362.1_1	SP	333
GCA_047618295.1|JBLHKL010000002.1_57	SP	331
GCA_047619205.1|JBLHJR010000055.1_11	SP	427
GCA_047619515.1|JBLHJZ010000074.1_3	SP	793
GCA_047621065.1|JBLHMY010000051.1_7	SP	341
GCA_047621305.1|JBLHNB010000002.1_91	SP	321
GCA_047621545.1|JBLHMA010000080.1_2	LIPO	298
GCA_047621945.1|JBLHMK010000057.1_8	SP	375
GCA_047622145.1|JBLHMO010000059.1_2	LIPO	392
GCA_047622605.1|JBLHND010000007.1_26	SP	355
GCA_047623125.1|JBLHNV010000154.1_3	SP	357
GCA_047623705.1|JBLHOW010000011.1_14	SP	378
GCA_047624355.1|JBLHPQ010000010.1_2	SP	340
GCA_047624355.1|JBLHPQ010000026.1_35	SP	406
GCA_047626155.1|JBLHRR010000188.1_2	SP	380
GCA_047626255.1|JBLHRT010000214.1_5	SP	323
GCA_047626445.1|JBLHRW010000232.1_9	LIPO	318
GCA_047628935.1|JBLHWH010000128.1_6	SP	378
GCA_047630275.1|JBLHVN010000001.1_1054	SP	306
GCA_047630355.1|JBLHXN010000002.1_14	SP	298
GCA_047631875.1|JBLIAZ010000074.1_8	SP	384
GCA_047632755.1|JBLIDT010000005.1_147	SP	387
GCA_047632755.1|JBLIDT010000053.1_5	SP	380
GCA_047633135.1|JBLIES010000179.1_7	LIPO	391
GCA_047633255.1|JBLIEW010000031.1_16	SP	315
GCA_047634195.1|JBLIDJ010000024.1_6	SP	388
GCA_047634375.1|JBLIAG010000001.1_172	SP	308
GCA_047636795.1|JBLIGB010000098.1_4	SP	377
GCA_047637355.1|JBLIKA010000034.1_22	LIPO	347
GCA_047639555.1|JBLIOE010000016.1_13	LIPO	342
GCA_047639575.1|JBLIOB010000071.1_6	SP	382
GCA_047639625.1|JBLIOG010000109.1_9	SP	308
GCA_047920975.1|JBLRXC010000005.1_12	SP	384
GCA_047947105.1|CP170456.1_2103	SP	380
GCA_047947135.1|CP170457.1_956	SP	336
GCA_047947135.1|CP170457.1_1023	SP	632
GCA_047947185.1|CP170502.1_4572	SP	310
GCA_047973315.1|JBKEBV010000202.1_2	SP	346
GCA_048058875.1|JBLLNR010000001.1_213	SP	334
GCA_048264105.1|JBLXDJ010000003.1_558	LIPO	358
GCA_048264885.1|JBLXCO010000006.1_59	SP	306
GCA_048266825.1|JBLWYP010000005.1_61	SP	316
GCA_048266825.1|JBLWYP010000021.1_21	SP	326
GCA_048267245.1|JBLWXV010000001.1_1286	SP	306
GCA_048267265.1|JBLWXW010000007.1_52	SP	323
GCA_048267265.1|JBLWXW010000011.1_79	SP	312
GCA_048267265.1|JBLWXW010000016.1_13	SP	318
GCA_048268485.1|JBLWVL010000028.1_3	LIPO	345
GCA_048268885.1|JBLWUP010000052.1_5	SP	383
GCA_048270185.1|JBLWTJ010000001.1_311	SP	327
GCA_048270425.1|JBLWSY010000004.1_181	LIPO	348
GCA_048498275.1|JBEHYH010000328.1_8	SP	379
GCA_048498515.1|JBEHXV010000016.1_49	SP	381
GCA_048498515.1|JBEHXV010000020.1_60	SP	405
GCA_048498715.1|JBEHXL010000002.1_173	SP	314
GCA_048498775.1|JBEHXI010000028.1_1	SP	358
GCA_048498775.1|JBEHXI010000110.1_17	SP	494
GCA_048498995.1|JBEHWX010000012.1_57	SP	374
GCA_048499435.1|JASNZW010000004.1_210	SP	583
GCA_048499755.1|JASNZH010000005.1_201	LIPO	311
GCA_048500255.1|JASNYH010000010.1_47	SP	318
GCA_048594665.1|JBMDWT010000063.1_383	SP	498
GCA_048594695.1|JBMDWS010000115.1_1	SP	302
GCA_048595745.1|CP184361.1_192	SP	277
GCA_048595745.1|CP184361.1_1198	SP	299
GCA_048623775.1|JBMCXW010000032.1_6	LIPO	314
GCA_048976605.1|JBHGUX010000086.1_65	SP	752
GCA_049115835.1|JAGDZN010000001.1_254	SP	384
GCA_049115955.1|JAGDZJ010000014.1_56	SP	577
GCA_049194865.1|JBLZWL010000071.1_37	LIPO	627
GCA_049194865.1|JBLZWL010000071.1_284	SP	337
GCA_049194865.1|JBLZWL010000064.1_45	LIPO	342
GCA_049239885.1|JBMLTP010000131.1_28	SP	382
GCA_049278815.1|JBAPMW010000507.1_3	SP	316
GCA_049278975.1|JBAPNE010000119.1_7	SP	375
GCA_049279635.1|JBAPOM010000086.1_4	SP	297
GCA_049279675.1|JBAPOP010000096.1_45	SP	309
GCA_049280175.1|JBAPPP010000437.1_2	LIPO	352
GCA_049280695.1|JBAPQQ010000589.1_2	LIPO	283
GCA_049281335.1|JBAPRX010000777.1_3	LIPO	314
GCA_049281755.1|JBAPSR010000155.1_6	SP	306
GCA_049282355.1|JBAPTW010000303.1_2	SP	316
GCA_049283975.1|JBAPXA010000194.1_1	SP	277
GCA_049287825.1|JBAQGO010000035.1_1	SP	623
GCA_049287895.1|JBAQGR010000141.1_8	SP	334
GCA_049288095.1|JBAQHC010000095.1_10	LIPO	327
GCA_049288935.1|JBAQIQ010000164.1_2	SP	463
GCA_049288935.1|JBAQIQ010000220.1_18	LIPO	437
GCA_049289815.1|JBATMK010000081.1_6	SP	389
GCA_049289815.1|JBATMK010000205.1_30	SP	325
GCA_049289835.1|JBATMM010000536.1_4	SP	363
GCA_049290175.1|JBATND010000077.1_3	SP	327
GCA_049290175.1|JBATND010000432.1_7	SP	379
GCA_049290875.1|JBATOI010000034.1_54	SP	355
GCA_049291095.1|JBATOT010000077.1_43	SP	297
GCA_049291695.1|JBATPX010000173.1_24	SP	377
GCA_049292515.1|JBATRI010000141.1_6	SP	354
GCA_049296025.1|JBAQRU010000107.1_3	SP	610
GCA_049300195.1|JBAQJF010000238.1_6	SP	493
GCA_049300475.1|JBAQJU010000050.1_47	SP	514
GCA_049300695.1|JBAQKF010000030.1_151	SP	303
GCA_049301055.1|JBAQKN010000045.1_202	SP	309
GCA_049301315.1|JBAQKU010000720.1_29	SP	358
GCA_049305635.1|JBAQPI010000170.1_5	LIPO	297
GCA_049306275.1|JBAQQB010000013.1_14	SP	367
GCA_049314415.1|JBMOFG010000180.1_2	LIPO	275
GCA_049315425.1|JBMOKE010000145.1_4	SP	284
GCA_049316985.1|JBMOJB010000038.1_6	SP	402
GCA_049316985.1|JBMOJB010000326.1_2	SP	389
GCA_049317645.1|JBMOHV010000057.1_2	SP	394
GCA_049317805.1|JBMOHO010000055.1_4	SP	381
GCA_049318265.1|JBMOGR010000004.1_21	SP	301
GCA_049318265.1|JBMOGR010000020.1_1	SP	360
GCA_049318285.1|JBMOGP010000143.1_2	LIPO	317
GCA_049318685.1|JBMOFW010000023.1_4	SP	375
GCA_049318725.1|JBMOFU010000038.1_3	SP	331
GCA_049322495.1|JBMORD010000009.1_1	SP	505
GCA_049322495.1|JBMORD010000009.1_2	LIPO	269
GCA_049322495.1|JBMORD010000327.1_14	LIPO	452
GCA_049322835.1|JBMOQN010000029.1_85	SP	305
GCA_049323075.1|JBMOPR010000721.1_4	SP	349
GCA_049323075.1|JBMOPR010000802.1_3	SP	318
GCA_049323095.1|JBMOME010000122.1_13	SP	314
GCA_049323115.1|JBMOMP010000035.1_15	LIPO	303
GCA_049323195.1|JBMOOW010000026.1_2	SP	353
GCA_049323535.1|JBMOPL010000004.1_145	SP	309
GCA_049323815.1|JBMOOB010000037.1_34	SP	324
GCA_049324135.1|JBMOMO010000146.1_19	LIPO	317
GCA_049324135.1|JBMOMO010000283.1_3	LIPO	596
GCA_049324315.1|JBMOKU010000009.1_78	SP	611
GCA_049324395.1|JBMOOY010000067.1_26	SP	603
GCA_049324695.1|JBMOMJ010000044.1_40	SP	465
GCA_049324715.1|JBMOMR010000064.1_4	LIPO	307
GCA_049324755.1|JBMOMZ010000044.1_13	SP	330
GCA_049324855.1|JBMOMU010000544.1_1	SP	794
GCA_049325275.1|JBMOLU010000058.1_30	SP	390
GCA_049325275.1|JBMOLU010000084.1_250	LIPO	321
GCA_049325495.1|JBMOKV010000184.1_4	LIPO	317
GCA_049325575.1|JBMOLK010000107.1_1	SP	353
GCA_049347715.1|CP186339.1_3667	SP	311
GCA_049416285.1|JBMSGX010000062.1_2	SP	380
GCA_049416285.1|JBMSGX010000191.1_4	SP	371
GCA_049423385.1|JBMSQQ010000083.1_6	LIPO	316
GCA_049430945.1|JBMTCO010000166.1_3	LIPO	316
GCA_049431025.1|JBMTCP010000004.1_57	SP	390
GCA_049433545.1|JBMTEY010000070.1_10	TAT	321
GCA_049446715.1|JBMTQX010000011.1_3	SP	291
GCA_049509215.1|JBELAC010000098.1_11	SP	526
GCA_049509395.1|JBEKZY010000474.1_9	SP	314
GCA_049509675.1|JBEKZQ010000472.1_4	SP	307
GCA_049511095.1|JBEKYJ010000052.1_7	LIPO	314
GCA_049511155.1|JBEKYI010000003.1_21	SP	327
GCA_049511915.1|JBEKXQ010000127.1_6	SP	300
GCA_049512215.1|JBEKXJ010000034.1_11	SP	321
GCA_049513695.1|JBEKVW010000071.1_8	LIPO	366
GCA_049514195.1|JBEKVG010000083.1_6	LIPO	313
GCA_049514195.1|JBEKVG010000195.1_7	LIPO	318
GCA_049514735.1|JBEKUT010000315.1_1	SP	300
GCA_049515055.1|JBEKUL010000041.1_13	SP	340
GCA_049515395.1|JBEKUD010000147.1_5	TAT	307
GCA_049515555.1|JBEKTY010000133.1_4	SP	302
GCA_049516635.1|JBEKSX010000089.1_4	SP	300
GCA_049517155.1|JBEKSK010000336.1_2	SP	347
GCA_049517595.1|JBEKRW010000170.1_2	LIPO	310
GCA_049520315.1|JBEKPW010000021.1_35	SP	340
GCA_049520815.1|JBEKPL010000004.1_37	LIPO	366
GCA_049521375.1|JBEKOW010000129.1_8	SP	514
GCA_049522075.1|JBEKOE010000005.1_99	LIPO	343
GCA_049522915.1|JBEKNK010000075.1_8	SP	348
GCA_049579405.1|JBAUNU010000579.1_6	SP	323
GCA_049581565.1|JBAUSF010000331.1_14	SP	329
GCA_049582765.1|JBAUUQ010000041.1_26	SP	288
GCA_049583775.1|JBAUWM010000070.1_22	SP	341
GCA_049586675.1|JBAVCL010000002.1_19	LIPO	327
GCA_049586675.1|JBAVCL010000040.1_20	SP	526
GCA_049589215.1|JBAWAI010000198.1_6	SP	527
GCA_049589315.1|JBAWAM010000497.1_7	SP	684
GCA_049589315.1|JBAWAM010000544.1_13	LIPO	423
GCA_049589315.1|JBAWAM010000631.1_1	LIPO	352
GCA_049589315.1|JBAWAM010000674.1_10	LIPO	445
GCA_049589315.1|JBAWAM010000722.1_1	LIPO	435
GCA_049589315.1|JBAWAM010000941.1_1	SP	691
GCA_049589315.1|JBAWAM010000974.1_15	LIPO	622
GCA_049589475.1|JBAWAV010000232.1_6	LIPO	297
GCA_049589475.1|JBAWAV010000572.1_8	LIPO	282
GCA_049589635.1|JBAWBE010000579.1_5	SP	508
GCA_049590495.1|JBAWCX010000449.1_7	SP	338
GCA_049590495.1|JBAWCX010000501.1_9	SP	307
GCA_049592035.1|JBAWFQ010000116.1_2	LIPO	524
GCA_049592035.1|JBAWFQ010000258.1_27	SP	321
GCA_049593715.1|JBAWHH010000087.1_3	LIPO	337
GCA_049596455.1|JBMYLP010000002.1_63	LIPO	307
GCA_049596955.1|JBMYMD010000001.1_42	LIPO	316
GCA_049598825.1|JBMYOA010000375.1_2	SP	395
GCA_049600855.1|JBMYQA010000032.1_11	SP	666
GCA_049602735.1|JBMYRW010000001.1_98	SP	334
GCA_049603715.1|JBMYSW010000002.1_120	SP	372
GCA_049603795.1|JBMYSY010000004.1_14	SP	364
GCA_049604415.1|JBMYTN010000005.1_67	SP	382
GCA_049608025.1|JBMYXC010000010.1_15	SP	314
GCA_049608805.1|JBMYXX010000241.1_2	SP	391
GCA_049608805.1|JBMYXX010000303.1_3	SP	382
GCA_049609665.1|JBMYYT010000316.1_1	SP	318
GCA_049610565.1|JBMYZR010000090.1_5	SP	408
GCA_049610985.1|JBMZAB010000004.1_41	SP	510
GCA_049611865.1|JBMZAY010000006.1_163	LIPO	305
GCA_049613665.1|JBMZCV010000013.1_33	SP	389
GCA_049613665.1|JBMZCV010000072.1_13	LIPO	385
GCA_049625305.1|JBMZVD010000026.1_10	LIPO	312
GCA_049642265.1|JBAROR010000064.1_23	SP	306
GCA_049642385.1|JBAROU010000196.1_2	LIPO	349
GCA_049642385.1|JBAROU010000207.1_2	SP	400
GCA_049645845.1|JBARUR010000174.1_3	SP	370
GCA_049645885.1|JBARUT010000179.1_10	SP	335
GCA_049645925.1|JBARUU010000014.1_30	SP	337
GCA_049646245.1|JBARVL010000631.1_2	LIPO	312
GCA_049647625.1|JBARYA010000188.1_31	SP	526
GCA_049650095.1|JBARZM010000026.1_1	SP	596
GCA_049650345.1|JBARZY010000029.1_2	SP	344
GCA_049650985.1|JBASBF010000050.1_294	SP	326
GCA_049651825.1|JBASCV010000005.1_3	SP	491
GCA_049652925.1|JBASFI010000010.1_35	SP	362
GCA_049661925.1|JBATAQ010000047.1_12	LIPO	338
GCA_049662025.1|JBATAV010000514.1_4	SP	310
GCA_049663345.1|JBATDG010000038.1_8	LIPO	315
GCA_049667415.1|JBATIA010000620.1_2	SP	285
GCA_049669185.1|JBATKF010000199.1_23	SP	504
GCA_049669725.1|JBATKU010000106.1_3	SP	323
GCA_049669725.1|JBATKU010000537.1_23	LIPO	324
GCA_049670485.1|JBATTJ010000124.1_4	SP	275
GCA_049670505.1|JBATTK010000116.1_22	LIPO	325
GCA_049671305.1|JBATUR010000052.1_65	LIPO	323
GCA_049672545.1|JBATWJ010000236.1_1	SP	430
GCA_049674125.1|JBATYN010000414.1_3	SP	487
GCA_049674245.1|JBATYU010000503.1_14	LIPO	318
GCA_049679485.1|JBAUGC010000682.1_7	SP	465
GCA_049680565.1|JBAUIA010000204.1_8	SP	319
GCA_049680565.1|JBAUIA010000408.1_23	SP	583
GCA_049682735.1|JBAUIG010000086.1_2	SP	335
GCA_049684495.1|JBAVFZ010000343.1_14	LIPO	313
GCA_049684795.1|JBAVGL010000474.1_7	SP	420
GCA_049686315.1|JBAVHY010000362.1_5	LIPO	323
GCA_049691655.1|JBAVOB010000120.1_9	SP	331
GCA_049692915.1|JBAVPI010000247.1_3	SP	356
GCA_049694275.1|JBAVQS010000165.1_26	LIPO	336
GCA_049694415.1|JBAVQV010000129.1_34	LIPO	333
GCA_049695995.1|JBAVTF010000087.1_37	SP	303
GCA_049696815.1|JBAVUO010000055.1_28	SP	310
GCA_049697735.1|JBAVWI010000211.1_16	SP	349
GCA_049790955.1|JBAQZL010000105.1_34	SP	331
GCA_049791715.1|JBARAE010000207.1_16	SP	345
GCA_049791715.1|JBARAE010000249.1_16	SP	409
GCA_049792555.1|JBARBA010000003.1_2	SP	453
GCA_049792755.1|JBARBF010000065.1_26	SP	322
GCA_049795175.1|JBARDN010000024.1_10	SP	321
GCA_049799615.1|JBARIF010000767.1_2	SP	307
GCA_049802775.1|JBARNC010000342.1_4	SP	476
GCA_049840395.1|JASGLD010000004.1_29	SP	322
GCA_049840675.1|JASGKB010000013.1_884	SP	325
GCA_049840815.1|JASGJI010000019.1_205	SP	314
GCA_049841135.1|JASGHK010000004.1_2656	LIPO	414
GCA_049841135.1|JASGHK010000006.1_144	LIPO	605
GCA_049841155.1|JASGHI010000003.1_1577	SP	322
GCA_049841275.1|JASGDN010000086.1_161	SP	314
GCA_049889275.1|JBMHDS010000100.1_4	LIPO	393
GCA_049889515.1|JBMHDG010000016.1_4	LIPO	320
GCA_049890075.1|JBMHCE010000032.1_6	LIPO	302
GCA_049968755.1|JBMFQE010000007.1_39	SP	792
GCA_049971295.1|JBMFLH010000036.1_8	SP	313
GCA_049975425.1|JBNGDI010000042.1_16	LIPO	320
GCA_049997955.1|JAEBDY010000011.1_190	SP	443
GCA_049997955.1|JAEBDY010000014.1_170	SP	309
GCA_049998055.1|JAEBEK010000016.1_86	SP	403
GCA_049998055.1|JAEBEK010000016.1_162	SP	739
GCA_049998155.1|JAEBES010000010.1_199	SP	752
GCA_049998155.1|JAEBES010000010.1_261	SP	400
GCA_049998275.1|JAEBEX010000001.1_78	SP	440
GCA_049998275.1|JAEBEX010000017.1_92	SP	402
GCA_049998275.1|JAEBEX010000017.1_172	SP	739
GCA_050008615.1|JBEKMH010000006.1_110	LIPO	310
GCA_050008635.1|JBEKMG010000006.1_81	SP	295
GCA_050010075.1|JBEKLS010000176.1_6	SP	339
GCA_050010135.1|JBEKLP010000067.1_13	LIPO	312
GCA_050010155.1|JBEKLO010000010.1_45	SP	327
GCA_050010195.1|JBEKLM010000036.1_37	SP	309
GCA_050010495.1|JBEKKW010000001.1_37	SP	331
GCA_050011035.1|JBEKJW010000046.1_5	SP	321
GCA_050011155.1|JBEKJP010000083.1_28	LIPO	308
GCA_050011315.1|JBEKJI010000007.1_87	SP	326
GCA_050011555.1|JBEKIT010000002.1_106	LIPO	323
GCA_050011565.1|JBEKIW010000001.1_229	LIPO	331
GCA_050011775.1|JBEKIL010000015.1_82	SP	612
GCA_050011815.1|JBEKIJ010000008.1_51	LIPO	352
GCA_050012715.1|JBEKGQ010000103.1_2	LIPO	646
GCA_050013055.1|JBEKGC010000015.1_12	SP	412
GCA_050013055.1|JBEKGC010000692.1_2	SP	334
GCA_050014035.1|JBEKED010000043.1_14	SP	327
GCA_050014155.1|JBEKDW010000170.1_5	LIPO	305
GCA_050014255.1|JBEKDR010000028.1_11	LIPO	304
GCA_050014895.1|JBEKCL010000027.1_14	LIPO	333
GCA_050015275.1|JBEKBS010000008.1_79	SP	309
GCA_050015295.1|JBEKBR010000008.1_36	LIPO	463
GCA_050015755.1|JBEKAU010000162.1_4	LIPO	357
GCA_050043265.1|JBHJIR010000038.1_45	SP	378
GCA_050053615.1|JASFTJ010000006.1_6	SP	316
GCA_050053635.1|JASFTI010000352.1_4	LIPO	316
GCA_050115555.1|JASFQI010000234.1_2	SP	332
GCA_050115795.1|JASFPT010000030.1_17	LIPO	332
GCA_050117315.1|JASFMY010000161.1_5	SP	377
GCA_050117845.1|JASFLY010000002.1_16	LIPO	309
GCA_050118395.1|JASFKY010000249.1_2	LIPO	313
GCA_050118435.1|JASFKW010000066.1_14	SP	350
GCA_050118435.1|JASFKW010000151.1_8	SP	365
GCA_050118535.1|JASFKR010000022.1_40	LIPO	342
GCA_050118555.1|JASFKQ010000044.1_4	SP	330
GCA_050118655.1|JASFKL010000384.1_1	SP	311
GCA_050123495.1|JASFGZ010000249.1_10	LIPO	313
GCA_050123815.1|JASFGJ010000401.1_4	LIPO	326
GCA_050124755.1|JASFER010000315.1_7	SP	332
GCA_050175015.1|JBFXJJ010000006.1_103	SP	326
GCA_050181585.1|JBFXDA010000023.1_60	SP	310
GCA_050182055.1|JBFXCP010000002.1_291	SP	592
GCA_050183255.1|JBFXBK010000450.1_4	LIPO	452
GCA_050183765.1|JBFXAZ010000001.1_36	SP	315
GCA_050183765.1|JBFXAZ010000012.1_16	SP	283
GCA_050184455.1|JBFXAI010000012.1_39	LIPO	330
GCA_050184605.1|JBFXAE010000003.1_17	SP	606
GCA_050185215.1|JBFWZP010000001.1_93	LIPO	333
GCA_050185515.1|JBFWZG010000022.1_6	SP	310
GCA_050185685.1|JBFWZE010000056.1_21	LIPO	355
GCA_050186075.1|JBFWYU010000004.1_61	SP	339
GCA_050186235.1|JBFWYQ010000013.1_25	SP	600
GCA_050186575.1|JBFWYI010000002.1_144	LIPO	349
GCA_050186685.1|JBFWYF010000595.1_7	SP	303
GCA_050186805.1|JBFWYC010000001.1_315	SP	577
GCA_050245915.1|JBFWWZ010000001.1_48	LIPO	308
GCA_050246095.1|JBFWWQ010000391.1_2	SP	335
GCA_050246455.1|JBFWWA010000466.1_2	SP	302
GCA_050246815.1|JBFWVI010000046.1_5	SP	331
GCA_050247055.1|JBFWUX010000001.1_788	LIPO	307
GCA_050247055.1|JBFWUX010000002.1_269	LIPO	335
GCA_050247075.1|JBFWUW010000020.1_41	SP	301
GCA_050247075.1|JBFWUW010000108.1_5	SP	249
GCA_050247155.1|JBFWUS010000061.1_28	SP	275
GCA_050247515.1|JBFWUB010000003.1_165	SP	508
GCA_050247975.1|JBFWTE010000001.1_246	SP	320
GCA_050248355.1|JBFWSN010000003.1_366	LIPO	313
GCA_050248575.1|JBFWSD010000308.1_3	SP	251
GCA_050250045.1|JBFWPK010000015.1_10	SP	323
GCA_050250255.1|JBFWOZ010000086.1_4	SP	310
GCA_050250435.1|JBFWOR010000006.1_208	SP	316
GCA_050250515.1|JBFWON010000036.1_2	SP	285
GCA_050250735.1|JBFWOC010000001.1_152	SP	600
GCA_050251035.1|JBFWNN010000018.1_66	SP	278
GCA_050251195.1|JBFWNG010000005.1_113	LIPO	369
GCA_050251615.1|JBFWMM010000001.1_96	SP	320
GCA_050252035.1|JBFWLR010000012.1_41	SP	354
GCA_050252545.1|JBFWKS010000002.1_23	SP	468
GCA_050257015.1|JBLMWC010000158.1_33	SP	290
GCA_050257115.1|JBLMWG010000018.1_10	SP	338
GCA_050257335.1|JBLMWR010000177.1_2	SP	304
GCA_050257335.1|JBLMWR010000653.1_3	SP	300
GCA_050257395.1|JBLMWU010000196.1_18	LIPO	331
GCA_050257475.1|JBLMWY010000090.1_7	SP	337
GCA_050257515.1|JBLMXA010000139.1_5	SP	318
GCA_050257515.1|JBLMXA010000696.1_21	SP	488
GCA_050257515.1|JBLMXA010000696.1_25	SP	381
GCA_050258015.1|JBLMXZ010000090.1_11	SP	314
GCA_050259275.1|JBLNAI010000001.1_286	SP	360
GCA_050260175.1|JBLNBS010000057.1_12	SP	279
GCA_050261455.1|JBLNDH010000643.1_5	SP	325
GCA_050261675.1|JBLNDO010000077.1_4	SP	308
GCA_050262635.1|JBLNEK010000121.1_6	LIPO	283
GCA_050268825.1|JBLNHD010000150.1_10	SP	282
GCA_050287105.1|JBNKBG010000070.1_3	LIPO	335
GCA_050287265.1|JBNKBO010000034.1_31	LIPO	325
GCA_050287265.1|JBNKBO010000063.1_13	LIPO	321
GCA_050287785.1|JBNKCO010000007.1_4	SP	813
GCA_050287965.1|JBNKCX010000006.1_7	SP	334
GCA_050288805.1|JBNKEN010000065.1_14	SP	328
GCA_050288805.1|JBNKEN010000246.1_1	LIPO	383
GCA_050289105.1|JBNKFC010000526.1_19	SP	296
GCA_050289625.1|JBNKGC010000344.1_3	SP	413
GCA_050289805.1|JBNKGL010000021.1_1	SP	389
GCA_050290065.1|JBNKGY010000005.1_38	SP	513
GCA_050290065.1|JBNKGY010000113.1_2	SP	794
GCA_050290145.1|JBNKHC010000252.1_6	SP	387
GCA_050290225.1|JBNKHG010000070.1_19	SP	563
GCA_050290545.1|JBNKHV010000162.1_33	LIPO	454
GCA_050290705.1|JBNKIC010000026.1_202	SP	304
GCA_050291245.1|JBNKJP010000016.1_23	SP	357
GCA_050291605.1|JBNKKB010000102.1_2	SP	340
GCA_050291605.1|JBNKKB010000119.1_57	LIPO	330
GCA_050291625.1|JBNKKC010000003.1_7	LIPO	326
GCA_050291625.1|JBNKKC010000127.1_36	SP	513
GCA_050292445.1|JBNKLQ010000220.1_8	LIPO	317
GCA_050293865.1|JBNKNN010000083.1_23	LIPO	324
GCA_050294405.1|JBNKOC010000005.1_12	SP	343
GCA_050294405.1|JBNKOC010000034.1_200	SP	349
GCA_050294655.1|JBNKOL010000061.1_4	LIPO	335
GCA_050295515.1|JBNKPU010000138.1_21	SP	796
GCA_050295515.1|JBNKPU010000138.1_62	SP	668
GCA_050295975.1|JBNKQR010000067.1_9	LIPO	335
GCA_050296515.1|JBNKRJ010000008.1_9	SP	815
GCA_050296515.1|JBNKRJ010000040.1_22	SP	433
GCA_050296935.1|JBNKRV010000219.1_4	SP	795
GCA_050298035.1|JBNKTK010000052.1_10	SP	787
GCA_050299315.1|JBNKVS010000058.1_77	LIPO	405
GCA_050299855.1|JBNKWQ010000042.1_69	SP	587
GCA_050300015.1|JBNKWZ010000015.1_103	LIPO	330
GCA_050300835.1|JBNKYJ010000110.1_2	SP	356
GCA_050300995.1|JBNKYR010000118.1_6	SP	319
GCA_050301235.1|JBNKZD010000189.1_33	SP	349
GCA_050301235.1|JBNKZD010000293.1_3	SP	349
GCA_050301775.1|JBNKZT010000058.1_10	LIPO	317
GCA_050301935.1|JBNLAC010000008.1_43	SP	333
GCA_050302315.1|JBNLAV010000106.1_17	LIPO	335
GCA_050304135.1|JBNLDC010000057.1_31	SP	370
GCA_050304135.1|JBNLDC010000057.1_32	SP	348
GCA_050304135.1|JBNLDC010000076.1_25	SP	347
GCA_050304755.1|JBNLED010000085.1_34	LIPO	424
GCA_050305555.1|JBNLFN010000091.1_11	LIPO	330
GCA_050305555.1|JBNLFN010000106.1_23	SP	340
GCA_050305935.1|JBNLGG010000057.1_12	SP	801
GCA_050305995.1|JBNLGJ010000080.1_114	LIPO	304
GCA_050329975.1|JBHJOG010000108.1_4	SP	313
GCA_050330055.1|JBHJOF010000235.1_14	SP	414
GCA_050331015.1|JBHJHH010000088.1_4	SP	347
GCA_050331215.1|JBHJHB010000037.1_23	LIPO	787
GCA_050331395.1|JBHJGX010000061.1_23	SP	337
GCA_050331455.1|JBHJGV010000020.1_57	LIPO	360
GCA_050485185.1|JBJHAW010000039.1_10	SP	339
GCA_050485425.1|JBJHBJ010000020.1_44	SP	459
GCA_050486385.1|JBJHDE010000796.1_1	SP	307
GCA_050563515.1|CP191781.1_7191	SP	306
GCA_050573115.1|JBNYZT010000001.1_353	SP	335
GCA_050613715.1|JAJSZB010000154.1_3	SP	497
GCA_050618075.1|JBNLVL010000024.1_57	SP	329
GCA_050632295.1|CP192597.1_7361	SP	498
GCA_050632415.1|CP192602.1_3134	SP	599
GCA_050633105.1|JBOEFW010000043.1_166	SP	377
GCA_050633245.1|JBOEGD010000026.1_161	SP	405
GCA_050633285.1|JBOEGG010000002.1_111	SP	308
GCA_050633305.1|JBOEGF010000018.1_543	SP	427
GCA_050633305.1|JBOEGF010000040.1_7	LIPO	423
GCA_050694015.1|JBOGWY010000048.1_20	SP	346
GCA_050695155.1|JBOGTO010000070.1_12	LIPO	347
GCA_050698875.1|JBOHCP010000129.1_5	LIPO	325
GCA_050699635.1|JBOHFK010000001.1_50	SP	308
GCA_050700895.1|JBOHEE010000396.1_5	SP	377
GCA_050700995.1|JBOHEL010000053.1_4	SP	410
GCA_050701635.1|JBOGDF010000311.1_2	SP	335
GCA_050701635.1|JBOGDF010000333.1_11	SP	413
GCA_050701635.1|JBOGDF010000379.1_1	SP	465
GCA_050701675.1|JBOGDD010000108.1_5	SP	314
GCA_050701695.1|JBOGDE010000108.1_2	SP	395
GCA_050701795.1|JBOGDK010000268.1_2	SP	337
GCA_050701895.1|JBOGFT010000036.1_8	SP	327
GCA_050725375.1|JBOHCW010000042.1_9	SP	389
GCA_050725375.1|JBOHCW010000347.1_2	SP	439
GCA_050725375.1|JBOHCW010000364.1_2	SP	362
GCA_050731995.1|JBOHQB010000078.1_3	SP	303
GCA_050733015.1|JBOHSB010000049.1_8	SP	306
GCA_050733115.1|JBOHSC010000384.1_16	SP	330
GCA_050733215.1|JBOHSN010000063.1_7	SP	323
GCA_050733495.1|JBOHTC010000227.1_2	SP	302
GCA_050733775.1|JBOHTT010000303.1_5	LIPO	364
GCA_050734185.1|JBOHUE010000075.1_11	LIPO	301
GCA_050735855.1|JBOHWA010000641.1_2	SP	320
GCA_050735855.1|JBOHWA010000791.1_4	SP	341
GCA_050735855.1|JBOHWA010000850.1_15	SP	496
GCA_050736675.1|JBOHWI010000053.1_2	SP	331
GCA_050736675.1|JBOHWI010000373.1_3	SP	313
GCA_050738315.1|JBOHZD010000194.1_6	LIPO	327
GCA_050738555.1|JBOHZO010000159.1_50	SP	336
GCA_050739495.1|JBOIBL010000007.1_9	SP	313
GCA_050739815.1|JBOICE010000154.1_9	SP	283
GCA_050740315.1|JBOIDC010000001.1_172	SP	406
GCA_050740335.1|JBOICY010000313.1_25	SP	357
GCA_050740655.1|JBOIDW010000455.1_1	SP	282
GCA_050740695.1|JBOIDR010000034.1_5	SP	382
GCA_050740915.1|JBOIEG010000623.1_1	LIPO	380
GCA_050740975.1|JBOIEE010000355.1_9	SP	402
GCA_050741515.1|JBOIFD010000215.1_5	SP	351
GCA_050742255.1|JBOGHU010000103.1_11	LIPO	309
GCA_050743145.1|JBOGDU010000289.1_8	LIPO	294
GCA_050743365.1|JBOGFI010000029.1_29	LIPO	315
GCA_050743365.1|JBOGFI010000133.1_7	SP	339
GCA_050743385.1|JBOGFJ010000118.1_25	SP	341
GCA_050743445.1|JBOGFO010000090.1_9	SP	283
GCA_050743545.1|JBOGFU010000252.1_2	SP	323
GCA_050743805.1|JBOGFX010000304.1_1	SP	334
GCA_050744085.1|JBOGGU010000042.1_1	LIPO	352
GCA_050744085.1|JBOGGU010000113.1_3	LIPO	313
GCA_050744865.1|JBOGHW010000051.1_93	LIPO	345
GCA_050746005.1|JBOGLC010000054.1_95	SP	332
GCA_050747445.1|JBOGOE010000212.1_2	LIPO	359
GCA_050747585.1|JBOGOL010000563.1_3	SP	336
GCA_050815835.1|CP139096.1_1647	SP	335
GCA_050872465.1|JBNMGX010000078.1_6	SP	511
GCA_050874765.1|JBNMLI010000062.1_4	SP	284
GCA_050916095.1|CP050901.1_3490	SP	397
GCA_050936235.1|JBNJNE010000001.1_2043	SP	288
GCA_050936235.1|JBNJNE010000001.1_7345	LIPO	318
GCA_050936435.1|JBNJMT010000001.1_1939	LIPO	315
GCA_050936435.1|JBNJMT010000001.1_3041	SP	319
GCA_050942275.1|CP192047.1_359	SP	300
GCA_050942745.1|JBMNNX010000120.1_11	LIPO	312
GCA_050946825.1|CP191993.1_1214	SP	442
GCA_050946825.1|CP191993.1_4145	SP	398
GCA_050949265.1|CP192012.1_6510	SP	439
GCA_050950105.1|JBMNGZ010000005.1_919	LIPO	320
GCA_050954465.1|JBPBPU010000069.1_13	SP	395
GCA_050954585.1|CP191863.1_2878	SP	370
GCA_050955755.1|CP192092.1_2178	SP	416
GCA_050956135.1|CP191849.1_6111	SP	434
GCA_050987995.1|CP158805.1_189	SP	368
GCA_050987995.1|CP158805.1_1305	SP	368
GCA_050987995.1|CP158805.1_1568	SP	341
GCA_050987995.1|CP158805.1_1648	SP	358
GCA_050997675.1|JBPCQX010000049.1_3	SP	289
GCA_050997675.1|JBPCQX010000049.1_4	SP	319
GCA_050998755.1|JBPCPW010000080.1_15	LIPO	431
GCA_050999075.1|JBPCPO010000033.1_29	SP	307
GCA_050999295.1|JBPCPI010000184.1_7	LIPO	322
GCA_051002015.1|JBPCMS010000094.1_8	LIPO	321
GCA_051002235.1|JBPCMN010000052.1_22	SP	308
GCA_051005175.1|JBPCJP010000202.1_1	SP	287
GCA_051006015.1|JBPCIT010000266.1_3	LIPO	307
GCA_051006775.1|JBPCSX010000240.1_28	SP	298
GCA_051009975.1|JBPCWA010000576.1_1	SP	332
GCA_051010795.1|JBPCVE010000242.1_3	SP	292
GCA_051010835.1|JBPCVC010000117.1_11	SP	322
GCA_051011615.1|JBPCTP010000556.1_3	LIPO	305
GCA_051117475.1|JBNPEE010000012.1_2	SP	307
GCA_051132385.1|CP120527.1_540	SP	332
GCA_051208045.1|JBPJFY010000001.1_239	LIPO	308
GCA_051252095.1|JBPOFK010000004.1_36	SP	334
GCA_051269965.1|JBNMFK010000198.1_5	SP	306
GCA_051277005.1|JBNMPS010000023.1_13	SP	299
GCA_051278195.1|JBNMQM010000009.1_70	SP	323
GCA_051294195.1|CP193985.1_116	SP	591
GCA_051306175.1|JBPPMS010000168.1_32	LIPO	277
GCA_051306215.1|JBPPMU010000132.1_2	SP	287
GCA_051306235.1|JBPPMV010000447.1_7	LIPO	284
GCA_051306275.1|JBPPMX010000201.1_1	LIPO	320
GCA_051525975.1|CP150314.1_9729	LIPO	326
GCA_051531915.1|JAOPTQ010000011.1_23	LIPO	818
GCA_051646165.1|JBOFCR010000031.1_2	SP	285
GCA_051646165.1|JBOFCR010000031.1_3	SP	280
GCA_051646165.1|JBOFCR010000016.1_20	SP	304
GCA_051646185.1|JBOFCS010000038.1_10	LIPO	309
GCA_051649365.1|JBOFGY010000140.1_18	SP	291
GCA_051660925.1|JBOFQO010000002.1_3	SP	296
GCA_051745635.1|JBNJEH010000033.1_13	SP	380
GCA_051746485.1|JBNJFC010000099.1_4	SP	360
GCA_051747425.1|JBNJGD010000015.1_6	LIPO	480
GCA_051747585.1|JBNJGH010000095.1_4	SP	342
GCA_051748005.1|JBNJGW010000094.1_5	SP	364
GCA_051749325.1|JBNJIL010000016.1_48	SP	363
GCA_051749645.1|JBNJIT010000002.1_530	SP	351
GCA_051750125.1|JBNJJK010000001.1_178	SP	350
GCA_051751285.1|JBNJKT010000005.1_32	SP	350
GCA_051751685.1|JBNJLE010000001.1_97	SP	355
GCA_051789535.1|CP196525.1_104	LIPO	585
GCA_051859245.1|JBHYGA010000001.1_1037	SP	344
GCA_051861265.1|JBHYDA010000002.1_16	SP	315
GCA_051869955.1|JBJEBJ010000013.1_50	SP	323
GCA_051870135.1|JBJEBP010000027.1_3	SP	347
GCA_051871645.1|JBJEDC010000054.1_6	SP	294
GCA_051889855.1|JBJFDE010000311.1_2	SP	301
GCA_051952955.1|JBQCJG010000241.1_8	SP	613
GCA_051953515.1|JBQCIS010000208.1_5	SP	290
GCA_051955575.1|JBQCGO010000020.1_3	SP	369
GCA_051985095.1|JBPYEE010000021.1_2	LIPO	309
GCA_051986465.1|JBPYFB010000445.1_13	SP	342
GCA_052033755.1|JBPOJH010000015.1_47	SP	384
GCA_052033955.1|JBPOJD010000070.1_19	LIPO	302
GCA_052034585.1|JBPOIJ010000072.1_11	SP	403
GCA_052034585.1|JBPOIJ010000024.1_35	LIPO	312
GCA_052035235.1|JBPOHT010000043.1_27	SP	360
GCA_052035235.1|JBPOHT010000043.1_49	LIPO	302
GCA_052139835.1|JBKQVT010000009.1_6	SP	303
GCA_052143275.1|JBKQTH010000440.1_16	SP	339
GCA_052143315.1|JBKQTE010000066.1_136	LIPO	322
GCA_052143895.1|JBKQRT010000387.1_6	LIPO	362
GCA_052145775.1|JBKQNY010000030.1_27	SP	345
GCA_052146355.1|JBKQNE010000104.1_24	SP	320
GCA_052146355.1|JBKQNE010000135.1_105	SP	338
GCA_052146735.1|JBKQMK010000261.1_3	SP	331
GCA_052147435.1|JBKQKP010000260.1_12	LIPO	381
GCA_052147435.1|JBKQKP010000285.1_16	LIPO	341
GCA_052147435.1|JBKQKP010000357.1_45	LIPO	344
GCA_052147435.1|JBKQKP010000381.1_4	SP	457
GCA_052147535.1|JBKQKK010000047.1_3	SP	367
GCA_052148155.1|JBKQIY010000265.1_9	LIPO	333
GCA_052161605.1|CP197409.1_578	SP	315
GCA_052245575.1|JBQQCG010000014.1_102	SP	316
GCA_052245575.1|JBQQCG010000074.1_26	SP	460
GCA_052245655.1|JBQQBZ010000024.1_92	SP	548
GCA_052245835.1|JBQQBT010000016.1_36	SP	330
GCA_052245935.1|JBQQBR010000015.1_31	SP	425
GCA_052245935.1|JBQQBR010000030.1_69	SP	444
GCA_052246385.1|JBQQBY010000029.1_24	SP	361
GCA_052246635.1|JBQQCA010000001.1_117	SP	328
GCA_052246905.1|JBQQBO010000011.1_195	SP	322
GCA_052267165.1|JBKQHO010000058.1_17	LIPO	397
GCA_052325425.1|JBKQUY010000061.1_35	SP	494
GCA_052325425.1|JBKQUY010000067.1_14	SP	328
GCA_052326585.1|JBKQLU010000044.1_121	SP	324
GCA_052355365.1|DAWDCC010000093.1_7	SP	455
GCA_052379125.1|JBQSYH010000004.1_253	SP	368
GCA_052380015.1|JBQTCI010000001.1_268	SP	635
GCA_052380015.1|JBQTCI010000002.1_643	SP	333
GCA_052386505.1|JBQTKB010000073.1_62	LIPO	304
GCA_052386675.1|JBQTJX010000039.1_27	SP	324
GCA_052386745.1|JBQTJW010000034.1_12	LIPO	306
GCA_052386775.1|JBQTJV010000249.1_3	SP	320
GCA_052387115.1|JBQTJM010000286.1_48	SP	355
GCA_052387335.1|JBQTJH010000020.1_11	LIPO	304
GCA_052387375.1|JBQTJF010000092.1_7	SP	327
GCA_052387695.1|JBQTIX010000081.1_21	LIPO	305
GCA_052387855.1|JBQTIT010000070.1_15	LIPO	336
GCA_052388175.1|JBQTIL010000142.1_2	SP	313
GCA_052389535.1|JBQTHU010000111.1_9	SP	321
GCA_052389695.1|JBQTHQ010000035.1_17	SP	373
GCA_052389755.1|JBQTHP010000254.1_7	SP	341
GCA_052389815.1|JBQTHN010000232.1_9	SP	302
GCA_052389915.1|JBQTHL010000012.1_32	LIPO	301
GCA_052390055.1|JBQTHH010000009.1_51	SP	358
GCA_052390155.1|JBQTHF010000030.1_177	SP	314
GCA_052390155.1|JBQTHF010000047.1_62	SP	414
GCA_052390155.1|JBQTHF010000057.1_5	LIPO	296
GCA_052390575.1|JBQTGU010000156.1_2	LIPO	342
GCA_052439355.1|JBNFWU010000001.1_3693	SP	334
GCA_900078375.1|FLQS01000034.1_119	SP	285
GCA_900078775.1|LT549889.1_4668	SP	338
GCA_900100495.1|FNCT01000008.1_197	SP	285
GCA_900101265.1|FMZS01000022.1_11	SP	323
GCA_900101265.1|FMZS01000007.1_132	SP	574
GCA_900129675.1|FSRD01000003.1_1042	SP	426
GCA_900129675.1|FSRD01000001.1_594	SP	308
GCA_900129675.1|FSRD01000001.1_987	TAT	477
GCA_900177435.1|FXAI01000003.1_38	SP	516
GCA_900230185.1|OCSR01000002.1_178	SP	373
GCA_900290295.1|OMSW01000143.1_3	SP	408
GCA_900290335.1|OKRD01000131.1_16	SP	307
GCA_900299185.1|OMIV01000064.1_18	SP	338
GCA_900299355.1|OMJR01000084.1_15	LIPO	331
GCA_900299495.1|OMKD01000349.1_3	SP	381
GCA_900313845.1|OMTC01000392.1_2	SP	520
GCA_900314715.1|OMWI01000013.1_13	SP	591
GCA_900315455.1|OMZE01000030.1_1	SP	459
GCA_900316445.1|ONCZ01000012.1_47	SP	473
GCA_900316505.1|ONDH01000013.1_18	SP	463
GCA_900316525.1|ONDF01000010.1_17	SP	286
GCA_900316955.1|ONEX01000001.1_172	SP	285
GCA_900317365.1|ONGM01000162.1_16	LIPO	526
GCA_900317685.1|ONHQ01000021.1_9	SP	455
GCA_900318015.1|ONJB01000047.1_7	SP	284
GCA_900318195.1|ONJR01000119.1_9	LIPO	533
GCA_900318955.1|ONMJ01000001.1_80	SP	296
GCA_900321845.1|ONXT01000081.1_2	SP	396
GCA_900466575.1|UBMP01000025.1_151	SP	313
GCA_900467685.1|UBQX01000026.1_105	SP	290
GCA_900467745.1|UBQW01000002.1_66	SP	317
GCA_900471485.1|UCEU01000040.1_107	SP	317
GCA_900471515.1|UCFC01000008.1_9	SP	307
GCA_900473185.1|UCKU01000033.1_49	SP	310
GCA_900498135.1|LR026961.1_1385	SP	351
GCA_900537185.1|LS999829.1_223	LIPO	296
GCA_900546925.1|UREV01000001.1_2	SP	296
GCA_900548195.1|URJQ01000002.1_18	SP	835
GCA_900548345.1|URKA01000002.1_50	SP	701
GCA_900548535.1|URLG01000009.1_7	SP	746
GCA_900549885.1|URQA01000007.1_7	LIPO	385
GCA_900550375.1|URRP01000014.1_27	SP	287
GCA_900552955.1|USBO01000025.1_5	SP	287
GCA_900554835.1|USJD01000018.1_6	SP	539
GCA_900609035.2|UXAT02000004.1_78	SP	377
GCA_900696625.1|CAADGU010000052.1_10	SP	320
GCA_900761235.1|CAAFCC010000007.1_2	SP	301
GCA_900761235.1|CAAFCC010000103.1_5	SP	284
GCA_900765465.1|CAAFRM010000070.1_11	SP	538
GCA_900769385.1|CAAGGO010000336.1_6	SP	251
GCA_900769555.1|CAAGHA010000128.1_32	SP	855
GCA_900769735.1|CAAGHY010000156.1_2	SP	289
GCA_900769745.1|CAAGHX010000077.1_20	SP	295
GCA_900770395.1|CAAGKM010000023.1_58	SP	816
GCA_900772565.1|CAAHET010000027.1_13	TAT	637
GCA_902167985.1|CABHNZ010000012.1_16	SP	312
GCA_902384685.1|CABMCU010000058.1_43	LIPO	315
GCA_902471075.1|CABRIW010000022.1_29	SP	303
GCA_902471455.1|CABRKI010000033.1_18	SP	680
GCA_902471455.1|CABRKI010000149.1_2	SP	457
GCA_902509965.1|CABWZP010000002.1_74	SP	296
GCA_902511755.1|CABXGL010000009.1_23	LIPO	300
GCA_902514105.1|CABXPU010000010.1_16	SP	317
GCA_902515565.1|CABXVR010000010.1_29	LIPO	294
GCA_902517565.1|CABYCU010000001.1_138	SP	303
GCA_902520835.1|CABYPD010000011.1_23	LIPO	304
GCA_902521645.1|CABYSN010000003.1_5	SP	349
GCA_902522775.1|CABYWQ010000003.1_36	LIPO	304
GCA_902523065.1|CABYXZ010000001.1_43	LIPO	325
GCA_902526165.1|CABZKA010000009.1_52	LIPO	296
GCA_902527245.1|CABZOI010000002.1_107	LIPO	334
GCA_902528515.1|CABZTD010000015.1_24	SP	330
GCA_902528705.1|CABZTM010000005.1_9	LIPO	296
GCA_902529805.1|CABZXU010000001.1_149	LIPO	318
GCA_902532015.1|CACAGI010000001.1_104	SP	308
GCA_902532675.1|CACAIY010000005.1_62	SP	305
GCA_902533035.1|CACAKI010000020.1_11	SP	339
GCA_902535165.1|CACASE010000007.1_9	LIPO	306
GCA_902537425.1|CACBBD010000002.1_53	SP	305
GCA_902542325.1|CACBUE010000021.1_3	SP	305
GCA_902542445.1|CACBUT010000022.1_4	LIPO	301
GCA_902544085.1|CACCAP010000002.1_163	LIPO	303
GCA_902550325.1|CACCYT010000007.1_14	LIPO	303
GCA_902551855.1|CACDER010000038.1_5	SP	291
GCA_902554355.1|CACDOC010000024.1_3	SP	307
GCA_902554655.1|CACDPE010000002.1_97	LIPO	304
GCA_902556425.1|CACDWG010000003.1_86	SP	327
GCA_902557645.1|CACEAP010000001.1_240	SP	317
GCA_902557655.1|CACEAZ010000013.1_19	SP	370
GCA_902557965.1|CACECK010000012.1_4	LIPO	324
GCA_902559035.1|CACEGG010000004.1_37	LIPO	303
GCA_902559885.1|CACEJU010000012.1_22	LIPO	315
GCA_902567095.1|CACFLG010000001.1_78	SP	878
GCA_902569115.1|CACFTI010000029.1_19	SP	395
GCA_902574335.1|CACGNO010000002.1_21	LIPO	304
GCA_902574355.1|CACGNN010000004.1_11	SP	305
GCA_902580855.1|CACHMF010000006.1_39	SP	350
GCA_902581045.1|CACHMU010000012.1_8	LIPO	286
GCA_902587325.1|CACIKV010000011.1_16	LIPO	304
GCA_902594545.1|CACJMO010000031.1_4	SP	304
GCA_902597545.1|CACJYD010000009.1_58	LIPO	306
GCA_902598295.1|CACKBA010000010.1_28	LIPO	303
GCA_902604855.1|CACLAF010000001.1_235	SP	305
GCA_902606175.1|CACLEZ010000012.1_36	SP	305
GCA_902606525.1|CACLGW010000012.1_17	LIPO	315
GCA_902606555.1|CACLGQ010000021.1_2	LIPO	328
GCA_902609185.1|CACLQX010000028.1_7	LIPO	296
GCA_902611645.1|CACMAF010000001.1_30	SP	305
GCA_902614065.1|CACMJT010000002.1_161	LIPO	303
GCA_902614915.1|CACMMX010000008.1_18	SP	375
GCA_902615915.1|CACMQQ010000009.1_10	LIPO	312
GCA_902618945.1|CACNCK010000001.1_68	SP	305
GCA_902622575.1|CACNQJ010000001.1_6	LIPO	304
GCA_902628365.1|CACOMW010000005.1_26	LIPO	316
GCA_902628375.1|CACOMS010000039.1_4	LIPO	303
GCA_902630715.1|CACOVO010000001.1_125	SP	304
GCA_902632555.1|CACPCZ010000006.1_24	LIPO	325
GCA_902727865.1|CACVAQ010000274.1_8	SP	383
GCA_902756345.1|CACVQR010000016.1_9	SP	500
GCA_902761355.1|CACWJY010000004.1_5	SP	500
GCA_902761605.1|CACWLC010000064.1_1	SP	743
GCA_902761905.1|CACWMK010000021.1_40	SP	476
GCA_902762305.1|CACWNW010000008.1_52	SP	512
GCA_902762305.1|CACWNW010000011.1_83	SP	391
GCA_902766045.1|CACXCA010000025.1_26	SP	585
GCA_902766045.1|CACXCA010000071.1_13	SP	486
GCA_902767775.1|CACXIP010000013.1_41	SP	453
GCA_902768325.1|CACXKY010000108.1_7	SP	398
GCA_902770735.1|CACXUB010000050.1_8	SP	334
GCA_902776605.1|CACYQQ010000058.1_13	SP	676
GCA_902776765.1|CACYRP010000021.1_22	SP	490
GCA_902776985.1|CACYSD010000008.1_5	SP	461
GCA_902779055.1|CACZAD010000005.1_61	SP	490
GCA_902779745.1|CACZCT010000054.1_20	SP	594
GCA_902779845.1|CACZCZ010000012.1_4	SP	604
GCA_902781705.1|CACZKE010000013.1_44	SP	285
GCA_902782715.1|CACZOG010000104.1_9	LIPO	293
GCA_902784425.1|CACZUS010000027.1_15	SP	878
GCA_902784425.1|CACZUS010000048.1_2	SP	588
GCA_902784425.1|CACZUS010000053.1_17	SP	501
GCA_902784425.1|CACZUS010000069.1_12	SP	486
GCA_902785065.1|CACZXH010000034.1_15	SP	285
GCA_902786505.1|CADACS010000002.1_17	SP	512
GCA_902786565.1|CADACW010000019.1_8	SP	592
GCA_902786595.1|CADADB010000001.1_236	SP	373
GCA_902786665.1|CADADN010000019.1_6	SP	470
GCA_902788605.1|CADAKX010000042.1_2	SP	589
GCA_902791475.1|CADAWC010000002.1_31	SP	496
GCA_902792855.1|CADBBP010000124.1_2	SP	585
GCA_902795385.1|CADBLC010000023.1_7	SP	504
GCA_902795605.1|CADBLU010000269.1_4	SP	585
GCA_902798615.1|CADBXL010000038.1_11	SP	592
GCA_902799455.1|CADCAX010000153.1_2	SP	593
GCA_902799745.1|CADCBQ010000037.1_2	SP	500
GCA_902800305.1|CADCDP010000010.1_43	LIPO	459
GCA_902801155.1|CADCHG010000017.1_27	SP	592
GCA_902802585.1|CADCMR010000006.1_11	LIPO	789
GCA_902803135.1|CADCPA010000071.1_3	SP	290
GCA_902805535.1|CADCTN010000146.1_63	SP	370
GCA_902805565.1|CADCTP010000050.1_6	SP	387
GCA_902805775.1|CADCUB010000068.1_9	SP	368
GCA_902806425.1|CADCWP010000022.1_11	SP	286
GCA_902825785.1|CADECN010000044.1_3	LIPO	364
GCA_902825795.1|CADECG010000010.1_8	SP	333
GCA_902825795.1|CADECG010000031.1_11	SP	413
GCA_902825795.1|CADECG010000034.1_28	SP	373
GCA_902826395.1|CADEER010000046.1_26	LIPO	289
GCA_902826515.1|CADEFD010000053.1_27	SP	312
GCA_902826615.1|CADEFN010000002.1_526	SP	306
GCA_902826815.1|CADEGF010000077.1_22	SP	287
GCA_903820035.1|CAIJFT010000217.1_8	SP	399
GCA_903820735.1|CAIJIZ010000137.1_4	SP	348
GCA_903820735.1|CAIJIZ010000714.1_2	SP	304
GCA_903820735.1|CAIJIZ010000738.1_17	SP	605
GCA_903822375.1|CAIJOU010000221.1_4	LIPO	308
GCA_903822375.1|CAIJOU010000482.1_6	LIPO	316
GCA_903822545.1|CAIJPN010000130.1_5	LIPO	383
GCA_903824675.1|CAIJXV010000061.1_60	LIPO	348
GCA_903825565.1|CAIKBD010000223.1_5	SP	313
GCA_903826865.1|CAIKGD010000007.1_17	LIPO	335
GCA_903826865.1|CAIKGD010000007.1_20	SP	334
GCA_903828805.1|CAIKNO010000070.1_8	LIPO	354
GCA_903829565.1|CAIKQM010000688.1_5	SP	899
GCA_903829945.1|CAIKRV010000010.1_4	SP	396
GCA_903831745.1|CAIKYX010000140.1_5	SP	340
GCA_903833275.1|CAILEP010000031.1_171	SP	349
GCA_903834765.1|CAILKE010000031.1_10	SP	384
GCA_903834765.1|CAILKE010000041.1_28	SP	403
GCA_903834785.1|CAILKP010000023.1_5	LIPO	622
GCA_903835185.1|CAILLX010000137.1_3	SP	329
GCA_903835685.1|CAILNX010000053.1_92	SP	317
GCA_903836265.1|CAILQK010000215.1_18	SP	392
GCA_903837345.1|CAILUG010000059.1_36	SP	303
GCA_903837355.1|CAILUI010000029.1_4	LIPO	383
GCA_903837785.1|CAILVY010000029.1_16	LIPO	313
GCA_903837785.1|CAILVY010000243.1_11	LIPO	318
GCA_903839195.1|CAIMBK010000029.1_1	LIPO	309
GCA_903840165.1|CAIMEY010000088.1_49	LIPO	339
GCA_903842235.1|CAIMLG010000064.1_8	SP	319
GCA_903842235.1|CAIMLG010000150.1_27	SP	329
GCA_903842345.1|CAIMLR010000020.1_92	LIPO	392
GCA_903842575.1|CAIMMM010000038.1_3	SP	404
GCA_903842595.1|CAIMMO010000002.1_80	LIPO	317
GCA_903843965.1|CAIMRY010000006.1_94	SP	484
GCA_903844055.1|CAIMSF010000031.1_9	LIPO	324
GCA_903844265.1|CAIMTB010000424.1_2	SP	811
GCA_903845125.1|CAIMWS010000164.1_23	SP	307
GCA_903847205.1|CAINDA010000026.1_30	SP	698
GCA_903847205.1|CAINDA010000041.1_15	SP	490
GCA_903847205.1|CAINDA010000055.1_14	SP	326
GCA_903847585.1|CAINEC010000077.1_28	SP	375
GCA_903847945.1|CAINEY010000023.1_2	LIPO	312
GCA_903847975.1|CAINFC010000138.1_70	SP	268
GCA_903853895.1|CAINUX010000006.1_9	SP	491
GCA_903854075.1|CAINVI010000085.1_15	SP	378
GCA_903854205.1|CAINVS010000432.1_4	SP	381
GCA_903854305.1|CAINWC010000226.1_1	SP	327
GCA_903856025.1|CAIOAQ010000230.1_6	SP	348
GCA_903857495.1|CAIOFF010000016.1_46	SP	263
GCA_903858115.1|CAIOHR010000055.1_182	SP	304
GCA_903858115.1|CAIOHR010000242.1_97	SP	608
GCA_903858205.1|CAIOHY010000188.1_4	SP	348
GCA_903858275.1|CAIOIC010000018.1_2	SP	623
GCA_903858815.1|CAIOKE010000261.1_21	SP	554
GCA_903858935.1|CAIOKO010000095.1_8	SP	349
GCA_903861055.1|CAIOSU010000308.1_3	SP	384
GCA_903861145.1|CAIOTH010000033.1_10	SP	301
GCA_903862565.1|CAIOYU010000053.1_35	SP	280
GCA_903863255.1|CAIPBJ010000079.1_10	SP	315
GCA_903863845.1|CAIPDP010000086.1_7	SP	297
GCA_903863885.1|CAIPEB010000189.1_25	SP	301
GCA_903865775.1|CAIPKZ010000142.1_3	SP	299
GCA_903867855.1|CAIPTA010000174.1_44	SP	318
GCA_903869075.1|CAIPXZ010000652.1_2	LIPO	387
GCA_903870175.1|CAIQBY010000147.1_3	SP	305
GCA_903871765.1|CAIQIC010000019.1_1	SP	418
GCA_903871805.1|CAIQIE010000103.1_1	SP	596
GCA_903871865.1|CAIQIL010000607.1_2	SP	335
GCA_903871875.1|CAIQIR010000057.1_76	LIPO	329
GCA_903872185.1|CAIQJL010000102.1_1	SP	384
GCA_903873915.1|CAIQQH010000019.1_10	SP	395
GCA_903873915.1|CAIQQH010000068.1_99	SP	317
GCA_903874575.1|CAIQSZ010000071.1_5	SP	316
GCA_903877095.1|CAIRCP010000019.1_11	SP	296
GCA_903877395.1|CAIRDU010000050.1_4	SP	303
GCA_903878115.1|CAIRGO010000257.1_5	SP	615
GCA_903879915.1|CAIRNJ010000077.1_27	SP	317
GCA_903881065.1|CAIRRW010000339.1_9	SP	411
GCA_903882745.1|CAIRYG010000005.1_103	LIPO	324
GCA_903884065.1|CAISDL010000135.1_7	SP	296
GCA_903884945.1|CAISGR010000147.1_14	SP	322
GCA_903885375.1|CAISIK010000115.1_5	LIPO	340
GCA_903885855.1|CAISKG010000180.1_2	SP	350
GCA_903885855.1|CAISKG010000241.1_5	SP	302
GCA_903885885.1|CAISKJ010000956.1_3	LIPO	310
GCA_903885885.1|CAISKJ010001418.1_2	LIPO	353
GCA_903885885.1|CAISKJ010001707.1_3	LIPO	545
GCA_903887045.1|CAISOD010000240.1_29	SP	395
GCA_903889245.1|CAISWQ010000100.1_30	SP	604
GCA_903889265.1|CAISWS010000014.1_3	SP	794
GCA_903889265.1|CAISWS010000239.1_2	SP	304
GCA_903889265.1|CAISWS010000335.1_2	SP	403
GCA_903889565.1|CAISYC010000058.1_2	LIPO	313
GCA_903889605.1|CAISYK010000143.1_2	SP	699
GCA_903889605.1|CAISYK010000567.1_3	SP	374
GCA_903889605.1|CAISYK010001116.1_13	SP	414
GCA_903889915.1|CAISZK010000078.1_6	SP	396
GCA_903891085.1|CAITDJ010000065.1_20	SP	383
GCA_903891165.1|CAITDR010000579.1_9	LIPO	301
GCA_903892045.1|CAITGX010000431.1_7	SP	490
GCA_903893315.1|CAITLU010000056.1_13	SP	510
GCA_903893795.1|CAITNO010000046.1_46	LIPO	308
GCA_903893795.1|CAITNO010000101.1_11	LIPO	316
GCA_903893815.1|CAITNS010000041.1_34	SP	383
GCA_903893815.1|CAITNS010000045.1_58	SP	409
GCA_903893815.1|CAITNS010000080.1_19	SP	381
GCA_903895595.1|CAITUP010000115.1_19	SP	376
GCA_903896925.1|CAITZM010000134.1_18	LIPO	254
GCA_903896925.1|CAITZM010000167.1_30	SP	339
GCA_903898975.1|CAIUHT010001100.1_2	SP	357
GCA_903899795.1|CAIUKX010000270.1_5	SP	322
GCA_903902895.1|CAIUWO010000331.1_1	LIPO	316
GCA_903902895.1|CAIUWO010000864.1_2	LIPO	307
GCA_903903985.1|CAIVAT010000057.1_258	SP	374
GCA_903904835.1|CAIVEI010000155.1_135	SP	349
GCA_903905445.1|CAIVGO010000598.1_1	SP	388
GCA_903905455.1|CAIVGN010000171.1_38	LIPO	413
GCA_903905455.1|CAIVGN010000187.1_61	LIPO	501
GCA_903905735.1|CAIVHU010000128.1_11	SP	347
GCA_903907955.1|CAIVPZ010000053.1_5	LIPO	301
GCA_903909375.1|CAIVVM010000039.1_53	SP	305
GCA_903910555.1|CAIVZZ010000008.1_33	LIPO	326
GCA_903910555.1|CAIVZZ010000010.1_3	SP	323
GCA_903910795.1|CAIWAX010000142.1_6	LIPO	331
GCA_903911145.1|CAIWCD010000024.1_125	LIPO	346
GCA_903911305.1|CAIWDB010000333.1_22	SP	352
GCA_903911435.1|CAIWDF010000118.1_5	SP	417
GCA_903911795.1|CAIWEX010000778.1_6	SP	302
GCA_903911795.1|CAIWEX010001177.1_13	SP	303
GCA_903911905.1|CAIWFK010000340.1_14	LIPO	624
GCA_903912515.1|CAIWHS010000145.1_9	SP	303
GCA_903914535.1|CAIWPG010000241.1_2	SP	342
GCA_903915565.1|CAIWTG010000221.1_11	LIPO	308
GCA_903917235.1|CAIWZS010000105.1_2	SP	600
GCA_903917305.1|CAIXAA010000743.1_5	LIPO	376
GCA_903917425.1|CAIXAQ010000510.1_3	SP	381
GCA_903917755.1|CAIXBT010000361.1_38	SP	384
GCA_903917755.1|CAIXBT010000418.1_11	SP	376
GCA_903918755.1|CAIXFN010000017.1_54	TAT	333
GCA_903919035.1|CAIXGY010000068.1_2	SP	601
GCA_903919455.1|CAIXIJ010000072.1_26	LIPO	659
GCA_903919535.1|CAIXIP010000115.1_43	SP	371
GCA_903919535.1|CAIXIP010000172.1_24	SP	499
GCA_903919535.1|CAIXIP010000291.1_22	SP	413
GCA_903919715.1|CAIXJC010000083.1_23	SP	681
GCA_903920145.1|CAIXKV010000170.1_14	SP	440
GCA_903921945.1|CAIXSC010000305.1_3	SP	612
GCA_903922465.1|CAIXTV010000199.1_8	SP	321
GCA_903923175.1|CAIXWQ010000649.1_4	LIPO	354
GCA_903923915.1|CAIXZI010000198.1_4	SP	405
GCA_903923915.1|CAIXZI010000201.1_6	SP	485
GCA_903925285.1|CAIYET010000604.1_8	SP	314
GCA_903925535.1|CAIYFY010000235.1_30	SP	385
GCA_903926385.1|CAIYIS010000007.1_17	SP	415
GCA_903926465.1|CAIYJE010000115.1_3	SP	296
GCA_903926695.1|CAIYKK010000168.1_3	SP	360
GCA_903927615.1|CAIYNU010000100.1_38	SP	355
GCA_903927935.1|CAIYOV010000125.1_7	SP	378
GCA_903927935.1|CAIYOV010000247.1_6	SP	385
GCA_903928365.1|CAIYQV010000059.1_4	SP	377
GCA_903928655.1|CAIYSA010000360.1_2	SP	380
GCA_903928915.1|CAIYSL010000134.1_8	LIPO	622
GCA_903929795.1|CAIYWC010000226.1_2	LIPO	385
GCA_903929885.1|CAIYWI010000095.1_6	SP	600
GCA_903930145.1|CAIYXP010000093.1_4	SP	353
GCA_903930765.1|CAIYZV010000378.1_8	SP	604
GCA_903931835.1|CAIZEE010000670.1_3	SP	319
GCA_903932505.1|CAIZGN010000044.1_2	LIPO	316
GCA_903932535.1|CAIZGR010000018.1_5	SP	378
GCA_903932685.1|CAIZGX010000078.1_12	SP	377
GCA_903933935.1|CAIZMB010000086.1_16	LIPO	315
GCA_903937385.1|CAIZZF010000005.1_174	SP	263
GCA_903944345.1|CAJARJ010000018.1_89	SP	335
GCA_903944555.1|CAJASG010000716.1_14	SP	335
GCA_903945495.1|CAJAVU010000041.1_1	SP	314
GCA_903945495.1|CAJAVU010000055.1_20	SP	369
GCA_903952135.1|CAJBER010000219.1_12	LIPO	315
GCA_903952805.1|CAJBHN010000299.1_1	SP	347
GCA_903952805.1|CAJBHN010000860.1_4	LIPO	314
GCA_903953815.1|CAJBLA010000138.1_2	LIPO	319
GCA_903957365.1|CAJBPB010000286.1_16	SP	381
GCA_903958265.1|CAJBSQ010000327.1_5	SP	594
GCA_903959965.1|CAJBZC010000413.1_2	LIPO	318
GCA_903961015.1|CAJCCX010000155.1_8	SP	671
GCA_903970165.1|CAJCHZ010000110.1_66	SP	306
GCA_903970385.1|CAJCIN010000039.1_4	SP	284
GCA_903970385.1|CAJCIN010000249.1_2	LIPO	371
GCA_903970475.1|CAJCIQ010000256.1_20	SP	296
GCA_903970545.1|CAJCJB010000332.1_5	SP	499
GCA_904420045.1|CAJFTY010000009.1_27	SP	396
GCA_904502005.1|CAJGDC010000008.1_9	SP	290
GCA_905181585.1|CAJIYG010000002.1_89	SP	338
GCA_905181635.1|CAJIYM010000003.1_29	SP	338
GCA_905181635.1|CAJIYM010000004.1_25	SP	617
GCA_905181705.1|CAJIYP010000003.1_485	LIPO	302
GCA_905181765.1|CAJIYW010000003.1_4	LIPO	302
GCA_905181765.1|CAJIYW010000005.1_1	LIPO	304
GCA_905181835.1|CAJIZF010000001.1_255	LIPO	292
GCA_905181835.1|CAJIZF010000002.1_103	SP	380
GCA_905182215.1|CAJJAI010000058.1_8	SP	380
GCA_905182235.1|CAJJAM010000016.1_16	SP	324
GCA_905182385.1|CAJJBS010000022.1_8	LIPO	286
GCA_905182495.1|CAJJBU010000003.1_91	SP	621
GCA_905182755.1|CAJJCS010000003.1_125	SP	605
GCA_905182765.1|CAJJCV010000027.1_8	LIPO	302
GCA_905182785.1|CAJJDF010000038.1_12	SP	381
GCA_905210385.1|CAJLWS010000002.1_17	LIPO	383
GCA_905213895.1|CAJMKE010000007.1_84	SP	284
GCA_905214725.1|CAJMNH010000007.1_68	SP	291
GCA_905233165.1|CAJODL010000003.1_30	SP	594
GCA_905233425.1|CAJOEC010000008.1_2	SP	463
GCA_905233465.1|CAJOEI010000036.1_6	SP	457
GCA_905234125.1|CAJOGQ010000009.1_10	SP	465
GCA_905234125.1|CAJOGQ010000013.1_30	SP	594
GCA_905234355.1|CAJOHP010000111.1_6	SP	579
GCA_905234735.1|CAJOJA010000011.1_126	SP	466
GCA_905235905.1|CAJONO010000023.1_5	SP	467
GCA_905235905.1|CAJONO010000193.1_9	SP	588
GCA_905236815.1|CAJOPE010000130.1_3	SP	458
GCA_905339165.1|CAJPFH010000005.1_77	SP	376
GCA_905339355.1|CAJPFZ010000079.1_4	SP	342
GCA_905339355.1|CAJPFZ010000148.1_4	SP	499
GCA_905381055.1|CAJPUR010000019.1_12	LIPO	324
GCA_905478185.1|CAJQHO010000028.1_4	SP	344
GCA_905478225.1|CAJQHR010000029.1_69	SP	378
GCA_905478555.1|CAJQIZ010000016.1_7	SP	345
GCA_905478665.1|CAJQJL010000145.1_8	SP	377
GCA_905478665.1|CAJQJL010000171.1_6	SP	321
GCA_905478675.1|CAJQJI010000026.1_6	LIPO	389
GCA_905478795.1|CAJQJX010000048.1_13	SP	360
GCA_905478995.1|CAJQKT010000023.1_94	SP	342
GCA_905479105.1|CAJQLE010000003.1_203	SP	377
GCA_905479115.1|CAJQLF010000050.1_3	SP	392
GCA_905479165.1|CAJQLK010000002.1_17	SP	344
GCA_905479415.1|CAJQMK010000042.1_25	LIPO	302
GCA_905479495.1|CAJQMR010000011.1_103	SP	682
GCA_905479635.1|CAJQNG010000019.1_2	SP	351
GCA_905479845.1|CAJQOB010000366.1_5	SP	370
GCA_905479915.1|CAJQOH010000002.1_15	SP	295
GCA_905479915.1|CAJQOH010000040.1_36	SP	387
GCA_905479995.1|CAJQON010000017.1_14	SP	292
GCA_905480075.1|CAJQOX010000358.1_3	LIPO	291
GCA_905480095.1|CAJQPF010000020.1_5	SP	617
GCA_905480095.1|CAJQPF010000106.1_4	SP	346
GCA_905480105.1|CAJQPC010000183.1_18	LIPO	297
GCA_905480125.1|CAJQPE010000009.1_53	SP	383
GCA_905480125.1|CAJQPE010000111.1_15	SP	380
GCA_905480225.1|CAJQPO010000112.1_1	SP	386
GCA_905480355.1|CAJQQA010000130.1_10	SP	341
GCA_905480425.1|CAJQQG010000051.1_5	LIPO	298
GCA_905480485.1|CAJQQM010000131.1_14	SP	376
GCA_905480595.1|CAJQQY010000349.1_5	SP	355
GCA_905612305.1|CAJQRK010000027.1_56	SP	341
GCA_910574205.1|CAJSYJ010000001.1_443	SP	304
GCA_910585275.1|CAJUCW010000007.1_71	SP	680
GCA_910586665.1|CAJUIX010000007.1_84	SP	681
GCA_910587285.1|CAJULM010000003.1_63	LIPO	377
GCA_910587285.1|CAJULM010000044.1_13	LIPO	388
GCA_913009205.1|CAJVYC010000026.1_10	SP	621
GCA_913009335.1|CAJVXN010000004.1_67	SP	346
GCA_913020145.1|CAJWAI010000009.1_23	LIPO	344
GCA_913020145.1|CAJWAI010000020.1_5	LIPO	339
GCA_913020765.1|CAJWAO010000064.1_10	SP	370
GCA_913030835.1|CAJWDP010000060.1_12	LIPO	297
GCA_913030895.1|CAJWGK010000053.1_7	LIPO	298
GCA_913030945.1|CAJWEP010000042.1_3	SP	343
GCA_913031125.1|CAJWFK010000001.1_96	LIPO	311
GCA_913031315.1|CAJWFU010000010.1_8	SP	349
GCA_913031395.1|CAJWDT010000002.1_71	SP	304
GCA_913041065.1|CAJWII010000124.1_4	SP	509
GCA_913041775.1|CAJWJW010000053.1_4	SP	380
GCA_913041895.1|CAJWKQ010000013.1_8	SP	282
GCA_913041905.1|CAJWJQ010000096.1_3	LIPO	299
GCA_913042085.1|CAJWKH010000009.1_22	SP	308
GCA_913042175.1|CAJWIX010000018.1_6	SP	370
GCA_913042175.1|CAJWIX010000147.1_2	LIPO	305
GCA_913044115.1|CAJWNO010000001.1_107	LIPO	324
GCA_913044235.1|CAJWOS010000104.1_6	LIPO	304
GCA_913045175.1|CAJWQG010000028.1_15	LIPO	348
GCA_913045175.1|CAJWQG010000067.1_4	LIPO	308
GCA_913045175.1|CAJWQG010000067.1_16	SP	351
GCA_913045205.1|CAJWQF010000025.1_32	SP	355
GCA_913045325.1|CAJWPZ010000003.1_10	SP	605
GCA_913045345.1|CAJWPN010000089.1_2	LIPO	275
GCA_913046315.1|CAJWRW010000020.1_4	SP	334
GCA_913046365.1|CAJWRM010000020.1_26	SP	621
GCA_913046365.1|CAJWRM010000028.1_28	SP	370
GCA_913047375.1|CAJWTV010000018.1_29	SP	373
GCA_913048175.1|CAJWVX010000033.1_12	SP	295
GCA_913048175.1|CAJWVX010000061.1_2	SP	387
GCA_913048215.1|CAJWXC010000071.1_3	SP	605
GCA_913050035.1|CAJXAC010000072.1_11	SP	307
GCA_913050195.1|CAJXBJ010000114.1_3	SP	383
GCA_913051785.1|CAJXCK010000046.1_3	SP	878
GCA_913051865.1|CAJXHE010000056.1_6	SP	346
GCA_913051935.1|CAJXCU010000043.1_12	SP	370
GCA_913052055.1|CAJXDT010000003.1_82	SP	370
GCA_913052265.1|CAJXDK010000001.1_84	LIPO	368
GCA_913052265.1|CAJXDK010000056.1_8	SP	309
GCA_913052345.1|CAJXDR010000030.1_7	SP	370
GCA_913052445.1|CAJXDP010000025.1_13	SP	380
GCA_913053615.1|CAJXHA010000111.1_11	SP	296
GCA_913054135.1|CAJXJK010000009.1_32	LIPO	305
GCA_913055605.1|CAJXKJ010000001.1_21	SP	293
GCA_913055655.1|CAJXKA010000001.1_1336	SP	325
GCA_913055785.1|CAJXLJ010000013.1_2	SP	320
GCA_913055805.1|CAJXLF010000003.1_280	LIPO	372
GCA_913056215.1|CAJXMN010000034.1_18	SP	377
GCA_913056365.1|CAJXLT010000001.1_340	SP	571
GCA_913056525.1|CAJXLO010000025.1_18	SP	399
GCA_913057435.1|CAJXNY010000010.1_109	SP	521
GCA_913057435.1|CAJXNY010000018.1_5	SP	364
GCA_913057725.1|CAJXOS010000032.1_13	SP	377
GCA_913057785.1|CAJXPD010000006.1_60	SP	379
GCA_913057945.1|CAJXOF010000018.1_47	LIPO	305
GCA_913058245.1|CAJXQJ010000001.1_223	SP	310
GCA_913058405.1|CAJXRC010000003.1_37	SP	318
GCA_913058575.1|CAJXRF010000009.1_80	SP	367
GCA_913059205.1|CAJXRM010000001.1_21	SP	380
GCA_913060515.1|CAJXRZ010000017.1_38	LIPO	292
GCA_913060565.1|CAJXRU010000097.1_4	SP	317
GCA_913061265.1|CAJXVS010000006.1_100	SP	306
GCA_913061325.1|CAJXUU010000014.1_19	SP	378
GCA_913061365.1|CAJXUT010000178.1_3	SP	310
GCA_913061465.1|CAJXSU010000072.1_4	LIPO	311
GCA_913061475.1|CAJXUN010000006.1_37	SP	320
GCA_913062595.1|CAJXWT010000038.1_4	SP	397
GCA_913062745.1|CAJXXJ010000002.1_7	SP	374
GCA_913062745.1|CAJXXJ010000089.1_7	SP	319
GCA_913062815.1|CAJXWZ010000017.1_85	SP	309
GCA_913063055.1|CAJXZK010000004.1_21	SP	384
GCA_913063055.1|CAJXZK010000025.1_15	LIPO	423
GCA_913063325.1|CAJXYE010000020.1_9	SP	312
GCA_913064755.1|CAJYBQ010000189.1_4	SP	315
GCA_913064955.1|CAJYBK010000056.1_4	SP	375
GCA_913774795.1|CAJYIL010000351.1_2	SP	325
GCA_913776405.1|CAJYOV010000603.1_2	LIPO	370
GCA_913776405.1|CAJYOV010000612.1_4	SP	368
GCA_913776675.1|CAJYRE010000290.1_3	SP	312
GCA_913777025.1|CAJYQM010000213.1_9	SP	296
GCA_913778765.1|CAJYXO010000019.1_28	LIPO	583
GCA_913778765.1|CAJYXO010000296.1_6	SP	406
GCA_927797885.1|OV696605.1_1641	SP	314
GCA_934216735.1|CAKQCH010000007.1_15	SP	538
GCA_934526015.1|CAKSZY010000027.1_4	LIPO	343
GCA_934643405.1|CAKUCL010000117.1_16	SP	332
GCA_934643405.1|CAKUCL010000143.1_9	SP	436
GCA_934660965.1|CAKUIM010000015.1_20	LIPO	398
GCA_934667465.1|CAKUMG010000099.1_13	SP	423
GCA_934691625.1|CAKUTA010000002.1_215	SP	305
GCA_934693135.1|CAKUVA010000037.1_11	SP	296
GCA_934695325.1|CAKUVD010000012.1_1	SP	313
GCA_934700345.1|CAKUXP010000003.1_63	SP	511
GCA_934700615.1|CAKUXR010000038.1_1	SP	305
GCA_936928855.1|CAKZHZ010000019.1_61	SP	307
GCA_936928855.1|CAKZHZ010000031.1_11	LIPO	366
GCA_936928855.1|CAKZHZ010000047.1_39	LIPO	293
GCA_936943315.1|CAKZJM010000388.1_7	SP	306
GCA_937123825.1|CAKZKQ010000478.1_23	LIPO	389
GCA_937123825.1|CAKZKQ010000574.1_26	SP	854
GCA_937127245.1|CAKZLU010000028.1_10	LIPO	332
GCA_937129345.1|CAKZMZ010000137.1_8	LIPO	300
GCA_937136425.1|CAKZON010000086.1_4	SP	378
GCA_937139035.1|CAKZPK010000533.1_23	SP	378
GCA_937139435.1|CAKZPX010000263.1_3	SP	317
GCA_937139475.1|CAKZQF010000096.1_4	SP	316
GCA_937139495.1|CAKZQC010000025.1_119	SP	378
GCA_937142015.1|CAKZQY010000319.1_22	TAT	374
GCA_937770335.1|CALJHY010000012.1_7	SP	312
GCA_937771065.1|CALJHU010000012.1_73	SP	376
GCA_937773605.1|CALJVP010000016.1_37	SP	324
GCA_937858325.1|CALMAB010000516.1_6	SP	312
GCA_937858365.1|CALLYK010000116.1_5	SP	589
GCA_937858935.1|CALLZX010000039.1_12	SP	307
GCA_937859535.1|CALLYL010000194.1_3	LIPO	347
GCA_937859535.1|CALLYL010000240.1_11	LIPO	344
GCA_937859535.1|CALLYL010000762.1_6	LIPO	548
GCA_937862595.1|CALMFL010000171.1_3	SP	297
GCA_937862735.1|CALMDH010000190.1_57	SP	387
GCA_937863075.1|CALMCD010000264.1_6	SP	357
GCA_937863945.1|CALMIB010000473.1_7	LIPO	335
GCA_937864255.1|CALMIT010000050.1_9	SP	383
GCA_937864265.1|CALMIR010000062.1_6	SP	385
GCA_937864275.1|CALMIW010000027.1_7	LIPO	378
GCA_937864365.1|CALMJT010000151.1_6	SP	467
GCA_937864935.1|CALMDN010000148.1_2	SP	383
GCA_937864975.1|CALMDI010000092.1_6	SP	318
GCA_937867195.1|CALMKY010000516.1_3	SP	656
GCA_937868545.1|CALMMX010000092.1_7	SP	382
GCA_937868545.1|CALMMX010000158.1_6	SP	489
GCA_937868545.1|CALMMX010000314.1_4	SP	408
GCA_937868695.1|CALMMY010000414.1_4	SP	343
GCA_937871775.1|CALMOP010000089.1_4	SP	307
GCA_937871935.1|CALMQI010000111.1_3	SP	388
GCA_937871935.1|CALMQI010000188.1_8	SP	334
GCA_937872125.1|CALMNY010000435.1_3	SP	329
GCA_937872175.1|CALMPI010000018.1_20	SP	319
GCA_937872225.1|CALMRZ010000034.1_8	LIPO	319
GCA_937872895.1|CALMUP010000005.1_98	SP	341
GCA_937873135.1|CALMVQ010000003.1_91	LIPO	325
GCA_937873135.1|CALMVQ010000079.1_5	SP	318
GCA_937873155.1|CALMVZ010000011.1_403	SP	404
GCA_937873515.1|CALMYB010000006.1_377	SP	331
GCA_937876125.1|CALEHF010000021.1_29	SP	427
GCA_937876195.1|CALEIK010000012.1_9	SP	382
GCA_937876195.1|CALEIK010000017.1_71	SP	321
GCA_937876195.1|CALEIK010000017.1_146	SP	379
GCA_937876195.1|CALEIK010000018.1_77	LIPO	310
GCA_937876315.1|CALEHQ010000031.1_2	SP	847
GCA_937876355.1|CALFHN010000144.1_100	LIPO	290
GCA_937877085.1|CALEEY010000266.1_3	SP	285
GCA_937879845.1|CALFML010000209.1_4	SP	328
GCA_937879965.1|CALFMP010000027.1_57	SP	370
GCA_937879965.1|CALFMP010000048.1_189	LIPO	350
GCA_937881055.1|CALGFJ010000281.1_4	SP	331
GCA_937881575.1|CALGEI010000024.1_4	SP	618
GCA_937888905.1|CALATA010000001.1_92	SP	379
GCA_937888905.1|CALATA010000001.1_580	LIPO	304
GCA_937889395.1|CALAOW010000026.1_14	SP	342
GCA_937891735.1|CALAGR010000432.1_8	LIPO	274
GCA_937891875.1|CALATR010000857.1_1	LIPO	367
GCA_937893815.1|CALCSH010000199.1_1	LIPO	604
GCA_937894115.1|CALBFP010000236.1_1	SP	507
GCA_937894165.1|CALCSX010000313.1_2	SP	384
GCA_937894535.1|CALBHI010000204.1_10	SP	341
GCA_937894725.1|CALAYL010000050.1_43	SP	369
GCA_937896275.1|CALBMW010000390.1_2	SP	493
GCA_937896535.1|CALBMM010000130.1_9	SP	438
GCA_937897615.1|CALCNO010000041.1_7	SP	317
GCA_937898885.1|CALDKD010000007.1_29	SP	758
GCA_937899305.1|CALDJV010000878.1_6	SP	745
GCA_937900305.1|CALCCV010000266.1_3	SP	352
GCA_937900305.1|CALCCV010000627.1_1	SP	317
GCA_937900875.1|CALCGD010000007.1_24	SP	381
GCA_937900875.1|CALCGD010000045.1_2	SP	320
GCA_937900965.1|CALCGJ010000211.1_10	SP	377
GCA_937900975.1|CALCPC010000769.1_10	SP	316
GCA_937901255.1|CALCHN010000029.1_16	LIPO	316
GCA_937902595.1|CALELH010000139.1_5	LIPO	307
GCA_937907165.1|CALCUH010000157.1_10	SP	588
GCA_937910235.1|CALENB010000101.1_30	LIPO	362
GCA_937910425.1|CALEOJ010000232.1_32	LIPO	369
GCA_937911525.1|CALDQK010000365.1_3	SP	639
GCA_937911635.1|CALDQI010000566.1_9	LIPO	278
GCA_937911795.1|CALDPJ010000013.1_9	SP	329
GCA_937911795.1|CALDPJ010000243.1_5	SP	376
GCA_937912125.1|CALDOK010000443.1_3	LIPO	330
GCA_937912975.1|CALEOS010000223.1_10	SP	302
GCA_937915765.1|CALGHE010000102.1_123	SP	852
GCA_937916355.1|CALFTM010000054.1_4	SP	770
GCA_937916465.1|CALFTK010000060.1_9	SP	584
GCA_937916515.1|CALFSX010000164.1_3	TAT	295
GCA_937919725.1|CALFOS010000140.1_1	SP	381
GCA_937920635.1|CAKZUE010000021.1_6	LIPO	869
GCA_937921555.1|CAKZUV010000288.1_1	SP	337
GCA_937921775.1|CAKZUK010000089.1_10	SP	383
GCA_937923585.1|CALDSM010000376.1_2	LIPO	316
GCA_937924345.1|CALDTD010000005.1_2	SP	387
GCA_937924465.1|CALDSP010000125.1_24	SP	335
GCA_937924495.1|CALDSS010000045.1_6	SP	383
GCA_937924495.1|CALDSS010000210.1_4	SP	360
GCA_937925525.1|CALALS010000151.1_1	SP	372
GCA_937925685.1|CALAMI010000050.1_29	LIPO	316
GCA_937926025.1|CALANQ010000020.1_9	LIPO	349
GCA_937926185.1|CALEYM010000682.1_3	SP	382
GCA_937926515.1|CALAZZ010000078.1_3	SP	377
GCA_937926515.1|CALAZZ010000301.1_5	SP	382
GCA_937927195.1|CALBCY010000041.1_3	SP	456
GCA_937927415.1|CALBDS010000031.1_96	SP	391
GCA_937927665.1|CALBRY010000273.1_13	SP	318
GCA_937927665.1|CALBRY010000557.1_9	SP	324
GCA_937927735.1|CALBRZ010000130.1_10	SP	339
GCA_937927755.1|CALBDB010000148.1_8	SP	325
GCA_937927945.1|CALEYW010000001.1_35	LIPO	369
GCA_937927945.1|CALEYW010000006.1_26	LIPO	456
GCA_937927945.1|CALEYW010000010.1_18	LIPO	349
GCA_937928575.1|CALFWW010000155.1_3	SP	373
GCA_937928595.1|CALGJV010000022.1_71	SP	337
GCA_937928795.1|CALFWB010000036.1_3	LIPO	316
GCA_937930625.1|CALHBW010000004.1_10	SP	378
GCA_937930815.1|CALHBQ010000402.1_2	SP	379
GCA_937935255.1|CALGXT010000067.1_18	SP	310
GCA_937941765.1|CALDGQ010000062.1_29	SP	370
GCA_937942475.1|CALDEP010000381.1_4	SP	383
GCA_937942935.1|CALDGT010000212.1_10	SP	317
GCA_937949555.1|CALEDV010000081.1_2	SP	751
GCA_937949615.1|CALEDQ010000019.1_113	SP	341
GCA_937951415.1|CALFBW010000118.1_7	SP	374
GCA_937951415.1|CALFBW010000402.1_5	SP	338
GCA_937951615.1|CALFBH010000031.1_1	SP	376
GCA_937951615.1|CALFBH010000046.1_24	SP	376
GCA_937951685.1|CALFBG010000381.1_1	SP	380
GCA_937951935.1|CALGAM010000036.1_13	LIPO	297
GCA_937951935.1|CALGAM010000165.1_3	LIPO	344
GCA_937951935.1|CALGAM010000254.1_3	LIPO	354
GCA_937952145.1|CALFYE010000266.1_17	SP	304
GCA_937952145.1|CALFYE010000355.1_2	LIPO	575
GCA_937954195.1|CALFYR010000022.1_4	LIPO	330
GCA_937954195.1|CALFYR010000613.1_10	LIPO	352
GCA_937958885.1|CALGMT010000026.1_31	SP	309
GCA_937958885.1|CALGMT010000071.1_6	SP	343
GCA_937959095.1|CALGLY010000555.1_2	SP	440
GCA_937959095.1|CALGLY010000797.1_3	SP	384
GCA_937959115.1|CALGAW010000037.1_44	SP	376
GCA_937959375.1|CALGLS010000559.1_3	SP	383
GCA_937959395.1|CALGLR010000035.1_25	SP	388
GCA_937960595.1|CALGPL010000054.1_4	LIPO	315
GCA_937961455.1|CALGNN010000097.1_1	SP	374
GCA_937967465.1|CALBSW010000051.1_4	SP	393
GCA_937967625.1|CALCJP010000125.1_19	SP	387
GCA_937967665.1|CALBSZ010000476.1_4	SP	302
GCA_937967755.1|CALBTA010000224.1_4	SP	304
GCA_937969415.1|CALBWK010000180.1_9	SP	398
GCA_937974245.1|CALJKV010000048.1_8	SP	577
GCA_937974245.1|CALJKV010000069.1_82	SP	587
GCA_937974275.1|CALJIF010000026.1_60	SP	314
GCA_937975645.1|CALJTV010000015.1_14	LIPO	341
GCA_937975685.1|CALJUG010000048.1_6	SP	774
GCA_937978655.1|CALJUX010000022.1_66	SP	336
GCA_937980205.1|CALJKW010000009.1_255	LIPO	393
GCA_937980205.1|CALJKW010000064.1_238	LIPO	273
GCA_937980645.1|CALJPQ010000032.1_2	SP	387
GCA_937981555.1|CALJOK010000044.1_57	SP	393
GCA_937983105.1|CALKAM010000031.1_123	SP	334
GCA_937983115.1|CALKAO010000038.1_4	SP	532
GCA_937983115.1|CALKAO010000070.1_18	SP	327
GCA_937983115.1|CALKAO010000125.1_41	SP	712
GCA_937983425.1|CALJZZ010000057.1_38	SP	326
GCA_937988705.1|CALKIA010000166.1_11	SP	310
GCA_937988705.1|CALKIA010000252.1_2	SP	346
GCA_937989675.1|CALKRK010000162.1_18	LIPO	328
GCA_937995335.1|CALKIH010000049.1_48	SP	373
GCA_937995645.1|CALKJP010000157.1_2	SP	375
GCA_937995675.1|CALKJE010000401.1_4	LIPO	298
GCA_937995825.1|CALKJO010000008.1_14	SP	321
GCA_937998875.1|CALLBO010000027.1_11	LIPO	325
GCA_938001965.1|CALLBC010000120.1_14	SP	311
GCA_938003525.1|CALKYM010000214.1_8	LIPO	334
GCA_938003665.1|CALKYI010000108.1_2	SP	482
GCA_938003665.1|CALKYI010000388.1_2	SP	368
GCA_938003955.1|CALKXE010000019.1_1	SP	378
GCA_938004395.1|CALKWC010000042.1_25	SP	325
GCA_938004395.1|CALKWC010000179.1_11	SP	484
GCA_938004815.1|CALKVR010000564.1_1	LIPO	345
GCA_938004865.1|CALKVT010000072.1_3	LIPO	329
GCA_938004865.1|CALKVT010000111.1_6	SP	486
GCA_938005315.1|CALLOB010000020.1_13	LIPO	316
GCA_938005475.1|CALLNY010000052.1_13	SP	326
GCA_938007965.1|CALLMH010000003.1_51	SP	377
GCA_938008425.1|CALLKH010000264.1_8	LIPO	380
GCA_938014215.1|CALLRW010000001.1_41	SP	288
GCA_938015525.1|CALLPC010000024.1_20	LIPO	346
GCA_938015595.1|CALLPI010000007.1_54	LIPO	323
GCA_938015595.1|CALLPI010000019.1_1	SP	387
GCA_938015805.1|CALLXF010000065.1_24	LIPO	306
GCA_938015805.1|CALLXF010000080.1_20	SP	377
GCA_938016265.1|CALLWB010000035.1_26	SP	376
GCA_938016265.1|CALLWB010000091.1_67	SP	367
GCA_938017685.1|CALIIL010000005.1_10	LIPO	292
GCA_938022935.1|CALIHL010000188.1_1	LIPO	322
GCA_938023515.1|CALJDR010000009.1_2	SP	304
GCA_938028705.1|CALIZI010000470.1_2	SP	382
GCA_938034705.1|CALHMG010000110.1_2	SP	620
GCA_938038825.1|CALHST010000266.1_9	SP	310
GCA_938039305.1|CALHUZ010000388.1_2	SP	295
GCA_938041325.1|CALIAG010000356.1_5	SP	272
GCA_938041445.1|CALISO010000131.1_5	SP	376
GCA_938044055.1|CALIQO010000376.1_1	LIPO	324
GCA_938045295.1|CALINO010000006.1_1	LIPO	328
GCA_938045585.1|CALIAU010000005.1_22	SP	379
GCA_938045585.1|CALIAU010000020.1_54	SP	369
GCA_938045805.1|CALIBL010000039.1_2	SP	294
GCA_938048455.1|CALIUY010000019.1_1	LIPO	311
GCA_938048925.1|CALITV010000249.1_2	LIPO	491
GCA_938073745.1|CALJFR010000024.1_6	SP	356
GCA_938075195.1|CALJGK010000049.1_6	SP	304
GCA_938075305.1|CALJGV010000013.1_47	SP	426
GCA_938083445.1|CALKCP010000014.1_106	SP	378
GCA_938084085.1|CALKDV010000303.1_2	LIPO	334
GCA_938084585.1|CALKFF010000029.1_4	SP	509
GCA_938084715.1|CALKES010000014.1_12	SP	314
GCA_938085105.1|CALKGK010000073.1_5	SP	352
GCA_938085445.1|CALKGR010000094.1_4	LIPO	292
GCA_938088195.1|CALKEO010000046.1_3	LIPO	302
GCA_938091155.1|CALKOP010000192.1_3	LIPO	322
GCA_942490545.1|CALNXX010000001.1_321	SP	646
GCA_942490545.1|CALNXX010000006.1_14	SP	364
GCA_942490655.1|CALNXZ010000003.1_262	LIPO	330
GCA_942490695.1|CALNXU010000018.1_83	SP	345
GCA_942490785.1|CALNYJ010000002.1_554	SP	310
GCA_942490835.1|CALNYY010000079.1_164	LIPO	381
GCA_942490835.1|CALNYY010000083.1_10	SP	380
GCA_942490895.1|CALNZC010000094.1_61	SP	383
GCA_942491115.1|CALNZV010000020.1_1193	SP	350
GCA_942491185.1|CALOAB010000005.1_8	SP	383
GCA_942491555.1|CALOBN010000001.1_250	LIPO	335
GCA_942491885.1|CALOCQ010000002.1_217	LIPO	346
GCA_942492005.1|CALOED010000303.1_47	SP	327
GCA_942492115.1|CALODL010000027.1_170	SP	349
GCA_942492335.1|CALOEN010000035.1_8	SP	326
GCA_942492525.1|CALOFI010000115.1_101	SP	493
GCA_942492525.1|CALOFI010000115.1_103	SP	383
GCA_942492915.1|OW818662.1_1617	SP	313
GCA_942492915.1|OW818662.1_2567	SP	320
GCA_942492945.1|OW818649.1_510	SP	298
GCA_942493055.1|OW818680.1_1907	LIPO	328
GCA_942493115.1|OW818678.1_3215	SP	315
GCA_942493185.1|OW818673.1_1505	LIPO	331
GCA_942493295.1|OW818692.1_1456	SP	292
GCA_942493305.1|OW818686.1_3915	LIPO	317
GCA_943324565.2|CALPMC020000006.1_38	SP	371
GCA_943324565.2|CALPMC020000007.1_25	SP	330
GCA_943326015.2|CALPRQ020000006.1_17	SP	357
GCA_943326825.2|CALPUT020000327.1_3	SP	375
GCA_943327105.2|CALPVV020000018.1_18	SP	310
GCA_943327315.2|CALPWQ020000004.1_38	SP	317
GCA_943327315.2|CALPWQ020000037.1_10	SP	372
GCA_943327755.2|CALPYF020000005.1_71	LIPO	343
GCA_943327755.2|CALPYF020000024.1_59	LIPO	615
GCA_943328505.2|CALQAH020000001.1_179	LIPO	316
GCA_943331145.2|CALQKL020000138.1_7	LIPO	315
GCA_943331445.1|CALQLO010000055.1_4	LIPO	315
GCA_943332105.1|CALQOD010000083.1_14	SP	375
GCA_943332615.1|CALQQB010000011.1_79	SP	318
GCA_943332855.1|CALQRA010000181.1_6	SP	304
GCA_943362175.1|CALRIU020000009.1_157	SP	380
GCA_943362175.1|CALRIU020000015.1_108	SP	404
GCA_943367475.1|CALRJH020000002.1_129	SP	309
GCA_943367505.1|CALRJJ020000013.1_7	LIPO	416
GCA_943368755.1|CALRLO020000028.1_55	SP	308
GCA_943369045.1|CALRME020000023.1_14	SP	483
GCA_943369485.1|CALRNH020000007.1_12	SP	346
GCA_943369575.1|CALRNP020000031.1_9	SP	360
GCA_943369735.1|CALROJ020000008.1_105	LIPO	358
GCA_943369735.1|CALROJ020000042.1_39	SP	383
GCA_943369755.1|CALROG020000011.1_75	SP	503
GCA_943370055.1|CALRPN020000051.1_43	LIPO	724
GCA_943370275.1|CALRQI020000005.1_24	LIPO	335
GCA_943370275.1|CALRQI020000005.1_221	SP	401
GCA_943370275.1|CALRQI020000013.1_24	SP	384
GCA_943371015.1|CALRTD020000018.1_2	LIPO	453
GCA_943371015.1|CALRTD020000443.1_4	SP	388
GCA_943371355.1|CALRUN020000016.1_26	SP	303
GCA_943371385.1|CALRUP020000005.1_173	SP	329
GCA_943371575.1|CALRVI020000001.1_282	SP	301
GCA_943371685.1|CALRVU010000243.1_5	SP	482
GCA_943371935.1|CALRWS020000027.1_27	SP	613
GCA_943372275.1|CALRYE020000049.1_35	SP	377
GCA_943372275.1|CALRYE020000087.1_2	SP	581
GCA_943372295.1|CALRYC010000004.1_67	SP	387
GCA_943372515.1|CALRYY010000011.1_29	SP	505
GCA_943372585.1|CALRZF020000047.1_6	SP	504
GCA_943372765.1|CALRZY010000004.1_23	SP	334
GCA_943373175.1|CALSBM010000006.1_41	SP	383
GCA_943787375.1|CALSME010000002.1_498	LIPO	297
GCA_943787535.1|CALSMU010000014.1_1	SP	380
GCA_943787725.1|CALSNM010000029.1_7	SP	380
GCA_943788005.1|CALSOP010000001.1_404	SP	331
GCA_943788045.1|CALSOT010000006.1_632	LIPO	291
GCA_943788055.1|CALSOU010000002.1_140	SP	378
GCA_943788115.1|CALSPA010000008.1_72	SP	345
GCA_943788115.1|CALSPA010000012.1_325	LIPO	289
GCA_943788115.1|CALSPA010000013.1_54	SP	372
GCA_943788115.1|CALSPA010000014.1_58	SP	377
GCA_943788135.1|CALSPC010000005.1_105	LIPO	302
GCA_943788145.1|CALSPD010000029.1_76	LIPO	312
GCA_943788315.1|CALSPU010000001.1_222	LIPO	300
GCA_943788365.1|CALSPZ010000001.1_489	LIPO	323
GCA_943788405.1|CALSQD010000002.1_388	SP	344
GCA_943788505.1|CALSQR010000002.1_529	LIPO	276
GCA_943788645.1|CALSRC010000012.1_166	SP	617
GCA_943788645.1|CALSRC010000017.1_71	SP	392
GCA_943788715.1|CALSRI010000002.1_1592	SP	326
GCA_943788755.1|CALSRM010000001.1_317	SP	294
GCA_943788755.1|CALSRM010000001.1_467	SP	379
GCA_943788755.1|CALSRM010000003.1_384	SP	380
GCA_943788755.1|CALSRM010000003.1_1072	SP	615
GCA_943788775.1|CALSRO010000003.1_244	LIPO	292
GCA_943788835.1|CALSRU010000010.1_53	SP	344
GCA_943788935.1|CALSSE010000010.1_69	LIPO	355
GCA_943789105.1|CALSSW010000004.1_113	SP	600
GCA_943789295.1|CALSTO010000001.1_126	LIPO	302
GCA_943789295.1|CALSTO010000001.1_235	LIPO	303
GCA_943789355.1|CALSTU010000004.1_10	LIPO	297
GCA_943789455.1|CALSUE010000003.1_330	LIPO	300
GCA_943789505.1|CALSUJ010000001.1_477	SP	337
GCA_943840765.1|CALSVD010000005.1_110	LIPO	303
GCA_943842245.1|CALTAJ010000001.1_8	LIPO	315
GCA_943842425.1|CALTBR010000001.1_543	SP	624
GCA_943842425.1|CALTBR010000003.1_47	SP	342
GCA_943842625.1|CALTCK010000002.1_213	LIPO	294
GCA_943842625.1|CALTCK010000009.1_125	SP	380
GCA_943846585.1|OX044349.1_251	LIPO	300
GCA_943846595.1|OX044355.1_11	LIPO	302
GCA_943846595.1|OX044355.1_349	LIPO	297
GCA_943846665.1|OX044358.1_1147	LIPO	297
GCA_943846715.1|OX044356.1_163	LIPO	288
GCA_943846745.1|OX044360.1_718	SP	340
GCA_943913835.1|CALTZU010000312.1_2	SP	332
GCA_943914745.1|CALUDF010000014.1_1	SP	327
GCA_943914745.1|CALUDF010000097.1_4	SP	325
GCA_943914745.1|CALUDF010000278.1_2	SP	551
GCA_944319925.1|CALUFQ010000018.1_18	SP	799
GCA_944320015.1|CALUFO010000024.1_3	SP	303
GCA_944321365.1|CALULA010000001.1_11	SP	780
GCA_944321525.1|CALULQ010000013.1_15	SP	279
GCA_944321565.1|CALULT010000002.1_29	SP	782
GCA_944321565.1|CALULT010000002.1_30	SP	767
GCA_944321765.1|CALUMQ010000018.1_31	SP	286
GCA_944321925.1|CALUND010000001.1_8	SP	289
GCA_944321945.1|CALUNE010000015.1_21	SP	288
GCA_944321955.1|CALUNG010000011.1_21	SP	297
GCA_944321975.1|CALUNJ010000018.1_21	SP	784
GCA_944325505.1|CALVAJ010000028.1_12	SP	314
GCA_944325965.1|CALVCB010000096.1_10	SP	291
GCA_944326305.1|CALVDL010000002.1_93	SP	291
GCA_945486445.1|CALYTD010000177.1_1	SP	347
GCA_945494785.1|CALYVN010000063.1_1	SP	289
GCA_945786985.1|CALZGC010000165.1_8	SP	338
GCA_945787525.1|CALZJC010000055.1_18	SP	321
GCA_945787845.1|CALZJH010000005.1_39	LIPO	331
GCA_945830345.1|CALZYS010000063.1_4	SP	813
GCA_945860405.1|CAMARC010000048.1_12	SP	304
GCA_945860705.1|CAMART010000026.1_23	SP	383
GCA_945860895.1|CAMASK010000056.1_2	SP	315
GCA_945860955.1|CAMATH010000094.1_3	SP	301
GCA_945861175.1|CAMATR010000059.1_6	SP	377
GCA_945861175.1|CAMATR010000328.1_1	SP	399
GCA_945861295.1|CAMAUF010000001.1_5	SP	341
GCA_945861565.1|CAMAUY010000002.1_39	LIPO	329
GCA_945861675.1|CAMAVY010000051.1_27	SP	337
GCA_945861685.1|CAMAVO010000242.1_3	SP	376
GCA_945861885.1|CAMAVR010000015.1_2	LIPO	322
GCA_945862215.1|CAMAXY010000018.1_11	SP	665
GCA_945862265.1|CAMAXP010000002.1_124	SP	301
GCA_945862415.1|CAMAYP010000102.1_9	SP	392
GCA_945863605.1|CAMAZP010000006.1_62	SP	371
GCA_945868555.1|CAMBMC010000205.1_6	SP	320
GCA_945869825.1|CAMBQF010000031.1_4	SP	377
GCA_945869825.1|CAMBQF010000145.1_3	SP	369
GCA_945869955.1|CAMBQP010000163.1_6	SP	330
GCA_945870105.1|CAMBRL010000006.1_22	SP	329
GCA_945870105.1|CAMBRL010000020.1_16	SP	375
GCA_945870105.1|CAMBRL010000058.1_2	SP	376
GCA_945870985.1|CAMBUH010000129.1_3	SP	265
GCA_945872795.1|CAMCAZ010000017.1_2	SP	358
GCA_945872815.1|CAMCAY010000001.1_122	LIPO	315
GCA_945874195.1|CAMCFW010000094.1_3	SP	382
GCA_945874815.1|CAMCIE010000197.1_3	SP	301
GCA_945875845.1|CAMCMB010000014.1_24	SP	355
GCA_945875845.1|CAMCMB010000014.1_25	SP	595
GCA_945876925.1|CAMCQD010000043.1_7	LIPO	305
GCA_945877125.1|CAMCQT010000005.1_38	LIPO	282
GCA_945878025.1|CAMDXM010000252.1_1	SP	327
GCA_945878865.1|CAMCUD010000029.1_5	SP	278
GCA_945879015.1|CAMCUO010000005.1_9	SP	371
GCA_945882475.1|CAMCWJ010000116.1_6	SP	290
GCA_945882995.1|CAMCXE010000058.1_16	SP	359
GCA_945883845.1|CAMCYI010000001.1_192	SP	317
GCA_945883845.1|CAMCYI010000042.1_3	SP	338
GCA_945885345.1|CAMCYP010000038.1_18	SP	303
GCA_945888475.1|CAMDAB010000007.1_25	SP	381
GCA_945888595.1|CAMDAO010000041.1_13	SP	324
GCA_945889495.1|CAMDBU010000091.1_15	LIPO	258
GCA_945889655.1|CAMDCH010000168.1_2	SP	304
GCA_945890715.1|CAMDCX010000007.1_16	LIPO	322
GCA_945890905.1|CAMDDI010000206.1_2	SP	320
GCA_945892995.1|CAMDDR010000094.1_3	SP	380
GCA_945897805.1|CAMDFX010000001.1_481	SP	325
GCA_945897915.1|CAMDGB010000014.1_45	LIPO	316
GCA_945900455.1|CAMDJH010000045.1_15	SP	307
GCA_945900455.1|CAMDJH010000168.1_12	LIPO	329
GCA_945901065.1|CAMDKI010000004.1_139	SP	383
GCA_945902745.1|CAMDNE010000002.1_139	SP	381
GCA_945903305.1|CAMDOA010000100.1_2	SP	328
GCA_945903635.1|CAMDOT010000181.1_8	SP	366
GCA_945903795.1|CAMDPE010000216.1_3	SP	322
GCA_945905815.1|CAMDQH010000066.1_7	SP	317
GCA_945907065.1|CAMDSC010000054.1_6	SP	404
GCA_945952225.1|CAMFHP010000058.1_8	LIPO	334
GCA_945952225.1|CAMFHP010000073.1_10	LIPO	351
GCA_945957295.1|CAMFLH010000121.1_3	LIPO	334
GCA_945957555.1|CAMFLX010000062.1_18	SP	600
GCA_945957605.1|CAMFLR010000012.1_82	SP	246
GCA_946184125.1|CAMHEL010000222.1_7	SP	585
GCA_946185225.1|CAMHIM010000002.1_12	SP	596
GCA_946186505.1|CAMHNI010000051.1_22	SP	465
GCA_946405805.1|CAMJIL010000004.1_31	SP	594
GCA_946407235.1|CAMJNF010000019.1_10	SP	486
GCA_946408125.1|CAMJQW010000003.1_71	SP	501
GCA_946408825.1|CAMJTU010000007.1_11	SP	519
GCA_946538425.1|CAMNGM010000182.1_4	SP	286
GCA_946539635.1|CAMNHS010000006.1_4	SP	594
GCA_946541595.1|CAMNJU010000029.1_9	SP	512
GCA_946610035.1|CAMOCC010000025.1_10	SP	277
GCA_946625675.1|CAMOTI010000148.1_7	SP	699
GCA_946999645.1|CAMQDS010000002.1_109	SP	291
GCA_947085045.1|CAMTUU010000005.1_207	LIPO	295
GCA_947085385.1|CAMTWA010000018.1_64	SP	311
GCA_947085425.1|CAMTWK010000021.1_88	SP	341
GCA_947085655.1|CAMTXH010000013.1_16	SP	338
GCA_947169405.1|CAMVPS010000005.1_71	SP	286
GCA_947176355.1|CAMWQY010000163.1_1	SP	673
GCA_947176355.1|CAMWQY010000188.1_1	SP	597
GCA_947177145.1|CAMWTL010000249.1_5	SP	416
GCA_947177225.1|CAMWTS010000005.1_66	SP	288
GCA_947177435.1|CAMWUM010000220.1_2	SP	695
GCA_947179325.1|CAMXAU010000030.1_22	SP	290
GCA_947258565.1|CAMYJB010000002.1_249	LIPO	346
GCA_947258715.1|CAMYJH010000005.1_103	SP	389
GCA_947258785.1|CAMYJT010000003.1_105	SP	366
GCA_947258795.1|CAMYJU010000004.1_111	SP	348
GCA_947258865.1|CAMYKC010000030.1_16	SP	331
GCA_947259225.1|CAMYLK010000002.1_191	LIPO	311
GCA_947259335.1|CAMYMQ010000435.1_5	SP	320
GCA_947259355.1|CAMYMF010000059.1_5	SP	343
GCA_947259405.1|CAMYLY010000022.1_11	LIPO	314
GCA_947259425.1|CAMYMO010000380.1_6	SP	322
GCA_947259495.1|CAMYLV010000008.1_148	LIPO	318
GCA_947259585.1|CAMYMV010000066.1_7	LIPO	313
GCA_947259705.1|CAMYNL010000019.1_4	SP	347
GCA_947259815.1|CAMYNO010000390.1_7	SP	320
GCA_947259955.1|CAMYOI010000681.1_5	SP	384
GCA_947260005.1|CAMYOL010000014.1_89	SP	317
GCA_947302175.1|CAMYVB010000016.1_14	SP	301
GCA_947303825.1|CAMYZK010000180.1_2	SP	459
GCA_947306305.1|CAMZGI010000052.1_6	SP	490
GCA_947307005.1|CAMZHY010000062.1_5	SP	513
GCA_947311095.1|CAMZKF010000189.1_10	SP	379
GCA_947311115.1|CAMZKE010000083.1_4	SP	375
GCA_947311505.1|CAMZLL010000045.1_10	SP	380
GCA_947367255.1|CANBCZ010000014.1_16	SP	289
GCA_947374445.1|CANCBY010000019.1_12	SP	377
GCA_947378555.1|CANCKM010000010.1_12	SP	299
GCA_947380175.1|CANCPZ010000064.1_3	SP	371
GCA_947381435.1|CANCVE010000137.1_5	LIPO	316
GCA_947440875.1|CANETG010000205.1_3	SP	315
GCA_947442115.1|CANEVK010000181.1_4	SP	315
GCA_947446025.1|CANFEY010000048.1_20	SP	553
GCA_947446335.1|CANFGA010000232.1_3	SP	355
GCA_947446575.1|CANFHC010000028.1_21	SP	331
GCA_947446575.1|CANFHC010000047.1_7	SP	330
GCA_947446585.1|CANFGZ010000063.1_15	LIPO	315
GCA_947447155.1|CANFIN010000020.1_9	SP	377
GCA_947447995.1|CANFLQ010000049.1_5	LIPO	797
GCA_947447995.1|CANFLQ010000106.1_4	SP	750
GCA_947447995.1|CANFLQ010000137.1_3	SP	432
GCA_947448095.1|CANFNN010000026.1_9	SP	316
GCA_947448205.1|CANFNL010000002.1_40	SP	334
GCA_947449135.1|CANFQO010000076.1_11	SP	310
GCA_947449575.1|CANFRV010000014.1_9	SP	399
GCA_947449575.1|CANFRV010000020.1_30	SP	324
GCA_947450025.1|CANFTW010000001.1_86	SP	408
GCA_947450025.1|CANFTW010000007.1_117	SP	383
GCA_947450325.1|CANFUT010000006.1_4	SP	323
GCA_947450475.1|CANFVK010000007.1_82	SP	330
GCA_947450745.1|CANFYD010000044.1_7	SP	350
GCA_947452875.1|CANGEZ010000210.1_6	LIPO	310
GCA_947452995.1|CANGEV010000006.1_27	SP	378
GCA_947453375.1|CANGGT010000194.1_3	SP	304
GCA_947453715.1|CANGHX010000148.1_4	SP	321
GCA_947453715.1|CANGHX010000165.1_4	SP	376
GCA_947453795.1|CANGIC010000031.1_11	SP	372
GCA_947454395.1|CANGLG010000119.1_3	SP	368
GCA_947454705.1|CANGKZ010000010.1_30	LIPO	275
GCA_947456805.1|CANGTN010000006.1_63	LIPO	316
GCA_947456955.1|CANGTQ010000003.1_25	LIPO	316
GCA_947457195.1|CANGUU010000088.1_7	SP	397
GCA_947457525.1|CANGXE010000146.1_5	SP	375
GCA_947458275.1|CANGYR010000018.1_3	LIPO	315
GCA_947458455.1|CANGYJ010000003.1_22	SP	389
GCA_947458585.1|CANGYY010000050.1_15	LIPO	315
GCA_947459155.1|CANHCM010000101.1_5	SP	314
GCA_947459215.1|CANHCQ010000046.1_2	LIPO	626
GCA_947459425.1|CANHDJ010000012.1_13	SP	769
GCA_947459655.1|CANHEE010000112.1_2	SP	389
GCA_947460175.1|CANHGW010000008.1_70	SP	328
GCA_947460825.1|CANHHA010000001.1_20	SP	381
GCA_947461105.1|CANHIG010000039.1_13	SP	373
GCA_947461145.1|CANHJD010000083.1_2	SP	310
GCA_947461185.1|CANHJY010000221.1_2	SP	363
GCA_947462815.1|CANHQR010000013.1_63	SP	359
GCA_947462875.1|CANHQJ010000020.1_31	SP	610
GCA_947462925.1|CANHQP010000029.1_20	SP	323
GCA_947463095.1|CANHRE010000001.1_1	SP	373
GCA_947463235.1|CANHST010000003.1_7	LIPO	659
GCA_947463435.1|CANHTS010000212.1_3	SP	372
GCA_947463915.1|CANHVO010000032.1_6	SP	345
GCA_947464015.1|CANHVE010000172.1_5	SP	382
GCA_947465395.1|CANIAL010000012.1_1	SP	292
GCA_947465495.1|CANIAS010000070.1_2	SP	377
GCA_947466075.1|CANIBP010000002.1_245	SP	330
GCA_947466425.1|CANIBZ010000017.1_2	SP	377
GCA_947466425.1|CANIBZ010000104.1_2	SP	377
GCA_947466965.1|CANIFU010000005.1_37	SP	412
GCA_947467395.1|CANIIC010000037.1_16	SP	562
GCA_947469485.1|CANIPU010000007.1_49	SP	325
GCA_947469885.1|CANIQT010000001.1_43	SP	418
GCA_947470515.1|CANITF010000046.1_10	SP	381
GCA_947471365.1|CANIWQ010000155.1_2	LIPO	319
GCA_947471905.1|CANIZT010000031.1_16	SP	340
GCA_947473045.1|CANJCO010000004.1_8	LIPO	306
GCA_947473325.1|CANJEJ010000142.1_4	SP	323
GCA_947474005.1|CANJHI010000070.1_17	SP	366
GCA_947474275.1|CANJHY010000160.1_12	SP	325
GCA_947474435.1|CANJII010000035.1_14	SP	328
GCA_947474485.1|CANJJP010000157.1_1	SP	267
GCA_947475205.1|CANJNG010000010.1_27	SP	331
GCA_947475205.1|CANJNG010000027.1_19	SP	383
GCA_947475205.1|CANJNG010000229.1_2	SP	377
GCA_947475275.1|CANJNE010000025.1_17	SP	363
GCA_947475275.1|CANJNE010000159.1_3	SP	370
GCA_947475875.1|CANJME010000035.1_11	LIPO	311
GCA_947476185.1|CANJPX010000084.1_6	SP	370
GCA_947476185.1|CANJPX010000088.1_10	SP	410
GCA_947476285.1|CANJPU010000018.1_5	SP	336
GCA_947476325.1|CANJPZ010000004.1_20	LIPO	312
GCA_947476515.1|CANJQZ010000010.1_11	SP	381
GCA_947476645.1|CANJRM010000019.1_34	SP	383
GCA_947476925.1|CANJSF010000016.1_77	SP	337
GCA_947478005.1|CANJVG010000023.1_35	SP	382
GCA_947478465.1|CANJWH010000006.1_24	SP	329
GCA_947478465.1|CANJWH010000015.1_8	SP	376
GCA_947478925.1|CANJXY010000039.1_16	LIPO	319
GCA_947479085.1|CANJYB010000001.1_276	SP	412
GCA_947479455.1|CANJZE010000005.1_67	SP	404
GCA_947479755.1|CANKAM010000025.1_45	LIPO	329
GCA_947479755.1|CANKAM010000031.1_8	SP	376
GCA_947479755.1|CANKAM010000090.1_3	SP	375
GCA_947482825.1|CANKMT010000033.1_7	SP	311
GCA_947483555.1|CANKMW010000065.1_43	SP	493
GCA_947486375.1|CANKTP010000001.1_22	SP	478
GCA_947487205.1|CANKVU010000008.1_2	SP	339
GCA_947487895.1|CANKYF010000003.1_272	SP	288
GCA_947491305.1|CANLIL010000005.1_48	LIPO	316
GCA_947491305.1|CANLIL010000050.1_4	SP	375
GCA_947492105.1|CANLMN010000005.1_123	SP	389
GCA_947492525.1|CANLNQ010000028.1_27	SP	443
GCA_947492575.1|CANLNK010000001.1_176	SP	327
GCA_947492585.1|CANLND010000001.1_170	SP	285
GCA_947492955.1|CANLOV010000005.1_96	SP	288
GCA_947493535.1|CANLRK010000005.1_105	SP	322
GCA_947493865.1|CANLTC010000019.1_24	SP	343
GCA_947494695.1|CANLWB010000010.1_174	SP	288
GCA_947494925.1|CANLWS010000002.1_326	SP	332
GCA_947496705.1|CANMDW010000005.1_65	SP	290
GCA_947497485.1|CANMHB010000007.1_139	SP	368
GCA_947497985.1|CANMIX010000011.1_49	SP	292
GCA_947498935.1|CANMMM010000014.1_67	LIPO	333
GCA_947499075.1|CANMNA010000054.1_1	LIPO	312
GCA_947500385.1|CANMSA010000022.1_61	LIPO	330
GCA_947500435.1|CANMRV010000004.1_664	LIPO	336
GCA_947500835.1|CANMTQ010000003.1_351	SP	507
GCA_947500835.1|CANMTQ010000006.1_121	SP	348
GCA_947500875.1|CANMUN010000005.1_65	SP	373
GCA_947501935.1|CANMXU010000001.1_251	SP	328
GCA_947501935.1|CANMXU010000001.1_256	LIPO	726
GCA_947503005.1|CANNCA010000002.1_295	LIPO	321
GCA_947503265.1|CANNDC010000003.1_105	SP	334
GCA_947504225.1|CANNGT010000010.1_146	SP	375
GCA_947505205.1|CANNKD010000005.1_41	LIPO	475
GCA_947505255.1|CANNKP010000005.1_28	SP	381
GCA_947505255.1|CANNKP010000039.1_16	SP	394
GCA_947573795.1|CANPHE010000004.1_14	SP	285
GCA_947581845.1|CANPVY010000213.1_3	LIPO	317
GCA_948442615.1|CAOJSG010000034.1_16	SP	288
GCA_949127735.1|CASBPX010000189.1_3	SP	411
GCA_949298955.1|CASFYQ010000002.1_10	SP	303
GCA_949299545.1|CASGAM010000006.1_66	SP	488
GCA_949372825.1|CASIBD010000002.1_15	LIPO	302
GCA_949372825.1|CASIBD010000004.1_24	LIPO	304
GCA_949372955.1|CASIAX010000024.1_6	LIPO	296
GCA_949373165.1|CASICO010000046.1_17	SP	361
GCA_949487855.1|CATAMV010000128.1_12	LIPO	269
GCA_949511925.1|CATEYX010000159.1_12	SP	344
GCA_949541125.1|CATISV010000109.1_8	LIPO	298
GCA_949743655.1|CATJUP010000067.1_11	SP	830
GCA_949747515.1|CATKFO010000064.1_37	SP	448
GCA_950054155.1|CATLOT010000050.1_4	SP	316
GCA_950054195.1|CATLPG010000001.1_25	SP	377
GCA_950054195.1|CATLPG010000042.1_8	SP	393
GCA_950059285.1|CATLTV010000132.1_1	LIPO	403
GCA_950073835.1|CATMRP010000016.1_42	SP	640
GCA_950073835.1|CATMRP010000093.1_13	SP	324
GCA_951812615.1|CATOSU010000005.1_155	LIPO	331
GCA_955652655.1|CATPCK010000690.1_5	SP	349
GCA_959608625.1|CAUHQV010000030.1_5	SP	300
GCA_963169055.1|CAUJFU010000040.1_2	SP	397
GCA_963169135.1|CAUJEQ010000221.1_2	LIPO	342
GCA_963169295.1|CAUJDD010000036.1_64	SP	381
GCA_963169295.1|CAUJDD010000123.1_3	SP	408
GCA_963169325.1|CAUJEY010000307.1_5	SP	382
GCA_963169355.1|CAUJCR010000021.1_30	SP	408
GCA_963169355.1|CAUJCR010000061.1_16	SP	381
GCA_963169455.1|CAUJDW010000143.1_5	SP	371
GCA_963169475.1|CAUJFT010000437.1_12	SP	374
GCA_963169745.1|CAUJCU010000021.1_222	SP	397
GCA_963169765.1|CAUJEN010000073.1_50	SP	309
GCA_963170075.1|CAUJFW010000337.1_5	LIPO	270
GCA_963170155.1|CAUJGP010000015.1_21	SP	295
GCA_963170185.1|CAUJGS010000052.1_51	SP	360
GCA_963170185.1|CAUJGS010000085.1_15	SP	317
GCA_963204745.1|CAUJHF010000002.1_7	SP	318
GCA_963204915.1|CAUJHS010000041.1_14	SP	298
GCA_963204915.1|CAUJHS010000076.1_110	SP	301
GCA_963205005.1|CAUJHW010000119.1_29	SP	319
GCA_963205235.1|CAUJIP010000045.1_8	SP	289
GCA_963205375.1|CAUJJV010000232.1_7	SP	325
GCA_963205495.1|CAUJIN010000037.1_53	LIPO	355
GCA_963422315.1|OY729423.1_1480	LIPO	297
GCA_963422675.2|CAXVYS010000017.1_82	SP	383
GCA_963422675.2|CAXVYS010000029.1_249	SP	402
GCA_963422775.4|CAUJSJ030000080.1_2	SP	326
GCA_963511605.1|CAUPJZ010000003.1_275	SP	368
GCA_963511605.1|CAUPJZ010000005.1_250	LIPO	579
GCA_963511605.1|CAUPJZ010000017.1_65	LIPO	323
GCA_963511655.1|CAUPJV010000005.1_26	SP	317
GCA_963511665.1|CAUPKC010000039.1_24	SP	313
GCA_963512175.1|CAUPLI010000002.1_240	SP	345
GCA_963512445.1|CAUPMS010000040.1_27	SP	368
GCA_963512455.1|CAUPMJ010000008.1_116	SP	341
GCA_963512475.1|CAUPNA010000101.1_2	SP	313
GCA_963513125.1|CAUPPH010000002.1_400	SP	344
GCA_963513295.1|CAUPQO010000041.1_12	SP	336
GCA_963513355.1|CAUPQG010000009.1_154	SP	364
GCA_963513825.1|CAUPRW010000001.1_317	SP	579
GCA_963513825.1|CAUPRW010000002.1_280	LIPO	335
GCA_963515135.1|CAUPXZ010000014.1_41	SP	289
GCA_963530105.1|CAUSDR010000029.1_15	SP	332
GCA_963530105.1|CAUSDR010000098.1_9	SP	377
GCA_963577065.1|CAUYXJ010000004.1_37	LIPO	317
GCA_963579625.1|CAUZHN010000093.1_4	LIPO	280
GCA_963581445.1|CAUZON010000036.1_21	SP	326
GCA_963588905.1|CAVAJF010000001.1_12	SP	824
GCA_963589825.1|CAVAMP010000062.1_1	SP	302
GCA_963594055.1|CAVBDE010000035.1_8	SP	762
GCA_963614015.1|CAVECU010000120.1_3	SP	301
GCA_963615835.1|CAVEIF010000026.1_9	SP	763
GCA_963617065.1|CAVENC010000049.1_5	SP	308
GCA_963631395.1|CAVGQN010000080.1_3	SP	525
GCA_963636275.1|CAVHJF010000035.1_20	SP	308
GCA_963640535.1|CAVHYU010000006.1_30	SP	766
GCA_963650425.1|CAVJKV010000019.1_11	SP	307
GCA_963650755.1|CAVJMH010000004.1_61	SP	762
GCA_963652025.1|CAVJRU010000070.1_5	SP	766
GCA_963654225.1|CAVKAQ010000006.1_46	LIPO	308
GCA_963654805.1|CAVKBL010000032.1_4	SP	760
GCA_963656095.1|CAVKHS010000008.1_37	SP	455
GCA_963658625.1|CAVKRC010000031.1_5	SP	285
GCA_963662665.2|CAXXJS010000008.1_57	LIPO	300
GCA_963662675.2|CAXXHP010000004.1_40	SP	272
GCA_963663295.2|CAXXLA010000006.1_309	SP	355
GCA_963663335.2|CAXXLN010000002.1_144	LIPO	324
GCA_963663905.2|CAXXQP010000001.1_233	SP	794
GCA_963663935.2|CAXXIT010000028.1_232	SP	322
GCA_963665275.2|CAXXIN010000012.1_70	SP	295
GCA_963665785.1|OY762456.1_604	LIPO	344
GCA_963665785.1|OY762456.1_3036	SP	417
GCA_963665975.1|OY762508.1_1917	LIPO	333
GCA_963666345.1|OY762721.1_3205	LIPO	346
GCA_963668175.1|OY764159.1_2317	SP	335
GCA_963668465.1|OY764542.1_597	LIPO	373
GCA_963668575.2|OY764894.2_4102	SP	301
GCA_963668575.2|OY764894.2_4108	LIPO	349
GCA_963668595.1|OY764876.1_3176	SP	288
GCA_963668675.2|CAXXMB010000002.1_3481	SP	359
GCA_963674685.2|CAXXWT010000005.1_68	LIPO	333
GCA_963674765.1|OY771548.1_3133	SP	337
GCA_963674785.1|OY771555.1_228	SP	868
GCA_963674795.2|CAXXCO010000002.1_3570	LIPO	346
GCA_963674865.2|CAXXYE010000009.1_714	LIPO	306
GCA_963674965.2|CAXXFL010000005.1_134	SP	316
GCA_963674975.1|OY771913.1_1920	SP	306
GCA_963675435.1|OY776216.1_1935	SP	794
GCA_963675435.1|OY776216.1_3102	SP	523
GCA_963675465.2|CAXXVY010000001.1_99	SP	308
GCA_963676015.2|CAXXUQ010000005.1_2184	SP	312
GCA_963676655.2|CAXXKX010000003.1_546	SP	318
GCA_963676875.1|OY781436.1_3711	LIPO	287
GCA_963677415.2|CAXXFJ010000003.1_15	SP	795
GCA_963677475.2|CAXXQD010000016.1_100	LIPO	294
GCA_963678485.1|OY782882.1_1669	SP	376
GCA_963678615.1|OY782947.1_3065	SP	324
GCA_963695085.1|CAVOFV010000003.1_201	LIPO	342
GCA_963695085.1|CAVOFV010000008.1_198	SP	326
GCA_963695155.1|CAVOGD010000006.1_373	LIPO	334
GCA_963695215.1|OY968768.1_868	SP	453
GCA_963695455.1|CAVOGN010000012.1_58	SP	354
GCA_963695465.1|CAVOGM010000004.1_89	SP	327
GCA_963695625.1|CAVOHJ010000009.1_50	SP	342
GCA_963695985.1|CAVOIC010000011.1_141	LIPO	349
GCA_963696225.1|CAVOJG010000002.1_220	SP	478
GCA_963696255.1|CAVOJN010000005.1_1067	SP	305
GCA_963696495.1|CAVOKJ010000004.1_413	SP	359
GCA_963696505.1|CAVOKN010000012.1_21	SP	461
GCA_963696545.1|CAVOKQ010000008.1_68	LIPO	355
GCA_963696845.1|CAVOLR010000011.1_682	SP	308
GCA_963697015.1|CAVOML010000026.1_695	SP	306
GCA_963697195.1|CAVOND010000010.1_102	SP	327
GCA_963697405.1|CAVONY010000023.1_87	LIPO	320
GCA_963697525.1|OY969087.1_4295	LIPO	331
GCA_963697555.1|CAVOOK010000004.1_276	LIPO	346
GCA_963697755.1|CAVOPE010000008.1_582	SP	312
GCA_963697905.1|OY969101.1_63	SP	418
GCA_963698265.1|CAVOQC010000001.1_292	LIPO	319
GCA_963698355.1|CAVOQO010000078.1_180	SP	322
GCA_963698375.1|CAVOQN010000009.1_15	LIPO	338
GCA_963698385.1|CAVOQP010000010.1_553	LIPO	301
GCA_963698405.1|CAVOQT010000002.1_500	SP	318
GCA_963698415.1|CAVOQS010000003.1_773	SP	325
GCA_963698425.1|CAVOQR010000010.1_117	LIPO	335
GCA_963698895.1|CAVOSO010000002.1_269	LIPO	358
GCA_963698965.1|CAVOSY010000025.1_35	LIPO	279
GCA_963699105.1|CAVOTI010000001.1_1052	SP	365
GCA_963699315.1|OY969433.1_3404	LIPO	332
GCA_963699405.1|CAVOTW010000031.1_172	SP	524
GCA_963699405.1|CAVOTW010000031.1_184	SP	321
GCA_963699445.1|CAVOTX010000009.1_49	SP	301
GCA_963699635.1|CAVOUQ010000019.1_59	LIPO	333
GCA_963699705.1|CAVOUW010000003.1_1509	SP	333
GCA_963699735.1|CAVOUZ010000010.1_122	SP	338
GCA_963699765.1|CAVOVD010000015.1_42	LIPO	332
GCA_963699775.1|CAVOVE010000015.1_808	LIPO	365
GCA_963699935.1|CAVOVU010000016.1_151	SP	308
GCA_963700025.1|CAVOWC010000004.1_88	SP	319
GCA_963700135.1|CAVOWM010000001.1_15	SP	334
GCA_963700165.1|OY969475.1_3078	SP	335
GCA_963701115.1|OY969566.1_2459	LIPO	346
GCA_963701135.1|OY969567.1_3009	LIPO	355
GCA_963701145.1|OY969572.1_3448	SP	307
GCA_963701155.1|OY969570.1_4511	LIPO	715
GCA_963701335.1|CAVOZR010000001.1_888	LIPO	331
GCA_963701365.1|CAVOZX010000037.1_16	LIPO	317
GCA_963701565.1|CAVPAN010000010.1_75	SP	313
GCA_963701625.1|CAVPAT010000004.1_35	LIPO	364
GCA_963701745.1|CAVPBE010000002.1_155	LIPO	300
GCA_963701785.1|CAVPBC010000002.1_2892	SP	365
GCA_963701795.1|CAVPBB010000004.1_166	LIPO	323
GCA_963701825.1|CAVPBG010000004.1_292	LIPO	367
GCA_963702105.1|OY969712.1_2629	SP	299
GCA_963702115.1|OY969711.1_1350	LIPO	302
GCA_963702115.1|OY969711.1_2185	LIPO	322
GCA_963702535.1|CAVPDG010000024.1_95	SP	307
GCA_963702565.1|CAVPDE010000022.1_12	LIPO	344
GCA_963702825.1|CAVPEE010000059.1_17	SP	374
GCA_963703105.1|OY969792.1_1173	SP	336
GCA_963703145.1|OY969793.1_318	SP	352
GCA_963703255.1|OY969809.1_303	SP	324
GCA_963703305.1|OY969808.1_3039	LIPO	307
GCA_963703325.1|OY969805.1_1728	LIPO	463
GCA_963703385.1|OY969816.1_471	SP	334
GCA_963703575.1|CAVPEU010000019.1_262	LIPO	327
GCA_963703785.1|CAVPFR010000023.1_33	SP	365
GCA_963703795.1|CAVPFT010000061.1_96	LIPO	314
GCA_963703905.1|CAVPFY010000001.1_333	LIPO	323
GCA_963704035.1|CAVPGR010000004.1_822	LIPO	321
GCA_963704195.1|CAVPHH010000009.1_447	SP	308
GCA_963704535.1|OY969916.1_6928	SP	426
GCA_963704615.1|OY969923.1_2285	SP	351
GCA_963704855.1|CAVPHY010000028.1_210	SP	326
GCA_963704995.1|CAVPIM010000017.1_84	LIPO	334
GCA_963705165.1|CAVPJD010000012.1_26	LIPO	316
GCA_963705435.1|CAVPJR010000006.1_16	SP	368
GCA_963705625.1|CAVPKG010000004.1_48	SP	276
GCA_963705905.1|OY970123.1_483	SP	367
GCA_963706125.1|CAVPLQ010000002.1_327	SP	320
GCA_963706205.1|OY970155.1_1591	SP	354
GCA_963706305.1|OY970152.1_1131	SP	329
GCA_963706535.1|CAVPMU010000011.1_55	SP	308
GCA_963706575.1|CAVPNL010000015.1_391	LIPO	318
GCA_963706595.1|OY970166.1_357	SP	339
GCA_963706655.1|CAVPNN010000014.1_74	SP	343
GCA_963706735.1|CAVPNQ010000116.1_11	LIPO	318
GCA_963706745.1|CAVPMX010000007.1_223	LIPO	373
GCA_963707125.1|CAVPOU010000016.1_14	SP	333
GCA_963707135.1|CAVPOY010000010.1_15	SP	330
GCA_963707225.1|CAVPQF010000078.1_19	SP	346
GCA_963707295.1|CAVPPL010000005.1_2045	SP	307
GCA_963707465.1|CAVPQK010000028.1_25	SP	289
GCA_963707555.1|CAVPQM010000031.1_41	LIPO	313
GCA_963707745.1|CAVPRG010000004.1_350	SP	331
GCA_963707815.1|CAVPRK010000012.1_92	SP	296
GCA_963707815.1|CAVPRK010000027.1_104	SP	496
GCA_963707945.1|CAVPRM010000002.1_721	SP	337
GCA_963707975.1|OY970177.1_1886	SP	299
GCA_963708015.1|OY970185.1_1515	LIPO	319
GCA_963708105.1|OY970186.1_2424	LIPO	367
GCA_963708145.1|OY970189.1_7372	SP	325
GCA_963708675.1|CAVPTO010000004.1_59	SP	299
GCA_963708805.1|CAVPUA010000003.1_2445	LIPO	313
GCA_963708995.1|CAVPUR010000008.1_61	LIPO	305
GCA_963708995.1|CAVPUR010000012.1_219	LIPO	281
GCA_963709085.1|CAVPVB010000007.1_269	LIPO	293
GCA_963709125.1|CAVPVJ010000028.1_1066	LIPO	315
GCA_963709125.1|CAVPVJ010000048.1_2	LIPO	281
GCA_963709175.1|CAVPVK010000012.1_398	SP	297
GCA_963709535.1|CAVPWY010000014.1_70	LIPO	339
GCA_963709655.1|CAVPXF010000053.1_348	SP	370
GCA_963709665.1|CAVPWU010000003.1_203	LIPO	319
GCA_963709925.1|CAVPYC010000003.1_1198	LIPO	329
GCA_963709995.1|CAVPYN010000001.1_637	LIPO	321
GCA_963710005.1|CAVPYR010000014.1_82	LIPO	354
GCA_963710215.1|CAVPZP010000023.1_26	SP	313
GCA_963710245.1|CAVPZK010000014.1_72	SP	354
GCA_963710255.1|CAVPZJ010000006.1_836	LIPO	323
GCA_963710285.1|CAVPZT010000001.1_1310	SP	295
GCA_963710365.1|CAVQAC010000002.1_253	SP	321
GCA_963710365.1|CAVQAC010000003.1_188	SP	327
GCA_963710455.1|CAVQAG010000017.1_411	SP	341
GCA_963710495.1|CAVQAI010000011.1_400	LIPO	374
GCA_963710555.1|CAVQAT010000002.1_403	SP	426
GCA_963710635.1|CAVQAY010000001.1_496	SP	350
GCA_963710675.1|CAVQBE010000017.1_348	SP	362
GCA_963710935.1|CAVQCL010000026.1_1	SP	279
GCA_963711035.1|CAVQCN010000005.1_335	LIPO	364
GCA_963711055.1|CAVQCR010000001.1_147	SP	361
GCA_963711065.1|CAVQCO010000001.1_61	SP	351
GCA_963711135.1|CAVQCZ010000009.1_55	LIPO	278
GCA_963711145.1|CAVQDA010000003.1_120	LIPO	309
GCA_963711165.1|CAVQDG010000071.1_3	LIPO	312
GCA_963711295.1|CAVQDF010000006.1_121	SP	393
GCA_963711305.1|CAVQDT010000002.1_279	LIPO	302
GCA_963711445.1|CAVQEF010000003.1_213	SP	636
GCA_963711485.1|CAVQEM010000041.1_40	SP	339
GCA_963711495.1|CAVQEK010000013.1_158	SP	313
GCA_963711535.1|CAVQEN010000008.1_569	LIPO	332
GCA_963711565.1|CAVQEQ010000001.1_483	SP	312
GCA_963711565.1|CAVQEQ010000003.1_587	SP	305
GCA_963711565.1|CAVQEQ010000004.1_1491	SP	325
GCA_963711725.1|CAVQFO010000023.1_197	SP	516
GCA_963711725.1|CAVQFO010000023.1_424	SP	501
GCA_963711725.1|CAVQFO010000023.1_425	SP	424
GCA_963711725.1|CAVQFO010000024.1_21	SP	343
GCA_963711725.1|CAVQFO010000024.1_112	SP	338
GCA_963711725.1|CAVQFO010000024.1_158	LIPO	329
GCA_963711725.1|CAVQFO010000032.1_48	SP	322
GCA_963711725.1|CAVQFO010000042.1_39	SP	452
GCA_963711755.1|CAVQFK010000022.1_135	SP	264
GCA_963712025.1|CAVQGJ010000001.1_516	SP	309
GCA_963712105.1|CAVQGR010000018.1_95	SP	330
GCA_963712475.1|CAVQIA010000005.1_591	LIPO	334
GCA_963712485.1|CAVQID010000066.1_42	SP	334
GCA_963713175.1|CAVQKW010000013.1_68	SP	324
GCA_963713245.1|CAVQKZ010000001.1_82	SP	330
GCA_963713495.1|CAVQLX010000007.1_622	SP	429
GCA_963713565.1|CAVQMF010000003.1_269	SP	501
GCA_963713625.1|CAVQMN010000006.1_137	SP	377
GCA_963713895.1|OY970210.1_1023	SP	315
GCA_963714105.1|OY970233.1_237	SP	341
GCA_963714105.1|OY970233.1_3262	SP	330
GCA_963714105.1|OY970233.1_3495	SP	336
GCA_963714145.1|OY970235.1_679	SP	440
GCA_963714245.1|CAVQNR010000001.1_583	SP	396
GCA_963714445.1|CAVQPP010000198.1_59	LIPO	336
GCA_963714525.1|CAVQPB010000025.1_45	SP	338
GCA_963714775.1|CAVQQN010000034.1_89	SP	297
GCA_963715145.1|CAVQRL010000012.1_7	SP	298
GCA_963715215.1|CAVQRJ010000010.1_147	SP	310
GCA_963715755.1|OY970273.1_689	SP	301
GCA_963715795.1|OY970275.1_184	LIPO	304
GCA_963715815.1|OY970278.1_301	LIPO	362
GCA_963715845.1|CAVQSJ010000017.1_3	SP	325
GCA_963715905.1|CAVQSX010000055.1_12	LIPO	281
GCA_963715955.1|CAVQSQ010000021.1_518	LIPO	326
GCA_963715965.1|CAVQSN010000003.1_1133	SP	335
GCA_963716255.1|OY970303.1_2059	LIPO	341
GCA_963716325.1|CAVQTH010000006.1_19	SP	324
GCA_963716395.1|OY970309.1_438	SP	348
GCA_963716395.1|OY970309.1_2000	SP	352
GCA_963716415.1|OY970311.1_555	LIPO	464
GCA_963716465.1|CAVQTS010000006.1_525	SP	298
GCA_963716465.1|CAVQTS010000010.1_40	LIPO	319
GCA_963716505.1|CAVQTL010000023.1_237	SP	283
GCA_963716515.1|OY970319.1_223	SP	328
GCA_963716525.1|OY970315.1_2421	LIPO	348
GCA_963716725.1|CAVQUB010000011.1_283	LIPO	363
GCA_963716785.1|CAVQUW010000025.1_40	SP	353
GCA_963716785.1|CAVQUW010000037.1_195	SP	324
GCA_963716795.1|CAVQUE010000007.1_547	SP	489
GCA_963716855.1|CAVQUV010000023.1_42	SP	348
GCA_963717005.1|OY970324.1_1592	SP	339
GCA_963717005.1|OY970324.1_2180	SP	305
GCA_963717125.1|CAVQVG010000017.1_301	SP	446
GCA_963717215.1|CAVQVS010000012.1_81	SP	363
GCA_963717255.1|CAVQVT010000016.1_12	SP	321
GCA_963717935.1|CAVQXP010000001.1_186	SP	297
GCA_963717975.1|OY970351.1_61	SP	334
GCA_963717995.1|CAVQXX010000012.1_183	LIPO	300
GCA_963718005.1|CAVQXV010000004.1_80	SP	329
GCA_963718035.1|CAVQYD010000020.1_588	SP	477
GCA_963718145.1|CAVQYJ010000012.1_317	SP	324
GCA_963718145.1|CAVQYJ010000023.1_224	LIPO	319
GCA_963718215.1|CAVQYK010000020.1_147	LIPO	307
GCA_963718405.1|CAVQYZ010000002.1_1420	SP	361
GCA_963718635.1|OY970367.1_6126	SP	319
GCA_963718725.1|OY970374.1_2080	LIPO	305
GCA_963718915.1|CAVRAI010000004.1_98	LIPO	330
GCA_963718975.1|CAVRBD010000068.1_2	TAT	272
GCA_963719135.1|CAVRAZ010000002.1_423	LIPO	354
GCA_963719375.1|CAVRBY010000001.1_2807	SP	314
GCA_963719475.1|CAVRCD010000012.1_38	TAT	219
GCA_963719535.1|CAVRCH010000001.1_111	SP	299
GCA_963719765.1|CAVRCW010000001.1_611	TAT	337
GCA_963719885.1|CAVRDP010000026.1_170	SP	599
GCA_963720085.1|CAVRER010000036.1_8	LIPO	282
GCA_963720225.1|CAVREY010000006.1_56	SP	318
GCA_963720445.1|CAVRFO010000002.1_1650	SP	342
GCA_963720475.1|OY970394.1_878	SP	493
GCA_963720575.1|CAVRGA010000002.1_2044	SP	283
GCA_963720945.1|CAVRHH010000019.1_33	SP	334
GCA_963721485.1|CAVRJV010000013.1_105	SP	311
GCA_963721565.1|CAVRKP010000008.1_810	SP	323
GCA_963721585.1|CAVRJN010000007.1_187	SP	380
GCA_963722005.1|CAVRJS010000002.1_298	SP	599
GCA_963722005.1|CAVRJS010000002.1_627	SP	568
GCA_963722005.1|CAVRJS010000002.1_643	SP	425
GCA_963722005.1|CAVRJS010000002.1_963	SP	331
GCA_963722005.1|CAVRJS010000003.1_223	SP	516
GCA_963722015.1|CAVRMT010000015.1_41	SP	412
GCA_963722135.1|CAVRJT010000003.1_320	SP	414
GCA_963722185.1|CAVRKD010000004.1_696	SP	292
GCA_963722185.1|CAVRKD010000010.1_428	SP	344
GCA_963722205.1|CAVRKL010000008.1_746	SP	363
GCA_963722375.1|CAVRLI010000005.1_308	SP	316
GCA_963722775.1|CAVROF010000018.1_241	LIPO	363
GCA_963722825.1|CAVROI010000003.1_218	SP	304
GCA_963722985.1|CAVROZ010000014.1_262	SP	311
GCA_963723515.1|CAVRQT010000001.1_54	SP	304
GCA_963723525.1|CAVRRI010000028.1_129	LIPO	595
GCA_963723615.1|CAVRRV010000005.1_200	LIPO	282
GCA_963723615.1|CAVRRV010000005.1_262	LIPO	292
GCA_963723635.1|CAVRRP010000035.1_14	LIPO	443
GCA_963724135.1|CAVRTA010000006.1_1177	SP	420
GCA_963724165.1|CAVRTL010000019.1_7	LIPO	280
GCA_963724165.1|CAVRTL010000021.1_959	LIPO	323
GCA_963724395.1|CAVRUK010000006.1_1789	SP	309
GCA_963724865.1|CAVRWO010000005.1_410	SP	329
GCA_963724915.1|CAVRWJ010000003.1_521	SP	278
GCA_963724915.1|CAVRWJ010000004.1_519	SP	349
GCA_963725155.1|CAVRXU010000002.1_876	LIPO	359
GCA_963725285.1|CAVRXT010000005.1_539	TAT	295
GCA_963725395.1|CAVRYH010000002.1_573	SP	354
GCA_963725485.1|CAVRYO010000007.1_1626	SP	305
GCA_963725515.1|CAVRZB010000004.1_216	SP	295
GCA_963725755.1|CAVRZW010000017.1_16	LIPO	303
GCA_963725775.1|CAVRZT010000001.1_790	SP	332
GCA_963725785.1|CAVRZV010000017.1_34	SP	322
GCA_963725835.1|CAVSAB010000002.1_125	SP	316
GCA_963725905.1|CAVSAG010000001.1_461	SP	303
GCA_963725935.1|CAVSAM010000001.1_18	SP	336
GCA_963726005.1|CAVSAT010000004.1_149	SP	351
GCA_963726215.1|CAVSBU010000006.1_23	LIPO	342
GCA_963726375.1|CAVSCE010000011.1_298	SP	301
GCA_963726425.1|CAVSCN010000028.1_147	LIPO	338
GCA_963726425.1|CAVSCN010000029.1_107	LIPO	323
GCA_963726475.1|CAVSCO010000047.1_9	SP	467
GCA_963726725.1|CAVSDV010000019.1_150	SP	311
GCA_963726785.1|CAVSDJ010000010.1_387	SP	271
GCA_963726865.1|CAVSEE010000023.1_91	SP	318
GCA_963726875.1|CAVSDU010000021.1_1554	LIPO	312
GCA_963726935.1|CAVSEH010000008.1_16	SP	379
GCA_963727095.1|CAVSEQ010000002.1_200	SP	314
GCA_963727165.1|CAVSFJ010000005.1_81	SP	356
GCA_963727245.1|CAVSFO010000019.1_30	SP	313
GCA_963727245.1|CAVSFO010000020.1_87	SP	303
GCA_963727365.1|CAVSFU010000002.1_102	SP	276
GCA_963727415.1|CAVSGF010000002.1_1234	SP	484
GCA_963727415.1|CAVSGF010000002.1_1475	SP	343
GCA_963727495.1|CAVSGQ010000006.1_888	LIPO	305
GCA_963727495.1|CAVSGQ010000007.1_557	SP	483
GCA_963727545.1|CAVSGS010000013.1_390	SP	331
GCA_963727545.1|CAVSGS010000020.1_192	SP	314
GCA_963727635.1|CAVSHP010000001.1_14	SP	326
GCA_963727685.1|CAVSGY010000006.1_770	SP	344
GCA_963727705.1|CAVSHK010000027.1_75	SP	428
GCA_963727705.1|CAVSHK010000044.1_6	SP	376
GCA_963727745.1|CAVSHL010000014.1_157	LIPO	267
GCA_963727905.1|CAVSIC010000010.1_64	LIPO	311
GCA_963727955.1|CAVSII010000008.1_195	SP	341
GCA_963728005.1|CAVSIG010000002.1_383	SP	299
GCA_963728115.1|CAVSJE010000002.1_24	SP	331
GCA_963729115.1|CAVSMR010000017.1_110	SP	318
GCA_963729375.1|CAVSNP010000008.1_87	LIPO	364
GCA_963729375.1|CAVSNP010000008.1_109	LIPO	322
GCA_963729535.1|CAVSOL010000014.1_15	LIPO	390
GCA_963729535.1|CAVSOL010000023.1_11	LIPO	407
GCA_963729695.1|CAVSOT010000004.1_314	LIPO	303
GCA_963730125.1|CAVSQP010000015.1_323	TATLIPO	319
GCA_963730275.1|CAVSRI010000002.1_136	LIPO	322
GCA_963730575.1|CAVSSG010000002.1_662	SP	322
GCA_963730685.1|CAVSSP010000001.1_1062	LIPO	393
GCA_963730845.1|CAVSTM010000023.1_42	SP	532
GCA_963731055.1|CAVSUD010000014.1_124	LIPO	338
GCA_963731195.1|CAVSVG010000002.1_19	SP	282
GCA_963731195.1|CAVSVG010000002.1_20	SP	258
GCA_963731195.1|CAVSVG010000012.1_154	LIPO	295
GCA_963731205.1|CAVSUJ010000002.1_1326	LIPO	338
GCA_963731235.1|CAVSUT010000024.1_40	SP	413
GCA_963731305.1|CAVSUQ010000007.1_261	SP	316
GCA_963731485.1|CAVSVQ010000001.1_74	LIPO	295
GCA_963731495.1|CAVSVZ010000054.1_98	SP	395
GCA_963731595.1|CAVSWE010000004.1_773	LIPO	364
GCA_963731595.1|CAVSWE010000004.1_1617	LIPO	323
GCA_963731595.1|CAVSWE010000006.1_209	LIPO	337
GCA_963731595.1|CAVSWE010000006.1_588	LIPO	361
GCA_963731625.1|CAVSWH010000021.1_9	SP	332
GCA_963731665.1|CAVSWP010000011.1_167	LIPO	329
GCA_963731665.1|CAVSWP010000011.1_308	LIPO	349
GCA_963731685.1|CAVSWR010000037.1_41	SP	333
GCA_963731765.1|CAVSWS010000004.1_6	LIPO	375
GCA_963731765.1|CAVSWS010000039.1_11	LIPO	373
GCA_963731795.1|CAVSWU010000002.1_203	LIPO	315
GCA_963731815.1|CAVSWW010000007.1_1364	SP	321
GCA_963732005.1|CAVSXT010000005.1_1385	SP	313
GCA_963732085.1|CAVSYJ010000005.1_815	LIPO	308
GCA_963732395.1|CAVSZF010000002.1_761	SP	316
GCA_963732395.1|CAVSZF010000004.1_62	LIPO	306
GCA_963732395.1|CAVSZF010000007.1_1377	LIPO	306
GCA_963732455.1|CAVSZM010000004.1_40	SP	373
GCA_963732455.1|CAVSZM010000006.1_71	SP	373
GCA_963732455.1|CAVSZM010000014.1_35	SP	309
GCA_963732835.1|CAVTBA010000020.1_4	LIPO	277
GCA_963732835.1|CAVTBA010000024.1_7	LIPO	315
GCA_963732865.1|CAVTBC010000003.1_376	SP	308
GCA_963732865.1|CAVTBC010000004.1_596	SP	347
GCA_963732945.1|CAVTBL010000001.1_45	SP	372
GCA_963733395.1|CAVTCZ010000002.1_108	SP	270
GCA_963733525.1|CAVTDT010000010.1_470	SP	317
GCA_963733565.1|CAVTDU010000005.1_9	LIPO	354
GCA_963733715.1|CAVTEN010000022.1_433	SP	337
GCA_963733745.1|CAVTFE010000017.1_28	LIPO	304
GCA_963733935.1|CAVTEQ010000014.1_443	SP	352
GCA_963734295.1|CAVTGS010000012.1_472	SP	318
GCA_963734295.1|CAVTGS010000012.1_779	SP	355
GCA_963734395.1|CAVTGY010000007.1_517	SP	343
GCA_963734435.1|CAVTHA010000003.1_28	SP	351
GCA_963734435.1|CAVTHA010000003.1_471	LIPO	333
GCA_963734445.1|CAVTGZ010000002.1_311	SP	300
GCA_963734595.1|CAVTHV010000037.1_502	SP	343
GCA_963734705.1|CAVTII010000001.1_47	SP	311
GCA_963734845.1|CAVTIS010000004.1_142	SP	325
GCA_963734945.1|CAVTJF010000002.1_6	LIPO	347
GCA_963735005.1|CAVTJA010000005.1_348	LIPO	368
GCA_963735025.1|CAVTJG010000009.1_2207	SP	340
GCA_963735155.1|CAVTJU010000001.1_72	SP	353
GCA_963735155.1|CAVTJU010000013.1_438	SP	347
GCA_963735155.1|CAVTJU010000016.1_183	LIPO	323
GCA_963735155.1|CAVTJU010000018.1_50	SP	344
GCA_963735245.1|CAVTKI010000015.1_61	SP	298
GCA_963735415.1|CAVTLB010000016.1_39	SP	448
GCA_963735415.1|CAVTLB010000022.1_117	SP	351
GCA_963735415.1|CAVTLB010000033.1_109	SP	456
GCA_963735465.1|CAVTLA010000001.1_4240	SP	311
GCA_963735495.1|CAVTLG010000007.1_20	LIPO	341
GCA_963735655.1|CAVTLW010000034.1_9	LIPO	311
GCA_963735865.1|CAVTML010000002.1_1736	LIPO	317
GCA_963736325.1|CAVTOG010000008.1_375	SP	337
GCA_963736325.1|CAVTOG010000009.1_1050	LIPO	302
GCA_963736345.1|CAVTOU010000016.1_137	SP	298
GCA_963736455.1|CAVTON010000001.1_860	SP	318
GCA_963736515.1|CAVTPE010000023.1_118	SP	340
GCA_963736525.1|CAVTPF010000002.1_131	SP	378
GCA_963736585.1|CAVTPI010000004.1_241	SP	379
GCA_963736585.1|CAVTPI010000013.1_99	LIPO	247
GCA_963736925.1|CAVTQP010000003.1_212	LIPO	344
GCA_963736955.1|CAVTQT010000005.1_102	SP	299
GCA_963737285.1|CAVTRT010000003.1_1868	SP	342
GCA_963737305.1|CAVTRX010000001.1_413	SP	493
GCA_963737365.1|CAVTSD010000007.1_911	SP	364
GCA_963737385.1|CAVTSZ010000029.1_45	SP	292
GCA_963737625.1|CAVTTK010000005.1_172	SP	360
GCA_963737625.1|CAVTTK010000005.1_535	LIPO	341
GCA_963737965.1|CAVTUS010000007.1_938	LIPO	349
GCA_963738135.1|CAVTVK010000009.1_12	SP	378
GCA_963738155.1|CAVTVG010000021.1_768	SP	308
GCA_963738365.1|CAVTWH010000007.1_603	SP	464
GCA_963738465.1|CAVTWP010000005.1_367	LIPO	370
GCA_963738545.1|CAVTXA010000007.1_666	SP	315
GCA_963738545.1|CAVTXA010000007.1_679	SP	360
GCA_963738615.1|CAVTXI010000019.1_351	SP	394
GCA_963738615.1|CAVTXI010000019.1_865	SP	340
GCA_963738625.1|CAVTXH010000003.1_110	LIPO	319
GCA_963738695.1|CAVTXO010000005.1_172	SP	309
GCA_963738765.1|CAVTYA010000001.1_11	SP	476
GCA_963738835.1|CAVTYH010000005.1_454	SP	304
GCA_963738945.1|CAVTYD010000002.1_362	SP	320
GCA_963738955.1|CAVTYW010000030.1_77	SP	247
GCA_963738985.1|CAVTYP010000008.1_261	SP	311
GCA_963739145.1|CAVTZO010000024.1_8	SP	365
GCA_963739265.1|CAVTZR010000005.1_657	LIPO	297
GCA_963739555.1|CAVUAV010000005.1_803	LIPO	303
GCA_963739755.1|CAVUCB010000064.1_23	SP	304
GCA_963740355.1|CAVUDW010000003.1_664	LIPO	326
GCA_963740575.1|CAVUET010000008.1_182	LIPO	331
GCA_963740595.1|CAVUEU010000003.1_127	LIPO	318
GCA_963740815.1|CAVUFG010000005.1_40	SP	349
GCA_963740835.1|CAVUFH010000002.1_988	LIPO	351
GCA_963740835.1|CAVUFH010000007.1_663	LIPO	321
GCA_963740845.1|CAVUFM010000002.1_580	SP	421
GCA_963740845.1|CAVUFM010000009.1_46	TAT	334
GCA_963740895.1|CAVUFQ010000002.1_1	LIPO	277
GCA_963740985.1|CAVUGJ010000002.1_3976	LIPO	328
GCA_963740985.1|CAVUGJ010000002.1_4223	LIPO	361
GCA_963741165.1|CAVUHB010000008.1_262	SP	311
GCA_963741325.1|CAVUHJ010000007.1_518	SP	306
GCA_963741405.1|CAVUHX010000039.1_264	SP	375
GCA_963741555.1|CAVUIH010000001.1_87	LIPO	282
GCA_963741555.1|CAVUIH010000015.1_522	LIPO	297
GCA_963741995.1|CAVUKI010000009.1_503	SP	363
GCA_963742035.1|CAVUKH010000007.1_432	SP	379
GCA_963742125.1|CAVUKO010000015.1_65	SP	310
GCA_963742145.1|CAVUKS010000007.1_160	SP	370
GCA_963742405.1|CAVUMB010000005.1_374	SP	353
GCA_963742425.1|CAVULR010000005.1_181	SP	306
GCA_963742585.1|CAVUMI010000003.1_105	SP	346
GCA_963742715.1|CAVUMR010000002.1_818	SP	500
GCA_963742735.1|CAVUMN010000004.1_1506	SP	336
GCA_963742855.1|CAVUNP010000003.1_247	SP	449
GCA_963742855.1|CAVUNP010000010.1_143	SP	309
GCA_963742855.1|CAVUNP010000047.1_378	SP	323
GCA_963742955.1|CAVUOA010000006.1_19	SP	297
GCA_963742955.1|CAVUOA010000008.1_1113	SP	297
GCA_963742955.1|CAVUOA010000031.1_5	SP	297
GCA_963743185.1|CAVUOT010000002.1_270	LIPO	347
GCA_963743195.1|CAVUOO010000005.1_886	SP	299
GCA_963743225.1|CAVUPN010000001.1_99	SP	280
GCA_963743255.1|CAVUPD010000010.1_36	LIPO	330
GCA_963743355.1|CAVUPM010000002.1_2520	SP	300
GCA_963743525.1|CAVUQH010000004.1_100	LIPO	329
GCA_963743525.1|CAVUQH010000004.1_598	LIPO	406
GCA_963743525.1|CAVUQH010000008.1_528	LIPO	323
GCA_963743805.1|CAVUQY010000005.1_703	SP	348
GCA_963743865.1|CAVURG010000006.1_350	SP	333
GCA_963743945.1|CAVURO010000008.1_45	LIPO	360
GCA_963744045.1|CAVUSB010000029.1_727	SP	349
GCA_963744085.1|CAVUSK010000002.1_208	LIPO	283
GCA_963744145.1|CAVUSO010000001.1_4149	SP	362
GCA_963744145.1|CAVUSO010000001.1_4287	LIPO	303
GCA_963744225.1|CAVUSV010000001.1_31	SP	360
GCA_963744225.1|CAVUSV010000004.1_225	SP	350
GCA_963744235.1|CAVUSU010000004.1_1012	LIPO	593
GCA_963744755.1|CAVUUS010000003.1_1308	LIPO	398
GCA_963744845.1|CAVUVE010000001.1_293	SP	345
GCA_963744875.1|CAVUVQ010000009.1_153	SP	466
GCA_963745175.1|CAVUWK010000015.1_7	SP	339
GCA_963746215.1|CAVVAT010000002.1_220	SP	421
GCA_963746325.1|CAVVBC010000009.1_49	LIPO	350
GCA_963746505.1|CAVVBN010000014.1_206	SP	336
GCA_963746755.1|CAVVCM010000005.1_79	LIPO	306
GCA_963747015.1|CAVVEP010000065.1_55	LIPO	354
GCA_963747045.1|CAVVDN010000007.1_145	SP	294
GCA_963747225.1|CAVVES010000026.1_92	SP	528
GCA_963747235.1|CAVVEU010000040.1_492	SP	313
GCA_963747395.1|CAVVEX010000015.1_189	LIPO	325
GCA_963747625.1|CAVVGP010000247.1_8	SP	321
GCA_963747705.1|CAVVGF010000027.1_30	SP	442
GCA_963747775.1|CAVVGT010000007.1_226	SP	348
GCA_963748365.1|CAVVJG010000028.1_166	SP	282
GCA_963748685.1|CAVVKB010000015.1_31	LIPO	332
GCA_963748885.1|CAVVLC010000003.1_108	LIPO	284
GCA_963748885.1|CAVVLC010000003.1_109	LIPO	282
GCA_963748885.1|CAVVLC010000007.1_20	LIPO	313
GCA_963749115.1|CAVVLP010000005.1_16	SP	323
GCA_963749145.1|CAVVLN010000004.1_683	SP	337
GCA_963749215.1|CAVVMA010000016.1_248	SP	317
GCA_963749375.1|CAVVNB010000020.1_279	LIPO	315
GCA_963749375.1|CAVVNB010000022.1_4	LIPO	282
GCA_963749665.1|CAVVNO010000008.1_574	LIPO	319
GCA_963750405.1|CAVVQP010000008.1_169	SP	513
GCA_963750695.1|CAVVSB010000002.1_101	SP	295
GCA_963750755.1|CAVVRW010000007.1_237	LIPO	301
GCA_963750755.1|CAVVRW010000007.1_513	LIPO	276
GCA_963750865.1|CAVVSQ010000016.1_357	SP	303
GCA_963750965.1|CAVVSK010000015.1_23	SP	320
GCA_963750965.1|CAVVSK010000019.1_307	SP	339
GCA_963751165.1|CAVVTP010000015.1_464	SP	376
GCA_963751315.1|CAVVUH010000014.1_4	LIPO	282
GCA_963751315.1|CAVVUH010000041.1_324	LIPO	293
GCA_963751485.1|CAVVUT010000002.1_494	SP	300
GCA_963751485.1|CAVVUT010000017.1_136	LIPO	283
GCA_963751615.1|CAVVVG010000005.1_1062	SP	325
GCA_963751695.1|CAVVVP010000003.1_4	SP	556
GCA_963752385.1|CAVVYL010000056.1_252	SP	341
GCA_963752395.1|CAVVXX010000004.1_34	SP	309
GCA_963752455.1|CAVVYE010000005.1_221	SP	341
GCA_963752645.1|CAVVZN010000006.1_324	LIPO	346
GCA_963752765.1|CAVVZD010000008.1_51	SP	316
GCA_963752775.1|CAVVZL010000012.1_109	LIPO	292
GCA_963752905.1|CAVWAC010000003.1_364	SP	374
GCA_963753095.1|CAVWBC010000009.1_166	SP	288
GCA_963753105.1|CAVWBD010000001.1_289	LIPO	328
GCA_963753115.1|CAVWBB010000006.1_2	SP	356
GCA_963753225.1|CAVWBQ010000014.1_137	SP	336
GCA_963753235.1|CAVWBJ010000001.1_174	SP	339
GCA_963753325.1|CAVWBS010000001.1_2331	LIPO	286
GCA_963753325.1|CAVWBS010000002.1_130	SP	319
GCA_963753395.1|CAVWBW010000012.1_496	LIPO	317
GCA_963753485.1|CAVWCL010000020.1_509	LIPO	308
GCA_963753545.1|CAVWCQ010000011.1_341	SP	598
GCA_963753845.1|CAVWEI010000015.1_5	SP	503
GCA_963753845.1|CAVWEI010000032.1_86	SP	503
GCA_963753845.1|CAVWEI010000040.1_2	SP	503
GCA_963753985.1|CAVWED010000001.1_282	LIPO	308
GCA_963754025.1|CAVWEC010000005.1_1548	LIPO	309
GCA_963754065.1|CAVWFH010000016.1_35	SP	347
GCA_963754135.1|CAVWEY010000002.1_266	SP	299
GCA_963754305.1|CAVWFR010000011.1_43	SP	345
GCA_963754305.1|CAVWFR010000011.1_190	SP	501
GCA_963754345.1|CAVWFZ010000007.1_292	SP	328
GCA_963754385.1|CAVWGE010000005.1_168	LIPO	328
GCA_963754445.1|CAVWFT010000001.1_892	SP	378
GCA_963754645.1|CAVWGP010000012.1_209	SP	309
GCA_963754755.1|CAVWHF010000006.1_659	SP	353
GCA_963754755.1|CAVWHF010000006.1_673	SP	327
GCA_963754835.1|CAVWHR010000008.1_6	LIPO	342
GCA_963754835.1|CAVWHR010000048.1_29	SP	309
GCA_963755255.1|CAVWJN010000011.1_579	SP	296
GCA_963755375.1|CAVWKG010000016.1_736	SP	372
GCA_963755705.1|CAVWKW010000001.1_1370	SP	321
GCA_963755715.1|CAVWLW010000036.1_54	SP	328
GCA_963756005.1|CAVWMC010000001.1_279	SP	339
GCA_963756155.1|CAVWMQ010000002.1_416	SP	330
GCA_963756155.1|CAVWMQ010000004.1_386	SP	319
GCA_963756155.1|CAVWMQ010000008.1_52	SP	351
GCA_963756195.1|CAVWMT010000009.1_186	LIPO	355
GCA_963756325.1|CAVWNE010000002.1_589	LIPO	328
GCA_963756515.1|CAVWNV010000011.1_141	LIPO	360
GCA_963756515.1|CAVWNV010000011.1_449	SP	437
GCA_963756625.1|CAVWNQ010000006.1_496	SP	339
GCA_963756635.1|CAVWOR010000004.1_263	SP	299
GCA_963756865.1|CAVWPQ010000003.1_180	SP	287
GCA_963756955.1|CAVWPU010000005.1_210	SP	366
GCA_963757065.1|CAVWQC010000009.1_37	LIPO	339
GCA_963757165.1|CAVWQO010000006.1_1387	SP	307
GCA_963757185.1|CAVWQI010000003.1_37	SP	303
GCA_963757215.1|CAVWQH010000002.1_600	LIPO	276
GCA_963757465.1|CAVWRY010000003.1_897	SP	462
GCA_963757465.1|CAVWRY010000005.1_266	SP	507
GCA_963757465.1|CAVWRY010000005.1_269	SP	665
GCA_963757465.1|CAVWRY010000011.1_305	SP	662
GCA_963757525.1|CAVWRM010000001.1_1104	SP	305
GCA_963757545.1|CAVWSA010000004.1_6	SP	375
GCA_963757545.1|CAVWSA010000039.1_615	LIPO	309
GCA_963757615.1|CAVWSO010000011.1_320	SP	303
GCA_963757775.1|CAVWSH010000004.1_67	LIPO	323
GCA_963757835.1|CAVWSP010000021.1_212	SP	308
GCA_963758365.1|CAVWVB010000001.1_2930	SP	349
GCA_963758435.1|CAVWVN010000007.1_139	SP	308
GCA_963758775.1|CAVWWU010000006.1_487	LIPO	281
GCA_963758775.1|CAVWWU010000010.1_882	LIPO	315
GCA_963758795.1|CAVWXG010000011.1_161	SP	334
GCA_963759035.1|CAVWXL010000023.1_24	SP	326
GCA_963759045.1|CAVWXM010000031.1_69	SP	363
GCA_963759105.1|CAVWXW010000002.1_24	LIPO	545
GCA_963759105.1|CAVWXW010000017.1_339	SP	422
GCA_963759105.1|CAVWXW010000017.1_340	SP	519
GCA_963759155.1|CAVWXX010000004.1_37	SP	321
GCA_963759345.1|CAVWYW010000004.1_308	SP	465
GCA_963759655.1|CAVXAG010000011.1_164	LIPO	283
GCA_963759655.1|CAVXAG010000033.1_4	LIPO	283
GCA_963759655.1|CAVXAG010000036.1_81	SP	308
GCA_963759825.1|CAVXAS010000001.1_273	SP	290
GCA_963759825.1|CAVXAS010000002.1_304	SP	314
GCA_963759825.1|CAVXAS010000007.1_58	SP	414
GCA_963759895.1|CAVXBC010000009.1_222	SP	318
GCA_963760095.1|CAVXBT010000001.1_731	LIPO	292
GCA_963760325.1|CAVXCW010000011.1_82	LIPO	333
GCA_963760395.1|CAVXCX010000001.1_113	SP	364
GCA_963760395.1|CAVXCX010000001.1_192	LIPO	331
GCA_963760795.1|CAVXEP010000001.1_14	SP	331
GCA_963760975.1|CAVXEZ010000010.1_8	SP	342
GCA_963761055.1|CAVXFO010000007.1_89	LIPO	340
GCA_963761255.1|CAVXGH010000007.1_392	SP	327
GCA_963761305.1|CAVXGK010000001.1_666	SP	306
GCA_963761325.1|CAVXGZ010000008.1_362	SP	492
GCA_963761615.1|CAVXGU010000003.1_2769	SP	311
GCA_963761655.1|CAVXHI010000002.1_716	SP	327
GCA_963761695.1|CAVXIB010000001.1_127	SP	326
GCA_963761695.1|CAVXIB010000015.1_277	SP	359
GCA_963761755.1|CAVXIC010000005.1_5	LIPO	369
GCA_963761755.1|CAVXIC010000012.1_499	SP	432
GCA_963761755.1|CAVXIC010000017.1_32	LIPO	364
GCA_963761765.1|CAVXIJ010000015.1_24	SP	502
GCA_963762175.1|CAVXJW010000005.1_662	SP	364
GCA_963762315.1|CAVXKO010000005.1_253	LIPO	352
GCA_963762625.1|CAVXLB010000001.1_40	LIPO	315
GCA_963762735.1|CAVXMG010000040.1_13	SP	441
GCA_963762785.1|CAVXND010000072.1_29	SP	346
GCA_963762795.1|CAVXMC010000014.1_317	SP	345
GCA_963762965.1|CAVXME010000001.1_1965	SP	514
GCA_963763005.1|CAVXMI010000002.1_646	SP	304
GCA_963763005.1|CAVXMI010000002.1_660	LIPO	314
GCA_963763005.1|CAVXMI010000010.1_472	LIPO	282
GCA_963763085.1|CAVXNB010000004.1_541	LIPO	620
GCA_963763115.1|CAVXNM010000061.1_16	SP	363
GCA_963763295.1|CAVXOH010000005.1_546	SP	418
GCA_963763345.1|CAVXOV010000055.1_40	SP	486
GCA_963763505.1|CAVXOZ010000002.1_2146	LIPO	330
GCA_963763505.1|CAVXOZ010000010.1_32	SP	459
GCA_963763675.1|CAVXPN010000005.1_579	LIPO	326
GCA_963763745.1|CAVXQJ010000004.1_299	LIPO	352
GCA_963763745.1|CAVXQJ010000004.1_439	LIPO	356
GCA_963763745.1|CAVXQJ010000015.1_352	LIPO	332
GCA_963764025.1|CAVXRK010000004.1_503	SP	306
GCA_963764095.1|CAVXRB010000026.1_95	SP	334
GCA_963764205.1|CAVXRN010000006.1_508	LIPO	359
GCA_963764215.1|CAVXRS010000005.1_54	LIPO	329
GCA_963764585.1|CAVXTB010000003.1_36	SP	311
GCA_963764585.1|CAVXTB010000008.1_189	LIPO	293
GCA_963764695.1|CAVXTW010000022.1_15	SP	321
GCA_963764715.1|CAVXTP010000015.1_172	SP	268
GCA_963765075.1|CAVXVA010000008.1_758	LIPO	358
GCA_963765385.1|CAVXWG010000004.1_924	SP	377
GCA_963765435.1|CAVXWK010000001.1_244	SP	328
GCA_963765675.1|CAVXXK010000003.1_495	SP	322
GCA_963765815.1|CAVXXT010000006.1_15	SP	397
GCA_963766045.1|CAVXYN010000002.1_819	SP	283
GCA_963766325.1|CAVXZF010000012.1_839	SP	392
GCA_963766465.1|CAVXZT010000008.1_1033	SP	263
GCA_963766535.1|CAVYAU010000009.1_110	LIPO	280
GCA_963766605.1|CAVYAT010000004.1_112	SP	299
GCA_963766645.1|CAVYAY010000001.1_542	LIPO	356
GCA_963766945.1|CAVYCT010000019.1_127	SP	283
GCA_963767035.1|CAVYBW010000001.1_1513	SP	545
GCA_963767375.1|CAVYDT010000008.1_394	LIPO	306
GCA_963767375.1|CAVYDT010000008.1_667	LIPO	281
GCA_963767375.1|CAVYDT010000008.1_1486	LIPO	315
GCA_963767385.1|CAVYEA010000006.1_38	SP	451
GCA_963767585.1|CAVYEB010000001.1_36	SP	337
GCA_963767675.1|CAVYEQ010000003.1_1501	LIPO	310
GCA_963767715.1|CAVYFA010000001.1_415	LIPO	331
GCA_963767715.1|CAVYFA010000016.1_449	LIPO	340
GCA_963767765.1|CAVYEX010000002.1_969	LIPO	294
GCA_963767835.1|CAVYFY010000006.1_2	SP	299
GCA_963768355.1|CAVYHT010000013.1_477	SP	293
GCA_963768485.1|CAVYHZ010000002.1_667	SP	326
GCA_963768605.1|CAVYIP010000007.1_24	LIPO	303
GCA_963768945.1|CAVYJW010000002.1_168	SP	334
GCA_963768975.1|CAVYKB010000012.1_68	LIPO	302
GCA_963769085.1|CAVYKM010000047.1_36	LIPO	345
GCA_963769365.1|CAVYLU010000026.1_132	LIPO	318
GCA_963769745.1|CAVYNB010000011.1_41	SP	345
GCA_963769825.1|CAVYNO010000019.1_26	LIPO	587
GCA_963769975.1|CAVYNS010000001.1_132	SP	627
GCA_963770035.1|CAVYON010000067.1_72	SP	370
GCA_963770135.1|CAVYOM010000032.1_395	SP	585
GCA_963770275.1|CAVYPD010000005.1_114	SP	365
GCA_963770305.1|CAVYPB010000013.1_153	SP	266
GCA_963770335.1|CAVYPG010000019.1_319	SP	298
GCA_963770385.1|CAVYPJ010000003.1_844	SP	304
GCA_963770505.1|CAVYPR010000001.1_491	SP	346
GCA_963770535.1|CAVYPZ010000007.1_650	SP	334
GCA_963770755.1|CAVYQZ010000009.1_196	SP	324
GCA_963770895.1|CAVYRF010000001.1_1461	SP	321
GCA_963770895.1|CAVYRF010000002.1_3101	SP	426
GCA_963771175.1|CAVYSY010000057.1_167	SP	331
GCA_963771275.1|CAVYSW010000003.1_553	LIPO	319
GCA_963771325.1|CAVYTJ010000025.1_24	SP	325
GCA_963771375.1|CAVYTW010000002.1_284	LIPO	308
GCA_963771525.1|CAVYTL010000001.1_1041	LIPO	393
GCA_963771745.1|CAVYUU010000004.1_478	SP	346
GCA_963771775.1|CAVYUS010000003.1_2	SP	417
GCA_963771775.1|CAVYUS010000010.1_719	SP	445
GCA_963771775.1|CAVYUS010000013.1_391	SP	296
GCA_963771905.1|CAVYVI010000015.1_183	SP	309
GCA_963771985.1|CAVYVO010000022.1_564	LIPO	324
GCA_963771985.1|CAVYVO010000022.1_632	SP	366
GCA_963772205.1|CAVYXS010000229.1_8	LIPO	307
GCA_963772315.1|CAVYWJ010000002.1_363	LIPO	415
GCA_963772315.1|CAVYWJ010000004.1_4174	SP	408
GCA_963772335.1|CAVYXF010000001.1_496	SP	355
GCA_963772355.1|CAVYXX010000118.1_89	SP	357
GCA_963772555.1|CAVYXQ010000001.1_396	SP	365
GCA_963772595.1|CAVYXZ010000016.1_254	SP	293
GCA_963772655.1|CAVYYE010000006.1_976	SP	470
GCA_963772655.1|CAVYYE010000006.1_977	SP	412
GCA_963772655.1|CAVYYE010000006.1_1061	LIPO	315
GCA_963772865.1|CAVYZA010000008.1_114	SP	331
GCA_963772875.1|CAVYZE010000005.1_489	LIPO	315
GCA_963772875.1|CAVYZE010000020.1_667	LIPO	306
GCA_963773105.1|CAVZAA010000002.1_233	SP	342
GCA_963773225.1|CAVZAO010000007.1_84	SP	302
GCA_963773335.1|CAVZAT010000004.1_1482	LIPO	327
GCA_963773545.1|CAVZBP010000003.1_1998	LIPO	319
GCA_963773575.1|CAVZBS010000003.1_1074	SP	298
GCA_963773875.1|CAVZCV010000006.1_155	SP	304
GCA_963773895.1|CAVZDA010000001.1_73	SP	346
GCA_963773905.1|CAVZDB010000002.1_307	SP	311
GCA_963773925.1|CAVZDC010000020.1_670	SP	307
GCA_963774185.1|CAVZEK010000047.1_9	SP	320
GCA_963774325.1|CAVZEF010000005.1_273	LIPO	318
GCA_963774385.1|CAVZEQ010000001.1_1656	LIPO	338
GCA_963774435.1|CAVZEW010000002.1_1029	LIPO	355
GCA_963774445.1|CAVZFC010000010.1_69	LIPO	330
GCA_963774445.1|CAVZFC010000010.1_504	LIPO	441
GCA_963774445.1|CAVZFC010000038.1_445	LIPO	396
GCA_963774665.1|CAVZGB010000002.1_387	SP	316
GCA_963774775.1|CAVZGZ010000036.1_5	SP	309
GCA_963774885.1|CAVZGQ010000001.1_47	SP	347
GCA_963774905.1|CAVZHC010000004.1_728	LIPO	349
GCA_963774915.1|CAVZGR010000006.1_25	SP	354
GCA_963774945.1|CAVZHA010000017.1_298	SP	514
GCA_963775175.1|CAVZHT010000001.1_1868	LIPO	325
GCA_963775185.1|CAVZIE010000031.1_1133	LIPO	335
GCA_963775185.1|CAVZIE010000042.1_119	LIPO	357
GCA_963775205.1|CAVZHV010000007.1_65	LIPO	283
GCA_963775425.1|CAVZJB010000004.1_174	SP	314
GCA_963775425.1|CAVZJB010000004.1_269	SP	407
GCA_963775545.1|CAVZJE010000008.1_38	SP	478
GCA_963775975.1|CAVZKX010000003.1_1030	SP	308
GCA_963776055.1|CAVZLD010000013.1_341	SP	293
GCA_963776435.1|CAVZMK010000010.1_1457	LIPO	327
GCA_963776465.1|CAVZMV010000002.1_114	SP	351
GCA_963776465.1|CAVZMV010000002.1_2188	LIPO	350
GCA_963776475.1|CAVZMZ010000031.1_106	LIPO	318
GCA_963776725.1|CAVZOE010000021.1_48	SP	311
GCA_963776785.1|CAVZNY010000010.1_404	LIPO	321
GCA_963777035.1|CAVZPJ010000006.1_370	LIPO	516
GCA_963777165.1|CAVZPO010000023.1_196	LIPO	330
GCA_963777275.1|CAVZPS010000001.1_543	LIPO	310
GCA_963777475.1|CAVZQX010000013.1_170	SP	326
GCA_963777505.1|CAVZQN010000008.1_447	SP	323
GCA_963777735.1|CAVZRQ010000005.1_117	SP	344
GCA_963777805.1|CAVZRY010000015.1_376	LIPO	314
GCA_963777865.1|CAVZSG010000006.1_75	SP	309
GCA_963777885.1|CAVZSJ010000008.1_426	LIPO	281
GCA_963777885.1|CAVZSJ010000011.1_3	SP	306
GCA_963778045.1|CAVZSY010000006.1_381	LIPO	347
GCA_963778045.1|CAVZSY010000007.1_371	LIPO	465
GCA_963778135.1|CAVZTC010000003.1_435	LIPO	280
GCA_963778135.1|CAVZTC010000003.1_436	LIPO	282
GCA_963778135.1|CAVZTC010000004.1_23	SP	324
GCA_963778135.1|CAVZTC010000004.1_24	LIPO	318
GCA_963778165.1|CAVZTE010000003.1_304	SP	361
GCA_963778315.1|CAVZTZ010000003.1_390	SP	304
GCA_963778315.1|CAVZTZ010000015.1_402	LIPO	358
GCA_963778385.1|CAVZUA010000003.1_27	SP	313
GCA_963778925.1|CAVZWE010000037.1_79	LIPO	308
GCA_963779175.1|CAVZXA010000006.1_294	SP	269
GCA_963779255.1|CAVZXU010000016.1_151	SP	311
GCA_963779495.1|CAVZYM010000004.1_709	SP	511
GCA_963779655.1|CAVZZD010000010.1_143	SP	300
GCA_963779655.1|CAVZZD010000014.1_318	SP	273
GCA_963779695.1|CAVZZH010000025.1_69	SP	309
GCA_963779775.1|CAVZZQ010000009.1_378	LIPO	318
GCA_963779975.1|CAWAAL010000006.1_266	SP	711
GCA_963780315.1|CAWABP010000009.1_230	SP	311
GCA_963780715.1|CAWADK010000009.1_74	SP	344
GCA_963780725.1|CAWACV010000001.1_723	SP	605
GCA_963780865.1|CAWADT010000015.1_46	LIPO	308
GCA_963780865.1|CAWADT010000016.1_177	LIPO	304
GCA_963781005.1|CAWADX010000002.1_778	SP	320
GCA_963781445.1|CAWAGS010000010.1_194	LIPO	329
GCA_963781515.1|CAWAGL010000008.1_686	SP	421
GCA_963781675.1|CAWAGF010000002.1_239	SP	352
GCA_963781685.1|CAWAGK010000003.1_413	LIPO	292
GCA_963781685.1|CAWAGK010000006.1_461	SP	305
GCA_963781765.1|CAWAHC010000004.1_7	LIPO	332
GCA_963782055.1|CAWAIF010000002.1_41	LIPO	360
GCA_963782125.1|CAWAID010000006.1_813	SP	374
GCA_963782255.1|CAWAIS010000001.1_2789	SP	385
GCA_963782265.1|CAWAJD010000029.1_244	LIPO	315
GCA_963782465.1|CAWAJR010000003.1_543	LIPO	321
GCA_963782465.1|CAWAJR010000003.1_1045	LIPO	340
GCA_963782485.1|CAWAJV010000003.1_736	LIPO	307
GCA_963782545.1|CAWAKD010000008.1_167	SP	496
GCA_963782555.1|CAWAKB010000003.1_61	SP	319
GCA_963782565.1|CAWAKH010000007.1_16	LIPO	312
GCA_963782565.1|CAWAKH010000014.1_707	LIPO	306
GCA_963782705.1|CAWAKX010000016.1_110	SP	337
GCA_963782755.1|CAWAKR010000003.1_228	SP	311
GCA_963782975.1|CAWALT010000003.1_225	SP	334
GCA_963783035.1|CAWAMC010000005.1_239	SP	633
GCA_963783135.1|CAWAMH010000007.1_121	LIPO	321
GCA_963783145.1|CAWAMM010000007.1_796	SP	327
GCA_963783295.1|CAWAMX010000004.1_136	LIPO	308
GCA_963783335.1|CAWAND010000004.1_87	LIPO	323
GCA_963783625.1|CAWAOG010000032.1_75	SP	354
GCA_963783675.1|CAWAOU010000006.1_312	SP	356
GCA_963783765.1|CAWAOV010000012.1_5	LIPO	339
GCA_963783955.1|CAWAPN010000001.1_182	SP	311
GCA_963783995.1|CAWAPU010000002.1_68	SP	395
GCA_963784085.1|CAWAQH010000019.1_16	SP	304
GCA_963784085.1|CAWAQH010000019.1_38	SP	502
GCA_963784385.1|CAWARF010000004.1_117	SP	300
GCA_963784415.1|CAWARK010000006.1_181	SP	319
GCA_963784445.1|CAWARO010000003.1_596	SP	308
GCA_963784615.1|CAWASG010000001.1_328	SP	344
GCA_963784655.1|CAWASO010000005.1_287	LIPO	358
GCA_963784665.1|CAWASA010000004.1_322	LIPO	267
GCA_963784675.1|CAWASE010000014.1_211	SP	365
GCA_963784685.1|CAWASF010000009.1_359	LIPO	306
GCA_963784685.1|CAWASF010000009.1_649	LIPO	279
GCA_963784685.1|CAWASF010000011.1_474	LIPO	315
GCA_963784735.1|CAWASK010000006.1_91	SP	359
GCA_963784815.1|CAWATB010000030.1_33	SP	514
GCA_963784875.1|CAWATE010000004.1_582	SP	293
GCA_963785005.1|CAWATS010000003.1_6	SP	348
GCA_963785155.1|CAWAUB010000004.1_551	SP	425
GCA_963785225.1|CAWAUQ010000014.1_15	LIPO	327
GCA_963785265.1|CAWAUN010000002.1_367	SP	337
GCA_963785265.1|CAWAUN010000002.1_375	SP	321
GCA_963785275.1|CAWAUY010000007.1_93	LIPO	351
GCA_963785395.1|CAWAVH010000018.1_106	SP	321
GCA_963785455.1|CAWAVL010000013.1_496	LIPO	311
GCA_963785505.1|CAWAVN010000001.1_182	SP	320
GCA_963785625.1|CAWAWC010000010.1_296	LIPO	308
GCA_963785625.1|CAWAWC010000023.1_11	LIPO	309
GCA_963785735.1|CAWAWJ010000001.1_117	SP	309
GCA_963785845.1|CAWAWP010000003.1_939	LIPO	315
GCA_963786015.1|CAWAXO010000006.1_118	SP	314
GCA_963786245.1|CAWAYI010000001.1_567	SP	352
GCA_963786455.1|CAWAZX010000006.1_121	SP	423
GCA_963786575.1|CAWAZH010000005.1_299	LIPO	292
GCA_963786725.1|CAWBAD010000006.1_446	SP	280
GCA_963786765.1|CAWBAJ010000015.1_147	LIPO	343
GCA_963786865.1|CAWBAV010000011.1_167	LIPO	312
GCA_963787015.1|CAWBBM010000030.1_22	SP	599
GCA_963787055.1|CAWBBP010000007.1_327	SP	300
GCA_963787115.1|CAWBBS010000004.1_157	SP	307
GCA_963787195.1|CAWBCI010000019.1_149	SP	324
GCA_963787525.1|CAWBDK010000005.1_378	SP	344
GCA_963787525.1|CAWBDK010000005.1_2176	LIPO	349
GCA_963787635.1|CAWBDP010000002.1_4	LIPO	283
GCA_963787665.1|CAWBDZ010000009.1_251	LIPO	341
GCA_963787955.1|CAWBFG010000018.1_218	SP	463
GCA_963788035.1|CAWBFC010000001.1_481	SP	313
GCA_963788075.1|CAWBFI010000008.1_470	LIPO	314
GCA_963788075.1|CAWBFI010000008.1_1174	LIPO	277
GCA_963788075.1|CAWBFI010000008.1_1450	LIPO	306
GCA_963788085.1|CAWBFS010000052.1_22	LIPO	284
GCA_963788095.1|CAWBFP010000045.1_97	SP	378
GCA_963788205.1|CAWBGG010000007.1_469	SP	322
GCA_963788385.1|CAWBGR010000001.1_120	SP	347
GCA_963788555.1|CAWBHM010000028.1_95	SP	369
GCA_963788835.1|CAWBIF010000003.1_1214	LIPO	327
GCA_963788935.1|CAWBIM010000006.1_637	LIPO	307
GCA_963789085.1|CAWBJR010000011.1_872	SP	328
GCA_963789405.1|CAWBKL010000001.1_159	LIPO	318
GCA_963789465.1|CAWBLL010000008.1_211	LIPO	321
GCA_963789715.1|CAWBLQ010000001.1_280	SP	341
GCA_963789775.1|CAWBLX010000007.1_126	LIPO	368
GCA_963789825.1|CAWBME010000006.1_959	SP	312
GCA_963789835.1|CAWBMF010000005.1_395	SP	334
GCA_963789905.1|CAWBMK010000001.1_248	LIPO	332
GCA_963789985.1|CAWBNA010000013.1_26	SP	318
GCA_963790075.1|CAWBNG010000004.1_9	SP	298
GCA_963790145.1|CAWBNN010000003.1_74	LIPO	309
GCA_963790475.1|CAWBOS010000010.1_1468	SP	347
GCA_963791015.1|CAWBQX010000001.1_404	SP	328
GCA_963791215.1|CAWBRR010000004.1_138	SP	331
GCA_963791255.1|CAWBSA010000009.1_156	SP	356
GCA_963791335.1|CAWBRN010000003.1_561	SP	350
GCA_963791535.1|CAWBSW010000006.1_6	LIPO	292
GCA_963791535.1|CAWBSW010000046.1_96	LIPO	282
GCA_963791535.1|CAWBSW010000071.1_8	LIPO	292
GCA_963792045.1|CAWBUT010000012.1_580	SP	357
GCA_963792205.1|CAWBVI010000003.1_267	LIPO	356
GCA_963792235.1|CAWBVR010000030.1_376	LIPO	441
GCA_963792725.1|CAWBXJ010000006.1_1186	SP	337
GCA_963792745.1|CAWBXH010000011.1_570	LIPO	283
GCA_963792825.1|CAWBXS010000002.1_990	LIPO	314
GCA_963792865.1|CAWBYB010000002.1_42	SP	296
GCA_963792895.1|CAWBYA010000007.1_921	LIPO	329
GCA_963792945.1|CAWBYM010000021.1_153	LIPO	323
GCA_963793055.1|CAWBYS010000014.1_46	LIPO	288
GCA_963793055.1|CAWBYS010000014.1_921	SP	283
GCA_963793295.1|CAWBZX010000011.1_42	SP	398
GCA_963793635.1|CAWCAX010000004.1_2530	SP	302
GCA_963793635.1|CAWCAX010000004.1_2939	SP	301
GCA_963793675.1|CAWCBA010000002.1_239	LIPO	373
GCA_963794145.1|CAWCCM010000003.1_93	SP	352
GCA_963794245.1|CAWCDD010000007.1_23	LIPO	306
GCA_963794245.1|CAWCDD010000011.1_262	LIPO	279
GCA_963794245.1|CAWCDD010000011.1_987	LIPO	315
GCA_963794285.1|CAWCDS010000005.1_338	SP	330
GCA_963794325.1|CAWCDG010000004.1_1752	SP	333
GCA_963794325.1|CAWCDG010000007.1_67	SP	305
GCA_963794595.1|CAWCER010000019.1_230	LIPO	301
GCA_963794685.1|CAWCFK010000004.1_986	SP	463
GCA_963794685.1|CAWCFK010000013.1_69	SP	475
GCA_963794685.1|CAWCFK010000013.1_111	SP	458
GCA_963794735.1|CAWCFE010000002.1_3109	SP	286
GCA_963794775.1|CAWCGA010000026.1_49	SP	308
GCA_963794785.1|CAWCFA010000004.1_45	LIPO	281
GCA_963794875.1|CAWCFG010000006.1_52	SP	357
GCA_963795125.1|CAWCGQ010000001.1_2042	SP	303
GCA_963795215.1|CAWCGW010000007.1_580	SP	390
GCA_963795215.1|CAWCGW010000007.1_761	LIPO	309
GCA_963795225.1|CAWCHB010000028.1_68	LIPO	365
GCA_963795365.1|CAWCHW010000037.1_257	SP	308
GCA_963795405.1|CAWCHS010000008.1_23	SP	365
GCA_963795525.1|CAWCIA010000005.1_137	LIPO	422
GCA_963795695.1|CAWCJH010000001.1_1863	LIPO	353
GCA_963795995.1|CAWCJY010000002.1_699	LIPO	314
GCA_963796165.1|CAWCKP010000003.1_622	LIPO	307
GCA_963796195.1|CAWCKS010000016.1_170	SP	308
GCA_963796205.1|CAWCKR010000006.1_626	SP	312
GCA_963796335.1|CAWCLG010000006.1_381	SP	322
GCA_963796525.1|CAWCMD010000012.1_863	SP	384
GCA_963796655.1|CAWCML010000001.1_69	SP	332
GCA_963796685.1|CAWCMR010000008.1_370	SP	522
GCA_963796715.1|CAWCMN010000009.1_1044	LIPO	316
GCA_963796755.1|CAWCMX010000001.1_84	SP	361
GCA_963796825.1|CAWCNE010000006.1_632	LIPO	282
GCA_963797225.1|CAWCOO010000004.1_175	LIPO	374
GCA_963797245.1|CAWCPE010000024.1_10	SP	291
GCA_963797255.1|CAWCOV010000019.1_302	SP	371
GCA_963797275.1|CAWCOT010000005.1_360	LIPO	332
GCA_963797385.1|CAWCPY010000017.1_86	SP	308
GCA_963797555.1|CAWCPV010000004.1_69	SP	372
GCA_963797605.1|CAWCPX010000009.1_795	SP	443
GCA_963797675.1|CAWCQQ010000020.1_49	SP	448
GCA_963797735.1|CAWCQJ010000001.1_1200	LIPO	320
GCA_963797735.1|CAWCQJ010000001.1_1555	LIPO	337
GCA_963797765.1|CAWCQU010000002.1_508	SP	304
GCA_963797865.1|CAWCRJ010000029.1_169	LIPO	306
GCA_963797935.1|CAWCRI010000016.1_60	LIPO	387
GCA_963797995.1|CAWCRP010000004.1_86	SP	425
GCA_963798065.1|CAWCSC010000002.1_165	SP	447
GCA_963798325.1|CAWCSS010000009.1_18	SP	300
GCA_963798375.1|CAWCTG010000009.1_181	SP	333
GCA_963798675.1|CAWCUJ010000041.1_49	SP	334
GCA_963798875.1|CAWCUT010000005.1_128	SP	353
GCA_963798895.1|CAWCUY010000003.1_399	SP	637
GCA_963798965.1|CAWCVW010000015.1_394	LIPO	304
GCA_963799255.1|CAWCWO010000026.1_205	SP	431
GCA_963799305.1|CAWCWX010000015.1_478	SP	266
GCA_963799495.1|CAWCXH010000013.1_217	SP	290
GCA_963799495.1|CAWCXH010000019.1_21	LIPO	297
GCA_963799685.1|CAWCXW010000004.1_55	SP	526
GCA_963800065.1|CAWCZO010000008.1_121	SP	352
GCA_963800125.1|CAWDAC010000051.1_115	SP	292
GCA_963800235.1|CAWDAD010000003.1_604	LIPO	371
GCA_963800245.1|CAWDAE010000004.1_397	SP	387
GCA_963800315.1|CAWDAS010000009.1_742	LIPO	306
GCA_963800395.1|CAWDBD010000014.1_195	LIPO	347
GCA_963800765.1|CAWDCF010000014.1_209	SP	335
GCA_963800815.1|CAWDCP010000012.1_177	SP	317
GCA_963801195.1|CAWDDX010000005.1_179	SP	326
GCA_963801315.1|CAWDEI010000003.1_141	LIPO	343
GCA_963801365.1|CAWDEZ010000002.1_65	LIPO	282
GCA_963801405.1|CAWDEO010000014.1_69	SP	345
GCA_963801665.1|CAWDFL010000002.1_356	SP	322
GCA_963801675.1|CAWDFN010000001.1_49	SP	316
GCA_963801685.1|CAWDFR010000009.1_431	SP	338
GCA_963801695.1|CAWDFV010000005.1_193	SP	333
GCA_963801875.1|CAWDGT010000008.1_9	SP	304
GCA_963802315.1|CAWDIF010000001.1_838	SP	504
GCA_963802475.1|CAWDIZ010000015.1_223	SP	339
GCA_963802505.1|CAWDJB010000002.1_1026	LIPO	305
GCA_963802525.1|CAWDJC010000024.1_98	LIPO	281
GCA_963802575.1|CAWDJF010000001.1_227	SP	308
GCA_963802575.1|CAWDJF010000008.1_169	SP	312
GCA_963802575.1|CAWDJF010000008.1_170	SP	312
GCA_963802585.1|CAWDJS010000005.1_129	SP	313
GCA_963802645.1|CAWDJK010000005.1_817	LIPO	326
GCA_963802735.1|CAWDJY010000012.1_655	SP	333
GCA_963803045.1|CAWDLC010000033.1_32	LIPO	330
GCA_963803125.1|CAWDLR010000004.1_224	SP	313
GCA_963803345.1|CAWDLX010000020.1_382	SP	579
GCA_963803435.1|CAWDML010000005.1_366	LIPO	290
GCA_963803435.1|CAWDML010000009.1_1151	SP	656
GCA_963803605.1|CAWDNG010000003.1_966	SP	308
GCA_963803635.1|CAWDNJ010000001.1_256	SP	297
GCA_963803645.1|CAWDNK010000001.1_84	SP	508
GCA_963803835.1|CAWDOI010000013.1_204	LIPO	309
GCA_963804055.1|CAWDOU010000003.1_9	SP	363
GCA_963804165.1|CAWDPO010000035.1_82	SP	341
GCA_963804305.1|CAWDPR010000011.1_468	LIPO	334
GCA_963804325.1|CAWDPT010000006.1_91	SP	332
GCA_963804375.1|CAWDQE010000014.1_1628	SP	303
GCA_963804375.1|CAWDQE010000018.1_1021	SP	303
GCA_963804375.1|CAWDQE010000024.1_202	SP	304
GCA_963804495.1|CAWDQN010000003.1_227	LIPO	303
GCA_963804655.1|CAWDRE010000006.1_59	LIPO	307
GCA_963804825.1|CAWDRV010000004.1_13	SP	303
GCA_963804905.1|CAWDSB010000003.1_394	SP	306
GCA_963805045.1|CAWDTC010000014.1_9	SP	311
GCA_963805255.1|CAWDTK010000020.1_207	SP	335
GCA_963805295.1|CAWDTW010000045.1_46	SP	371
GCA_963805295.1|CAWDTW010000064.1_55	SP	351
GCA_963805315.1|CAWDTQ010000002.1_52	SP	337
GCA_963805415.1|CAWDUD010000014.1_362	LIPO	312
GCA_963805595.1|CAWDUM010000006.1_80	SP	327
GCA_963805605.1|CAWDUX010000003.1_1084	SP	322
GCA_963805675.1|CAWDVY010000025.1_393	LIPO	282
GCA_963805675.1|CAWDVY010000025.1_475	LIPO	293
GCA_963805945.1|CAWDVP010000006.1_562	SP	309
GCA_963805985.1|CAWDWG010000001.1_117	SP	295
GCA_963806225.1|CAWDXG010000001.1_681	LIPO	365
GCA_963806225.1|CAWDXG010000004.1_1407	LIPO	362
GCA_963806285.1|CAWDXJ010000011.1_10	SP	354
GCA_963806345.1|CAWDXV010000020.1_20	LIPO	313
GCA_963806485.1|CAWDXY010000001.1_1465	SP	307
GCA_963806485.1|CAWDXY010000002.1_685	SP	340
GCA_963806575.1|CAWDYX010000028.1_53	LIPO	330
GCA_963806685.1|CAWDZB010000013.1_102	LIPO	329
GCA_963806705.1|CAWDZE010000025.1_22	SP	339
GCA_963807035.1|CAWEAL010000003.1_522	LIPO	317
GCA_963807065.1|CAWDZQ010000003.1_180	LIPO	321
GCA_963807375.1|CAWEBP010000003.1_991	LIPO	367
GCA_963807685.1|CAWECU010000003.1_42	SP	319
GCA_963807765.1|CAWECV010000001.1_75	SP	306
GCA_963807825.1|CAWEDC010000004.1_269	SP	414
GCA_963807845.1|CAWEDS010000005.1_130	LIPO	360
GCA_963808105.1|CAWEEH010000003.1_1757	SP	429
GCA_963808235.1|CAWEEQ010000004.1_2794	SP	343
GCA_963808375.1|CAWEFS010000010.1_631	LIPO	313
GCA_963808765.1|CAWEHH010000018.1_17	SP	387
GCA_963808765.1|CAWEHH010000028.1_127	SP	318
GCA_963809285.1|CAWEIY010000002.1_408	LIPO	280
GCA_963809335.1|CAWEJD010000005.1_778	LIPO	376
GCA_963809515.1|CAWEKA010000009.1_71	SP	283
GCA_963809515.1|CAWEKA010000017.1_439	LIPO	294
GCA_963809545.1|CAWEKD010000005.1_1305	SP	415
GCA_963809715.1|CAWEKO010000005.1_242	SP	351
GCA_963810055.1|CAWEME010000004.1_137	SP	304
GCA_963810075.1|CAWELZ010000014.1_326	LIPO	324
GCA_963810385.1|CAWENA010000002.1_86	LIPO	343
GCA_963810475.1|CAWENY010000017.1_64	SP	341
GCA_963810485.1|CAWENQ010000003.1_317	SP	279
GCA_963810495.1|CAWENP010000006.1_321	SP	332
GCA_963810535.1|CAWENW010000004.1_637	LIPO	312
GCA_963810535.1|CAWENW010000005.1_42	SP	387
GCA_963811305.1|CAWEQU010000009.1_500	SP	584
GCA_963811605.1|CAWESA010000010.1_908	SP	434
GCA_963811865.1|CAWESZ010000013.1_683	SP	316
GCA_963811975.1|CAWETR010000014.1_226	SP	334
GCA_963812135.1|CAWETU010000001.1_2036	LIPO	312
GCA_963812195.1|CAWEUI010000014.1_102	SP	345
GCA_963812305.1|CAWEUT010000002.1_136	SP	299
GCA_963812405.1|CAWEUV010000002.1_531	SP	324
GCA_963812525.1|CAWEVL010000010.1_1	SP	313
GCA_963812605.1|CAWEWF010000004.1_174	SP	309
GCA_963812885.1|CAWEWZ010000002.1_156	SP	390
GCA_963813045.1|CAWEXR010000031.1_281	SP	301
GCA_963813115.1|CAWEXS010000002.1_1161	SP	332
GCA_963813275.1|CAWEYH010000002.1_260	LIPO	284
GCA_963813525.1|CAWEZI010000005.1_2467	SP	346
GCA_963813935.1|CAWFAR010000001.1_908	LIPO	276
GCA_963814035.1|CAWFBH010000007.1_174	SP	327
GCA_963814185.1|CAWFCF010000004.1_3231	SP	286
GCA_963814215.1|CAWFCM010000009.1_43	SP	333
GCA_963814325.1|CAWFCK010000002.1_60	SP	314
GCA_963814345.1|CAWFCT010000009.1_33	SP	340
GCA_963814475.1|CAWFDA010000023.1_106	SP	385
GCA_963814505.1|CAWFDM010000008.1_396	LIPO	311
GCA_963814505.1|CAWFDM010000016.1_701	LIPO	284
GCA_963814795.1|CAWFEK010000011.1_91	SP	295
GCA_963814835.1|CAWFEG010000003.1_1494	SP	404
GCA_963814845.1|CAWFEP010000013.1_124	LIPO	336
GCA_963814995.1|CAWFFF010000005.1_114	LIPO	341
GCA_963815115.1|CAWFFN010000009.1_887	SP	424
GCA_963815125.1|CAWFFM010000002.1_130	SP	322
GCA_963815255.1|CAWFGH010000002.1_684	SP	380
GCA_963815325.1|CAWFGG010000007.1_140	LIPO	324
GCA_963815375.1|CAWFGX010000001.1_1995	SP	441
GCA_963815495.1|CAWFGW010000008.1_45	SP	779
GCA_963815495.1|CAWFGW010000028.1_184	SP	620
GCA_963815515.1|CAWFGP010000005.1_383	SP	309
GCA_963815545.1|CAWFGY010000006.1_418	SP	412
GCA_963815615.1|CAWFHF010000001.1_336	SP	333
GCA_963815705.1|CAWFHQ010000007.1_287	LIPO	315
GCA_963815835.1|CAWFIF010000001.1_885	SP	327
GCA_963815995.1|CAWFIR010000010.1_905	LIPO	315
GCA_963815995.1|CAWFIR010000017.1_91	LIPO	282
GCA_963816005.1|CAWFKF010000091.1_148	SP	319
GCA_963816065.1|CAWFJG010000001.1_7	SP	389
GCA_963816145.1|CAWFJP010000030.1_500	SP	332
GCA_963816235.1|CAWFKD010000007.1_356	SP	279
GCA_963816335.1|CAWFKA010000015.1_126	SP	371
GCA_963816405.1|CAWFKN010000001.1_901	LIPO	353
GCA_963816495.1|CAWFKY010000017.1_239	LIPO	315
GCA_963816535.1|CAWFKW010000003.1_1053	SP	302
GCA_963816655.1|CAWFLW010000025.1_170	SP	303
GCA_963816705.1|CAWFLZ010000008.1_146	SP	310
GCA_963816805.1|CAWFLU010000010.1_127	SP	355
GCA_963816815.1|CAWFMW010000080.1_116	SP	585
GCA_963816875.1|CAWFMG010000002.1_263	SP	312
GCA_963816875.1|CAWFMG010000004.1_568	SP	327
GCA_963816965.1|CAWFMP010000002.1_125	SP	794
GCA_963816965.1|CAWFMP010000004.1_663	LIPO	354
GCA_963816965.1|CAWFMP010000004.1_1287	LIPO	354
GCA_963817005.1|CAWFMN010000001.1_1359	SP	340
GCA_963817005.1|CAWFMN010000003.1_6	LIPO	342
GCA_963817005.1|CAWFMN010000004.1_1120	SP	358
GCA_963817005.1|CAWFMN010000008.1_19	LIPO	363
GCA_963817085.1|CAWFNI010000024.1_43	SP	314
GCA_963817195.1|CAWFNJ010000003.1_134	SP	337
GCA_963817285.1|CAWFOE010000012.1_320	SP	310
GCA_963817635.1|CAWFPR010000025.1_51	SP	249
GCA_963817825.1|CAWFQG010000019.1_316	LIPO	284
GCA_963817845.1|CAWFPU010000005.1_41	SP	314
GCA_963817875.1|CAWFPQ010000010.1_132	SP	361
GCA_963817985.1|CAWFQI010000001.1_45	SP	357
GCA_963817985.1|CAWFQI010000022.1_83	SP	362
GCA_963818285.1|CAWFRR010000004.1_7	LIPO	276
GCA_963818475.1|CAWFSF010000006.1_1423	SP	327
GCA_963818575.1|CAWFSV010000013.1_168	LIPO	325
GCA_963818685.1|CAWFTJ010000007.1_299	SP	423
GCA_963818845.1|CAWFTO010000003.1_420	LIPO	397
GCA_963819235.1|CAWFVE010000006.1_520	LIPO	388
GCA_963819475.1|CAWFWE010000004.1_1306	SP	340
GCA_963819775.1|CAWFXM010000004.1_30	SP	334
GCA_963819935.1|CAWFYF010000010.1_1859	SP	477
GCA_963819945.1|CAWFYD010000007.1_251	LIPO	350
GCA_963820005.1|CAWFYQ010000011.1_245	SP	341
GCA_963820045.1|CAWFYN010000010.1_1413	LIPO	277
GCA_963820365.1|CAWFZR010000022.1_40	SP	323
GCA_963820715.1|CAWGAU010000004.1_317	SP	408
GCA_963820715.1|CAWGAU010000005.1_799	SP	343
GCA_963820795.1|CAWGBJ010000022.1_240	SP	365
GCA_963820835.1|CAWGBP010000005.1_61	SP	317
GCA_963820835.1|CAWGBP010000010.1_10	SP	307
GCA_963821065.1|CAWGCM010000034.1_130	LIPO	325
GCA_963821135.1|CAWGCR010000009.1_128	SP	625
GCA_963821295.1|CAWGDB010000004.1_268	LIPO	520
GCA_963821325.1|CAWGDC010000006.1_435	SP	351
GCA_963821415.1|CAWGEE010000043.1_243	SP	294
GCA_963821725.1|CAWGFA010000028.1_261	LIPO	327
GCA_963821745.1|CAWGEU010000003.1_248	SP	619
GCA_963821885.1|CAWGFN010000001.1_18	SP	323
GCA_963822115.1|CAWGGM010000020.1_768	LIPO	385
GCA_963822215.1|CAWGGX010000003.1_701	SP	370
GCA_963822305.1|CAWGHF010000001.1_60	SP	283
GCA_963822465.1|CAWGHP010000007.1_160	LIPO	347
GCA_963822475.1|CAWGHT010000009.1_542	SP	317
GCA_963822545.1|CAWGIB010000002.1_726	SP	494
GCA_963822795.1|CAWGJM010000032.1_529	SP	326
GCA_963822805.1|CAWGIV010000008.1_141	LIPO	299
GCA_963822825.1|CAWGIW010000003.1_227	LIPO	310
GCA_963822825.1|CAWGIW010000024.1_102	SP	496
GCA_963823035.1|CAWGKG010000023.1_180	LIPO	319
GCA_963823165.1|CAWGKV010000037.1_163	SP	366
GCA_963823285.1|CAWGKX010000014.1_551	SP	366
GCA_963823345.1|CAWGLE010000007.1_63	LIPO	346
GCA_963823505.1|CAWGLY010000005.1_1620	LIPO	334
GCA_963823605.1|CAWGMF010000015.1_34	LIPO	315
GCA_963823735.1|CAWGMO010000002.1_2571	LIPO	295
GCA_963823735.1|CAWGMO010000010.1_299	SP	331
GCA_963823815.1|CAWGMU010000002.1_126	SP	334
GCA_963824045.1|CAWGNW010000006.1_201	LIPO	325
GCA_963824275.1|CAWGOT010000003.1_439	SP	299
GCA_963824335.1|CAWGPB010000004.1_76	LIPO	308
GCA_963824335.1|CAWGPB010000035.1_6	LIPO	282
GCA_963824405.1|CAWGPK010000011.1_60	LIPO	372
GCA_963824505.1|CAWGPS010000006.1_80	LIPO	315
GCA_963824505.1|CAWGPS010000008.1_322	LIPO	313
GCA_963824505.1|CAWGPS010000008.1_597	LIPO	281
GCA_963824525.1|CAWGPI010000007.1_501	SP	342
GCA_963824545.1|CAWGPP010000026.1_76	LIPO	344
GCA_963824755.1|CAWGQT010000013.1_122	SP	362
GCA_963825155.1|CAWGRZ010000011.1_100	SP	304
GCA_963825225.1|CAWGSN010000042.1_14	SP	304
GCA_963825445.1|CAWGTM010000006.1_25	SP	308
GCA_963825445.1|CAWGTM010000036.1_722	LIPO	297
GCA_963826035.1|CAWGVZ010000003.1_49	SP	446
GCA_963826035.1|CAWGVZ010000024.1_618	SP	308
GCA_963826075.1|CAWGVQ010000009.1_223	SP	335
GCA_963826075.1|CAWGVQ010000011.1_103	SP	498
GCA_963826085.1|CAWGVN010000001.1_758	LIPO	366
GCA_963826085.1|CAWGVN010000001.1_1791	LIPO	347
GCA_963826125.1|CAWGVV010000001.1_74	LIPO	336
GCA_963826365.1|CAWGXA010000004.1_722	LIPO	279
GCA_963826505.1|CAWGXG010000007.1_474	SP	607
GCA_963826685.1|CAWGYC010000009.1_760	SP	331
GCA_963826685.1|CAWGYC010000014.1_549	SP	319
GCA_963826685.1|CAWGYC010000015.1_69	SP	284
GCA_963826695.1|CAWGXZ010000001.1_216	SP	453
GCA_963826795.1|CAWGYT010000003.1_73	SP	327
GCA_963826835.1|CAWGYK010000006.1_518	SP	344
GCA_963827275.1|CAWHAA010000004.1_281	SP	339
GCA_963827305.1|CAWHAM010000008.1_126	LIPO	318
GCA_963827305.1|CAWHAM010000014.1_62	LIPO	330
GCA_963827505.1|CAWHBD010000001.1_2015	SP	300
GCA_963828285.1|CAWHEB010000002.1_1401	LIPO	349
GCA_963828315.1|CAWHEC010000003.1_605	LIPO	324
GCA_963828535.1|CAWHEM010000002.1_50	SP	307
GCA_963828645.1|CAWHFI010000008.1_300	SP	305
GCA_963828685.1|CAWHFU010000016.1_27	LIPO	347
GCA_963828715.1|CAWHFX010000002.1_29	SP	375
GCA_963828715.1|CAWHFX010000004.1_171	SP	318
GCA_963828775.1|CAWHGX010000075.1_17	SP	324
GCA_963828825.1|CAWHGF010000004.1_103	SP	340
GCA_963829115.1|CAWHHG010000008.1_89	LIPO	315
GCA_963829405.1|CAWHIZ010000036.1_131	SP	287
GCA_963830115.1|CAWHLB010000019.1_13	LIPO	367
GCA_963830305.1|CAWHLW010000017.1_4	LIPO	326
GCA_963830665.1|CAWHNM010000019.1_249	LIPO	303
GCA_963830745.1|CAWHNL010000016.1_45	SP	325
GCA_963831385.1|CAWHPW010000012.1_91	SP	274
GCA_963831425.1|CAWHQC010000031.1_201	SP	345
GCA_963831535.1|CAWHQP010000004.1_19	SP	362
GCA_963831565.1|CAWHQS010000003.1_177	SP	308
GCA_963831585.1|CAWHRA010000011.1_3	SP	241
GCA_963831615.1|CAWHQU010000011.1_1105	LIPO	380
GCA_963831615.1|CAWHQU010000013.1_675	SP	337
GCA_963831885.1|CAWHSJ010000012.1_187	LIPO	317
GCA_963832605.1|CAWHUO010000007.1_110	SP	330
GCA_963832615.1|CAWHVA010000013.1_103	LIPO	320
GCA_963832625.1|CAWHUV010000008.1_290	LIPO	368
GCA_963832725.1|CAWHVG010000003.1_1327	LIPO	358
GCA_963832795.1|CAWHVJ010000008.1_110	LIPO	317
GCA_963832925.1|CAWHVY010000009.1_38	SP	333
GCA_963832965.1|CAWHVW010000002.1_251	TATLIPO	302
GCA_963833025.1|CAWHWI010000001.1_562	SP	340
GCA_963833025.1|CAWHWI010000006.1_583	SP	307
GCA_963833045.1|CAWHWL010000005.1_255	LIPO	462
GCA_963833045.1|CAWHWL010000013.1_119	LIPO	366
GCA_963833095.1|CAWHWQ010000001.1_778	LIPO	468
GCA_963833305.1|CAWHXN010000021.1_27	SP	297
GCA_963833585.1|CAWHYF010000001.1_214	SP	357
GCA_963833765.1|CAWHZJ010000022.1_19	SP	347
GCA_963833875.1|CAWHZM010000004.1_1028	SP	522
GCA_963833915.1|CAWHZO010000002.1_27	LIPO	292
GCA_963833915.1|CAWHZO010000002.1_90	LIPO	282
GCA_963833985.1|CAWIAD010000002.1_4833	SP	334
GCA_963834135.1|CAWIAN010000013.1_345	SP	293
GCA_963834485.1|CAWICD010000005.1_103	LIPO	370
GCA_963834615.1|CAWICO010000001.1_541	LIPO	282
GCA_963834615.1|CAWICO010000001.1_597	LIPO	292
GCA_963834735.1|CAWICT010000007.1_227	SP	336
GCA_963834865.1|CAWIDK010000010.1_107	SP	303
GCA_963835075.1|CAWIEE010000042.1_210	LIPO	279
GCA_963835405.1|CAWIFV010000013.1_372	SP	357
GCA_963835455.1|CAWIFT010000004.1_111	LIPO	335
GCA_963835465.1|CAWIFR010000003.1_71	SP	349
GCA_963835795.1|CAWIHJ010000079.1_5	SP	312
GCA_963835805.1|CAWIGS010000004.1_274	LIPO	346
GCA_963835885.1|CAWIHF010000017.1_138	LIPO	371
GCA_963835905.1|CAWIHG010000005.1_475	SP	329
GCA_963835905.1|CAWIHG010000005.1_2100	SP	344
GCA_963835935.1|CAWIHK010000001.1_1450	SP	594
GCA_963835995.1|CAWIHW010000001.1_2703	SP	312
GCA_963836075.1|CAWIIB010000001.1_476	SP	640
GCA_963836195.1|CAWIIX010000031.1_95	SP	432
GCA_963836195.1|CAWIIX010000033.1_812	SP	513
GCA_963836215.1|CAWIIU010000006.1_1346	SP	494
GCA_963836365.1|CAWIJC010000009.1_104	LIPO	335
GCA_963836445.1|CAWIJM010000013.1_144	SP	336
GCA_963836495.1|CAWIJT010000001.1_379	LIPO	282
GCA_963836495.1|CAWIJT010000001.1_442	LIPO	292
GCA_963836515.1|CAWIJX010000009.1_483	SP	323
GCA_963836595.1|CAWIKC010000001.1_2196	LIPO	301
GCA_963836595.1|CAWIKC010000004.1_394	SP	266
GCA_963836765.1|CAWILG010000022.1_210	SP	308
GCA_963836815.1|CAWILD010000011.1_541	SP	304
GCA_963836955.1|CAWILO010000010.1_273	SP	334
GCA_963836965.1|CAWILQ010000002.1_243	SP	307
GCA_963837155.1|CAWIMB010000002.1_1646	LIPO	329
GCA_963837195.1|CAWIMO010000006.1_2436	LIPO	460
GCA_963837285.1|CAWIMS010000005.1_145	SP	325
GCA_963837325.1|CAWIMV010000002.1_1272	SP	322
GCA_963837355.1|CAWIMY010000002.1_194	SP	374
GCA_963837365.1|CAWIMW010000006.1_67	SP	324
GCA_963837505.1|CAWINN010000005.1_263	SP	377
GCA_963837515.1|CAWINT010000006.1_252	SP	465
GCA_963837515.1|CAWINT010000009.1_26	SP	456
GCA_963837715.1|CAWIOF010000002.1_252	SP	350
GCA_963838315.1|CAWIQW010000011.1_91	SP	514
GCA_963838705.1|CAWIRU010000009.1_426	LIPO	309
GCA_963838715.1|CAWISE010000009.1_592	SP	298
GCA_963838825.1|CAWISQ010000001.1_489	SP	513
GCA_963839015.1|CAWITL010000001.1_312	LIPO	340
GCA_963839015.1|CAWITL010000010.1_940	LIPO	324
GCA_963839085.1|CAWITN010000001.1_129	SP	304
GCA_963839085.1|CAWITN010000002.1_642	SP	534
GCA_963839095.1|CAWIUF010000010.1_43	LIPO	311
GCA_963839325.1|CAWIUO010000006.1_269	SP	318
GCA_963839345.1|CAWIUP010000005.1_300	SP	335
GCA_963839345.1|CAWIUP010000005.1_316	LIPO	291
GCA_963839345.1|CAWIUP010000005.1_385	LIPO	282
GCA_963839545.1|CAWIVE010000003.1_2009	LIPO	345
GCA_963839885.1|CAWIWZ010000009.1_718	SP	335
GCA_963840035.1|CAWIXE010000001.1_767	SP	299
GCA_963840045.1|CAWIXL010000001.1_131	LIPO	283
GCA_963840045.1|CAWIXL010000014.1_14	LIPO	323
GCA_963840195.1|CAWIYD010000009.1_475	SP	452
GCA_963840215.1|CAWIYG010000006.1_43	SP	311
GCA_963840275.1|CAWIYK010000007.1_91	SP	315
GCA_963840385.1|CAWIYS010000011.1_299	SP	398
GCA_963840385.1|CAWIYS010000011.1_328	LIPO	319
GCA_963840465.1|CAWIZF010000019.1_385	SP	585
GCA_963840595.1|CAWIZQ010000001.1_37	SP	328
GCA_963840615.1|CAWJAA010000012.1_20	SP	310
GCA_963840665.1|CAWIZO010000011.1_639	LIPO	312
GCA_963840665.1|CAWIZO010000011.1_640	SP	312
GCA_963841085.1|CAWJBF010000014.1_16	SP	306
GCA_963841145.1|CAWJBO010000016.1_73	LIPO	331
GCA_963841195.1|CAWJBX010000009.1_471	LIPO	333
GCA_963841685.1|CAWJDU010000003.1_683	LIPO	452
GCA_963841855.1|CAWJEJ010000005.1_9	LIPO	364
GCA_963841945.1|CAWJFC010000023.1_74	SP	493
GCA_963842085.1|CAWJET010000001.1_1084	SP	337
GCA_963842185.1|CAWJFL010000013.1_419	SP	299
GCA_963842265.1|CAWJGE010000018.1_87	SP	339
GCA_963842355.1|CAWJGC010000017.1_92	SP	337
GCA_963842405.1|CAWJGW010000003.1_189	SP	338
GCA_963843035.1|CAWJIS010000005.1_1065	SP	325
GCA_963843125.1|CAWJIX010000005.1_113	LIPO	283
GCA_963843125.1|CAWJIX010000006.1_1192	SP	310
GCA_963843135.1|CAWJJA010000018.1_133	SP	292
GCA_963843455.1|CAWJKE010000007.1_101	LIPO	372
GCA_963843465.1|CAWJKP010000001.1_2084	SP	303
GCA_963843635.1|CAWJLF010000012.1_129	SP	331
GCA_963843635.1|CAWJLF010000014.1_37	LIPO	300
GCA_963843685.1|CAWJLO010000008.1_95	LIPO	325
GCA_963843685.1|CAWJLO010000027.1_124	LIPO	341
GCA_963843725.1|CAWJLM010000005.1_339	SP	297
GCA_963843835.1|CAWJMD010000004.1_112	SP	415
GCA_963843845.1|CAWJMB010000005.1_86	SP	306
GCA_963843945.1|CAWJMF010000006.1_366	LIPO	472
GCA_963844055.1|CAWJMN010000001.1_643	SP	304
GCA_963844055.1|CAWJMN010000001.1_2738	SP	316
GCA_963844255.1|CAWJNP010000049.1_70	SP	313
GCA_963844545.1|CAWJOX010000027.1_28	SP	465
GCA_963844615.1|CAWJOZ010000002.1_94	SP	328
GCA_963844645.1|CAWJPC010000004.1_1816	SP	321
GCA_963844815.1|CAWJPR010000014.1_9	LIPO	570
GCA_963845485.1|CAWJSI010000001.1_194	SP	330
GCA_963845575.1|CAWJSN010000003.1_48	SP	342
GCA_963845585.1|CAWJSL010000003.1_1298	SP	327
GCA_963845585.1|CAWJSL010000003.1_1302	SP	512
GCA_963845595.1|CAWJSU010000008.1_270	LIPO	284
GCA_963845595.1|CAWJSU010000014.1_714	LIPO	318
GCA_963845815.1|CAWJTD010000001.1_2233	SP	357
GCA_963846425.1|CAWJVW010000001.1_6	SP	325
GCA_963846475.1|CAWJVZ010000004.1_373	SP	312
GCA_963846495.1|CAWJWP010000029.1_315	SP	312
GCA_963846565.1|CAWJWL010000005.1_1459	SP	429
GCA_963846635.1|CAWJXM010000025.1_127	SP	470
GCA_963846675.1|CAWJWV010000005.1_2055	SP	428
GCA_963846805.1|CAWJXH010000005.1_1411	LIPO	345
GCA_963846885.1|CAWJXS010000014.1_3	LIPO	350
GCA_963846925.1|CAWJXW010000002.1_136	SP	305
GCA_963847055.1|CAWJYE010000008.1_124	SP	342
GCA_963847105.1|CAWJYP010000003.1_913	LIPO	316
GCA_963847165.1|CAWJYY010000003.1_76	SP	636
GCA_963847335.1|CAWJZF010000003.1_1018	SP	343
GCA_963847465.1|CAWKAF010000062.1_605	LIPO	356
GCA_963847615.1|CAWKAN010000013.1_55	SP	337
GCA_963847725.1|CAWKAT010000009.1_96	SP	327
GCA_963847855.1|CAWKBM010000005.1_166	LIPO	298
GCA_963847895.1|CAWKBO010000003.1_362	LIPO	294
GCA_963848295.1|CAWKDB010000008.1_11	SP	382
GCA_963848335.1|CAWKDD010000002.1_31	LIPO	363
GCA_963848345.1|CAWKDF010000011.1_706	SP	328
GCA_963848355.1|CAWKDG010000002.1_174	SP	353
GCA_963848465.1|CAWKDY010000001.1_291	SP	331
GCA_963848465.1|CAWKDY010000017.1_25	SP	333
GCA_963848495.1|CAWKDV010000002.1_1270	SP	311
GCA_963848535.1|CAWKEM010000013.1_4	LIPO	284
GCA_963848595.1|CAWKEH010000003.1_229	SP	361
GCA_963848815.1|CAWKFY010000029.1_117	LIPO	362
GCA_963848825.1|CAWKFA010000002.1_199	SP	302
GCA_963848825.1|CAWKFA010000011.1_16	SP	302
GCA_963848825.1|CAWKFA010000015.1_269	SP	305
GCA_963849055.1|CAWKFI010000004.1_519	SP	308
GCA_963849135.1|CAWKGF010000003.1_346	SP	345
GCA_963849435.1|CAWKHO010000015.1_108	SP	334
GCA_963849885.1|CAWKIV010000013.1_130	SP	393
GCA_963849935.1|CAWKJQ010000007.1_136	LIPO	306
GCA_963849955.1|CAWKJU010000007.1_175	SP	773
GCA_963849985.1|CAWKJY010000013.1_49	SP	413
GCA_963850125.1|CAWKKB010000001.1_261	SP	351
GCA_963850125.1|CAWKKB010000013.1_407	SP	319
GCA_963850135.1|CAWKKH010000003.1_279	LIPO	281
GCA_963850185.1|CAWKKE010000018.1_37	SP	342
GCA_963850195.1|CAWKKD010000009.1_710	SP	335
GCA_963850195.1|CAWKKD010000010.1_104	LIPO	313
GCA_963850195.1|CAWKKD010000010.1_324	SP	302
GCA_963850305.1|CAWKKR010000007.1_353	LIPO	365
GCA_963850765.1|CAWKMN010000009.1_831	SP	597
GCA_963850895.1|CAWKNK010000003.1_400	LIPO	315
GCA_963850895.1|CAWKNK010000027.1_370	LIPO	277
GCA_963850895.1|CAWKNK010000027.1_652	LIPO	306
GCA_963850915.1|CAWKND010000013.1_49	SP	463
GCA_963851015.1|CAWKNG010000003.1_364	LIPO	303
GCA_963851155.1|CAWKNV010000005.1_777	SP	373
GCA_963851215.1|CAWKOG010000020.1_41	SP	271
GCA_963851265.1|CAWKNZ010000007.1_432	LIPO	319
GCA_963851295.1|CAWKOS010000011.1_73	LIPO	298
GCA_963851365.1|CAWKPA010000005.1_920	SP	428
GCA_963854795.1|CAWLAJ010000227.1_8	SP	347
GCA_963854795.1|CAWLAJ010000306.1_3	SP	337
GCA_963854955.1|CAWLAZ010000066.1_3	SP	529
GCA_963922215.1|CAWUHY010000024.1_23	LIPO	327
GCA_963922285.1|CAWUIU010000451.1_4	SP	308
GCA_963922585.1|CAWUIK010000006.1_1	SP	382
GCA_963922585.1|CAWUIK010000023.1_28	SP	376
GCA_963922585.1|CAWUIK010000053.1_12	SP	380
GCA_963922845.1|CAWUJV010000058.1_4	SP	336
GCA_963923035.1|CAWUKT010000001.1_241	SP	735
GCA_963923035.1|CAWUKT010000068.1_22	SP	400
GCA_963923765.1|CAWUOF010000077.1_14	SP	356
GCA_963924135.1|CAWUPC010000011.1_1348	SP	354
GCA_963925515.1|CAWURU010000006.1_260	LIPO	319
GCA_963925545.1|CAWUSA010000012.1_119	LIPO	280
GCA_963925675.1|CAWUSW010000093.1_3	SP	287
GCA_963926355.1|CAWUWW010000017.1_4	LIPO	323
GCA_963926405.1|CAWUXI010000077.1_7	SP	294
GCA_963926405.1|CAWUXI010000123.1_9	SP	379
GCA_963926475.1|CAWUXE010000003.1_44	SP	368
GCA_963932515.1|CAWVRT010000043.1_2	SP	415
GCA_963932905.1|CAWVRN010000001.1_53	SP	342
GCA_963932905.1|CAWVRN010000012.1_29	SP	338
GCA_963932905.1|CAWVRN010000043.1_3	SP	338
GCA_963933045.1|CAWVTS010000009.1_5	SP	380
GCA_963933175.1|CAWVTW010000024.1_6	LIPO	309
GCA_963933175.1|CAWVTW010000288.1_1	SP	390
GCA_963933635.1|CAWVVM010000030.1_14	SP	483
GCA_963933695.1|CAWVXN010000368.1_2	SP	343
GCA_963933975.1|CAWVWE010000001.1_69	LIPO	319
GCA_963934215.1|CAWVYB010000053.1_9	SP	506
GCA_963934255.1|CAWVXU010000017.1_7	LIPO	351
GCA_963934295.1|CAWVXY010000009.1_58	SP	363
GCA_963934665.1|CAWVZF010000011.1_29	LIPO	273
GCA_963972815.1|CAXAXS010000001.1_28	SP	349
GCA_963973175.1|CAXAYM010000035.1_7	LIPO	353
GCA_963974965.1|CAXBEX010000001.1_8	SP	328
GCA_963975155.1|CAXBFG010000004.1_140	SP	294
GCA_963975265.1|CAXBGT010000276.1_1	SP	378
GCA_963975425.1|CAXBGS010000002.1_95	SP	339
GCA_963975465.1|CAXBHB010000019.1_53	SP	331
GCA_963976215.1|CAXBJV010000070.1_5	LIPO	337
GCA_963976365.1|CAXBKH010000006.1_62	LIPO	328
GCA_963976925.1|CAXBMT010000098.1_3	SP	338
GCA_963976995.1|CAXBMR010000039.1_6	SP	313
GCA_963977135.1|CAXBNN010000006.1_139	SP	369
GCA_963977145.1|CAXBNP010000006.1_52	SP	307
GCA_963977445.1|CAXBPH010000036.1_12	SP	328
GCA_963977515.1|CAXBPN010000012.1_23	SP	376
GCA_963977515.1|CAXBPN010000120.1_2	SP	296
GCA_963977965.1|CAXBSB010000302.1_5	SP	303
GCA_963978095.1|CAXBQP010000018.1_3	LIPO	318
GCA_963978155.1|CAXBRK010000234.1_2	SP	553
GCA_963991165.1|CAXDOW010000015.1_30	SP	337
GCA_963992225.1|CAXDTK010000129.1_2	SP	333
GCA_963996595.1|CAXEHU010000074.1_25	SP	338
GCA_963996645.1|CAXEKM010000619.1_2	SP	648
GCA_964008075.1|CAXGAP010000004.1_4	LIPO	294
GCA_964012125.1|CAXGRW010000372.1_2	SP	294
GCA_964014525.1|CAXHAW010000475.1_2	SP	387
GCA_964014945.1|CAXHCC010000009.1_22	SP	417
GCA_964014945.1|CAXHCC010000009.1_23	SP	390
GCA_964014945.1|CAXHCC010000071.1_4	SP	396
GCA_964015035.1|CAXHCA010000044.1_18	LIPO	315
GCA_964015035.1|CAXHCA010000075.1_25	SP	379
GCA_964015265.1|CAXHCD010000052.1_7	SP	305
GCA_964015995.1|CAXHFH010000005.1_3	SP	327
GCA_964016365.1|CAXHHE010000022.1_21	SP	339
GCA_964016365.1|CAXHHE010000039.1_16	SP	325
GCA_964016365.1|CAXHHE010000115.1_2	SP	551
GCA_964021785.1|CAXIAX010000194.1_2	SP	381
GCA_964021805.1|CAXHZP010000014.1_8	LIPO	300
GCA_964022045.1|CAXICE010000003.1_20	LIPO	295
GCA_964022105.1|CAXIBZ010000071.1_9	SP	333
GCA_964022585.1|CAXIBS010000008.1_36	SP	310
GCA_964022595.1|CAXICP010000047.1_4	SP	341
GCA_964194275.1|CAXMLR010000010.1_2	SP	291
GCA_964194865.1|CAXMOC010000087.1_4	SP	319
GCA_964195095.1|CAXMQN010000144.1_2	SP	319
GCA_964195655.1|CAXMSM010000380.1_2	SP	304
GCA_964201105.1|CAXNFA010000097.1_5	SP	323
GCA_964202555.1|CAXNJA010000011.1_6	SP	295
GCA_964203005.1|CAXNKV010000015.1_49	SP	288
GCA_964219255.1|CAXPPC010000006.1_88	SP	370
GCA_964220205.1|CAXPUI010000201.1_5	SP	331
GCA_964221845.1|CAXPZW010000005.1_28	LIPO	397
GCA_964226685.1|CAXQRU010000126.1_16	SP	298
GCA_964228145.1|CAXQZJ010000045.1_29	SP	327
GCA_964228885.1|CAXRCG010000308.1_2	SP	324
GCA_964228975.1|CAXRCC010000100.1_3	SP	646
GCA_964228975.1|CAXRCC010000274.1_38	SP	351
GCA_964229075.1|CAXRBI010000040.1_23	SP	299
GCA_964229075.1|CAXRBI010000087.1_19	SP	723
GCA_964230025.1|CAXRFO010000012.1_309	SP	379
GCA_964230215.1|CAXRGQ010000007.1_537	SP	379
GCA_964230215.1|CAXRGQ010000016.1_308	SP	318
GCA_964230555.1|CAXRIX010000093.1_19	SP	325
GCA_964231135.1|CAXRIU010000007.1_54	SP	284
GCA_964231135.1|CAXRIU010000017.1_149	SP	307
GCA_964236615.1|CAXSGV010000045.1_13	LIPO	368
GCA_964236615.1|CAXSGV010000133.1_11	LIPO	344
GCA_964236615.1|CAXSGV010000157.1_4	LIPO	376
GCA_964236615.1|CAXSGV010000251.1_4	LIPO	332
GCA_964236915.1|CAXSGM010000016.1_35	SP	363
GCA_964242045.1|CAXTDB010000009.1_22	SP	316
GCA_964242045.1|CAXTDB010000520.1_2	LIPO	282
GCA_964242295.1|CAXTDP010000818.1_3	SP	310
GCA_964242385.1|CAXSZR010000001.1_41	SP	294
GCA_964242575.1|CAXTCN010000102.1_4	SP	333
GCA_964244655.1|CAXTJU010000119.1_2	SP	361
GCA_964245435.1|CAXTMF010000015.1_19	SP	376
GCA_964245695.1|CAXTNZ010000276.1_12	LIPO	324
GCA_964246065.1|CAXTPL010000004.1_2	SP	365
GCA_964246235.1|CAXTPR010000050.1_18	SP	356
GCA_964246695.1|CAXTSI010000093.1_18	LIPO	318
GCA_964246765.1|CAXTRW010000041.1_7	SP	374
GCA_964247125.1|CAXTSZ010000138.1_4	SP	335
GCA_964249885.1|CAXUEM010000013.1_3	SP	400
GCA_964250195.1|CAXUEU010000125.1_6	SP	373
GCA_964250225.1|CAXUEY010000038.1_25	SP	483
GCA_964250225.1|CAXUEY010000213.1_2	LIPO	340
GCA_964250845.1|CAXUIG010000236.1_5	LIPO	301
GCA_964250875.1|CAXUIV010000404.1_3	LIPO	298
GCA_964250875.1|CAXUIV010000559.1_1	LIPO	324
GCA_964252435.1|CAXUOL010000136.1_8	LIPO	314
GCA_964275345.1|CAXYBK010000001.1_12	SP	297
GCA_964275545.1|CAXYCO010000026.1_74	LIPO	302
GCA_964275555.1|CAXYCN010000003.1_60	SP	349
GCA_964275555.1|CAXYCN010000011.1_8	SP	380
GCA_964276095.1|CAXYDR010000001.1_307	SP	298
GCA_964276235.1|CAXYEK010000001.1_882	LIPO	322
GCA_964277835.1|CAXYKQ010000012.1_11	SP	388
GCA_964282835.1|OZ196157.1_80	SP	371
GCA_964291975.1|CAXYUI010000140.1_6	SP	345
GCA_964292275.1|CAXYUZ010000007.1_76	LIPO	329
GCA_964293005.1|CAXYXW010000002.1_109	SP	365
GCA_964342225.1|CAYFES010000076.1_4	LIPO	336
GCA_964342265.1|CAYFFE010000148.1_1	SP	356
GCA_964342265.1|CAYFFE010000167.1_1	SP	425
GCA_964342305.1|CAYFGK010000003.1_80	SP	690
GCA_964342305.1|CAYFGK010000051.1_22	SP	293
GCA_964342385.1|CAYFGP010000228.1_3	LIPO	349
GCA_964344085.1|CAYFMA010000028.1_12	SP	299
GCA_964344175.1|CAYFMI010000018.1_47	LIPO	602
GCA_964344175.1|CAYFMI010000092.1_12	LIPO	315
GCA_964344345.1|CAYFNC010000044.1_3	SP	322
GCA_964346075.1|CAYFTH010000053.1_8	SP	377
GCA_964346265.1|CAYFVA010000323.1_2	LIPO	597
GCA_964347085.1|CAYFXF010000040.1_3	LIPO	320
GCA_964347475.1|CAYFYY010000031.1_34	SP	352
GCA_964347475.1|CAYFYY010000033.1_30	SP	349
GCA_964347935.1|CAYGAS010000257.1_14	SP	341
GCA_964348055.1|CAYGBH010000075.1_8	SP	596
GCA_964348665.1|CAYGDP010000006.1_21	SP	249
GCA_964349375.1|CAYGHB010000242.1_1	SP	377
GCA_964350135.1|CAYGJN010000059.1_11	SP	306
GCA_964350145.1|CAYGJL010000013.1_13	LIPO	307
GCA_964350225.1|CAYGKX010000123.1_9	SP	302
GCA_964350265.1|CAYGJZ010000054.1_18	SP	340
GCA_964350895.1|CAYGMG010000071.1_14	LIPO	368
GCA_964351315.1|CAYGNH010000004.1_49	SP	322
GCA_964351345.1|CAYGNZ010000233.1_6	SP	332
GCA_964351425.1|CAYGOW010000043.1_17	LIPO	422
GCA_964351425.1|CAYGOW010000372.1_1	SP	308
GCA_964351665.1|CAYGPO010000178.1_4	LIPO	343
GCA_964351765.1|CAYGPY010000022.1_11	LIPO	363
GCA_964351985.1|CAYGPR010000005.1_15	LIPO	350
GCA_964351985.1|CAYGPR010000005.1_90	LIPO	338
GCA_964352025.1|CAYGPZ010000012.1_8	LIPO	342
GCA_964352175.1|CAYGQW010000268.1_5	SP	345
GCA_964352215.1|CAYGRE010000048.1_4	SP	381
GCA_964352225.1|CAYGRM010000028.1_35	LIPO	318
GCA_964352225.1|CAYGRM010000078.1_7	SP	393
GCA_964352405.1|CAYGRY010000034.1_16	SP	331
GCA_964352475.1|CAYGSL010000073.1_4	LIPO	318
GCA_964352485.1|CAYGTG010000116.1_10	SP	443
GCA_964352665.1|CAYGSJ010000001.1_427	SP	339
GCA_964352745.1|CAYGTH010000890.1_2	SP	382
GCA_964352775.1|CAYGTK010000004.1_10	SP	383
GCA_964352775.1|CAYGTK010000004.1_11	SP	382
GCA_964352825.1|CAYGTY010000046.1_30	SP	581
GCA_964352825.1|CAYGTY010000199.1_2	SP	579
GCA_964353035.1|CAYGUR010000396.1_2	SP	383
GCA_964353855.1|CAYGWX010000027.1_1	SP	334
GCA_964354005.1|CAYGYD010000010.1_10	LIPO	322
GCA_964354005.1|CAYGYD010000010.1_11	LIPO	334
GCA_964354005.1|CAYGYD010000151.1_2	LIPO	333
GCA_964354155.1|CAYGYG010000028.1_22	SP	318
GCA_964354255.1|CAYGYX010000021.1_22	LIPO	326
GCA_964354355.1|CAYGZN010000098.1_2	SP	328
GCA_964354535.1|CAYHAJ010000014.1_29	SP	333
GCA_964354535.1|CAYHAJ010000072.1_4	SP	315
GCA_964355385.1|CAYHEI010000015.1_3	SP	324
GCA_964355545.1|CAYHEK010000059.1_3	LIPO	359
GCA_964356715.1|CAYHJO010000053.1_16	SP	323
GCA_964356715.1|CAYHJO010000076.1_14	SP	324
GCA_964358485.1|CAYHPY010000071.1_7	SP	304
GCA_964360255.1|CAYHVK010000009.1_75	SP	333
GCA_964368615.1|CAYJCB010000194.1_2	LIPO	343
GCA_964368875.1|CAYJDG010000014.1_36	SP	351
GCA_964370965.1|CAYJLW010000100.1_14	LIPO	326
GCA_964371065.1|CAYJLS010000019.1_28	LIPO	314
GCA_964371065.1|CAYJLS010000022.1_28	SP	318
GCA_964371095.1|CAYJMJ010000030.1_15	LIPO	372
GCA_964371095.1|CAYJMJ010000059.1_2	LIPO	319
GCA_964371235.1|CAYJMW010000008.1_69	SP	489
GCA_964371355.1|CAYJMG010000014.1_33	SP	558
GCA_964371595.1|CAYJNJ010000041.1_26	SP	366
GCA_964371995.1|CAYJPG010000001.1_18	SP	321
GCA_964372045.1|CAYJPO010000009.1_8	LIPO	310
GCA_964372055.1|CAYJPW010000025.1_3	LIPO	324
GCA_964373965.1|CAYJXE010000026.1_43	SP	329
GCA_964374065.1|CAYJWW010000003.1_10	SP	334
GCA_964374105.1|CAYJXI010000014.1_44	SP	867
GCA_964374105.1|CAYJXI010000014.1_45	SP	348
GCA_964383995.1|CAYLJT010000019.1_24	LIPO	360
GCA_964384245.1|CAYLKW010000037.1_20	SP	324
GCA_964384605.1|CAYLMO010000028.1_20	LIPO	362
GCA_964384675.1|CAYLNK010000023.1_15	SP	314
GCA_964384905.1|CAYLND010000084.1_2	SP	326
GCA_964385355.1|CAYLOO010000056.1_14	LIPO	330
GCA_964385405.1|CAYLOT010000008.1_12	SP	377
GCA_964385615.1|CAYLPP010000001.1_62	SP	291
GCA_964385675.1|CAYLSF010000544.1_2	LIPO	299
GCA_964385895.1|CAYLRS010000016.1_9	LIPO	343
GCA_964386295.1|CAYLRR010000010.1_7	SP	333
GCA_964386615.1|CAYLSL010000105.1_6	SP	301
GCA_964386635.1|CAYLRO010000002.1_19	LIPO	317
GCA_964386705.1|CAYLTY010000500.1_2	SP	248
GCA_964387025.1|CAYLUZ010000001.1_65	LIPO	339
GCA_964387075.1|CAYLVB010000003.1_279	SP	378
GCA_964387075.1|CAYLVB010000010.1_106	SP	326
GCA_964387115.1|CAYLVN010000178.1_4	SP	351
GCA_964387115.1|CAYLVN010000255.1_5	SP	346
GCA_964387115.1|CAYLVN010000284.1_3	SP	346
GCA_964387245.1|CAYLWH010000022.1_26	SP	288
GCA_964387285.1|CAYLWO010000015.1_7	LIPO	318
GCA_964387945.1|CAYLYX010000003.1_171	SP	374
GCA_964387945.1|CAYLYX010000006.1_92	SP	387
GCA_964388085.1|CAYLZW010000043.1_17	LIPO	412
GCA_964388115.1|CAYLYK010000003.1_51	SP	310
GCA_964388245.1|CAYLZH010000058.1_12	SP	380
GCA_964388665.1|CAYMBJ010000028.1_22	LIPO	350
GCA_964388755.1|CAYMBT010000160.1_4	LIPO	342
GCA_964389375.1|CAYMDP010000008.1_32	SP	327
GCA_964389575.1|CAYMFF010000056.1_13	SP	376
GCA_964389575.1|CAYMFF010000124.1_3	LIPO	298
GCA_964389805.1|CAYMFU010000192.1_8	LIPO	300
GCA_964389805.1|CAYMFU010000339.1_12	LIPO	332
GCA_964389985.1|CAYMGR010000115.1_4	SP	383
GCA_964390025.1|CAYMGS010000084.1_4	SP	314
GCA_964390065.1|CAYMGX010000052.1_14	SP	266
GCA_964390065.1|CAYMGX010000139.1_5	SP	583
GCA_964390065.1|CAYMGX010000208.1_1	SP	357
GCA_964390215.1|CAYMHF010000009.1_67	SP	320
GCA_964390215.1|CAYMHF010000030.1_13	LIPO	347
GCA_964390385.1|CAYMJH010000308.1_2	SP	388
GCA_964390435.1|CAYMKD010000005.1_11	SP	291
GCA_964390575.1|CAYMIP010000040.1_2	SP	492
GCA_964390635.1|CAYMIG010000001.1_279	SP	342
GCA_964390785.1|CAYMLA010000004.1_4	LIPO	344
GCA_964390905.1|CAYMLO010000078.1_1	LIPO	331
GCA_964391345.1|CAYMKZ010000031.1_8	LIPO	649
GCA_964391945.1|CAYMOD010000134.1_6	SP	448
GCA_964392045.1|CAYMOR010000011.1_18	LIPO	448
GCA_964392105.1|CAYMPA010000093.1_8	SP	333
GCA_964392195.1|CAYMQR010000072.1_9	SP	358
GCA_964392195.1|CAYMQR010000434.1_4	LIPO	316
GCA_964392245.1|CAYMOX010000054.1_27	LIPO	328
GCA_964392305.1|CAYMPV010000008.1_82	SP	658
GCA_964392405.1|CAYMQO010000207.1_4	SP	303
GCA_964392505.1|CAYMQP010000184.1_6	SP	627
GCA_964392615.1|CAYMRB010000610.1_2	SP	564
GCA_964392655.1|CAYMQY010000018.1_8	LIPO	319
GCA_964392985.1|CAYMSF010000015.1_1	SP	348
GCA_964393115.1|CAYMST010000062.1_13	SP	379
GCA_964393335.1|CAYMTN010000121.1_6	SP	607
GCA_964395195.1|CAYNCY010000038.1_4	SP	326
GCA_964395665.1|CAYNDH010000102.1_13	SP	319
GCA_964395825.1|CAYNCM010000001.1_19	SP	286
GCA_964396335.1|CAYNEX010000025.1_5	LIPO	347
GCA_964396365.1|CAYNEZ010000026.1_8	SP	679
GCA_964396375.1|CAYNEY010000017.1_41	SP	446
GCA_964396705.1|CAYNHC010000211.1_2	SP	527
GCA_964396875.1|CAYNHK010000113.1_12	SP	305
GCA_964396895.1|CAYNGJ010000023.1_21	SP	305
GCA_964396955.1|CAYNGW010000039.1_5	SP	323
GCA_964396995.1|CAYNIG010000029.1_17	SP	689
GCA_964397205.1|CAYNIT010000043.1_8	SP	373
GCA_964397205.1|CAYNIT010000308.1_4	SP	400
GCA_964397295.1|CAYNJG010000202.1_8	SP	661
GCA_964397575.1|CAYNJK010000024.1_9	SP	383
GCA_964397935.1|CAYNLB010000062.1_14	LIPO	306
GCA_964398185.1|CAYNML010000029.1_45	LIPO	555
GCA_964398215.1|CAYNNP010000098.1_2	SP	313
GCA_964398335.1|CAYNOF010000499.1_8	SP	284
GCA_964398455.1|CAYNMR010000022.1_2	SP	370
GCA_964398475.1|CAYNMP010000007.1_79	SP	399
GCA_964398475.1|CAYNMP010000023.1_26	SP	368
GCA_964398515.1|CAYNNX010000500.1_7	SP	360
GCA_964398645.1|CAYNNU010000023.1_16	LIPO	742
GCA_964398755.1|CAYNNJ010000002.1_5	SP	342
GCA_964399165.1|CAYNPO010000003.1_133	SP	334
GCA_964399225.1|CAYNQA010000037.1_9	LIPO	330
GCA_964399275.1|CAYNQM010000015.1_23	TAT	331
GCA_964399535.1|CAYNRE010000073.1_15	SP	300
GCA_964399535.1|CAYNRE010000076.1_40	SP	349
GCA_964399775.1|CAYNSH010000016.1_32	LIPO	581
GCA_964400125.1|CAYNSR010000020.1_38	SP	349
GCA_964400385.1|CAYNUZ010000055.1_4	SP	339
GCA_964400675.1|CAYNVO010000006.1_52	LIPO	317
GCA_964401935.1|CAYOAL010000043.1_47	LIPO	330
GCA_964402305.1|CAYOBS010000072.1_5	SP	490
GCA_964402325.1|CAYOBI010000140.1_3	LIPO	292
GCA_964402795.1|CAYODX010000017.1_60	SP	592
GCA_964403435.1|CAYOGS010000010.1_8	LIPO	312
GCA_964403435.1|CAYOGS010000083.1_5	LIPO	349
GCA_964403435.1|CAYOGS010000344.1_3	SP	313
GCA_964403515.1|CAYOGL010000042.1_24	SP	317
GCA_964403795.1|CAYOHP010000033.1_16	SP	323
GCA_964403835.1|CAYOHR010000002.1_126	SP	492
GCA_964404215.1|CAYOJF010000011.1_25	SP	380
GCA_964404555.1|CAYOKO010000143.1_2	SP	882
GCA_964404645.1|CAYOKU010000015.1_3	SP	298
GCA_964405585.1|CAYOOS010000607.1_4	LIPO	314
GCA_964405915.1|CAYOPU010000005.1_23	LIPO	371
GCA_964406315.1|CAYORG010000009.1_14	SP	627
GCA_964406405.1|CAYORN010000005.1_227	SP	390
GCA_964406445.1|CAYORU010000011.1_14	LIPO	349
GCA_964406605.1|CAYOSF010000002.1_289	LIPO	342
GCA_964406665.1|CAYOSQ010000009.1_33	SP	333
GCA_964407665.1|CAYOWK010000017.1_8	LIPO	303
GCA_964407715.1|CAYOWP010000016.1_4	LIPO	334
GCA_964408105.1|CAYOYI010000168.1_1	SP	501
GCA_964408105.1|CAYOYI010000286.1_6	SP	493
GCA_964408105.1|CAYOYI010000392.1_2	SP	386
GCA_964408835.1|CAYPAZ010000102.1_5	LIPO	339
GCA_964409245.1|CAYPCQ010000014.1_33	SP	819
GCA_964409245.1|CAYPCQ010000092.1_26	SP	307
GCA_964409495.1|CAYPDO010000132.1_5	SP	333
GCA_964409625.1|CAYPEC010000155.1_2	SP	383
GCA_964409815.1|CAYPFC010000020.1_19	SP	293
GCA_964409825.1|CAYPFH010000286.1_2	TATLIPO	340
GCA_964409935.1|CAYPFP010000029.1_23	SP	243
GCA_964410425.1|CAYPGT010000016.1_9	SP	325
GCA_964410515.1|CAYPGW010000014.1_17	SP	681
GCA_964410665.1|CAYPIE010000011.1_33	SP	396
GCA_964410735.1|CAYPIF010000093.1_17	LIPO	315
GCA_964411025.1|CAYPJK010000464.1_2	LIPO	354
GCA_964411635.1|CAYPLP010000002.1_428	SP	320
GCA_964411655.1|CAYPMS010000175.1_3	SP	347
GCA_964411965.1|CAYPNW010000051.1_11	SP	343
GCA_964411985.1|CAYPNF010000006.1_9	SP	799
GCA_964412085.1|CAYPMY010000053.1_12	SP	322
GCA_964412225.1|CAYPNB010000001.1_46	SP	313
GCA_964412975.1|CAYPQX010000076.1_19	SP	333
GCA_964413185.1|CAYPSX010000225.1_1	SP	333
GCA_964413455.1|CAYPTG010000031.1_12	SP	300
GCA_964413625.1|CAYPTO010000255.1_2	SP	293
GCA_964414035.1|CAYPUK010000151.1_42	LIPO	316
GCA_964414315.1|CAYPWB010000035.1_9	SP	307
GCA_964414365.1|CAYPWK010000737.1_1	LIPO	366
GCA_964414825.1|CAYPZM010000060.1_13	SP	544
GCA_964415045.1|CAYPZL010000028.1_15	SP	575
GCA_964415205.1|CAYPZH010000113.1_1	SP	745
GCA_964415305.1|CAYPZE010000086.1_5	SP	307
GCA_964415335.1|CAYPZN010000103.1_3	LIPO	282
GCA_964415855.1|CAYQBZ010000165.1_2	SP	327
GCA_964415955.1|CAYQCZ010000188.1_3	LIPO	389
GCA_964416345.1|CAYQDX010000125.1_2	SP	357
GCA_964417725.1|CAYQIV010000013.1_49	SP	321
GCA_964417785.1|CAYQJO010000114.1_4	SP	592
GCA_964417875.1|CAYQJU010000014.1_23	SP	347
GCA_964417935.1|CAYQKF010000105.1_17	SP	523
GCA_964417965.1|CAYQJX010000037.1_25	SP	321
GCA_964418125.1|CAYQKY010000142.1_8	SP	375
GCA_964418125.1|CAYQKY010000249.1_9	LIPO	328
GCA_964418155.1|CAYQKX010000001.1_124	SP	350
GCA_964418155.1|CAYQKX010000082.1_21	SP	368
GCA_964418185.1|CAYQKL010000011.1_28	LIPO	319
GCA_964418285.1|CAYQMC010000085.1_10	SP	391
GCA_964418285.1|CAYQMC010000240.1_3	SP	359
GCA_964418285.1|CAYQMC010000257.1_3	SP	379
GCA_964418365.1|CAYQLM010000005.1_20	TAT	457
GCA_964418575.1|CAYQMI010000047.1_18	SP	587
GCA_964418575.1|CAYQMI010000163.1_2	LIPO	346
GCA_964418585.1|CAYQMG010000006.1_34	SP	289
GCA_964418595.1|CAYQMF010000032.1_16	SP	312
GCA_964418885.1|CAYQNW010000095.1_4	SP	637
GCA_964419055.1|CAYQNU010000008.1_134	SP	381
GCA_964419055.1|CAYQNU010000027.1_19	SP	378
GCA_964419315.1|CAYQRA010000458.1_6	SP	383
GCA_964419315.1|CAYQRA010000604.1_2	SP	401
GCA_964419375.1|CAYQQT010000099.1_7	SP	304
GCA_964419495.1|CAYQQX010000052.1_14	LIPO	598
GCA_964419495.1|CAYQQX010000089.1_9	LIPO	319
GCA_964419495.1|CAYQQX010000122.1_3	LIPO	307
GCA_964419545.1|CAYQQU010000068.1_4	SP	323
GCA_964419605.1|CAYQQM010000111.1_5	LIPO	318
GCA_964419945.1|CAYQRU010000058.1_4	SP	394
GCA_964420125.1|CAYQQQ010000003.1_105	LIPO	315
GCA_964420325.1|CAYQSU010000017.1_44	SP	524
GCA_964420375.1|CAYQTK010000103.1_15	SP	352
GCA_964420405.1|CAYQTL010000044.1_17	LIPO	321
GCA_964420555.1|CAYQTT010000004.1_213	SP	380
GCA_964420575.1|CAYQTU010000104.1_3	LIPO	319
GCA_964421215.1|CAYQWA010000045.1_11	SP	395
GCA_964421485.1|CAYQYG010000122.1_8	SP	364
GCA_964421485.1|CAYQYG010000436.1_2	LIPO	313
GCA_964421605.1|CAYQYJ010000503.1_3	SP	550
GCA_964422355.1|CAYRBG010000006.1_5	SP	345
GCA_964423615.1|CAYRFQ010000035.1_50	SP	398
GCA_964423615.1|CAYRFQ010000068.1_27	SP	453
GCA_964423825.1|CAYRHK010000265.1_2	SP	592
GCA_964423905.1|CAYRGX010000012.1_50	SP	314
GCA_964424125.1|CAYRHS010000001.1_1	LIPO	311
GCA_964425025.1|CAYRLJ010000003.1_35	LIPO	387
GCA_964425255.1|CAYRMV010000011.1_39	SP	327
GCA_964425915.1|CAYROO010000010.1_12	SP	293
GCA_964426175.1|CAYRPK010000142.1_3	SP	411
GCA_964426675.1|CAYRRM010000025.1_31	LIPO	330
GCA_964427035.1|CAYRSF010000023.1_35	SP	301
GCA_964427465.1|CAYRUW010000037.1_8	LIPO	306
GCA_964427955.1|CAYRWY010000450.1_2	SP	594
GCA_964428185.1|CAYRXH010000011.1_24	SP	373
GCA_964428345.1|CAYRYD010000058.1_15	SP	386
GCA_964428855.1|CAYRZY010000181.1_4	LIPO	319
GCA_964429335.1|CAYSCB010000025.1_5	LIPO	312
GCA_964429525.1|CAYSCK010000129.1_6	SP	344
GCA_964429575.1|CAYSCX010000025.1_9	SP	336
GCA_964429745.1|CAYSDI010000010.1_24	SP	381
GCA_964430245.1|CAYSEW010000019.1_48	SP	374
GCA_964430605.1|CAYSGX010000221.1_5	SP	562
GCA_964430795.1|CAYSHR010000684.1_2	SP	318
GCA_964430845.1|CAYSHS010000515.1_4	SP	505
GCA_964431205.1|CAYSIX010000279.1_4	SP	310
GCA_964431425.1|CAYSKY010000168.1_4	SP	337
GCA_964431515.1|CAYSKF010000010.1_42	SP	306
GCA_964431735.1|CAYSLJ010000066.1_26	SP	318
GCA_964432425.1|CAYSOI010000219.1_4	SP	246
GCA_964432445.1|CAYSOC010000015.1_28	SP	308
GCA_964432595.1|CAYSOF010000010.1_104	TAT	419
GCA_964432695.1|CAYSPB010000071.1_16	LIPO	370
GCA_964432995.1|CAYSPU010000043.1_2	SP	814
GCA_964433375.1|CAYSRR010000270.1_1	SP	325
GCA_964433455.1|CAYSSF010000017.1_7	SP	337
GCA_964433845.1|CAYSTA010000005.1_54	LIPO	300
GCA_964433865.1|CAYSUC010000192.1_4	SP	306
GCA_964434165.1|CAYSUS010000018.1_35	SP	301
GCA_964434865.1|CAYSWV010000001.1_142	LIPO	336
GCA_964434865.1|CAYSWV010000002.1_17	LIPO	325
GCA_964434865.1|CAYSWV010000004.1_23	SP	316
GCA_964434865.1|CAYSWV010000016.1_38	LIPO	332
GCA_964435285.1|CAYSYA010000008.1_60	SP	350
GCA_964435285.1|CAYSYA010000008.1_61	SP	463
GCA_964435795.1|CAYTAT010000001.1_143	SP	326
GCA_964436025.1|CAYTBM010000082.1_8	LIPO	332
GCA_964436125.1|CAYTBT010000021.1_6	SP	384
GCA_964436185.1|CAYTDR010000029.1_8	SP	321
GCA_964436735.1|CAYTFM010000080.1_10	SP	333
GCA_964436865.1|CAYTFK010000026.1_37	SP	301
GCA_964436865.1|CAYTFK010000292.1_2	SP	267
GCA_964437145.1|CAYTFW010000020.1_44	SP	315
GCA_964437145.1|CAYTFW010000124.1_17	SP	283
GCA_964437195.1|CAYTGC010000004.1_8	LIPO	571
GCA_964437195.1|CAYTGC010000243.1_1	LIPO	335
GCA_964437195.1|CAYTGC010000779.1_1	LIPO	300
GCA_964437405.1|CAYTGT010000269.1_3	SP	294
GCA_964437835.1|CAYTJA010000393.1_8	SP	325
GCA_964437895.1|CAYTIV010000002.1_13	SP	307
GCA_964437935.1|CAYTIQ010000052.1_21	SP	329
GCA_964437935.1|CAYTIQ010000063.1_12	SP	303
GCA_964438075.1|CAYTIW010000006.1_30	SP	358
GCA_964438075.1|CAYTIW010000039.1_4	SP	331
GCA_964438295.1|CAYTKR010000034.1_28	LIPO	303
GCA_964438295.1|CAYTKR010000209.1_1	LIPO	282
GCA_964438295.1|CAYTKR010000209.1_2	LIPO	606
GCA_964438445.1|CAYTLV010000066.1_3	SP	307
GCA_964438865.1|CAYTMI010000001.1_365	LIPO	349
GCA_964438865.1|CAYTMI010000001.1_562	LIPO	354
GCA_964439105.1|CAYTNG010000009.1_86	SP	386
GCA_964439115.1|CAYTNI010000046.1_4	LIPO	324
GCA_964439315.1|CAYTOD010000008.1_26	SP	283
GCA_964439495.1|CAYTQA010000134.1_5	SP	299
GCA_964439745.1|CAYTQK010000004.1_10	SP	346
GCA_964439775.1|CAYTPF010000082.1_1	SP	367
GCA_964439795.1|CAYTRL010000707.1_2	LIPO	340
GCA_964440855.1|CAYTUA010000173.1_4	SP	378
GCA_964440945.1|CAYTTZ010000214.1_4	LIPO	331
GCA_964441245.1|CAYTVR010000009.1_17	SP	393
GCA_964441615.1|CAYTVQ010000001.1_15	SP	320
GCA_964441755.1|CAYTVG010000002.1_125	SP	375
GCA_964441775.1|CAYTVL010000054.1_10	SP	328
GCA_964441785.1|CAYYLA010000155.1_2	SP	405
GCA_964441865.1|CAYTVW010000162.1_2	LIPO	318
GCA_964442095.1|CAYTWK010000088.1_3	SP	328
GCA_964442375.1|CAYUAH010000094.1_10	SP	310
GCA_964442665.1|CAYUAV010000098.1_6	SP	630
GCA_964443205.1|CAYUBZ010000014.1_3	LIPO	360
GCA_964443435.1|CAYUCW010000060.1_5	LIPO	326
GCA_964443445.1|CAYUEI010000184.1_4	SP	795
GCA_964443615.1|CAYUEE010000021.1_13	LIPO	323
GCA_964443615.1|CAYUEE010000193.1_1	LIPO	327
GCA_964443845.1|CAYUFA010000024.1_30	LIPO	321
GCA_964444865.1|CAYUJE010000025.1_19	SP	304
GCA_964445385.1|CAYULE010000126.1_7	SP	370
GCA_964445645.1|CAYULH010000026.1_24	SP	378
GCA_964445985.1|CAYUMU010000042.1_13	SP	334
GCA_964446085.1|CAYUNP010000292.1_6	SP	362
GCA_964446175.1|CAYUNM010000029.1_79	LIPO	323
GCA_964446305.1|CAYUOC010000063.1_17	SP	598
GCA_964446825.1|CAYUQR010000033.1_14	SP	332
GCA_964446865.1|CAYURD010000015.1_9	SP	341
GCA_964447005.1|CAYUQP010000004.1_143	SP	365
GCA_964447015.1|CAYUQU010000058.1_4	SP	374
GCA_964447125.1|CAYUSL010000114.1_2	SP	355
GCA_964447205.1|CAYUSB010000059.1_16	LIPO	345
GCA_964447215.1|CAYURT010000001.1_67	SP	286
GCA_964447575.1|CAYUTT010000315.1_4	SP	353
GCA_964447795.1|CAYUTY010000001.1_132	SP	301
GCA_964447865.1|CAYUUL010000001.1_129	SP	512
GCA_964447935.1|CAYUVM010000586.1_2	LIPO	323
GCA_964448135.1|CAYUVH010000036.1_49	LIPO	315
GCA_964448165.1|CAYUVT010000098.1_9	LIPO	341
GCA_964448275.1|CAYUWI010000194.1_2	SP	354
GCA_964449395.1|CAYVAL010000059.1_4	SP	304
GCA_964449615.1|CAYUZF010000117.1_13	SP	377
GCA_964450075.1|CAYVFA010000011.1_20	SP	384
GCA_964450125.1|CAYVDO010000007.1_20	SP	355
GCA_964450535.1|CAYVDE010000170.1_3	SP	377
GCA_964450715.1|CAYVFC010000051.1_31	LIPO	531
GCA_964450715.1|CAYVFC010000140.1_10	LIPO	438
GCA_964450975.1|CAYVFO010000002.1_42	SP	266
GCA_964451365.1|CAYVIB010000006.1_40	SP	640
GCA_964451925.1|CAYVKA010000018.1_33	LIPO	369
GCA_964451925.1|CAYVKA010000053.1_15	SP	337
GCA_964452095.1|CAYVKX010000048.1_8	SP	343
GCA_964452235.1|CAYVLL010000039.1_7	LIPO	332
GCA_964452375.1|CAYVLJ010000225.1_2	SP	292
GCA_964453635.1|CAYVSK010000020.1_2	SP	518
GCA_964454025.1|CAYVRP010000112.1_15	SP	509
GCA_964454185.1|CAYVST010000134.1_5	SP	360
GCA_964454465.1|CAYVTK010000141.1_3	SP	440
GCA_964454855.1|CAYVVK010000029.1_17	SP	399
GCA_964454855.1|CAYVVK010000159.1_13	LIPO	324
GCA_964454855.1|CAYVVK010000538.1_4	SP	574
GCA_964454855.1|CAYVVK010000900.1_2	SP	639
GCA_964455365.1|CAYVVZ010000025.1_31	SP	317
GCA_964455365.1|CAYVVZ010000110.1_5	SP	314
GCA_964455655.1|CAYVWZ010000002.1_88	LIPO	319
GCA_964455685.1|CAYVZE010000050.1_14	LIPO	345
GCA_964455785.1|CAYWBV010000451.1_2	LIPO	310
GCA_964455805.1|CAYVZG010000040.1_28	SP	332
GCA_964455985.1|CAYWDY010000208.1_3	SP	377
GCA_964456225.1|CAYWAV010000247.1_1	SP	365
GCA_964456255.1|CAYWDZ010000003.1_10	SP	348
GCA_964456445.1|CAYWBI010000003.1_2	LIPO	324
GCA_964456675.1|CAYWBR010000037.1_7	SP	337
GCA_964456755.1|CAYWCE010000024.1_15	SP	351
GCA_964456775.1|CAYWCN010000034.1_10	LIPO	323
GCA_964457065.1|CAYWDQ010000021.1_16	SP	343
GCA_964457245.1|CAYWET010000002.1_22	SP	379
GCA_964457245.1|CAYWET010000044.1_26	SP	388
GCA_964457245.1|CAYWET010000059.1_5	SP	320
GCA_964457335.1|CAYWGD010000010.1_72	SP	331
GCA_964457835.1|CAYWGJ010000270.1_2	SP	324
GCA_964458115.1|CAYWIC010000002.1_29	LIPO	594
GCA_964458115.1|CAYWIC010000002.1_31	LIPO	604
GCA_964458115.1|CAYWIC010000117.1_17	LIPO	303
GCA_964458135.1|CAYWHT010000113.1_3	SP	400
GCA_964458135.1|CAYWHT010000134.1_2	SP	557
GCA_964458135.1|CAYWHT010000665.1_2	SP	406
GCA_964458245.1|CAYWIA010000070.1_7	SP	354
GCA_964458385.1|CAYWIS010000024.1_33	SP	301
GCA_964458605.1|CAYWLS010000003.1_79	SP	314
GCA_964458605.1|CAYWLS010000019.1_81	SP	318
GCA_964458705.1|CAYWKD010000057.1_10	LIPO	327
GCA_964459375.1|CAYWLJ010000001.1_18	SP	376
GCA_964459385.1|CAYWLG010000006.1_23	LIPO	330
GCA_964459965.1|CAYWOV010000134.1_4	SP	326
GCA_964460435.1|CAYWRH010000083.1_12	SP	325
GCA_964460755.1|CAYWQL010000002.1_104	LIPO	298
GCA_964460755.1|CAYWQL010000002.1_105	LIPO	302
GCA_964460755.1|CAYWQL010000002.1_106	LIPO	294
GCA_964460845.1|CAYWRZ010000004.1_91	SP	381
GCA_964460845.1|CAYWRZ010000007.1_125	SP	381
GCA_964460955.1|CAYWRP010000008.1_14	SP	374
GCA_964461045.1|CAYWSJ010000088.1_6	LIPO	294
GCA_964461045.1|CAYWSJ010000106.1_12	SP	399
GCA_964461065.1|CAYWRK010000007.1_121	LIPO	327
GCA_964461245.1|CAYWTT010000096.1_3	SP	302
GCA_964461275.1|CAYWTU010000007.1_9	TAT	335
GCA_964461295.1|CAYWTX010000160.1_4	SP	762
GCA_964461395.1|CAYWUC010000310.1_17	SP	375
GCA_964461525.1|CAYWUX010000006.1_103	SP	402
GCA_964462035.1|CAYXAP010000048.1_20	LIPO	335
GCA_964462035.1|CAYXAP010000068.1_12	LIPO	340
GCA_964463165.1|CAYXBK010000005.1_113	SP	384
GCA_964463215.1|CAYXBN010000088.1_4	SP	296
GCA_964463485.1|CAYXDO010000066.1_14	LIPO	398
GCA_964463485.1|CAYXDO010000157.1_21	LIPO	449
GCA_964463695.1|CAYXCZ010000020.1_32	SP	378
GCA_964464465.1|CAYXGF010000026.1_15	SP	293
GCA_964464515.1|CAYXGP010000250.1_5	LIPO	294
GCA_964464585.1|CAYXGS010000002.1_157	SP	307
GCA_964464675.1|CAYXHU010000013.1_14	LIPO	311
GCA_964464755.1|CAYXGZ010000002.1_99	LIPO	317
GCA_964465045.1|CAYXJS010000413.1_1	SP	382
GCA_964465175.1|CAYXJI010000013.1_7	SP	312
GCA_964465665.1|CAYXKM010000009.1_5	LIPO	333
GCA_964465685.1|CAYXKK010000015.1_47	SP	382
GCA_964467345.1|CAYXPY010000001.1_124	LIPO	327
GCA_964467425.1|CAYXQH010000693.1_2	LIPO	326
GCA_964467785.1|CAYXVB010000035.1_17	SP	380
GCA_964467935.1|CAYYKK010000328.1_3	LIPO	441
GCA_964468125.1|CAYXVF010000130.1_5	SP	350
GCA_964468125.1|CAYXVF010000178.1_1	LIPO	797
GCA_964468345.1|CAYXVZ010000128.1_17	SP	404
GCA_964468635.1|CAYXVR010000024.1_20	SP	429
GCA_964468645.1|CAYXUU010000055.1_27	SP	380
GCA_964468735.1|CAYXVS010000276.1_1	LIPO	306
GCA_964468745.1|CAYXVY010000167.1_2	SP	279
GCA_964469045.1|CAYXXK010000052.1_16	LIPO	301
GCA_964469185.1|CAYXYA010000249.1_5	SP	319
GCA_964469595.1|CAYYAT010000036.1_5	SP	340
GCA_964471165.1|CAYYEX010000008.1_42	SP	315
GCA_964471325.1|CAYYFL010000005.1_113	SP	314
GCA_964471535.1|CAYYHA010000146.1_6	LIPO	351
GCA_964471545.1|CAYYJX010000181.1_4	LIPO	336
GCA_964471705.1|CAYYHR010000085.1_8	SP	452
GCA_964471715.1|CAYYHC010000026.1_4	SP	392
GCA_964472175.1|CAYYJF010000009.1_7	SP	264
GCA_964472175.1|CAYYJF010000036.1_10	SP	809
GCA_964472195.1|CAYYJH010000037.1_9	SP	301
GCA_964472265.1|CAYYJO010000098.1_2	SP	587
GCA_964472545.1|CAYYNP010000200.1_10	SP	292
GCA_964472565.1|CAYYNB010000110.1_13	SP	571
GCA_964472565.1|CAYYNB010000110.1_15	SP	585
GCA_964472565.1|CAYYNB010000215.1_4	LIPO	310
GCA_964472585.1|CAYYLJ010000034.1_4	SP	606
GCA_964473485.1|CAYYPH010000034.1_15	SP	385
GCA_964473995.1|CAYYRB010000068.1_7	SP	379
GCA_964474285.1|CAYYSD010000021.1_10	LIPO	341
GCA_964474285.1|CAYYSD010000068.1_6	LIPO	325
GCA_964474285.1|CAYYSD010000129.1_4	LIPO	332
GCA_964474355.1|CAYYSY010000342.1_4	SP	349
GCA_964474455.1|CAYYSU010000001.1_77	SP	382
GCA_964474925.1|CAYYUS010000183.1_3	SP	325
GCA_964474955.1|CAYYUU010000120.1_10	SP	421
GCA_964474955.1|CAYYUU010001129.1_3	SP	392
GCA_964475235.1|CAYYVZ010000229.1_2	SP	505
GCA_964475255.1|CAYYWA010000032.1_27	SP	304
GCA_964475265.1|CAYYVY010000041.1_19	LIPO	314
GCA_964475415.1|CAYYWZ010000001.1_58	SP	375
GCA_964475685.1|CAYYXP010000071.1_5	SP	314
GCA_964476015.1|CAYYZT010000106.1_7	SP	382
GCA_964476305.1|CAYZAI010000218.1_3	LIPO	341
GCA_964476875.1|CAYZDM010000315.1_3	LIPO	305
GCA_964477175.1|CAYZDW010000159.1_2	SP	332
GCA_964477695.1|CAYZFN010000225.1_31	SP	316
GCA_964477795.1|CAYZFZ010000023.1_9	LIPO	319
GCA_964478325.1|CAYZIA010000084.1_2	SP	335
GCA_964478485.1|CAYZJE010000431.1_7	SP	326
GCA_964478655.1|CAYZJR010000102.1_12	SP	333
GCA_964478885.1|CAYZKT010000039.1_10	SP	316
GCA_964479625.1|CAYZMS010000029.1_7	SP	748
GCA_964480085.1|CAYZPI010000019.1_13	SP	697
GCA_964480175.1|CAYZQM010000168.1_3	LIPO	489
GCA_964480235.1|CAYZQZ010000591.1_2	SP	294
GCA_964480455.1|CAYZQI010000073.1_3	SP	744
GCA_964480615.1|CAYZQX010000206.1_6	SP	380
GCA_964480865.1|CAYZRP010000142.1_3	LIPO	310
GCA_964481045.1|CAYZSG010000008.1_31	SP	327
GCA_964481045.1|CAYZSG010000019.1_7	LIPO	320
GCA_964481045.1|CAYZSG010000019.1_8	SP	309
GCA_964481485.1|CAYZVM010000103.1_17	LIPO	314
GCA_964481605.1|CAYZWG010000470.1_3	SP	308
GCA_964481635.1|CAYZTU010000002.1_104	SP	339
GCA_964482235.1|CAYZWU010000029.1_21	SP	682
GCA_964482355.1|CAYZXF010000243.1_2	LIPO	317
GCA_964483135.1|CAZAAJ010000136.1_2	LIPO	330
GCA_964483345.1|CAZABN010000030.1_18	SP	335
GCA_964483365.1|CAZABL010000007.1_30	LIPO	369
GCA_964483385.1|CAZACJ010000029.1_40	SP	605
GCA_964483585.1|CAZABH010000041.1_18	SP	305
GCA_964483695.1|CAZACZ010000003.1_11	SP	320
GCA_964483865.1|CAZADG010000004.1_85	SP	295
GCA_964484105.1|CAZAEN010000002.1_95	SP	326
GCA_964484265.1|CAZAFH010000069.1_10	SP	301
GCA_964484265.1|CAZAFH010000091.1_11	SP	309
GCA_964484945.1|CAZAHB010000204.1_5	LIPO	325
GCA_964484985.1|CAZAHP010000150.1_1	SP	334
GCA_964485035.1|CAZAIE010000064.1_8	LIPO	367
GCA_964485035.1|CAZAIE010000784.1_2	SP	398
GCA_964485035.1|CAZAIE010001459.1_1	LIPO	325
GCA_964485155.1|CAZAIL010000079.1_4	SP	380
GCA_964486075.1|CAZALU010000038.1_16	SP	315
GCA_964486115.1|CAZANL010000266.1_1	SP	338
GCA_964486845.1|CAZAQY010000042.1_13	SP	310
GCA_964487155.1|CAZAQB010000009.1_5	SP	412
GCA_964487395.1|CAZAQH010000086.1_2	SP	301
GCA_964488095.1|CAZATP010000024.1_20	SP	388
GCA_964488095.1|CAZATP010000039.1_15	SP	381
GCA_964488095.1|CAZATP010000041.1_5	LIPO	407
GCA_964488745.1|CAZAVP010000010.1_81	SP	387
GCA_964488805.1|CAZAVU010000034.1_11	SP	288
GCA_964488865.1|CAZAWR010000043.1_18	LIPO	375
GCA_964488865.1|CAZAWR010000094.1_9	LIPO	367
GCA_964488965.1|CAZAXA010000043.1_2	LIPO	324
GCA_964489065.1|CAZAXH010000001.1_160	SP	323
GCA_964489175.1|CAZAYA010000124.1_4	SP	388
GCA_964489335.1|CAZAYJ010000122.1_3	SP	316
GCA_964489425.1|CAZAYP010000028.1_13	SP	334
GCA_964489545.1|CAZAZE010000001.1_22	SP	367
GCA_964489725.1|CAZBAX010000049.1_40	LIPO	308
GCA_964489905.1|CAZBCB010000059.1_1	SP	790
GCA_964489955.1|CAZBAV010000110.1_3	SP	287
GCA_964490075.1|CAZBBK010000023.1_51	LIPO	310
GCA_964490145.1|CAZBBS010000047.1_25	SP	298
GCA_964490505.1|CAZBCP010000004.1_68	LIPO	310
GCA_964490505.1|CAZBCP010000014.1_366	LIPO	308
GCA_964490985.1|CAZBER010000015.1_20	SP	307
GCA_964491335.1|CAZBGH010000054.1_7	LIPO	712
GCA_964491665.1|CAZBII010000023.1_35	SP	316
GCA_964492065.1|CAZBHH010000009.1_36	SP	384
GCA_964492125.1|CAZBJE010000031.1_38	SP	309
GCA_964492125.1|CAZBJE010000045.1_7	SP	311
GCA_964492185.1|CAZBJH010000046.1_2	SP	797
GCA_964492185.1|CAZBJH010000100.1_4	SP	559
GCA_964492235.1|CAZBJQ010000182.1_2	LIPO	336
GCA_964492355.1|CAZBKF010000124.1_5	LIPO	294
GCA_964492685.1|CAZBMH010000004.1_59	SP	348
GCA_964492685.1|CAZBMH010000105.1_4	LIPO	297
GCA_964492695.1|CAZBMR010000045.1_4	SP	390
GCA_964492845.1|CAZBMZ010000009.1_26	SP	614
GCA_964492845.1|CAZBMZ010000029.1_63	SP	272
GCA_964493225.1|CAZBOC010000124.1_6	LIPO	360
GCA_964493335.1|CAZBNV010000026.1_28	SP	349
GCA_964493555.1|CAZBOQ010000136.1_6	SP	327
GCA_964493565.1|CAZBPB010000259.1_2	SP	325
GCA_964493595.1|CAZBOX010000358.1_2	SP	321
GCA_964493765.1|CAZBPK010000126.1_5	SP	333
GCA_964493915.1|CAZBQH010000281.1_2	LIPO	304
GCA_964494295.1|CAZBTT010000066.1_11	TAT	313
GCA_964494535.1|CAZBSB010000002.1_8	LIPO	316
GCA_964494535.1|CAZBSB010000040.1_10	LIPO	315
GCA_964494535.1|CAZBSB010000123.1_5	SP	316
GCA_964494895.1|CAZBTV010000055.1_14	SP	404
GCA_964495295.1|CAZBWP010000017.1_20	SP	353
GCA_964495565.1|CAZBWQ010000013.1_1	LIPO	320
GCA_964495645.1|CAZBXO010000217.1_2	SP	311
GCA_964495865.1|CAZBZA010000656.1_1	SP	289
GCA_964496055.1|CAZBYX010000023.1_5	SP	385
GCA_964496465.1|CAZBZX010000171.1_2	SP	375
GCA_964496875.1|CAZCBH010000011.1_74	SP	356
GCA_964497135.1|CAZCDO010000206.1_2	LIPO	347
GCA_964497165.1|CAZCEE010000101.1_6	TATLIPO	296
GCA_964497275.1|CAZCEG010000012.1_17	TAT	323
GCA_964497285.1|CAZCDK010000044.1_7	SP	312
GCA_964497285.1|CAZCDK010000246.1_4	LIPO	335
GCA_964497525.1|CAZCDT010000019.1_38	SP	355
GCA_964498075.1|CAZCGA010000021.1_37	SP	295
GCA_964498705.1|CAZCHT010000024.1_14	SP	340
GCA_964498705.1|CAZCHT010000058.1_16	SP	339
GCA_964498705.1|CAZCHT010000131.1_2	SP	337
GCA_964498805.1|CAZCJE010000063.1_1	SP	366
GCA_964498815.1|CAZCKI010000005.1_20	SP	334
GCA_964498865.1|CAZCJN010000045.1_12	SP	386
GCA_964498895.1|CAZCIM010000003.1_43	SP	317
GCA_964499005.1|CAZCKE010000443.1_4	SP	324
GCA_964499205.1|CAZCJX010000007.1_22	SP	352
GCA_964499485.1|CAZCLF010000017.1_54	SP	324
GCA_964499635.1|CAZCLY010000015.1_64	LIPO	316
GCA_964499705.1|CAZCME010000001.1_298	SP	762
GCA_964500205.1|CAZCNS010000007.1_51	SP	372
GCA_964500205.1|CAZCNS010000015.1_34	LIPO	407
GCA_964500535.1|CAZCPI010000042.1_3	SP	865
GCA_964500655.1|CAZCPP010000157.1_6	LIPO	312
GCA_964501265.1|CAZCSK010000009.1_47	SP	422
GCA_964501505.1|CAZCSY010000005.1_12	SP	314
GCA_964501735.1|CAZCVG010000008.1_40	SP	294
GCA_964501925.1|CAZCTM010000003.1_105	SP	330
GCA_964502045.1|CAZCVC010000035.1_4	SP	306
GCA_964502095.1|CAZCUF010000001.1_101	LIPO	331
GCA_964502115.1|CAZCVH010000290.1_4	SP	341
GCA_964502175.1|CAZCVE010000092.1_2	LIPO	333
GCA_964502355.1|CAZCWK010000033.1_24	SP	865
GCA_964502465.1|CAZCWX010000134.1_3	LIPO	343
GCA_964502465.1|CAZCWX010000642.1_8	LIPO	339
GCA_964502525.1|CAZCXH010000011.1_5	SP	279
GCA_964502525.1|CAZCXH010000021.1_8	SP	379
GCA_964502525.1|CAZCXH010000097.1_12	SP	386
GCA_964502525.1|CAZCXH010000190.1_6	SP	387
GCA_964503045.1|CAZCZI010000027.1_5	SP	327
GCA_964503045.1|CAZCZI010000056.1_22	SP	382
GCA_964503095.1|CAZCZX010000240.1_3	SP	601
GCA_964503145.1|CAZCYV010000021.1_3	LIPO	305
GCA_964503275.1|CAZCZO010000004.1_95	SP	307
GCA_964503595.1|CAZDAM010000064.1_10	SP	343
GCA_964503685.1|CAZDAW010000072.1_17	LIPO	379
GCA_964503965.1|CAZDCK010000006.1_59	SP	292
GCA_964504185.1|CAZDDK010000287.1_3	SP	406
GCA_964504565.1|CAZDEY010000007.1_220	SP	656
GCA_964504645.1|CAZDGB010000062.1_7	LIPO	312
GCA_964504705.1|CAZDEZ010000002.1_30	SP	302
GCA_964505225.1|CAZDHC010000040.1_21	SP	303
GCA_964505935.1|CAZDKX010000001.1_6	LIPO	342
GCA_964506085.1|CAZDMX010000134.1_2	SP	338
GCA_964506255.1|CAZDKE010000027.1_28	SP	372
GCA_964506425.1|CAZDLS010000041.1_11	SP	315
GCA_964506525.1|CAZDLA010000015.1_16	LIPO	327
GCA_964506835.1|CAZDNG010000028.1_38	LIPO	409
GCA_964506835.1|CAZDNG010000081.1_10	LIPO	353
GCA_964507015.1|CAZDOM010000075.1_10	SP	310
GCA_964507195.1|CAZDPA010000004.1_42	LIPO	306
GCA_964507195.1|CAZDPA010000028.1_29	LIPO	362
GCA_964507675.1|CAZDSN010000458.1_1	SP	310
GCA_964508085.1|CAZDTI010000110.1_6	LIPO	333
GCA_964508125.1|CAZDTC010000093.1_13	SP	303
GCA_964508695.1|CAZDUT010000049.1_7	SP	336
GCA_964508975.1|CAZDVQ010000035.1_13	SP	378
GCA_964509025.1|CAZDWH010000001.1_21	LIPO	344
GCA_964509355.1|CAZDYH010000333.1_4	SP	278
GCA_964509425.1|CAZDWZ010000014.1_19	SP	338
GCA_964509515.1|CAZDYA010000142.1_2	LIPO	340
GCA_964509795.1|CAZDZB010000032.1_7	LIPO	315
GCA_964510055.1|CAZDZY010000012.1_28	LIPO	325
GCA_964510055.1|CAZDZY010000012.1_29	LIPO	299
GCA_964510225.1|CAZEAN010000066.1_23	SP	437
GCA_964510285.1|CAZEAM010000034.1_3	SP	338
GCA_964510765.1|CAZECP010000041.1_2	SP	296
GCA_964510855.1|CAZEDB010000039.1_2	SP	350
GCA_964511015.1|CAZEDX010000013.1_9	SP	314
GCA_964511065.1|CAZEEG010000023.1_15	SP	314
GCA_964511215.1|CAZEER010000049.1_6	SP	346
GCA_964511215.1|CAZEER010000049.1_7	LIPO	308
GCA_964511255.1|CAZEEQ010000002.1_20	SP	321
GCA_964511405.1|CAZEFK010000011.1_26	SP	293
GCA_964511535.1|CAZEFW010000093.1_5	LIPO	343
GCA_964511555.1|CAZEFR010000008.1_35	SP	377
GCA_964511565.1|CAZEFP010000318.1_4	SP	426
GCA_964511675.1|CAZEGA010000192.1_3	SP	338
GCA_964511945.1|CAZEHO010000002.1_384	LIPO	304
GCA_964512145.1|CAZEIM010000008.1_39	SP	416
GCA_964512185.1|CAZEJJ010000028.1_2	LIPO	300
GCA_964512215.1|CAZEJA010000404.1_2	SP	639
GCA_964512225.1|CAZEKB010000077.1_10	SP	306
GCA_964513235.1|CAZEMI010000039.1_8	SP	308
GCA_964513475.1|CAZEMS010000017.1_6	SP	306
GCA_964514315.1|CAZEQF010000352.1_2	SP	654
GCA_964514725.1|CAZEUL010000005.1_44	SP	325
GCA_964514735.1|CAZETZ010000266.1_3	SP	299
GCA_964515125.1|CAZEUQ010000015.1_5	SP	488
GCA_964515285.1|CAZEUV010000027.1_24	LIPO	323
GCA_964515425.1|CAZEUW010000025.1_5	LIPO	381
GCA_964515655.1|CAZEWB010000392.1_4	SP	325
GCA_964515915.1|CAZEXM010000017.1_1	SP	343
GCA_964516585.1|CAZEXJ010000031.1_2	SP	291
GCA_964516825.1|CAZFAR010000016.1_11	LIPO	328
GCA_964517055.1|CAZFAQ010000024.1_21	SP	312
GCA_964517335.1|CAZFES010000042.1_14	LIPO	311
GCA_964517335.1|CAZFES010000212.1_4	LIPO	310
GCA_964518215.1|CAZFFP010000025.1_17	SP	380
GCA_964518215.1|CAZFFP010000032.1_18	SP	389
GCA_964518515.1|CAZFGM010000049.1_12	SP	294
GCA_964518585.1|CAZFGZ010000044.1_7	SP	405
GCA_964518735.1|CAZFKQ010000004.1_45	SP	304
GCA_964518735.1|CAZFKQ010000020.1_3	SP	279
GCA_964518735.1|CAZFKQ010000020.1_4	SP	284
GCA_964518955.1|CAZFHS010000013.1_106	LIPO	295
GCA_964519175.1|CAZFKC010000007.1_46	SP	426
GCA_964519175.1|CAZFKC010000065.1_20	LIPO	358
GCA_964519525.1|CAZFIN010000010.1_12	SP	295
GCA_964519735.1|CAZFKK010000033.1_10	SP	391
GCA_964519825.1|CAZFLF010000113.1_9	SP	248
GCA_964521055.1|CAZFPG010000138.1_7	SP	373
GCA_964521085.1|CAZFPL010000012.1_65	LIPO	313
GCA_964521105.1|CAZFPO010000022.1_24	SP	374
GCA_964521105.1|CAZFPO010000046.1_11	SP	323
GCA_964521405.1|CAZFRR010000235.1_4	SP	323
GCA_964521615.1|CAZFTL010000003.1_280	SP	299
GCA_964521625.1|CAZFSM010000024.1_48	SP	301
GCA_964521805.1|CAZFSE010000136.1_8	LIPO	598
GCA_964522035.1|CAZFUG010000033.1_9	SP	342
GCA_964522235.1|CAZFUH010000395.1_3	SP	451
GCA_964522525.1|CAZFWG010000087.1_5	SP	323
GCA_964522545.1|CAZFWM010000171.1_7	SP	611
GCA_964522605.1|CAZFWV010000071.1_10	SP	294
GCA_964523045.1|CAZFXO010000009.1_33	SP	316
GCA_964523195.1|CAZFYV010000174.1_3	SP	329
GCA_964523435.1|CAZGBA010000004.1_41	SP	607
GCA_964523745.1|CAZGAX010000013.1_24	TATLIPO	360
GCA_964523745.1|CAZGAX010000019.1_31	TAT	500
GCA_964523795.1|CAZGAO010000019.1_32	SP	384
GCA_964523935.1|CAZGAP010000008.1_40	SP	305
GCA_964524035.1|CAZGBP010000002.1_32	SP	470
GCA_964524195.1|CAZGCC010000010.1_6	SP	354
GCA_964524315.1|CAZGDE010000201.1_8	LIPO	318
GCA_964524485.1|CAZGFR010000057.1_8	LIPO	323
GCA_964524585.1|CAZGCX010000082.1_3	SP	335
GCA_964524585.1|CAZGCX010000161.1_1	LIPO	321
GCA_964524855.1|CAZGDZ010000345.1_3	SP	309
GCA_964524985.1|CAZGFL010000098.1_166	SP	288
GCA_964525115.1|CAZGGB010000009.1_39	SP	672
GCA_964525155.1|CAZGDK010000009.1_4	SP	420
GCA_964526175.1|CAZGIV010000031.1_2	LIPO	326
GCA_964526595.1|CAZGJF010000023.1_30	SP	369
GCA_964526945.1|CAZGNA010000051.1_13	SP	312
GCA_964527015.1|CAZGPT010000028.1_19	SP	301
GCA_964527795.1|CAZGOS010000112.1_2	SP	418
GCA_964527835.1|CAZGNV010000008.1_44	LIPO	323
GCA_964527965.1|CAZGPH010000006.1_4	LIPO	305
GCA_964528135.1|CAZGSE010000013.1_1	SP	279
GCA_964528545.1|CAZGTJ010000013.1_13	SP	815
GCA_964528845.1|CAZGVE010000002.1_123	SP	355
GCA_964528945.1|CAZGVR010000077.1_2	LIPO	364
GCA_964528945.1|CAZGVR010000137.1_6	LIPO	349
GCA_964529095.1|CAZGVK010000181.1_11	SP	326
GCA_964529315.1|CAZGUU010000101.1_16	LIPO	287
GCA_964529445.1|CAZGWJ010000100.1_9	LIPO	324
GCA_964529575.1|CAZGXF010000204.1_2	SP	321
GCA_964529675.1|CAZGXT010000001.1_28	SP	317
GCA_964530165.1|CAZGYE010000241.1_2	SP	317
GCA_964530405.1|CAZHBN010000328.1_4	SP	408
GCA_964530495.1|CAZGYW010000254.1_1	SP	586
GCA_964530825.1|CAZHCA010000023.1_6	LIPO	307
GCA_964531315.1|CAZHEZ010000010.1_70	SP	359
GCA_964531315.1|CAZHEZ010000050.1_3	SP	338
GCA_964531655.1|CAZHDM010000002.1_224	LIPO	309
GCA_964531755.1|CAZHGG010000533.1_6	LIPO	327
GCA_964531795.1|CAZHHD010000002.1_9	LIPO	341
GCA_964531795.1|CAZHHD010000037.1_8	LIPO	382
GCA_964532025.1|CAZHEY010000022.1_20	SP	284
GCA_964532485.1|CAZHKE010000078.1_9	SP	326
GCA_964533605.1|CAZHMF010000024.1_17	LIPO	353
GCA_964533785.1|CAZHNG010000165.1_7	SP	298
GCA_964533785.1|CAZHNG010000186.1_4	SP	631
GCA_964533805.1|CAZHMJ010000184.1_2	SP	586
GCA_964534045.1|CAZHNO010000001.1_80	LIPO	327
GCA_964534295.1|CAZHOC010000112.1_5	SP	377
GCA_964534375.1|CAZHPN010000027.1_28	SP	353
GCA_964534495.1|CAZHPL010000118.1_6	SP	369
GCA_964534795.1|CAZHQK010000202.1_41	SP	762
GCA_964535335.1|CAZHUU010000003.1_46	SP	284
GCA_964535455.1|CAZHTZ010000006.1_19	SP	879
GCA_964535605.1|CAZHUI010000017.1_30	SP	329
GCA_964536455.1|CAZHXV010000165.1_4	SP	770
GCA_964536575.1|CAZHXL010000210.1_3	SP	616
GCA_964537475.1|CAZIBY010000003.1_271	SP	378
GCA_964537745.1|CAZIAX010000124.1_2	SP	677
GCA_964537775.1|CAZICQ010000004.1_121	LIPO	319
GCA_964537775.1|CAZICQ010000009.1_19	LIPO	326
GCA_964537825.1|CAZIDL010000001.1_116	SP	493
GCA_964537825.1|CAZIDL010000019.1_22	SP	331
GCA_964537825.1|CAZIDL010000035.1_18	SP	343
GCA_964537945.1|CAZIDS010000038.1_11	SP	323
GCA_964538375.1|CAZIFQ010000068.1_4	SP	296
GCA_964538375.1|CAZIFQ010000075.1_3	SP	308
GCA_964538425.1|CAZIGP010000033.1_2	SP	303
GCA_964538595.1|CAZIGO010000120.1_4	SP	324
GCA_964538725.1|CAZIEQ010000206.1_4	LIPO	373
GCA_964539075.1|CAZIFU010000038.1_3	SP	399
GCA_964539105.1|CAZIFI010000053.1_1	LIPO	317
GCA_964539705.1|CAZIKA010000020.1_17	SP	616
GCA_964539745.1|CAZIJU010000007.1_54	LIPO	349
GCA_964539825.1|CAZIKF010000024.1_24	SP	357
GCA_964540955.1|CAZIPG010000014.1_14	SP	357
GCA_964541155.1|CAZIPC010000001.1_63	SP	381
GCA_964541285.1|CAZIQJ010000021.1_3	SP	296
GCA_964541355.1|CAZISK010000649.1_3	SP	411
GCA_964542165.1|CAZITQ010000044.1_33	SP	330
GCA_964542415.1|CAZIVQ010000345.1_1	SP	322
GCA_964542655.1|CAZIWB010000001.1_169	SP	465
GCA_964543155.1|CAZIXQ010000004.1_14	SP	341
GCA_964543355.1|CAZIYA010000238.1_2	LIPO	318
GCA_964543365.1|CAZIXU010000072.1_5	LIPO	320
GCA_964543545.1|CAZIYT010000001.1_170	SP	379
GCA_964543545.1|CAZIYT010000002.1_242	SP	380
GCA_964543545.1|CAZIYT010000003.1_21	SP	404
GCA_964543705.1|CAZIZP010000001.1_222	SP	379
GCA_964543995.1|CAZJBB010000019.1_2	SP	325
GCA_964544295.1|CAZJBJ010000017.1_14	LIPO	359
GCA_964544545.1|CAZJCG010000070.1_12	SP	381
GCA_964544795.1|CAZJDS010000109.1_2	SP	793
GCA_964545365.1|CAZJFM010000018.1_14	LIPO	305
GCA_964545715.1|CAZJHX010000201.1_17	SP	356
GCA_964545855.1|CAZJHD010000025.1_41	SP	623
GCA_964545915.1|CAZJHQ010000004.1_64	SP	303
GCA_964545945.1|CAZJID010000038.1_18	LIPO	336
GCA_964546275.1|CAZJJG010000024.1_8	SP	295
GCA_964546275.1|CAZJJG010000033.1_10	LIPO	315
GCA_964546275.1|CAZJJG010000034.1_10	LIPO	315
GCA_964546345.1|CAZJJQ010000010.1_8	LIPO	288
GCA_964546395.1|CAZJJT010000884.1_2	SP	322
GCA_964546435.1|CAZJKJ010000026.1_9	LIPO	351
GCA_964546815.1|CAZJLR010000001.1_268	SP	440
GCA_964546845.1|CAZJMY010000481.1_3	SP	467
GCA_964547345.1|CAZJMX010000015.1_15	SP	317
GCA_964547385.1|CAZJNB010000041.1_8	SP	309
GCA_964547895.1|CAZJQH010000118.1_4	SP	383
GCA_964547985.1|CAZJPV010000027.1_23	SP	324
GCA_964547985.1|CAZJPV010000057.1_4	SP	315
GCA_964547995.1|CAZJRB010000033.1_6	SP	314
GCA_964548025.1|CAZJRI010000068.1_7	SP	289
GCA_964548175.1|CAZJQS010000018.1_60	SP	321
GCA_964548175.1|CAZJQS010000078.1_19	SP	316
GCA_964548235.1|CAZJRV010000190.1_5	SP	285
GCA_964548415.1|CAZJQG010000033.1_13	LIPO	328
GCA_964548475.1|CAZJRF010000116.1_5	LIPO	335
GCA_964548555.1|CAZJSY010000021.1_29	LIPO	349
GCA_964548765.1|CAZJSU010000040.1_25	SP	578
GCA_964548765.1|CAZJSU010000063.1_22	SP	317
GCA_964548765.1|CAZJSU010000093.1_12	SP	307
GCA_964549025.1|CAZJUE010000004.1_15	LIPO	319
GCA_964549025.1|CAZJUE010000131.1_5	LIPO	354
GCA_964549275.1|CAZJUP010000025.1_15	LIPO	288
GCA_964549315.1|CAZJUY010000005.1_44	SP	411
GCA_964549315.1|CAZJUY010000056.1_4	SP	370
GCA_964549445.1|CAZJVS010000006.1_118	LIPO	315
GCA_964549445.1|CAZJVS010000006.1_119	LIPO	324
GCA_964549665.1|CAZJYF010000411.1_2	SP	391
GCA_964549895.1|CAZJWW010000014.1_21	SP	327
GCA_964550205.1|CAZJYD010000016.1_18	SP	377
GCA_964550405.1|CAZJZD010000050.1_9	SP	308
GCA_964550505.1|CAZJZP010000019.1_7	SP	370
GCA_964550795.1|CAZKBH010000003.1_11	SP	383
GCA_964550935.1|CAZKBB010000007.1_46	LIPO	422
GCA_964551325.1|CAZKBU010000002.1_206	SP	316
GCA_964551365.1|CAZKCF010000011.1_6	LIPO	326
GCA_964551615.1|CAZKDY010000038.1_47	LIPO	295
GCA_964552035.1|CAZKFN010000017.1_18	SP	373
GCA_964552145.1|CAZKFO010000049.1_4	SP	418
GCA_964552215.1|CAZKGD010000058.1_16	SP	496
GCA_964552405.1|CAZKID010000055.1_4	SP	309
GCA_964552405.1|CAZKID010000240.1_2	SP	298
GCA_964552425.1|CAZKIB010000034.1_40	SP	301
GCA_964552425.1|CAZKIB010000195.1_11	SP	312
GCA_964552595.1|CAZKHT010000008.1_20	SP	340
GCA_964552715.1|CAZKHZ010000074.1_10	SP	380
GCA_964552815.1|CAZKIQ010000059.1_5	SP	321
GCA_964553225.1|CAZKJT010000020.1_12	LIPO	338
GCA_964553225.1|CAZKJT010000020.1_15	LIPO	342
GCA_964553225.1|CAZKJT010000029.1_3	SP	381
GCA_964553395.1|CAZKMH010000344.1_4	SP	343
GCA_964553405.1|CAZKLS010000002.1_17	LIPO	352
GCA_964553485.1|CAZKMC010000065.1_15	SP	380
GCA_964553925.1|CAZKNR010000152.1_18	SP	260
GCA_964554495.1|CAZKOY010000107.1_3	LIPO	302
GCA_964554685.1|CAZKPR010000007.1_16	SP	313
GCA_964555165.1|CAZKRN010000011.1_19	SP	318
GCA_964555245.1|CAZKRI010000088.1_18	SP	506
GCA_964555325.1|CAZKRZ010000034.1_3	SP	299
GCA_964555335.1|CAZKSG010000032.1_7	LIPO	308
GCA_964555395.1|CAZKST010000021.1_9	SP	352
GCA_964555915.1|CAZKUK010000002.1_95	SP	300
GCA_964556105.1|CAZKWG010000903.1_1	LIPO	315
GCA_964556175.1|CAZKWD010000374.1_2	SP	310
GCA_964556345.1|CAZKWA010000037.1_16	SP	642
GCA_964556465.1|CAZKXG010000046.1_5	SP	387
GCA_964556675.1|CAZKYN010000059.1_4	LIPO	360
GCA_964557245.1|CAZKZR010000001.1_15	LIPO	346
GCA_964557285.1|CAZKZS010000001.1_35	SP	297
GCA_964557505.1|CAZLBS010000002.1_8	LIPO	316
GCA_964558215.1|CAZLDE010000052.1_8	LIPO	327
GCA_964558245.1|CAZLEC010000085.1_12	LIPO	375
GCA_964558595.1|CAZLER010000017.1_3	SP	338
GCA_964558665.1|CAZLFA010000075.1_6	LIPO	379
GCA_964558825.1|CAZLGB010000169.1_8	LIPO	366
GCA_964559075.1|CAZLGJ010000002.1_17	SP	330
GCA_964559135.1|CAZLGG010000083.1_7	LIPO	343
GCA_964559205.1|CAZLHV010000014.1_14	SP	371
GCA_964559815.1|CAZLJN010000160.1_3	LIPO	298
GCA_964559945.1|CAZLJY010000006.1_20	LIPO	319
GCA_964560345.1|CAZLLP010000116.1_11	SP	322
GCA_964560645.1|CAZLMS010000079.1_1	SP	358
GCA_964560795.1|CAZLNX010000110.1_8	LIPO	314
GCA_964560795.1|CAZLNX010000151.1_8	LIPO	307
GCA_964560795.1|CAZLNX010000279.1_3	LIPO	604
GCA_964560795.1|CAZLNX010000279.1_4	LIPO	306
GCA_964560795.1|CAZLNX010000279.1_5	LIPO	606
GCA_964560795.1|CAZLNX010000279.1_6	LIPO	323
GCA_964561885.1|CAZLRE010000166.1_7	SP	353
GCA_964561925.1|CAZLRW010000009.1_45	SP	305
GCA_964562145.1|CAZLSP010000050.1_2	LIPO	325
GCA_964563075.1|CAZLYG010000115.1_7	SP	340
GCA_964563135.1|CAZLWV010000076.1_12	SP	302
GCA_964563205.1|CAZLWS010000054.1_10	LIPO	315
GCA_964563435.1|CAZLXI010000010.1_12	SP	287
GCA_964563515.1|CAZLYT010000058.1_1	SP	645
GCA_964563665.1|CAZLYV010000080.1_4	LIPO	357
GCA_964563925.1|CAZLZD010000052.1_27	SP	381
GCA_964563925.1|CAZLZD010000052.1_28	SP	390
GCA_964564545.1|CAZMBP010000004.1_73	SP	393
GCA_964564545.1|CAZMBP010000084.1_128	LIPO	318
GCA_964564885.1|CAZMEH010000927.1_3	SP	391
GCA_964565065.1|CAZMDD010000142.1_2	SP	850
GCA_964565225.1|CAZMEL010000280.1_5	SP	674
GCA_964565625.1|CAZMFX010000107.1_7	SP	306
GCA_964565705.1|CAZMGD010000014.1_49	LIPO	369
GCA_964565715.1|CAZMGG010000002.1_48	SP	654
GCA_964565765.1|CAZMGF010000006.1_17	SP	300
GCA_964565915.1|CAZMGX010000169.1_11	SP	320
GCA_964565925.1|CAZMGV010000001.1_494	LIPO	354
GCA_964565925.1|CAZMGV010000016.1_33	SP	363
GCA_964566305.1|CAZMIF010000062.1_64	SP	313
GCA_964567315.1|CAZMMH010000050.1_4	SP	313
GCA_964567435.1|CAZMMQ010000057.1_5	SP	377
GCA_964567495.1|CAZMMY010000002.1_17	SP	290
GCA_964567625.1|CAZMNK010000125.1_9	LIPO	333
GCA_964567765.1|CAZMNZ010000071.1_10	SP	292
GCA_964567785.1|CAZMOK010000024.1_15	SP	366
GCA_964567835.1|CAZMOU010000008.1_24	LIPO	335
GCA_964568275.1|CAZMRP010000127.1_8	LIPO	352
GCA_964568445.1|CAZMPZ010000007.1_26	LIPO	346
GCA_964568515.1|CAZMRM010000118.1_5	SP	375
GCA_964568655.1|CAZMRG010000026.1_19	SP	299
GCA_964568865.1|CAZMSE010000005.1_2	SP	382
GCA_964568965.1|CAZMSS010000026.1_19	SP	460
GCA_964569295.1|CAZMVU010000277.1_4	SP	314
GCA_964569445.1|CAZMVJ010000104.1_1	SP	330
GCA_964569565.1|CAZMWO010000125.1_5	SP	342
GCA_964569585.1|CAZMVE010000007.1_39	SP	627
GCA_964569955.1|CAZMWB010000079.1_3	LIPO	311
GCA_964570435.1|CAZMYK010000509.1_2	SP	381
GCA_964570515.1|CAZMYM010000001.1_123	SP	321
GCA_964570735.1|CAZNAH010000095.1_3	LIPO	362
GCA_964570955.1|CAZNBS010000022.1_7	SP	326
GCA_964571055.1|CAZNAL010000035.1_5	LIPO	301
GCA_964571275.1|CAZNCQ010000002.1_31	LIPO	342
GCA_964571275.1|CAZNCQ010000005.1_35	TATLIPO	301
GCA_964571275.1|CAZNCQ010000208.1_5	LIPO	324
GCA_964571695.1|CAZNDG010000004.1_24	LIPO	345
GCA_964571705.1|CAZNDJ010000009.1_33	SP	377
GCA_964571965.1|CAZNFQ010000110.1_4	LIPO	322
GCA_964572415.1|CAZNHN010000053.1_21	SP	377
GCA_964572455.1|CAZNFL010000008.1_5	LIPO	334
GCA_964572535.1|CAZNHI010000139.1_2	LIPO	345
GCA_964573125.1|CAZNIX010000052.1_13	SP	339
GCA_964573505.1|CAZNMS010000011.1_22	SP	262
GCA_964573505.1|CAZNMS010000324.1_8	SP	340
GCA_964573595.1|CAZNLF010000029.1_19	SP	359
GCA_964573925.1|CAZNLX010000023.1_10	LIPO	374
GCA_964574665.1|CAZNOJ010000001.1_64	LIPO	331
GCA_964574765.1|CAZNPC010000208.1_1	LIPO	322
GCA_964575125.1|CAZNQF010000044.1_15	SP	434
GCA_964575495.1|CAZNRV010000095.1_3	SP	311
GCA_964575505.1|CAZNSK010000008.1_47	SP	715
GCA_964575505.1|CAZNSK010000052.1_9	SP	374
GCA_964575535.1|CAZNRZ010000052.1_6	SP	342
GCA_964575565.1|CAZNSF010000212.1_2	SP	305
GCA_964575605.1|CAZNRN010000003.1_58	SP	344
GCA_964575615.1|CAZNSM010000071.1_4	SP	467
GCA_964575795.1|CAZNSP010000030.1_19	SP	326
GCA_964575885.1|CAZNTI010000348.1_2	SP	582
GCA_964576265.1|CAZNVB010000257.1_6	SP	436
GCA_964576285.1|CAZNUJ010000005.1_134	LIPO	317
GCA_964576285.1|CAZNUJ010000025.1_17	LIPO	320
GCA_964576715.1|CAZNWE010000017.1_13	SP	380
GCA_964576815.1|CAZNXR010000282.1_2	SP	328
GCA_964577155.1|CAZNYB010000092.1_12	LIPO	326
GCA_964577215.1|CAZNYK010000032.1_17	LIPO	322
GCA_964577255.1|CAZNYM010000005.1_57	SP	314
GCA_964577845.1|CAZOAH010000001.1_20	SP	370
GCA_964578045.1|CAZOBX010000203.1_7	SP	679
GCA_964578635.1|CAZOEC010000020.1_20	SP	287
GCA_964578685.1|CAZOEB010000037.1_23	SP	328
GCA_964578915.1|CAZOEV010000234.1_3	SP	379
GCA_964578935.1|CAZOEW010000008.1_14	LIPO	339
GCA_964579055.1|CAZOFX010000019.1_33	SP	467
GCA_964579315.1|CAZOHX010000524.1_2	SP	381
GCA_964579685.1|CAZOIX010000081.1_12	SP	293
GCA_964579955.1|CAZOJA010000279.1_3	SP	302
GCA_964580325.1|CAZOLK010000580.1_1	SP	324
GCA_964580415.1|CAZOMH010000017.1_1	LIPO	342
GCA_964580465.1|CAZOKJ010000048.1_9	SP	376
GCA_964580575.1|CAZOLJ010000003.1_9	LIPO	344
GCA_964580575.1|CAZOLJ010000059.1_24	LIPO	334
GCA_964580865.1|CAZONM010000003.1_14	SP	559
GCA_964580865.1|CAZONM010000143.1_10	LIPO	353
GCA_964580865.1|CAZONM010000228.1_7	LIPO	339
GCA_964580965.1|CAZOLZ010000033.1_21	LIPO	299
GCA_964581215.1|CAZONY010000009.1_4	SP	304
GCA_964581225.1|CAZONJ010000004.1_13	SP	298
GCA_964581385.1|CAZOOK010000008.1_60	SP	324
GCA_964581385.1|CAZOOK010000013.1_23	SP	341
GCA_964581385.1|CAZOOK010000013.1_25	SP	340
GCA_964581385.1|CAZOOK010000016.1_10	SP	350
GCA_964581385.1|CAZOOK010000021.1_12	SP	333
GCA_964581815.1|CAZORE010000007.1_36	SP	517
GCA_964581815.1|CAZORE010000021.1_16	LIPO	326
GCA_964581835.1|CAZOQY010000231.1_3	SP	321
GCA_964582225.1|CAZORA010000024.1_6	LIPO	348
GCA_964582565.1|CAZOSY010000059.1_5	SP	374
GCA_964582585.1|CAZOTG010000048.1_11	LIPO	327
GCA_964582635.1|CAZOSO010000027.1_13	SP	492
GCA_964582955.1|CAZOUJ010000075.1_1	SP	389
GCA_964583325.1|CAZOXJ010000198.1_2	LIPO	527
GCA_964583335.1|CAZOVG010000004.1_113	SP	322
GCA_964583765.1|CAZOWW010000005.1_63	SP	444
GCA_964583765.1|CAZOWW010000016.1_1	SP	455
GCA_964583765.1|CAZOWW010000020.1_29	SP	461
GCA_964583765.1|CAZOWW010000048.1_33	SP	449
GCA_964583865.1|CAZOXZ010000009.1_4	LIPO	349
GCA_964583925.1|CAZOXW010000008.1_16	SP	325
GCA_964584045.1|CAZOYZ010000389.1_2	SP	294
GCA_964584045.1|CAZOYZ010000434.1_3	SP	307
GCA_964584075.1|CAZOYV010000019.1_22	LIPO	336
GCA_964584105.1|CAZOYR010000032.1_8	SP	332
GCA_964584655.1|CAZPBD010000021.1_37	SP	320
GCA_964584665.1|CAZPAO010000003.1_25	SP	307
GCA_964584905.1|CAZPCC010000171.1_8	SP	300
GCA_964584995.1|CAZPCA010000071.1_7	SP	383
GCA_964585025.1|CAZPCO010000003.1_11	SP	339
GCA_964585035.1|CAZPCR010000037.1_2	SP	309
GCA_964585035.1|CAZPCR010000270.1_5	LIPO	302
GCA_964585045.1|CAZPCF010000090.1_3	SP	315
GCA_964585095.1|CAZPCN010000068.1_3	SP	325
GCA_964585335.1|CAZPED010000008.1_3	SP	332
GCA_964585545.1|CAZPDT010000013.1_1	SP	365
GCA_964585565.1|CAZPEC010000003.1_166	SP	331
GCA_964585565.1|CAZPEC010000013.1_11	SP	383
GCA_964585725.1|CAZPFD010000167.1_2	SP	341
GCA_964585735.1|CAZPFB010000021.1_14	SP	337
GCA_964586315.1|CAZPHE010000001.1_103	LIPO	307
GCA_964586455.1|CAZPHV010000005.1_56	SP	514
GCA_964586455.1|CAZPHV010000030.1_6	LIPO	342
GCA_964586595.1|CAZPHB010000002.1_53	SP	374
GCA_964587075.1|CAZPKJ010000079.1_7	SP	383
GCA_964587525.1|CAZPLZ010000025.1_9	SP	309
GCA_964588175.1|CAZPNW010000097.1_10	SP	323
GCA_964588185.1|CAZPPD010000493.1_3	SP	321
GCA_964588335.1|CAZPOV010000002.1_218	SP	325
GCA_964588615.1|CAZPQE010000287.1_2	SP	264
GCA_964589365.1|CAZPTQ010000282.1_4	SP	383
GCA_964590395.1|CAZPVT010000012.1_15	SP	311
GCA_964590435.1|CAZPWT010000012.1_277	SP	309
GCA_964590475.1|CAZPWN010000059.1_6	SP	302
GCA_964590635.1|CAZPYX010000003.1_23	SP	333
GCA_964591135.1|CAZPZU010000002.1_83	LIPO	320
GCA_964591245.1|CAZPZZ010000017.1_22	SP	291
GCA_964591425.1|CAZQES010000105.1_15	LIPO	304
GCA_964591515.1|CAZQBW010000016.1_27	LIPO	420
GCA_964591925.1|CAZQCK010000026.1_21	SP	322
GCA_964592055.1|CAZQCC010000027.1_12	SP	302
GCA_964592225.1|CAZQCO010000012.1_46	SP	795
GCA_964592225.1|CAZQCO010000018.1_7	SP	627
GCA_964592595.1|CAZQFH010000004.1_34	SP	377
GCA_964592775.1|CAZQFX010000023.1_4	LIPO	323
GCA_964592955.1|CAZQIJ010000153.1_1	SP	329
GCA_964592955.1|CAZQIJ010000346.1_3	SP	319
GCA_964593565.1|CAZQIY010000031.1_49	SP	307
GCA_964593565.1|CAZQIY010000059.1_15	SP	323
GCA_964593795.1|CAZQJC010000026.1_2	SP	580
GCA_964593795.1|CAZQJC010000026.1_3	SP	522
GCA_964593795.1|CAZQJC010000367.1_5	LIPO	337
GCA_964594405.1|CAZQMY010000003.1_28	SP	342
GCA_964594475.1|CAZQMI010000019.1_7	LIPO	321
GCA_964594475.1|CAZQMI010000019.1_8	LIPO	315
GCA_964595165.1|CAZQPF010000006.1_71	SP	342
GCA_964595615.1|CAZQTE010000128.1_2	SP	378
GCA_964595955.1|CAZQSF010000055.1_17	SP	398
GCA_964595955.1|CAZQSF010000113.1_8	SP	378
GCA_964596125.1|CAZQRP010000005.1_19	LIPO	346
GCA_964596145.1|CAZQSR010000065.1_2	SP	325
GCA_964596185.1|CAZQUE010000014.1_59	SP	340
GCA_964596215.1|CAZQUW010000032.1_6	SP	319
GCA_964596545.1|CAZQUP010000050.1_5	LIPO	311
GCA_964596625.1|CAZQVC010000016.1_5	SP	313
GCA_964597065.1|CAZQXG010000004.1_33	SP	365
GCA_964597315.1|CAZQXD010000080.1_9	SP	575
GCA_964597495.1|CAZQYC010000032.1_42	SP	329
GCA_964597845.1|CAZQZR010000111.1_12	SP	327
GCA_964597885.1|CAZQZX010000140.1_12	LIPO	352
GCA_964598575.1|CAZRCN010000004.1_11	LIPO	574
GCA_964598765.1|CAZRCZ010000026.1_35	SP	317
GCA_964599025.1|CAZREC010000100.1_4	SP	300
GCA_964599085.1|CAZRFD010000204.1_1	LIPO	342
GCA_964599095.1|CAZREB010000013.1_7	SP	311
GCA_964599115.1|CAZREZ010000127.1_3	SP	381
GCA_964599235.1|CAZRDX010000046.1_77	LIPO	334
GCA_964599245.1|CAZREF010000049.1_2	SP	318
GCA_964599265.1|CAZRFF010000051.1_8	SP	336
GCA_964599485.1|CAZRGL010000076.1_11	LIPO	345
GCA_964599885.1|CAZRHH010000010.1_10	LIPO	322
GCA_964600375.1|CAZRKY010000215.1_5	SP	587
GCA_964600395.1|CAZRLR010000139.1_4	SP	546
GCA_964600535.1|CAZRLI010000037.1_5	SP	312
GCA_964600685.1|CAZRKU010000003.1_17	SP	294
GCA_964600895.1|CAZRKP010000004.1_131	LIPO	327
GCA_964601095.1|CAZRMG010000252.1_3	SP	373
GCA_964601535.1|CAZRNW010000023.1_4	SP	378
GCA_964601535.1|CAZRNW010000031.1_2	SP	404
GCA_964601635.1|CAZROH010000002.1_46	SP	335
GCA_964601805.1|CAZROW010000029.1_1	SP	293
GCA_964602025.1|CAZRQI010000008.1_20	SP	303
GCA_964602395.1|CAZRRC010000142.1_2	SP	299
GCA_964602685.1|CAZRSQ010000026.1_34	SP	496
GCA_964602685.1|CAZRSQ010000548.1_3	LIPO	326
GCA_964602895.1|CAZRTG010000117.1_4	SP	325
GCA_964603125.1|CAZRUA010000030.1_18	SP	377
GCA_964603585.1|CAZRVK010000007.1_28	SP	312
GCA_964605435.1|CAZSDE010000038.1_2	SP	317
GCA_964605635.1|CAZSDL010000074.1_2	LIPO	332
GCA_964605665.1|CAZSDP010000012.1_84	SP	436
GCA_964605875.1|CAZSEG010000028.1_6	SP	380
GCA_964606035.1|CAZSFB010000523.1_1	SP	339
GCA_964606385.1|CAZSFZ010000002.1_177	SP	321
GCA_964606385.1|CAZSFZ010000006.1_75	SP	343
GCA_964606395.1|CAZSGO010000074.1_5	SP	293
GCA_964606715.1|CAZSHT010000066.1_10	SP	297
GCA_964606765.1|CAZSIR010000090.1_10	SP	323
GCA_964606845.1|CAZSIC010000044.1_23	SP	381
GCA_964606915.1|CAZSIQ010000014.1_3	LIPO	330
GCA_964606925.1|CAZSIH010000093.1_7	SP	297
GCA_964607865.1|CAZSLZ010000010.1_5	SP	317
GCA_964608155.1|CAZSOB010000360.1_2	LIPO	372
GCA_964608915.1|CAZSQA010000032.1_48	SP	335
GCA_964609115.1|CAZSRN010000019.1_6	SP	304
GCA_964609245.1|CAZSSB010000067.1_4	LIPO	476
GCA_964609385.1|CAZSSM010000036.1_32	SP	360
GCA_964609385.1|CAZSSM010000059.1_7	SP	413
GCA_964609385.1|CAZSSM010000069.1_21	SP	326
GCA_964609845.1|CAZSTW010000239.1_2	SP	303
GCA_964610245.1|CAZSVK010000057.1_8	LIPO	336
GCA_964610295.1|CAZSVR010000012.1_12	LIPO	291
GCA_964610405.1|CAZSZN010000248.1_2	SP	334
GCA_964610435.1|CAZSXM010000016.1_71	SP	473
GCA_964611195.1|CAZSXA010000204.1_5	SP	319
GCA_964611465.1|CAZTAA010000111.1_7	SP	299
GCA_964611535.1|CAZTAE010000006.1_18	LIPO	332
GCA_964611565.1|CAZTAU010000020.1_19	SP	292
GCA_964611705.1|CAZTAW010000051.1_1	SP	381
GCA_964611795.1|CAZTDM010000027.1_8	LIPO	379
GCA_964611815.1|CAZTEZ010000434.1_2	SP	398
GCA_964611835.1|CAZTDW010000215.1_3	SP	320
GCA_964612065.1|CAZTCD010000066.1_21	SP	322
GCA_964612085.1|CAZTCJ010000004.1_53	SP	319
GCA_964612095.1|CAZTEK010000002.1_17	SP	339
GCA_964612425.1|CAZTDX010000003.1_84	SP	297
GCA_964612525.1|CAZTCQ010000027.1_16	LIPO	300
GCA_964612985.1|CAZTGH010000014.1_1	SP	322
GCA_964612985.1|CAZTGH010000349.1_4	SP	344
GCA_964613055.1|CAZTGD010000005.1_40	SP	862
GCA_964613435.1|CAZTHA010000018.1_24	SP	340
GCA_964613585.1|CAZTHL010000012.1_10	SP	363
GCA_964614375.1|CAZTLI010000031.1_6	SP	309
GCA_964614375.1|CAZTLI010000205.1_6	SP	321
GCA_964614375.1|CAZTLI010000405.1_2	SP	591
GCA_964614375.1|CAZTLI010000557.1_2	SP	296
GCA_964614585.1|CAZTLW010000027.1_11	LIPO	288
GCA_964614855.1|CAZTMX010000238.1_4	LIPO	376
GCA_964614885.1|CAZTNL010000549.1_3	SP	306
GCA_964615095.1|CAZTPX010000026.1_18	SP	303
GCA_964615235.1|CAZTMK010000006.1_17	LIPO	324
GCA_964615535.1|CAZTNV010000239.1_6	SP	478
GCA_964615655.1|CAZTQO010000004.1_22	SP	367
GCA_964615655.1|CAZTQO010000018.1_72	SP	325
GCA_964615655.1|CAZTQO010000028.1_43	SP	325
GCA_964616465.1|CAZTTO010000021.1_20	SP	296
GCA_964616825.1|CAZTSX010000001.1_130	SP	378
GCA_964616865.1|CAZTUQ010000008.1_10	SP	290
GCA_964616915.1|CAZTSL010000015.1_29	SP	295
GCA_964616915.1|CAZTSL010000059.1_19	LIPO	375
GCA_964617405.1|CAZTXX010000166.1_2	LIPO	353
GCA_964617445.1|CAZTYG010000293.1_3	SP	355
GCA_964617515.1|CAZTXO010000026.1_25	SP	379
GCA_964617845.1|CAZUAR010000049.1_9	SP	465
GCA_964618735.1|CAZUFQ010000382.1_3	SP	338
GCA_964618895.1|CAZUDO010000040.1_64	SP	518
GCA_964618975.1|CAZUDI010000010.1_47	SP	331
GCA_964619035.1|CAZUBX010000040.1_12	SP	316
GCA_964619065.1|CAZUCC010000018.1_53	SP	311
GCA_964619305.1|CAZUDW010000003.1_51	SP	295
GCA_964619345.1|CAZUER010000043.1_18	SP	342
GCA_964619535.1|CAZUEX010000002.1_214	LIPO	300
GCA_964619555.1|CAZUDV010000002.1_10	SP	365
GCA_964619995.1|CAZUJO010000003.1_29	LIPO	303
GCA_964620025.1|CAZUJD010000029.1_7	SP	333
GCA_964620025.1|CAZUJD010000311.1_2	SP	504
GCA_964620215.1|CAZUJE010000107.1_5	SP	323
GCA_964620495.1|CAZUHI010000013.1_67	LIPO	304
GCA_964620795.1|CAZUHX010000104.1_6	SP	377
GCA_964621235.1|CAZULR010000449.1_2	LIPO	352
GCA_964621345.1|CAZUON010000014.1_39	SP	355
GCA_964621425.1|CAZUNW010000284.1_1	SP	358
GCA_964621605.1|CAZUMJ010000001.1_9	LIPO	323
GCA_964621785.1|CAZUPD010000052.1_12	SP	458
GCA_964622095.1|CAZUPP010000028.1_22	SP	310
GCA_964622315.1|CAZUOY010000016.1_12	LIPO	295
GCA_964622645.1|CAZUSV010000004.1_3	LIPO	303
GCA_964622645.1|CAZUSV010000025.1_3	LIPO	301
GCA_964622645.1|CAZUSV010000097.1_9	LIPO	601
GCA_964622645.1|CAZUSV010000097.1_11	LIPO	592
GCA_964622645.1|CAZUSV010000097.1_16	LIPO	317
GCA_964624265.1|CAZUYG010000663.1_2	LIPO	321
GCA_964624625.1|CAZUXW010000031.1_2	SP	325
GCA_964624635.1|CAZUXM010000012.1_2	SP	373
GCA_964624635.1|CAZUXM010000027.1_11	SP	371
GCA_964624765.1|CAZUZO010000021.1_6	SP	316
GCA_964625615.1|CAZVDU010000019.1_8	LIPO	339
GCA_964626105.1|CAZVCM010000126.1_6	LIPO	602
GCA_964626595.1|CAZVFU010000016.1_15	SP	379
GCA_964626775.1|CAZVGQ010000073.1_3	SP	370
GCA_964626845.1|CAZVGR010000004.1_54	SP	296
GCA_964626855.1|CAZVKJ010000044.1_9	SP	382
GCA_964626855.1|CAZVKJ010000046.1_17	SP	380
GCA_964627105.1|CAZVHF010000144.1_3	LIPO	291
GCA_964627765.1|CAZVKO010000029.1_172	SP	313
GCA_964627915.1|CAZVKY010000107.1_4	LIPO	316
GCA_964627995.1|CAZVLN010000008.1_33	SP	378
GCA_964628105.1|CAZVLT010000068.1_8	LIPO	363
GCA_964628155.1|CAZVPE010000065.1_22	LIPO	322
GCA_964628555.1|CAZVMD010000019.1_24	LIPO	325
GCA_964628555.1|CAZVMD010000042.1_2	LIPO	582
GCA_964628845.1|CAZVOS010000054.1_4	SP	373
GCA_964629015.1|CAZVMN010000007.1_139	LIPO	303
GCA_964629085.1|CAZVPR010000065.1_15	LIPO	310
GCA_964629085.1|CAZVPR010000094.1_10	LIPO	586
GCA_964629085.1|CAZVPR010000094.1_11	LIPO	591
GCA_964629325.1|CAZVSC010000007.1_39	SP	291
GCA_964629545.1|CAZVRY010000145.1_6	SP	323
GCA_964629725.1|CAZVST010000027.1_8	SP	298
GCA_964630585.1|CAZVVS010000145.1_10	SP	286
GCA_964630925.1|CAZVZK010000036.1_52	SP	292
GCA_964631045.1|CAZVWB010000006.1_55	LIPO	313
GCA_964631375.1|CAZVYQ010000009.1_55	LIPO	319
GCA_964631475.1|CAZVWK010000038.1_14	SP	316
GCA_964631535.1|CAZVZS010000006.1_15	SP	373
GCA_964631835.1|CAZWAD010000003.1_110	SP	383
GCA_964631915.1|CAZWAS010000146.1_8	LIPO	333
GCA_964632865.1|CAZWDH010000063.1_15	LIPO	307
GCA_964633125.1|CAZWDN010000577.1_1	SP	298
GCA_964633185.1|CAZWFM010000337.1_3	SP	448
GCA_964634105.1|CAZWIU010000097.1_4	SP	796
GCA_964635055.1|CAZWMT010000017.1_93	LIPO	393
GCA_964635205.1|CAZWMX010000096.1_5	LIPO	327
GCA_964636235.1|CAZWQV010000100.1_3	LIPO	319
GCA_964636485.1|CAZWSO010000215.1_5	LIPO	351
GCA_964636665.1|CAZWVT010000028.1_22	SP	370
GCA_964636775.1|CAZWSY010000005.1_60	SP	379
GCA_964636775.1|CAZWSY010000014.1_12	SP	323
GCA_964636775.1|CAZWSY010000022.1_24	SP	379
GCA_964637265.1|CAZWWR010000011.1_10	SP	342
GCA_964637355.1|CAZWVG010000170.1_7	SP	320
GCA_964638325.1|CAZWYT010000032.1_32	LIPO	326
GCA_964638545.1|CAZXAM010000016.1_42	SP	314
GCA_964638635.1|CAZXAQ010000073.1_13	SP	413
GCA_964638755.1|CAZWZC010000030.1_26	LIPO	313
GCA_964638865.1|CAZXBG010000002.1_9	LIPO	386
GCA_964638945.1|CAZXCC010000001.1_27	SP	304
GCA_964639245.1|CAZXCU010000007.1_18	SP	572
GCA_964639245.1|CAZXCU010000007.1_19	SP	565
GCA_964640555.1|CAZXHI010000123.1_13	LIPO	324
GCA_964640795.1|CAZXIN010000001.1_182	SP	339
GCA_964640855.1|CAZXIX010000012.1_34	SP	313
GCA_964641175.1|CAZXLJ010000048.1_5	LIPO	330
GCA_964641965.1|CAZXLD010000018.1_66	SP	310
GCA_964642015.1|CAZXLF010000005.1_63	SP	329
GCA_964642015.1|CAZXLF010000005.1_156	SP	345
GCA_964642175.1|CAZXOK010000034.1_1	SP	382
GCA_964643345.1|CAZXRU010000002.1_182	SP	330
GCA_964643345.1|CAZXRU010000003.1_79	SP	382
GCA_964643575.1|CAZXTD010000176.1_6	LIPO	404
GCA_964643755.1|CAZXUA010000004.1_34	SP	325
GCA_964644105.1|CAZXVX010000008.1_11	SP	388
GCA_964644135.1|CAZXWD010000111.1_7	SP	366
GCA_964644395.1|CAZXWB010000248.1_1	SP	394
GCA_964644915.1|CAZXYL010000418.1_4	SP	500
GCA_964645005.1|CAZXYS010000043.1_4	SP	392
GCA_964645045.1|CAZXYZ010000058.1_24	SP	305
GCA_964645095.1|CAZXZF010000480.1_2	SP	498
GCA_964645345.1|CAZYCD010000003.1_2	SP	573
GCA_964645345.1|CAZYCD010000011.1_53	SP	443
GCA_964645495.1|CAZYCJ010000133.1_2	SP	313
GCA_964645715.1|CAZYAO010000012.1_35	SP	375
GCA_964646455.1|CAZYDX010000031.1_8	LIPO	315
GCA_964646645.1|CAZYHJ010000073.1_9	SP	377
GCA_964646655.1|CAZYFB010000094.1_2	SP	435
GCA_964646755.1|CAZYIE010000069.1_8	SP	337
GCA_964646885.1|CAZYFM010000189.1_3	SP	612
GCA_964647865.1|CAZYJK010000206.1_4	SP	302
GCA_964648005.1|CAZYKR010000036.1_14	LIPO	301
GCA_964648025.1|CAZYKP010000001.1_204	SP	306
GCA_964648195.1|CAZYLL010000015.1_43	LIPO	348
GCA_964648345.1|CAZYLP010000052.1_9	SP	311
GCA_964648345.1|CAZYLP010000052.1_10	LIPO	302
GCA_964648395.1|CAZYLQ010000019.1_4	LIPO	309
GCA_964648565.1|CAZYLG010000162.1_5	LIPO	319
GCA_964648725.1|CAZYOE010000045.1_21	SP	291
GCA_964649085.1|CAZYPN010000031.1_10	SP	307
GCA_964649465.1|CAZYRP010000001.1_25	LIPO	326
GCA_964649545.1|CAZYPY010000110.1_8	LIPO	392
GCA_964649705.1|CAZYRM010000015.1_5	SP	309
GCA_964649775.1|CAZYQV010000386.1_3	LIPO	330
GCA_964649825.1|CAZYQW010000081.1_34	SP	361
GCA_964650405.1|CAZYTO010000020.1_28	SP	304
GCA_964650615.1|CAZYUS010000015.1_15	SP	325
GCA_964650905.1|CAZYVH010000012.1_2	SP	339
GCA_964650975.1|CAZYWA010000285.1_5	SP	343
GCA_964650975.1|CAZYWA010000421.1_7	SP	328
GCA_964650975.1|CAZYWA010000595.1_3	LIPO	317
GCA_964651395.1|CAZYXZ010000001.1_114	SP	344
GCA_964651705.1|CAZYWZ010000044.1_25	SP	248
GCA_964651705.1|CAZYWZ010000126.1_6	SP	809
GCA_964651785.1|CAZYWJ010000001.1_38	SP	399
GCA_964652435.1|CAZZDT010000274.1_4	SP	353
GCA_964652435.1|CAZZDT010000584.1_3	LIPO	299
GCA_964652785.1|CAZZDV010000067.1_3	SP	308
GCA_964652855.1|CAZZCJ010000005.1_63	SP	347
GCA_964653095.1|CAZZEH010000024.1_45	SP	375
GCA_964653165.1|CAZZEI010000012.1_26	SP	386
GCA_964653185.1|CAZZDX010000189.1_2	SP	374
GCA_964653495.1|CAZZFE010000039.1_24	SP	583
GCA_964653505.1|CAZZFN010000031.1_6	SP	338
GCA_964653555.1|CAZZFT010000044.1_5	SP	332
GCA_964653595.1|CAZZHH010000034.1_30	SP	330
GCA_964654045.1|CAZZHU010000077.1_8	SP	316
GCA_964654525.1|CAZZIY010000288.1_1	SP	403
GCA_964654535.1|CAZZIZ010000024.1_21	SP	379
GCA_964654535.1|CAZZIZ010000180.1_5	SP	384
GCA_964654735.1|CAZZML010000174.1_2	LIPO	326
GCA_964654755.1|CAZZJW010000062.1_13	SP	312
GCA_964654965.1|CAZZLF010000008.1_2	SP	304
GCA_964655655.1|CAZZPR010000026.1_1	SP	434
GCA_964655655.1|CAZZPR010000106.1_2	SP	319
GCA_964657295.1|CAZZVG010000567.1_3	LIPO	325
GCA_964657295.1|CAZZVG010000969.1_1	SP	299
GCA_964657905.1|CAZZXJ010000927.1_1	LIPO	316
GCA_964657925.1|CAZZWK010000004.1_95	LIPO	337
GCA_964658115.1|CAZZYA010000324.1_3	SP	318
GCA_964658135.1|CAZZXZ010000014.1_22	SP	347
GCA_964658145.1|CAZZYE010000773.1_3	LIPO	318
GCA_964658855.1|CBAAAS010000039.1_5	LIPO	315
GCA_964658855.1|CBAAAS010000063.1_12	LIPO	282
GCA_965116305.1|OZ220673.1_852	LIPO	382
GCA_965140445.1|OZ223236.1_2815	SP	333
GCA_965140515.1|OZ223251.1_2551	SP	347
GCA_965178655.1|OZ238266.1_1534	LIPO	307
GCA_965183875.1|CBCYMK010000003.1_48	SP	382
GCA_965183885.1|OZ238992.1_1601	SP	344
GCA_965195195.1|CBDAFF010000006.1_9	LIPO	323
GCA_965198975.1|OZ240680.1_369	SP	318
GCA_965200035.1|OZ241334.1_3192	SP	375
GCA_965200905.1|CBDAVN010000013.1_128	SP	300
GCA_965204375.1|OZ241986.1_762	SP	395
GCA_965204745.1|OZ242010.1_1732	LIPO	578
GCA_965205925.1|OZ242183.1_588	LIPO	366
GCA_965206965.1|OZ242254.1_703	SP	314
GCA_965208835.1|OZ242358.1_320	LIPO	300
GCA_965212125.1|OZ243045.1_35	LIPO	418
GCA_965212505.1|OZ243123.1_1655	SP	409
GCA_965212545.1|CBDBVB010000031.1_46	SP	407
GCA_965213645.1|CBDBZX010000008.1_154	LIPO	420
GCA_965213735.1|CBDCAB010000005.1_121	SP	383
GCA_965213925.1|OZ243927.1_2787	LIPO	433
GCA_965214415.1|CBDCBQ010000003.1_1501	SP	295
GCA_965215115.1|OZ244050.1_996	SP	652
GCA_965215215.1|OZ244043.1_1602	SP	387
GCA_965215565.1|CBDCDZ010000004.1_979	LIPO	413
GCA_965215855.1|CBDCER010000003.1_791	SP	358
GCA_965215855.1|CBDCER010000003.1_2570	SP	580
GCA_965216055.1|OZ244134.1_117	SP	310
GCA_965216365.1|CBDCFT010000064.1_17	SP	349
GCA_965216405.1|OZ244161.1_810	SP	326
GCA_965216645.1|CBDCGJ010000066.1_9	LIPO	312
GCA_965216665.1|OZ244194.1_2079	SP	366
GCA_965216935.1|OZ244217.1_3682	LIPO	821
GCA_965216945.1|CBDCGU010000003.1_2562	LIPO	334
GCA_965217855.1|CBDCJN010000045.1_149	SP	457
GCA_965218435.1|CBDCKW010000009.1_3696	SP	288
GCA_965220225.1|OZ244813.1_2488	SP	407
GCA_965220465.1|CBDCPZ010000019.1_123	SP	383
GCA_965220655.1|CBDCQO010000002.1_97	LIPO	415
GCA_965221615.1|OZ244904.1_639	SP	303
GCA_965222105.1|CBDCTQ010000057.1_28	SP	382
GCA_965222725.1|OZ244969.1_150	LIPO	295
GCA_965222975.1|CBDCVJ010000087.1_659	SP	392
GCA_965223045.1|CBDCVN010000013.1_269	SP	299
GCA_965223045.1|CBDCVN010000013.1_2742	SP	299
GCA_965223165.1|CBDCVQ010000018.1_372	LIPO	305
GCA_965223275.1|OZ244992.1_575	LIPO	357
GCA_965223385.1|CBDCWR010000006.1_549	SP	316
GCA_965223585.1|CBDCWW010000024.1_866	SP	318
GCA_965223785.1|OZ245017.1_1568	SP	306
GCA_965223835.1|CBDCXQ010000001.1_2336	SP	577
GCA_965223835.1|CBDCXQ010000001.1_2651	SP	573
GCA_965223835.1|CBDCXQ010000001.1_4039	SP	299
GCA_965223855.1|CBDCXM010000009.1_1214	SP	388
GCA_965224165.1|CBDCYM010000011.1_3555	SP	361
GCA_965224505.1|CBDCZL010000018.1_2020	LIPO	330
GCA_965224605.1|CBDCZP010000006.1_218	SP	336
GCA_965224625.1|CBDCZS010000003.1_431	SP	343
GCA_965224645.1|OZ245053.1_2613	LIPO	329
GCA_965224655.1|OZ245060.1_1255	LIPO	325
GCA_965224855.1|CBDDAI010000002.1_1779	SP	299
GCA_965225775.1|OZ245328.1_869	LIPO	432
GCA_965225775.1|OZ245328.1_4636	LIPO	332
GCA_965225775.1|OZ245328.1_5616	LIPO	362
GCA_965227065.1|CBDDFN010000017.1_64	SP	303
GCA_965227085.1|CBDDFO010000001.1_67	SP	335
GCA_965227405.1|OZ245758.1_1860	LIPO	328
GCA_965227405.1|OZ245758.1_3169	SP	330
GCA_965227435.1|CBDDGB010000001.1_168	LIPO	330
GCA_965227445.1|OZ245751.1_3874	SP	293
GCA_965227515.1|CBDDFZ010000001.1_1015	SP	298
GCA_965227535.1|OZ245761.1_173	SP	302
GCA_965227535.1|OZ245761.1_1018	SP	306
GCA_965227905.1|OZ245780.1_3033	LIPO	374
GCA_965227945.1|CBDDGQ010000006.1_329	SP	347
GCA_965228505.1|OZ245820.1_2151	SP	384
GCA_965228745.1|CBDDID010000004.1_3678	LIPO	299
GCA_965228895.1|OZ245842.1_3922	SP	304
GCA_965228955.1|OZ245848.1_3541	SP	739
GCA_965229105.1|OZ245858.1_853	SP	296
GCA_965229165.1|OZ245863.1_6	SP	385
GCA_965229195.1|OZ245871.1_1581	SP	384
GCA_965229195.1|OZ245871.1_2874	SP	409
GCA_965229265.1|CBDDIY010000011.1_512	SP	295
GCA_965229335.1|OZ245874.1_2897	SP	303
GCA_965229565.1|OZ245888.1_1723	SP	334
GCA_965229635.1|OZ245894.1_67	LIPO	312
GCA_965230145.1|CBDDKI010000002.1_1667	SP	306
GCA_965230145.1|CBDDKI010000002.1_4007	SP	772
GCA_965230145.1|CBDDKI010000002.1_4008	SP	576
GCA_965230225.1|CBDDKM010000010.1_784	SP	379
GCA_965230245.1|OZ246000.1_537	SP	331
GCA_965230395.1|CBDDKV010000002.1_2300	SP	387
GCA_965230415.1|CBDDKZ010000003.1_38	SP	321
GCA_965230505.1|OZ246006.1_477	LIPO	347
GCA_965230505.1|OZ246006.1_765	SP	687
GCA_965230525.1|OZ246008.1_1740	SP	687
GCA_965230525.1|OZ246008.1_2063	LIPO	353
GCA_965230535.1|OZ246009.1_540	SP	335
GCA_965230535.1|OZ246010.1_518	SP	372
GCA_965230665.1|CBDDLM010000004.1_2917	SP	376
GCA_965230765.1|CBDDLR010000001.1_1425	SP	233
GCA_965231165.1|OZ246421.1_693	SP	312
GCA_965232445.1|OZ246973.1_1441	LIPO	332
GCA_965232455.1|OZ246981.1_911	LIPO	330
GCA_965233055.1|CBDDRJ010000074.1_12	SP	444
GCA_965233055.1|CBDDRJ010000091.1_39	SP	318
GCA_965233125.1|CBDDRQ010000094.1_3	SP	329
GCA_965233165.1|CBDDRX010000141.1_29	LIPO	327
GCA_965233195.1|CBDDSB010000026.1_96	LIPO	340
GCA_965234425.1|OZ248357.1_45	LIPO	316
GCA_965234505.1|OZ248528.1_234	SP	289
GCA_965234515.1|OZ248467.1_2322	SP	279
GCA_965237675.1|OZ250150.1_756	LIPO	300
GCA_965238025.1|OZ250162.1_2933	LIPO	329
GCA_965242535.1|OZ251458.1_3184	LIPO	511
GCA_965243385.1|CBDEUV010000002.1_1170	SP	325
GCA_965243385.1|CBDEUV010000002.1_1503	LIPO	342
GCA_965243535.1|CBDEVG010000024.1_28	SP	391
GCA_965243745.1|CBDEVR010000002.1_2149	SP	389
GCA_965243755.1|CBDEVW010000003.1_1187	LIPO	315
GCA_965243755.1|CBDEVW010000003.1_1303	SP	738
GCA_965246785.1|CBDFFM010000006.1_185	SP	375
GCA_965246805.1|CBDFFO010000006.1_509	LIPO	396
GCA_965246845.1|CBDFFR010000008.1_192	SP	312
GCA_965246845.1|CBDFFR010000012.1_1368	SP	367
GCA_965246905.1|CBDFFZ010000010.1_90	SP	374
GCA_965246945.1|CBDFFW010000001.1_1511	SP	375
GCA_965247015.1|CBDFGG010000006.1_76	SP	369
GCA_965247175.1|OZ252006.1_1965	SP	409
GCA_965247345.1|CBDFGZ010000014.1_69	SP	327
GCA_965247395.1|OZ252012.1_1543	LIPO	393
GCA_965247935.1|CBDFIA010000002.1_1925	SP	313
GCA_965247975.1|OZ252050.1_1297	SP	374
GCA_965247975.1|OZ252050.1_1792	SP	317
GCA_965248255.1|CBDFIW010000004.1_322	SP	299
GCA_965248545.1|OZ252110.1_2874	SP	336
GCA_965248625.1|OZ252109.1_4605	SP	315
GCA_965248865.1|CBDFKP010000004.1_1270	LIPO	334
GCA_965249745.1|OZ252252.1_707	LIPO	315
GCA_965249785.1|CBDFMU010000026.1_326	SP	385
GCA_965249805.1|CBDFMX010000002.1_3688	LIPO	319
GCA_965249895.1|CBDFNC010000005.1_929	SP	814
GCA_965250035.1|OZ252282.1_1540	SP	309
GCA_965250675.1|CBDFPH010000008.1_774	SP	355
GCA_965260965.1|CBDHCA010000003.1_2994	SP	308
GCA_965262565.1|CBDHFQ010000020.1_643	SP	322
GCA_965263205.1|CBDHHF010000019.1_40	SP	318
GCA_965263225.1|CBDHHG010000016.1_40	SP	379
GCA_965263305.1|OZ253666.1_2103	SP	318
GCA_965263475.1|OZ253677.1_2479	SP	388
GCA_965267245.1|OZ253939.1_1309	SP	727
GCA_965267355.1|OZ253956.1_1159	SP	291
GCA_965267605.1|OZ254088.1_1910	SP	381
GCA_965276885.1|OZ255702.1_3513	SP	306
GCA_965277185.1|CBDICC010000011.1_25	LIPO	393
GCA_965277365.1|CBDICO010000008.1_137	LIPO	312
GCA_965277445.1|CBDICY010000002.1_265	LIPO	794
GCA_965277565.1|OZ255838.1_3116	SP	335
GCA_965277585.1|OZ255828.1_5398	LIPO	312
GCA_965277835.1|OZ255841.1_1046	LIPO	339
GCA_965279035.1|OZ257142.1_1799	SP	331
GCA_965279195.1|CBDIHP010000033.1_29	SP	300
GCA_965279295.1|CBDIHQ010000004.1_68	SP	360
GCA_965279325.1|OZ257154.1_1693	SP	340
GCA_965279515.1|CBDIID010000003.1_803	LIPO	320
GCA_965279515.1|CBDIID010000003.1_3294	SP	321
GCA_965279705.1|OZ257257.1_1286	SP	291
GCA_965279745.1|OZ257262.1_269	SP	312
GCA_965284055.1|CBDIQV010000003.1_81	SP	303
GCA_965284445.1|OZ260085.1_912	SP	323
GCA_965284565.1|OZ260100.1_2621	SP	378
GCA_965284565.1|OZ260100.1_2635	LIPO	322
GCA_965284645.1|OZ260106.1_1936	SP	320
GCA_965284645.1|OZ260106.1_2251	SP	378
GCA_965284645.1|OZ260106.1_2532	SP	377
GCA_965305135.1|CBDLPA010000006.1_193	SP	335
GCA_965305135.1|CBDLPA010000036.1_8	SP	729
GCA_965363495.1|CBDTUM010000119.1_6	SP	337
GCA_965363735.1|CBDTUA010000074.1_8	SP	339
GCA_965363775.1|CBDTVF010000099.1_2	LIPO	323
GCA_965365275.1|CBDUBA010000152.1_2	SP	298
GCA_965365555.1|CBDUCC010000004.1_19	LIPO	312
GCA_965365655.1|CBDUCN010000108.1_1	SP	370
GCA_965365655.1|CBDUCN010000318.1_2	SP	378
GCA_965366625.1|CBDUGP010000001.1_25	SP	667
GCA_965366815.1|CBDUGV010000037.1_9	SP	335
GCA_965367755.1|CBDUKH010000019.1_1	SP	277
GCA_965367965.1|CBDULB010000175.1_3	SP	329
GCA_965368465.1|CBDUMZ010000026.1_6	LIPO	359
GCA_965368515.1|CBDUNF010000073.1_13	LIPO	372
GCA_965368785.1|CBDUOG010000015.1_24	SP	360
GCA_965369035.1|CBDUPF010000172.1_10	SP	351
GCA_965369205.1|CBDUPW010000042.1_3	LIPO	355
GCA_965370375.1|CBDUUF010000471.1_2	LIPO	315
GCA_965371945.1|CBDVAK010000040.1_10	SP	375
GCA_965531145.1|CBESOE010000159.1_2	SP	640
GCA_965531145.1|CBESOE010000173.1_7	LIPO	323
GCA_965552745.1|CBEVTG010000078.1_1	LIPO	838
GCA_965554365.1|CBEVZO010000428.1_3	SP	617
GCA_965601665.1|OZ271833.1_922	SP	339
GCA_965648905.1|CBFGIT010000020.1_24	SP	303
GCA_965649925.1|CBFGMW010000238.1_5	SP	380
GCA_965649985.1|CBFGMS010000053.1_22	SP	619
GCA_965650035.1|CBFGMR010000002.1_168	SP	612
GCA_965650135.1|CBFGNC010000001.1_278	SP	319
GCA_965650365.1|CBFGOJ010000001.1_131	SP	379
GCA_965650365.1|CBFGOJ010000022.1_1	SP	320
GCA_965650515.1|CBFGOY010000024.1_13	SP	461
GCA_965650615.1|CBFGPJ010000266.1_2	SP	319
GCA_965650615.1|CBFGPJ010000487.1_2	SP	382
GCA_965650625.1|CBFGPE010000107.1_24	SP	355
GCA_965650725.1|CBFGPX010000052.1_12	SP	319
GCA_965650755.1|CBFGPY010000783.1_3	SP	336
GCA_965651365.1|CBFGSA010000109.1_4	LIPO	344
GCA_965651385.1|CBFGSI010000020.1_43	LIPO	317
GCA_965651385.1|CBFGSI010000215.1_14	LIPO	340
GCA_965651925.1|CBFGUK010000211.1_3	SP	505
GCA_965652395.1|CBFGUW010000074.1_11	SP	488
GCA_965652545.1|CBFGWV010000390.1_3	LIPO	315
GCA_965652645.1|CBFGXE010000001.1_109	LIPO	344
GCA_965653375.1|CBFGZY010000011.1_62	SP	615
GCA_965653385.1|CBFGZZ010000285.1_11	SP	441
GCA_965653385.1|CBFGZZ010000490.1_3	SP	329
GCA_965653435.1|CBFHAF010000130.1_1	LIPO	310
GCA_965653565.1|CBFHAI010000052.1_27	LIPO	339
GCA_965653625.1|CBFHAS010000100.1_10	SP	444
GCA_965653675.1|CBFHBA010000025.1_9	LIPO	311
GCA_965655865.1|CBFHJJ010000028.1_6	LIPO	302
GCA_965656195.1|CBFHJL010000099.1_4	SP	378
GCA_965656545.1|CBFHKZ010000005.1_69	LIPO	304
GCA_965656875.1|CBFHMJ010000028.1_72	SP	641
GCA_965656925.1|CBFHMO010000020.1_1	SP	605
GCA_965657365.1|CBFHOD010000024.1_24	LIPO	300
GCA_965657695.1|CBFHOU010000014.1_11	LIPO	297
GCA_965658025.1|CBFHQL010000002.1_110	LIPO	399
GCA_965658465.1|CBFHSG010000007.1_75	LIPO	349
GCA_965658765.1|CBFHTO010000010.1_7	SP	345
GCA_965658895.1|CBFHUR010000026.1_18	LIPO	328
GCA_965658895.1|CBFHUR010000083.1_6	SP	464
GCA_965659665.1|CBFHWU010000032.1_39	SP	382
GCA_965659845.1|CBFHXS010000002.1_6	SP	378
GCA_965660305.1|CBFHZD010000006.1_33	SP	380
GCA_965660625.1|CBFIAR010000001.1_306	LIPO	350
GCA_965660815.1|CBFIBG010000005.1_122	SP	338
GCA_965660945.1|CBFIBS010000002.1_291	SP	317
GCA_965661105.1|CBFICR010000079.1_2	LIPO	292
GCA_965661835.1|CBFIFD010000046.1_5	LIPO	307
GCA_965662045.1|CBFIGE010000015.1_8	LIPO	316
GCA_965662365.1|CBFIHR010000044.1_6	SP	286
GCA_965662685.1|CBFIIQ010000010.1_69	SP	296
GCA_965990355.1|CBHEUU010000487.1_6	SP	310
GCA_966081555.1|CBHRRQ010000071.1_2	SP	420
GCA_966096115.1|CBHTUE010000148.1_6	SP	310
GCA_966111775.1|CBHWBD010000111.1_11	SP	324
GCA_966111935.1|CBHWBX010000107.1_4	LIPO	312
GCA_966128675.1|CBHYLO010000470.1_2	SP	333
GCA_966203835.1|CBIHKW010000049.1_5	SP	607
GCA_966210435.1|CBIHLF010000007.1_127	SP	330
GCA_966210515.1|CBIHLM010000041.1_9	SP	266
GCA_966210515.1|CBIHLM010000041.1_26	SP	266
GCA_966210615.1|CBIHLT010000037.1_5	SP	292
GCA_966210885.1|CBIHLQ010000002.1_5	SP	286
GCA_966210885.1|CBIHLQ010000012.1_72	SP	321
GCA_966211105.1|CBIHMU010000026.1_24	SP	417
GCA_966211215.1|CBIHNR010000016.1_2	SP	476
GCA_966211245.1|CBIHND010000009.1_65	SP	377
GCA_966211295.1|CBIHPJ010000180.1_5	LIPO	420
GCA_966211305.1|CBIHPC010000027.1_18	LIPO	309
GCA_966211385.1|CBIHOP010000056.1_4	SP	330
GCA_966211485.1|CBIHPB010000161.1_8	SP	310
GCA_966211525.1|CBIHOZ010000202.1_3	LIPO	309
GCA_966211575.1|CBIHOK010000036.1_20	SP	363
GCA_966211665.1|CBIHQF010000057.1_2	SP	286
GCA_966211665.1|CBIHQF010000058.1_6	SP	316
GCA_966211695.1|CBIHOW010000069.1_17	SP	574
GCA_966211755.1|CBIHOH010000044.1_7	SP	344
GCA_966211755.1|CBIHOH010000049.1_24	SP	500
GCA_966211765.1|CBIHOV010000003.1_236	LIPO	308
GCA_966211765.1|CBIHOV010000005.1_218	SP	507
GCA_966211795.1|CBIHNW010000011.1_110	SP	317
GCA_966211795.1|CBIHNW010000015.1_21	SP	294
GCA_966211815.1|CBIHOD010000018.1_2	SP	396
GCA_966211875.1|CBIHNP010000003.1_464	SP	342
GCA_966211875.1|CBIHNP010000004.1_200	SP	328
GCA_966211875.1|CBIHNP010000012.1_88	SP	328
GCA_966211875.1|CBIHNP010000015.1_14	SP	548
GCA_966211935.1|CBIHPU010000054.1_9	SP	387
GCA_966211935.1|CBIHPU010000113.1_2	SP	358
GCA_966211965.1|CBIHON010000001.1_179	SP	506
GCA_966211965.1|CBIHON010000001.1_180	SP	580
GCA_966211965.1|CBIHON010000072.1_18	LIPO	433
GCA_966212015.1|CBIHPE010000087.1_7	SP	327
GCA_966212015.1|CBIHPE010000124.1_10	SP	346
GCA_966212015.1|CBIHPE010000172.1_3	SP	331
GCA_966212065.1|CBIHOQ010000025.1_64	LIPO	388
GCA_966212075.1|CBIHOM010000015.1_28	SP	319
GCA_966212075.1|CBIHOM010000025.1_42	SP	390
GCA_966212105.1|CBIHPH010000003.1_58	SP	389
GCA_966212285.1|CBIHQW010000005.1_122	SP	323
GCA_966212305.1|CBIHQY010000037.1_41	SP	355
GCA_966212545.1|CBIHRW010000006.1_10	SP	417
GCA_966212555.1|CBIHRX010000031.1_22	SP	574
GCA_966238865.1|CBILQL010000302.1_6	SP	357
GCA_966238865.1|CBILQL010000407.1_2	SP	361
GCA_966238865.1|CBILQL010000417.1_3	SP	362
GCA_966244125.1|CBIMJC010000124.1_3	SP	331
GCA_966244135.1|CBIMJO010000878.1_2	SP	288
GCA_966248825.1|CBINBC010000012.1_77	SP	369
GCA_966248825.1|CBINBC010000023.1_36	SP	382
GCA_966248825.1|CBINBC010000043.1_34	SP	319
GCA_966248995.1|CBINBY010000033.1_15	SP	447
GCA_966250225.1|CBINGM010000007.1_46	SP	304
GCA_966250225.1|CBINGM010000024.1_3	SP	289
GCA_966250225.1|CBINGM010000030.1_17	SP	319
GCA_966250245.1|CBINGT010000199.1_3	SP	594
GCA_966250375.1|CBINHE010000041.1_17	SP	360
GCA_966250375.1|CBINHE010000072.1_4	SP	366
GCA_966250805.1|CBINIP010000035.1_13	SP	294
GCA_966251045.1|CBINJP010000004.1_93	SP	321
GCA_966251135.1|CBINKC010000037.1_29	SP	446
GCA_966252075.1|CBINNP010000075.1_10	LIPO	344
GCA_966252435.1|CBINPE010000016.1_29	SP	360
GCA_966252435.1|CBINPE010000038.1_3	SP	497
GCA_966424035.1|CBJLMA010000082.1_4	SP	334
GCA_966433995.1|CBJNAE010000252.1_2	SP	397
GCA_966435935.1|CBJNFW010000274.1_1	LIPO	314
GCA_966673785.1|CBKWFZ010000065.1_6	LIPO	305
GCA_967728665.1|CBQWHS010000104.1_2	LIPO	302
GCF_000007705.1|NC_005085.1_705	SP	362
GCF_000007705.1|NC_005085.1_716	LIPO	352
GCF_000010725.1|NC_013855.1_279	SP	359
GCF_000011365.1|NC_004463.1_1140	SP	302
GCF_000011705.1|NC_006348.1_753	SP	493
GCF_000012365.1|NC_007651.1_2684	SP	493
GCF_000013345.1|NC_007777.1_4523	LIPO	323
GCF_000014225.1|NC_008228.1_2005	SP	370
GCF_000014685.1|NC_008321.1_3331	SP	309
GCF_000014685.1|NC_008321.1_3339	SP	684
GCF_000015025.1|NC_008578.1_180	SP	657
GCF_000015245.1|NC_008700.1_534	SP	316
GCF_000015505.1|NC_008781.1_129	SP	348
GCF_000015505.1|NC_008781.1_1237	SP	486
GCF_000016285.1|NC_011989.1_2713	SP	333
GCF_000017685.1|NC_010602.1_2427	LIPO	343
GCF_000017805.1|NC_009767.1_1027	LIPO	331
GCF_000018105.1|NC_009925.1_3984	LIPO	329
GCF_000019785.1|NC_010524.1_3168	SP	341
GCF_000020025.1|NC_010628.1_1383	LIPO	314
GCF_000020045.1|NC_010622.1_2366	LIPO	382
GCF_000020585.3|NC_011138.3_1412	SP	354
GCF_000020665.1|NC_011071.1_2060	SP	335
GCF_000020685.1|NC_012527.1_230	LIPO	332
GCF_000020685.1|NC_012529.1_219	LIPO	344
GCF_000022145.1|NC_011891.1_1664	LIPO	324
GCF_000022905.1|NC_012590.1_1338	LIPO	330
GCF_000023025.1|NC_012997.1_395	SP	399
GCF_000023865.1|NC_013159.1_3079	SP	332
GCF_000024025.1|NC_013131.1_3276	TAT	451
GCF_000024025.1|NC_013131.1_5072	LIPO	314
GCF_000024385.1|NC_013510.1_3875	LIPO	337
GCF_000024545.1|NC_013947.1_5299	SP	318
GCF_000024805.1|NC_013440.1_2173	SP	420
GCF_000025965.1|NC_006513.1_1106	SP	504
GCF_000062885.1|NC_009142.1_3674	SP	343
GCF_000067165.1|NC_010162.1_4300	SP	428
GCF_000067165.1|NC_010162.1_5153	LIPO	327
GCF_000069785.1|NC_010529.1_343	SP	489
GCF_000069785.1|NC_010529.1_413	SP	489
GCF_000092645.1|NC_014165.1_388	SP	443
GCF_000092645.1|NC_014165.1_2632	SP	423
GCF_000092865.1|NC_014151.1_2507	SP	490
GCF_000092925.1|NC_014217.1_3326	SP	468
GCF_000092985.1|NC_014210.1_48	SP	418
GCF_000092985.1|NC_014210.1_2248	SP	433
GCF_000143145.1|NC_014313.1_42	LIPO	364
GCF_000143825.1|NZ_CM000961.1_1639	LIPO	270
GCF_000145235.1|NC_014391.1_4626	SP	414
GCF_000146505.1|NC_017448.1_2152	SP	499
GCF_000147815.2|NC_015957.1_4084	SP	340
GCF_000147815.2|NC_015957.1_4960	SP	305
GCF_000152705.1|NZ_CH672413.1_248	SP	409
GCF_000152825.2|NC_014414.1_1370	LIPO	332
GCF_000153165.2|NC_014472.1_3276	LIPO	321
GCF_000153725.1|NZ_DS022276.1_3400	SP	343
GCF_000154905.1|NZ_GG770539.1_325	SP	455
GCF_000157895.3|NC_022663.1_2938	LIPO	314
GCF_000157895.3|NC_022663.1_3725	LIPO	282
GCF_000158815.1|NZ_GG657738.1_524	SP	432
GCF_000158815.1|NZ_GG657738.1_1416	SP	413
GCF_000158815.1|NZ_GG657738.1_2662	SP	455
GCF_000159135.1|NZ_GG667528.1_21	LIPO	326
GCF_000164135.1|NZ_GG770553.1_746	LIPO	313
GCF_000164135.1|NZ_GG770553.1_1433	LIPO	277
GCF_000164135.1|NZ_GG770553.1_1663	LIPO	306
GCF_000165485.1|NC_014623.1_734	LIPO	695
GCF_000166135.1|NC_014666.1_4643	LIPO	376
GCF_000170835.1|NZ_ABCP01000004.1_50	SP	581
GCF_000172635.2|NC_018632.1_1303	SP	357
GCF_000177675.1|NZ_ADGX01000033.1_9	LIPO	407
GCF_000178855.1|NZ_ADVG01000004.1_1878	SP	760
GCF_000178855.1|NZ_ADVG01000004.1_1879	SP	340
GCF_000178855.1|NZ_ADVG01000002.1_678	LIPO	332
GCF_000178855.1|NZ_ADVG01000002.1_1441	LIPO	334
GCF_000181495.1|NZ_ABCF01000001.1_585	SP	580
GCF_000183745.1|NC_014761.1_1929	LIPO	346
GCF_000194605.1|NC_015321.1_526	SP	369
GCF_000194605.1|NC_015321.1_3598	SP	320
GCF_000204195.1|NZ_AFBG01000018.1_255	SP	491
GCF_000205165.1|NZ_GL883836.1_57	SP	780
GCF_000210915.2|NC_016620.1_1568	SP	309
GCF_000213655.1|NC_015554.1_2278	SP	353
GCF_000214665.1|NC_015572.1_4352	SP	336
GCF_000217915.1|NZ_AFOZ01000014.1_21	SP	684
GCF_000217915.1|NZ_AFOZ01000014.1_27	SP	321
GCF_000217935.1|NZ_AFHI01000056.1_86	SP	636
GCF_000217935.1|NZ_AFHI01000025.1_17	SP	330
GCF_000220505.1|NZ_AFPJ01000045.1_7	SP	680
GCF_000220505.1|NZ_AFPJ01000045.1_8	SP	314
GCF_000220705.2|NZ_CP023202.1_3968	SP	493
GCF_000221045.1|NC_015856.1_123	SP	349
GCF_000224415.1|NZ_AFXQ01000006.1_37	LIPO	354
GCF_000225525.1|NZ_AGBF01000188.1_4	SP	328
GCF_000226565.1|NC_016041.1_2068	LIPO	354
GCF_000230895.2|NC_016604.1_6175	SP	292
GCF_000231035.2|NZ_KI912250.1_66	SP	319
GCF_000231055.2|NZ_CM001466.1_1863	SP	335
GCF_000233955.1|NZ_JH376599.1_131	SP	278
GCF_000235425.2|NZ_KI912266.1_2279	LIPO	335
GCF_000236035.1|NZ_JH393257.1_1290	SP	367
GCF_000238775.2|NZ_AFEJ02000001.1_1848	LIPO	329
GCF_000240165.1|NC_017585.1_822	SP	341
GCF_000240225.1|NZ_AGUD01000045.1_1	SP	468
GCF_000241265.1|NZ_BAEE01000045.1_35	SP	351
GCF_000241265.1|NZ_BAEE01000027.1_27	SP	279
GCF_000242455.2|NC_019892.1_2136	SP	329
GCF_000242455.2|NC_019892.1_6813	SP	302
GCF_000243395.2|NZ_CM001484.1_3432	SP	340
GCF_000243415.2|NZ_KI912270.1_2231	SP	292
GCF_000244915.1|NZ_CM001442.1_672	SP	307
GCF_000244975.1|NZ_CM001440.1_4136	SP	331
GCF_000245015.1|NZ_JH600070.1_1916	SP	359
GCF_000245015.1|NZ_JH600070.1_1917	SP	358
GCF_000246855.1|NC_016609.1_4951	LIPO	310
GCF_000250675.2|NC_018681.1_816	SP	321
GCF_000252165.1|NZ_BAET01000004.1_104	LIPO	343
GCF_000255295.1|NC_017030.1_1431	SP	334
GCF_000255295.1|NC_017030.1_2899	LIPO	628
GCF_000255655.1|NZ_JH636434.1_1020	SP	337
GCF_000258175.1|NZ_JH636049.1_2916	SP	330
GCF_000261365.1|NZ_AJVC01000003.1_1234	SP	370
GCF_000261685.1|NZ_AJQE01000216.1_4	SP	302
GCF_000265365.1|NC_018011.1_1097	SP	299
GCF_000266885.1|NC_018020.1_1779	SP	329
GCF_000266885.1|NC_018020.1_2801	LIPO	313
GCF_000266905.1|NC_018027.1_4273	SP	310
GCF_000271305.1|NZ_AKGD01000001.1_2048	SP	305
GCF_000271305.1|NZ_AKGD01000001.1_2159	SP	311
GCF_000271305.1|NZ_AKGD01000002.1_230	SP	355
GCF_000275725.1|NZ_AJTS01000040.1_224	SP	361
GCF_000277125.1|NC_016946.1_4253	LIPO	280
GCF_000280925.3|NZ_CP012109.1_6903	LIPO	634
GCF_000280925.3|NZ_CP012109.1_7112	SP	329
GCF_000282615.1|NZ_AKIY01000194.1_18	SP	306
GCF_000283655.1|NC_016585.1_222	SP	359
GCF_000284295.1|NC_017093.1_3052	SP	433
GCF_000284295.1|NC_017093.1_5848	SP	318
GCF_000284375.1|NC_017249.1_1147	SP	299
GCF_000296215.2|NZ_CP013949.1_6970	SP	306
GCF_000296405.1|NZ_JH815192.1_412	SP	363
GCF_000296465.1|NZ_JH815203.1_292	SP	291
GCF_000296695.1|NZ_BAFK01000017.1_48	SP	333
GCF_000297435.1|NZ_CAIP01000419.1_24	SP	358
GCF_000299915.1|NZ_AMRI01000027.1_12	SP	630
GCF_000300005.1|NC_018691.1_3271	SP	636
GCF_000300975.2|NZ_AEEC02000017.1_62	SP	371
GCF_000304315.1|NC_018485.1_2946	SP	354
GCF_000305785.2|NC_018868.3_1262	SP	667
GCF_000308375.1|NZ_BAFQ01000295.1_60	LIPO	316
GCF_000308375.1|NZ_BAFQ01000291.1_50	SP	306
GCF_000308475.2|NZ_BAFT02000056.1_47	SP	321
GCF_000308535.1|NZ_BAFW01000383.1_5	SP	308
GCF_000308655.1|NZ_BAGC01000107.1_83	LIPO	315
GCF_000308715.1|NZ_BAGH01000049.1_17	SP	319
GCF_000308775.1|NZ_BAGJ01000089.1_33	SP	294
GCF_000308795.1|NZ_BAGK01000234.1_11	LIPO	291
GCF_000308815.1|NZ_BAFX01000200.1_17	LIPO	315
GCF_000308815.1|NZ_BAFX01000147.1_10	SP	438
GCF_000308815.1|NZ_BAFX01000074.1_147	LIPO	335
GCF_000308855.1|NZ_BAGM01000201.1_16	SP	305
GCF_000314955.1|NZ_BAEM01000053.1_113	SP	364
GCF_000314975.1|NZ_BAEN01000011.1_27	SP	336
GCF_000314995.1|NZ_BAEO01000062.1_188	SP	305
GCF_000315055.1|NZ_BAER01000044.1_112	SP	353
GCF_000315425.1|NZ_JH992922.1_967	SP	499
GCF_000317305.3|NC_023036.2_2419	SP	299
GCF_000317495.1|NC_019753.1_2498	LIPO	312
GCF_000317835.1|NC_019793.1_1958	LIPO	338
GCF_000317895.1|NC_019567.1_2543	SP	328
GCF_000328305.2|NZ_ANPE02000179.1_3	SP	518
GCF_000328565.1|NC_019966.1_1565	SP	288
GCF_000330885.1|NC_020061.1_525	SP	362
GCF_000331535.1|NZ_AMZN01000051.1_1	SP	652
GCF_000331735.1|NC_020126.1_14	LIPO	615
GCF_000331735.1|NC_020126.1_7957	SP	337
GCF_000332455.1|NZ_AOGY02000069.1_118	SP	343
GCF_000332495.1|NZ_AOGW02000018.1_70	SP	343
GCF_000332515.2|NZ_AOGZ02000013.1_230	SP	343
GCF_000333595.1|NZ_BADK01000889.1_9	SP	355
GCF_000333615.1|NZ_BADL01000249.1_3	SP	350
GCF_000333895.2|NZ_ANFM02000021.1_18	SP	348
GCF_000335475.2|NZ_ANAH02000005.1_393	SP	331
GCF_000335475.2|NZ_ANAH02000001.1_546	LIPO	690
GCF_000336575.1|NZ_AOPO01000001.1_640	SP	369
GCF_000340965.1|NZ_ANAY01000057.1_4	SP	328
GCF_000341005.1|NZ_ANBD01000051.1_6	SP	421
GCF_000341065.1|NZ_ANAX01000098.1_5	SP	421
GCF_000341125.1|NZ_ANBC01000786.1_11	SP	336
GCF_000341225.1|NZ_ANAC01000024.1_101	SP	420
GCF_000342005.1|NZ_AOHO01000020.1_20	SP	285
GCF_000342045.1|NZ_AONQ01000019.1_52	SP	341
GCF_000344175.1|NZ_ALWW01000049.1_25	LIPO	408
GCF_000344615.1|NZ_KB467824.1_719	SP	863
GCF_000344615.1|NZ_KB467824.1_3710	SP	380
GCF_000347635.1|NC_020514.1_4833	SP	642
GCF_000348725.1|NC_020813.1_768	SP	324
GCF_000349325.1|NC_020504.1_2708	LIPO	315
GCF_000349325.1|NC_020504.1_5333	SP	324
GCF_000349325.1|NC_020504.1_7828	SP	435
GCF_000359745.1|NZ_AQHN01000065.1_18	SP	362
GCF_000367365.1|NZ_BARF01000094.1_29	SP	415
GCF_000368685.1|NZ_KB849626.1_332	SP	327
GCF_000368825.1|NZ_KB849710.1_83	SP	321
GCF_000371925.1|NZ_AQVE01000017.1_83	SP	366
GCF_000372525.1|NZ_AQUR01000023.1_2	SP	489
GCF_000372845.1|NZ_KB889963.1_1601	SP	352
GCF_000372885.1|NZ_KB889967.1_709	SP	313
GCF_000373485.1|NZ_KB891587.1_58	SP	326
GCF_000373905.1|NZ_KB892705.1_1216	SP	311
GCF_000373965.1|NZ_KB892864.1_3	SP	388
GCF_000374165.1|NZ_KB893728.1_197	LIPO	329
GCF_000374305.1|NZ_KB894095.1_296	LIPO	319
GCF_000374805.1|NZ_KB895338.1_85	LIPO	348
GCF_000376105.1|NZ_AQWM01000040.1_17	LIPO	328
GCF_000376225.1|NZ_AQXL01000072.1_7	SP	773
GCF_000376225.1|NZ_AQXL01000072.1_9	SP	331
GCF_000376445.1|NZ_AQXI01000001.1_1158	TAT	331
GCF_000376445.1|NZ_AQXI01000001.1_1159	TAT	487
GCF_000376565.1|NZ_BARG01000033.1_169	SP	443
GCF_000377665.1|NZ_KB898653.1_213	SP	353
GCF_000378045.1|NZ_KB899094.1_224	SP	372
GCF_000378185.1|NZ_KB899378.1_176	SP	633
GCF_000378185.1|NZ_KB899384.1_56	SP	327
GCF_000378225.1|NZ_KB905143.1_150	SP	305
GCF_000378505.1|NZ_KB899996.1_102	SP	347
GCF_000379565.1|NZ_KB902882.1_7	SP	489
GCF_000379565.1|NZ_KB903167.1_22	SP	368
GCF_000379565.1|NZ_KB903204.1_12	SP	489
GCF_000379625.1|NZ_KB903226.1_88	LIPO	310
GCF_000379645.1|NZ_KB903311.1_21	SP	452
GCF_000379645.1|NZ_KB903328.1_255	SP	404
GCF_000379685.1|NZ_KB903249.1_90	LIPO	299
GCF_000379685.1|NZ_KB903249.1_186	SP	396
GCF_000379685.1|NZ_KB903249.1_275	LIPO	284
GCF_000379685.1|NZ_KB903252.1_66	LIPO	263
GCF_000379805.1|NZ_KB903556.1_20	SP	387
GCF_000379805.1|NZ_KB903612.1_1	SP	401
GCF_000380165.1|NZ_KB904663.1_1	SP	317
GCF_000380185.1|NZ_KB904780.1_210	SP	372
GCF_000380485.1|NZ_AQYG01000034.1_24	SP	342
GCF_000380645.1|NZ_AQXZ01000015.1_54	LIPO	302
GCF_000380645.1|NZ_AQXZ01000018.1_152	LIPO	279
GCF_000381025.1|NZ_KB905820.1_295	SP	334
GCF_000381345.1|NZ_KB906404.1_90	LIPO	336
GCF_000381345.1|NZ_KB906404.1_158	LIPO	343
GCF_000381885.1|NZ_KB907208.1_426	LIPO	319
GCF_000382225.1|NZ_KB907806.1_97	SP	391
GCF_000382285.1|NZ_KB907928.1_263	SP	357
GCF_000382285.1|NZ_KB907938.1_77	SP	347
GCF_000382285.1|NZ_KB907938.1_79	LIPO	327
GCF_000382345.1|NZ_KB908081.1_53	SP	293
GCF_000382405.1|NZ_KB908259.1_23	SP	311
GCF_000383595.1|NZ_KB911581.1_3724	SP	442
GCF_000383615.1|NZ_KB911585.1_425	SP	432
GCF_000383775.1|NZ_KB912554.1_24	SP	329
GCF_000383795.1|NZ_KB912640.1_156	SP	328
GCF_000383915.1|NZ_KB912942.1_1547	SP	399
GCF_000384155.1|NZ_KB913031.1_400	SP	307
GCF_000384215.1|NZ_KB913032.1_2946	SP	285
GCF_000384295.1|NZ_KB913037.1_2140	SP	744
GCF_000384295.1|NZ_KB913037.1_2201	SP	394
GCF_000384315.1|NZ_ARVW01000001.1_650	SP	334
GCF_000384315.1|NZ_ARVW01000001.1_8121	SP	331
GCF_000384335.2|NZ_KQ031382.1_3789	LIPO	369
GCF_000385135.1|NZ_ARQM01000011.1_951	SP	415
GCF_000389965.1|NC_021191.1_1757	SP	446
GCF_000389965.1|NC_021191.1_3191	SP	450
GCF_000389965.1|NC_021191.1_7374	LIPO	306
GCF_000397065.2|NZ_KE007306.1_505	SP	580
GCF_000409775.1|NZ_KE332396.1_6	SP	353
GCF_000411455.1|NZ_KE150457.1_438	SP	440
GCF_000411455.1|NZ_KE150457.1_1564	LIPO	312
GCF_000415505.1|NZ_KE354133.1_7	SP	820
GCF_000420305.1|NZ_ATUR01000002.1_550	SP	310
GCF_000420705.1|NZ_ATVL01000008.1_649	SP	289
GCF_000422285.1|NZ_AULM01000016.1_23	SP	330
GCF_000422325.1|NZ_AULO01000014.1_11	LIPO	340
GCF_000422425.1|NZ_AULT01000012.1_52	LIPO	349
GCF_000422865.1|NZ_AUGW01000007.1_163	LIPO	345
GCF_000423185.1|NZ_AUHM01000009.1_107	SP	325
GCF_000423285.1|NZ_AUHR01000006.1_71	SP	346
GCF_000424625.1|NZ_AUKG01000001.1_1334	SP	310
GCF_000425065.1|NZ_AULB01000018.1_125	SP	471
GCF_000425305.1|NZ_AUDE01000030.1_27	SP	380
GCF_000425305.1|NZ_AUDE01000043.1_10	SP	380
GCF_000425345.1|NZ_AUDG01000017.1_3	SP	332
GCF_000425585.1|NZ_KE384398.1_167	LIPO	304
GCF_000425585.1|NZ_KE384401.1_139	SP	379
GCF_000425725.1|NZ_AUDZ01000013.1_332	SP	370
GCF_000425945.1|NZ_KE384480.1_248	SP	416
GCF_000425945.1|NZ_AUEK01000006.1_163	SP	488
GCF_000425945.1|NZ_AUEK01000012.1_187	SP	324
GCF_000426065.1|NZ_AUEQ01000012.1_267	SP	336
GCF_000426285.1|NZ_AUFB01000046.1_13	SP	362
GCF_000426345.1|NZ_AUFE01000211.1_1	SP	489
GCF_000426365.1|NZ_AUFF01000001.1_207	LIPO	344
GCF_000426685.1|NZ_KE384553.1_377	LIPO	325
GCF_000426685.1|NZ_KE384553.1_379	SP	348
GCF_000426845.1|NZ_AUGD01000001.1_748	SP	302
GCF_000427785.1|NZ_ATYR01000016.1_92	SP	580
GCF_000427785.1|NZ_ATYR01000022.1_42	SP	293
GCF_000427825.1|NZ_ATYT01000013.1_68	SP	320
GCF_000427885.1|NZ_KE386602.1_163	SP	445
GCF_000428945.1|NZ_AUAX01000001.1_65	SP	420
GCF_000428945.1|NZ_AUAX01000023.1_51	SP	455
GCF_000429025.1|NZ_KE386834.1_708	LIPO	313
GCF_000429025.1|NZ_AUBB01000024.1_102	SP	341
GCF_000429065.1|NZ_AUBD01000009.1_30	LIPO	335
GCF_000429145.1|NZ_AUBH01000001.1_152	SP	333
GCF_000429605.1|NZ_KE386925.1_223	SP	316
GCF_000429785.1|NZ_AUCN01000009.1_110	SP	313
GCF_000430505.1|NZ_AUMD01000012.1_313	SP	659
GCF_000430645.1|NZ_AUMK01000014.1_149	SP	392
GCF_000430725.1|NZ_AUMO01000056.1_37	SP	432
GCF_000430785.1|NZ_AUMR01000018.1_17	SP	415
GCF_000443995.1|NZ_AUMC01000006.1_506	SP	328
GCF_000444875.1|NC_021985.1_743	SP	337
GCF_000447775.1|NZ_AUNJ01000146.1_4	SP	325
GCF_000455205.1|NZ_AUWQ01000010.1_8	LIPO	279
GCF_000455205.1|NZ_AUWQ01000147.1_2	LIPO	314
GCF_000467105.1|NZ_BATI01000040.1_9	SP	299
GCF_000467105.1|NZ_BATI01000036.1_27	SP	277
GCF_000472905.1|NZ_AXAR01000004.1_180	SP	341
GCF_000473065.1|NZ_AXAZ01000045.1_17	SP	311
GCF_000473085.1|NZ_AXBA01000024.1_24	SP	355
GCF_000473225.1|NZ_KI421509.1_3474	LIPO	275
GCF_000473245.1|NC_022524.1_4673	SP	593
GCF_000473265.1|NZ_KI421511.1_1804	SP	374
GCF_000474945.1|NZ_AXDW01000019.1_64	SP	347
GCF_000474945.1|NZ_AXDW01000027.1_12	SP	357
GCF_000478275.1|NZ_ASJB01000083.1_667	SP	285
GCF_000482465.1|NZ_KI519430.1_80	LIPO	306
GCF_000482705.1|NZ_AXWO01000001.1_28	SP	448
GCF_000485795.1|NZ_AXZL01000076.1_361	SP	309
GCF_000494755.1|NC_022657.1_3640	SP	433
GCF_000494755.1|NC_022657.1_8020	LIPO	311
GCF_000497445.1|NZ_CM002285.1_7824	SP	423
GCF_000498475.1|NZ_AVBI01000001.1_73	SP	324
GCF_000504245.1|NZ_KI632509.1_4537	SP	318
GCF_000504285.1|NZ_KI632511.1_7307	SP	346
GCF_000504285.1|NZ_KI632511.1_7706	SP	452
GCF_000504285.1|NZ_KI632511.1_8385	SP	455
GCF_000515275.1|NZ_KI911560.1_1392	SP	302
GCF_000515355.1|NZ_KI911760.1_116	SP	415
GCF_000515415.1|NZ_KI911783.1_1366	SP	306
GCF_000517105.1|NZ_KI912148.1_1824	SP	352
GCF_000518805.1|NZ_JAEH01000001.1_6	SP	727
GCF_000519205.1|NZ_JAFB01000008.1_176	SP	319
GCF_000519325.1|NZ_KI912613.1_1375	SP	313
GCF_000520955.1|NZ_JACC01000059.1_5	SP	391
GCF_000522985.1|NZ_CP007128.1_288	SP	267
GCF_000522985.1|NZ_CP007128.1_2989	LIPO	322
GCF_000526915.1|NZ_JAGZ01000007.1_61	LIPO	314
GCF_000526915.1|NZ_JAGZ01000009.1_163	LIPO	306
GCF_000559085.1|NZ_JALN02000001.1_104	LIPO	320
GCF_000559085.1|NZ_JALN02000001.1_1037	SP	291
GCF_000559085.1|NZ_JALN02000001.1_3467	LIPO	277
GCF_000564855.1|NZ_AYXG01000089.1_15	SP	313
GCF_000564855.1|NZ_AYXG01000101.1_29	SP	335
GCF_000576555.1|NZ_CP007145.1_561	SP	388
GCF_000576575.1|NZ_AWQS01000087.1_9	SP	427
GCF_000601485.1|NZ_ASRX01000038.1_89	LIPO	470
GCF_000613125.1|NZ_HG964497.1_2103	SP	682
GCF_000613185.1|NZ_CCBB010000002.1_706	SP	307
GCF_000613245.1|NZ_HG964938.1_307	LIPO	340
GCF_000614145.1|NZ_BAKK01000002.1_171	SP	299
GCF_000617845.2|NZ_DF820425.1_702	SP	306
GCF_000620045.1|NZ_KK211058.1_99	SP	362
GCF_000620105.1|NZ_JHVK01000003.1_54	SP	355
GCF_000620625.1|NZ_JIAW01000003.1_208	SP	308
GCF_000620625.1|NZ_JIAW01000012.1_77	LIPO	291
GCF_000620785.1|NZ_JIAI01000002.1_150	LIPO	307
GCF_000661955.1|NZ_CP007597.1_1967	SP	335
GCF_000686905.1|NZ_JMLW01000001.1_95	LIPO	345
GCF_000687715.1|NZ_JHXD01000008.1_16	SP	312
GCF_000688235.1|NZ_JHYO01000004.1_43	SP	410
GCF_000689255.1|NZ_HG964446.1_588	LIPO	314
GCF_000691525.1|NZ_JMDW01000009.1_223	SP	293
GCF_000695255.1|NZ_JMIB01000005.1_17	LIPO	318
GCF_000695625.1|NZ_JMQI01000001.1_84	SP	398
GCF_000695625.1|NZ_JMQI01000001.1_140	SP	755
GCF_000695625.1|NZ_JMQI01000024.1_164	SP	455
GCF_000696185.1|NZ_KK853997.1_149	SP	493
GCF_000701505.1|NZ_JNJB01000006.1_213	SP	807
GCF_000702505.1|NZ_JNIM01000001.1_2497	SP	478
GCF_000702505.1|NZ_JNIM01000001.1_3264	SP	346
GCF_000705555.1|NZ_JMQN01000057.1_269	SP	358
GCF_000708045.1|NZ_ANIE01000005.1_83	SP	580
GCF_000708675.1|NZ_JELR01000006.1_48	SP	644
GCF_000708755.2|NZ_JGVU02000022.1_4	SP	628
GCF_000709345.1|NZ_KL448323.1_2580	SP	486
GCF_000710615.1|NZ_JDTH01000002.1_11	TAT	495
GCF_000710615.1|NZ_JDTH01000002.1_12	TAT	331
GCF_000710915.1|NZ_BAUA01000221.1_11	SP	321
GCF_000710915.1|NZ_BAUA01000197.1_20	LIPO	301
GCF_000711245.1|NZ_JOMH01000001.1_22	SP	293
GCF_000711955.1|NZ_KL544000.1_143	LIPO	351
GCF_000711955.1|NZ_JONR01000036.1_10	SP	317
GCF_000711985.1|NZ_JONU01000007.1_446	SP	339
GCF_000714935.1|NZ_JMIR01000020.1_52	SP	334
GCF_000714935.1|NZ_JMIR01000025.1_39	SP	769
GCF_000716335.1|NZ_KL591023.1_6	SP	405
GCF_000716435.1|NZ_JNWO01000005.1_397	SP	443
GCF_000716535.1|NZ_JNWV01000011.1_152	SP	419
GCF_000716545.1|NZ_JNWZ01000097.1_9	SP	449
GCF_000716595.1|NZ_JNXC01000005.1_200	SP	442
GCF_000716595.1|NZ_JNXC01000006.1_207	SP	397
GCF_000716675.1|NZ_JNXT01000003.1_159	SP	352
GCF_000716785.1|NZ_JNYY01000009.1_153	SP	471
GCF_000716785.1|NZ_JNYY01000013.1_81	SP	399
GCF_000716785.1|NZ_JNYY01000013.1_147	SP	744
GCF_000716875.1|NZ_JNWQ01000131.1_8	SP	499
GCF_000717055.1|NZ_JNXI01000003.1_262	SP	454
GCF_000717055.1|NZ_JNXI01000008.1_56	SP	340
GCF_000717135.1|NZ_JNXY01000002.1_184	LIPO	292
GCF_000717135.1|NZ_JNXY01000009.1_411	SP	422
GCF_000717185.1|NZ_JNYE01000164.1_5	SP	494
GCF_000717245.1|NZ_JNYQ01000001.1_627	SP	497
GCF_000717715.1|NZ_JOAI01000004.1_128	SP	459
GCF_000717715.1|NZ_JOAI01000009.1_125	SP	538
GCF_000717875.1|NZ_JOCT01000010.1_94	SP	495
GCF_000718015.1|NZ_JODY01000002.1_134	SP	333
GCF_000718025.1|NZ_JODS01000013.1_91	SP	507
GCF_000718095.1|NZ_JOEI01000006.1_27	SP	530
GCF_000718135.1|NZ_JOEM01000025.1_6	SP	446
GCF_000718165.1|NZ_JOEY01000051.1_34	SP	442
GCF_000718255.1|NZ_JOFJ01000007.1_43	SP	309
GCF_000718255.1|NZ_JOFJ01000009.1_102	LIPO	315
GCF_000718305.1|NZ_JOFQ01000011.1_361	SP	331
GCF_000718555.1|NZ_JOAN01000001.1_620	LIPO	297
GCF_000718555.1|NZ_JOAN01000010.1_15	SP	408
GCF_000718555.1|NZ_JOAN01000019.1_24	SP	445
GCF_000718555.1|NZ_JOAN01000023.1_98	LIPO	341
GCF_000718775.1|NZ_JOCB01000008.1_15	SP	422
GCF_000719115.1|NZ_JOEA01000009.1_182	SP	407
GCF_000719115.1|NZ_JOEA01000014.1_14	SP	436
GCF_000719285.1|NZ_JOFS01000002.1_34	SP	336
GCF_000719285.1|NZ_JOFS01000005.1_357	SP	449
GCF_000719285.1|NZ_JOFS01000028.1_80	SP	442
GCF_000719515.1|NZ_JOGR01000002.1_255	SP	455
GCF_000719555.1|NZ_JOGX01000051.1_24	SP	449
GCF_000719705.1|NZ_JOHO01000042.1_13	SP	336
GCF_000719865.1|NZ_JOID01000005.1_219	SP	349
GCF_000719955.1|NZ_JOII01000021.1_34	SP	529
GCF_000720135.1|NZ_JOIU01000004.1_117	SP	422
GCF_000720135.1|NZ_JOIU01000005.1_238	SP	437
GCF_000720145.1|NZ_JOIS01000001.1_41	LIPO	339
GCF_000720185.1|NZ_JOIY01000065.1_24	SP	488
GCF_000720255.1|NZ_JOJE01000005.1_374	SP	452
GCF_000720255.1|NZ_JOJE01000014.1_40	SP	451
GCF_000720325.1|NZ_JOJM01000031.1_90	SP	343
GCF_000720485.1|NZ_JOAX01000026.1_151	SP	326
GCF_000720535.1|NZ_JOAZ01000003.1_223	SP	494
GCF_000720635.1|NZ_JOCF01000042.1_31	SP	505
GCF_000720765.1|NZ_JODC01000004.1_148	SP	438
GCF_000720765.1|NZ_JODC01000015.1_49	SP	329
GCF_000720835.1|NZ_JODT01000002.1_37	SP	432
GCF_000720835.1|NZ_JODT01000003.1_90	SP	423
GCF_000721075.1|NZ_JOEQ01000026.1_2	SP	419
GCF_000721175.1|NZ_JOEZ01000022.1_91	SP	508
GCF_000721265.1|NZ_JOFZ01000007.1_304	SP	498
GCF_000721495.1|NZ_JOHY01000026.1_55	SP	485
GCF_000721705.1|NZ_JOJL01000026.1_29	LIPO	321
GCF_000721705.1|NZ_JOJL01000042.1_210	SP	452
GCF_000723165.1|NZ_HG322949.1_1186	SP	343
GCF_000723165.1|NZ_HG322949.1_4847	SP	366
GCF_000723205.1|NZ_HG315671.1_6	LIPO	289
GCF_000724625.1|NZ_CP007139.1_3634	LIPO	311
GCF_000725125.1|NZ_JFCB01000007.1_209	SP	333
GCF_000725385.1|NZ_CP008884.1_3167	SP	340
GCF_000725485.1|NZ_JOAG01000033.1_58	SP	429
GCF_000725485.1|NZ_JOAG01000061.1_54	SP	461
GCF_000730385.1|NZ_CP008849.1_1420	SP	357
GCF_000731095.1|NZ_JMTZ01000001.1_6	SP	609
GCF_000731095.1|NZ_JMTZ01000002.1_57	SP	316
GCF_000732925.1|NZ_CP008953.1_7852	SP	285
GCF_000733295.1|NZ_JPMI01000009.1_9	SP	331
GCF_000733295.1|NZ_JPMI01000216.1_36	LIPO	632
GCF_000733765.1|NZ_JPOG01000001.1_1069	LIPO	304
GCF_000737315.1|NZ_JMCB01000007.1_25	LIPO	619
GCF_000737325.1|NZ_CP011125.1_119	LIPO	323
GCF_000737325.1|NZ_CP011125.1_8110	LIPO	413
GCF_000737515.1|NZ_CP006587.1_1023	SP	386
GCF_000737765.1|NZ_JPRI01000004.1_155	SP	293
GCF_000739815.1|NZ_BBJJ01000134.1_8	LIPO	385
GCF_000739815.1|NZ_BBJJ01000086.1_17	SP	489
GCF_000740675.1|NZ_JPXI01000013.1_10	SP	294
GCF_000744655.1|NZ_JQMJ01000004.1_1143	LIPO	316
GCF_000744655.1|NZ_JQMJ01000004.1_4426	SP	430
GCF_000744705.1|NZ_JQML01000001.1_8430	SP	442
GCF_000744815.1|NZ_JQMQ01000005.1_1883	SP	493
GCF_000745345.1|NZ_JQNR01000005.1_1017	SP	480
GCF_000745425.1|NZ_JQJH01000014.1_30	SP	359
GCF_000747155.1|NZ_AVCK01000001.1_71	LIPO	357
GCF_000747155.1|NZ_AVCK01000022.1_100	SP	280
GCF_000753865.1|NZ_JQFW01000027.1_30	SP	396
GCF_000759345.1|NZ_JPZL01000003.1_113	SP	355
GCF_000761215.1|NZ_CP009438.1_686	SP	490
GCF_000761215.1|NZ_CP009438.1_819	SP	444
GCF_000761445.1|NZ_KN196470.1_2174	LIPO	351
GCF_000763315.1|NZ_JPST01000012.1_20	SP	333
GCF_000764185.1|NZ_JQEC01000023.1_12	SP	318
GCF_000764185.1|NZ_JQEC01000027.1_57	SP	729
GCF_000764225.1|NZ_JQED01000055.1_137	SP	318
GCF_000766945.1|NZ_KN266209.1_29	SP	449
GCF_000767795.1|NZ_JANX01000448.1_6	SP	322
GCF_000786105.1|NZ_JTEV01000023.1_22	SP	333
GCF_000787815.1|NZ_BBPO01000028.1_21	SP	426
GCF_000787835.1|NZ_BBPP01000042.1_26	SP	431
GCF_000787835.1|NZ_BBPP01000037.1_58	LIPO	313
GCF_000787835.1|NZ_BBPP01000014.1_56	SP	360
GCF_000787855.1|NZ_BBPQ01000079.1_23	SP	436
GCF_000787855.1|NZ_BBPQ01000034.1_15	LIPO	321
GCF_000797465.1|NZ_JSWG01000003.1_21	SP	380
GCF_000801955.1|NZ_JSZO01000020.1_38	SP	371
GCF_000808575.1|NZ_JWLW01000001.1_132	SP	357
GCF_000818395.1|NZ_JWJG01000028.1_23	SP	342
GCF_000826685.1|NZ_JROO01000031.1_61	SP	419
GCF_000828715.1|NZ_AP014583.1_2271	LIPO	292
GCF_000832985.1|NZ_CP009920.1_2616	SP	591
GCF_000931445.1|NZ_CP010849.1_851	SP	446
GCF_000931445.1|NZ_CP010849.1_2579	SP	324
GCF_000934685.1|NZ_JYNQ01000001.1_2413	SP	388
GCF_000938255.1|NZ_JYMR01000038.1_25	SP	306
GCF_000942395.1|NZ_LN812102.1_1883	SP	588
GCF_000948395.1|NZ_JYFN01000027.1_49	SP	421
GCF_000948975.2|NZ_CP059735.1_1749	LIPO	326
GCF_000948985.2|NZ_CP059733.1_4001	SP	328
GCF_000955955.1|NZ_JYJG01000223.1_14	TAT	405
GCF_000956465.1|NZ_JYJA01000022.1_39	SP	343
GCF_000956535.1|NZ_JYIY01000070.1_61	SP	424
GCF_000956545.1|NZ_JYIT01000074.1_24	SP	426
GCF_000956595.1|NZ_JYOO01000013.1_129	SP	591
GCF_000960475.2|NZ_JZDQ02000044.1_49	SP	424
GCF_000960995.1|NZ_CP009434.1_1586	SP	358
GCF_000962825.1|NZ_JZKF01000022.1_11	LIPO	341
GCF_000962825.1|NZ_JZKF01000029.1_14	SP	412
GCF_000963705.1|NZ_LAJY01000434.1_7	SP	315
GCF_000966285.1|NZ_KQ031391.1_292	LIPO	370
GCF_000969645.2|NZ_CP014222.1_695	SP	362
GCF_000971155.1|NZ_BBLX01000001.1_277	LIPO	286
GCF_000971215.1|NZ_BBMA01000004.1_17	LIPO	305
GCF_000971335.1|NZ_JZJL01000008.1_8	SP	364
GCF_000972495.1|NZ_LATM01000015.1_6	SP	287
GCF_000974445.1|NZ_BBOJ01000007.1_109	SP	444
GCF_000974485.1|NZ_BBOM01000005.1_538	SP	356
GCF_000974485.1|NZ_BBOM01000004.1_645	SP	454
GCF_000974985.2|NZ_LAVA02000002.1_26	SP	485
GCF_000980885.2|NZ_LBDA02000004.1_40	SP	490
GCF_000981895.1|NZ_LATD01000026.1_33	SP	528
GCF_000982955.1|NZ_KQ058649.1_59	LIPO	298
GCF_000982955.1|NZ_KQ058859.1_11	SP	409
GCF_000986865.1|NZ_LAVS01000092.1_14	SP	330
GCF_000987765.1|NZ_LAHP01000001.1_141	SP	326
GCF_000987775.1|NZ_LAHO01000017.1_42	SP	646
GCF_000993785.3|NZ_CP009922.3_4849	SP	441
GCF_001005085.2|NZ_LBMU02000133.1_1	SP	489
GCF_001006785.1|NZ_CDHO01000001.1_530	LIPO	364
GCF_001006805.1|NZ_LN811353.1_212	LIPO	391
GCF_001007995.1|NZ_CP011389.1_2486	LIPO	615
GCF_001011035.1|NZ_CP011492.1_94	SP	329
GCF_001013905.1|NZ_LN831790.1_4321	SP	327
GCF_001013905.1|NZ_LN831790.1_6012	SP	446
GCF_001014975.1|NZ_BBXA01000013.1_462	SP	324
GCF_001017175.1|NZ_LCYG01000032.1_93	SP	387
GCF_001017435.1|NZ_CP011371.1_1494	SP	402
GCF_001017655.1|NZ_CP010904.1_448	SP	778
GCF_001017655.1|NZ_CP010904.1_2348	SP	521
GCF_001019615.1|NZ_JNBQ01000009.1_61	SP	498
GCF_001021385.1|NZ_CP011773.1_1084	LIPO	278
GCF_001021385.1|NZ_CP011773.1_1813	SP	286
GCF_001021385.1|NZ_CP011773.1_2760	LIPO	307
GCF_001027285.1|NZ_CP011509.1_2353	LIPO	633
GCF_001039575.1|NZ_JIBT01000035.1_37	SP	350
GCF_001039575.1|NZ_JIBT01000038.1_55	SP	393
GCF_001040945.1|NZ_CP011930.1_2546	TAT	370
GCF_001044235.1|NZ_JYNL01000069.1_632	SP	282
GCF_001044255.1|NZ_JYNX01000057.1_49	SP	282
GCF_001051235.1|NZ_CBTJ020000040.1_44	SP	325
GCF_001053185.1|NZ_CSTD01000003.1_276	LIPO	281
GCF_001053185.1|NZ_CSTD01000005.1_183	LIPO	314
GCF_001083785.1|NZ_LAVL01000111.1_5	SP	442
GCF_001083785.1|NZ_LAVL01000043.1_3	SP	440
GCF_001083795.1|NZ_LAVK01000191.1_1	SP	441
GCF_001083795.1|NZ_LAVK01000048.1_13	SP	316
GCF_001083795.1|NZ_LAVK01000066.1_11	SP	338
GCF_001182895.1|NZ_LFQR01000189.1_1	SP	343
GCF_001183545.1|NZ_KQ236688.1_3341	SP	367
GCF_001183865.1|NZ_CP012020.1_322	SP	305
GCF_001187505.1|NZ_CP012150.1_4545	SP	315
GCF_001187785.1|NZ_CP012154.1_887	SP	666
GCF_001188955.3|NZ_JPRF03000076.1_56	SP	499
GCF_001189235.2|NZ_LFIP02000002.1_259	SP	308
GCF_001189295.1|NZ_CP012159.1_2723	LIPO	463
GCF_001189955.1|NZ_LFLT01000009.1_37	SP	346
GCF_001191005.1|NZ_CP012201.1_4028	SP	356
GCF_001191005.1|NZ_CP012201.1_4455	SP	355
GCF_001192835.1|NZ_DF968183.1_209	SP	371
GCF_001245615.1|NZ_CWKH01000001.1_1101	SP	318
GCF_001263205.1|NZ_CP012333.1_1708	SP	410
GCF_001263795.1|NZ_LHUR01000017.1_19	SP	898
GCF_001264245.1|NZ_CP011339.1_3531	SP	358
GCF_001267885.1|NZ_CP012382.1_5697	SP	498
GCF_001270025.1|NZ_DF968365.1_6	SP	440
GCF_001270025.1|NZ_DF968383.1_11	SP	494
GCF_001270495.1|NZ_LGUR01000228.1_33	SP	328
GCF_001278075.1|NZ_CP011340.1_3656	SP	443
GCF_001278075.1|NZ_CP011340.1_6682	SP	498
GCF_001278755.1|NZ_CP012601.1_4205	SP	586
GCF_001278805.1|NZ_CP012602.1_2712	SP	682
GCF_001279525.1|NZ_LGDY01000058.1_95	SP	412
GCF_001279525.1|NZ_LGDY01000102.1_138	SP	449
GCF_001279585.1|NZ_LGEC01000075.1_85	SP	433
GCF_001279585.1|NZ_LGEC01000081.1_52	SP	418
GCF_001279775.1|NZ_LGDG01000085.1_85	SP	331
GCF_001279775.1|NZ_LGDG01000214.1_59	SP	442
GCF_001280065.1|NZ_LGEA01000001.1_346	SP	454
GCF_001280065.1|NZ_LGEA01000025.1_97	SP	447
GCF_001280085.1|NZ_LGED01000147.1_54	SP	443
GCF_001280085.1|NZ_LGED01000257.1_2	SP	398
GCF_001280255.1|NZ_LHCI01000106.1_1723	LIPO	326
GCF_001282115.1|NZ_LJBR01000205.1_11	SP	511
GCF_001282115.1|NZ_LJBR01000225.1_17	SP	448
GCF_001293685.1|NZ_BCAG01000003.1_398	LIPO	325
GCF_001295265.1|NZ_LJOD01000008.1_211	SP	378
GCF_001302585.1|NZ_CP012752.1_4496	SP	330
GCF_001305575.3|NZ_CP012373.2_2465	SP	354
GCF_001305595.1|NZ_CP012403.1_322	SP	363
GCF_001307295.1|NZ_CP012700.1_4296	SP	315
GCF_001310275.1|NZ_LGYZ01000083.1_114	LIPO	309
GCF_001315015.1|NZ_CP012914.1_1067	SP	375
GCF_001411805.1|NZ_CP007213.1_1795	SP	358
GCF_001418325.1|NZ_LIPN01000052.1_54	LIPO	307
GCF_001418415.1|NZ_LIQT01000272.1_20	SP	349
GCF_001418475.1|NZ_LIQX01000485.1_3	SP	347
GCF_001418565.1|NZ_LIQQ01000084.1_7	SP	337
GCF_001418575.1|NZ_LIQR01000132.1_6	SP	457
GCF_001418575.1|NZ_LIQR01000457.1_4	SP	346
GCF_001418655.1|NZ_LIQZ01000246.1_19	SP	458
GCF_001419695.1|NZ_LIRG01000135.1_8	SP	339
GCF_001419705.1|NZ_LIRH01000423.1_2	SP	339
GCF_001419745.1|NZ_LIRJ01000236.1_2	LIPO	310
GCF_001419765.1|NZ_LIRK01000571.1_3	SP	348
GCF_001420995.1|NZ_CP012184.1_924	SP	340
GCF_001421355.1|NZ_LMKC01000002.1_314	SP	302
GCF_001421765.1|NZ_LMLA01000009.1_253	SP	297
GCF_001422925.1|NZ_LMNI01000011.1_294	SP	343
GCF_001423125.1|NZ_LMNW01000012.1_92	SP	579
GCF_001423885.1|NZ_LMPP01000003.1_34	TAT	433
GCF_001424125.1|NZ_LMQI01000003.1_404	SP	453
GCF_001424165.1|NZ_LMOJ01000023.1_255	SP	579
GCF_001424195.1|NZ_LMOO01000001.1_1145	SP	467
GCF_001424875.1|NZ_LMCT01000012.1_408	SP	523
GCF_001425045.1|NZ_LMDJ01000032.1_240	SP	332
GCF_001425055.1|NZ_LMDK01000022.1_156	SP	325
GCF_001425165.1|NZ_LMDU01000011.1_271	SP	353
GCF_001425405.1|NZ_LMQP01000004.1_191	SP	294
GCF_001425705.1|NZ_LMDC01000023.1_142	SP	322
GCF_001425755.1|NZ_LMDH01000001.1_2332	LIPO	313
GCF_001425785.1|NZ_LMDI01000044.1_18	SP	342
GCF_001425825.1|NZ_LMDM01000017.1_35	SP	313
GCF_001426425.1|NZ_LMEQ01000010.1_31	SP	493
GCF_001426705.1|NZ_LMFC01000001.1_509	SP	454
GCF_001426755.1|NZ_LMFJ01000001.1_2517	LIPO	316
GCF_001426885.1|NZ_LMFP01000011.1_229	SP	327
GCF_001427585.1|NZ_LMGY01000016.1_210	SP	610
GCF_001427785.1|NZ_LMHM01000013.1_771	SP	603
GCF_001427785.1|NZ_LMHM01000017.1_176	SP	315
GCF_001428545.1|NZ_LMHZ01000064.1_6	SP	342
GCF_001428805.1|NZ_LMIS01000001.1_3328	LIPO	313
GCF_001428895.1|NZ_LMJA01000029.1_225	SP	324
GCF_001429785.1|NZ_LMJF01000001.1_730	SP	609
GCF_001431415.1|NZ_LDJI01000026.1_142	SP	335
GCF_001431465.1|NZ_LDJJ01000015.1_51	SP	334
GCF_001431625.1|NZ_LLXT01000138.1_91	SP	335
GCF_001431725.1|NZ_CP013106.1_167	SP	355
GCF_001432305.1|NZ_KQ483358.1_188	SP	338
GCF_001439925.1|NZ_LMBV01000004.1_341	SP	671
GCF_001440395.1|NZ_LLXZ01000205.1_190	SP	585
GCF_001440475.1|NZ_LLYB01000055.1_127	SP	585
GCF_001442535.1|NZ_CP013141.1_115	SP	609
GCF_001442535.1|NZ_CP013141.1_2541	SP	316
GCF_001443605.1|NZ_CP013118.1_2043	SP	379
GCF_001447195.1|NZ_LFRI01000341.1_229	SP	329
GCF_001456935.1|NZ_KQ758482.1_597	SP	591
GCF_001462455.1|NZ_LNTD01000036.1_17	SP	481
GCF_001466725.1|NZ_CP013650.1_1622	SP	641
GCF_001466725.1|NZ_CP013650.1_1727	SP	327
GCF_001468265.1|NZ_LNRZ01000001.1_496	SP	308
GCF_001468285.1|NZ_LNSB01000012.1_17	SP	312
GCF_001469895.1|NZ_LOPY01000026.1_93	SP	727
GCF_001476655.1|NZ_LDRT01000041.1_39	LIPO	327
GCF_001476815.1|NZ_LDSL01000138.1_15	SP	484
GCF_001484965.1|NZ_KQ947394.1_222	SP	600
GCF_001485435.1|NZ_BCMS01000001.1_2544	LIPO	610
GCF_001494595.1|NZ_LN929907.1_1444	LIPO	281
GCF_001494595.1|NZ_LN929908.1_3441	SP	281
GCF_001507665.1|NZ_CP013910.1_774	LIPO	610
GCF_001507665.1|NZ_CP013910.1_2803	LIPO	348
GCF_001509475.1|NZ_LLZG01000073.1_6	SP	444
GCF_001509475.1|NZ_LLZG01000312.1_36	SP	341
GCF_001511835.1|NZ_LN997848.1_4355	SP	340
GCF_001513745.1|NZ_CP013380.1_1746	SP	338
GCF_001513745.1|NZ_CP013380.1_2243	SP	493
GCF_001513785.1|NZ_LNQS01000010.1_72	SP	637
GCF_001513785.1|NZ_LNQS01000013.1_33	SP	332
GCF_001513965.1|NZ_KQ948031.1_55	SP	442
GCF_001513975.1|NZ_KQ947989.1_524	SP	442
GCF_001513975.1|NZ_KQ947995.1_54	SP	328
GCF_001514035.1|NZ_KQ948210.1_112	SP	415
GCF_001514035.1|NZ_KQ948231.1_53	SP	339
GCF_001514125.1|NZ_KQ948549.1_319	SP	331
GCF_001514145.1|NZ_KQ948662.1_156	SP	496
GCF_001514205.1|NZ_KQ948777.1_117	SP	434
GCF_001514215.1|NZ_KQ948852.1_298	SP	440
GCF_001514235.1|NZ_KQ948925.1_698	SP	441
GCF_001514265.1|NZ_KQ948989.1_441	SP	441
GCF_001514305.1|NZ_KQ949085.1_189	SP	454
GCF_001514305.1|NZ_KQ949121.1_44	SP	449
GCF_001515525.1|NZ_BCNQ01000024.1_8	LIPO	327
GCF_001522865.1|NZ_LOWB01000131.1_33	SP	494
GCF_001524445.2|NZ_CP013417.1_1668	SP	342
GCF_001528665.1|NZ_BBYJ01000018.1_12	SP	448
GCF_001536285.1|NZ_FAOZ01000003.1_190	LIPO	357
GCF_001541225.1|NZ_LMTS01000248.1_29	SP	433
GCF_001541345.2|NZ_LMVL02000004.1_92	SP	333
GCF_001544495.1|NZ_FCNZ02000025.1_54	SP	371
GCF_001544515.1|NZ_FCOL02000040.1_29	SP	367
GCF_001550135.1|NZ_LRUE01000015.1_549	SP	727
GCF_001552175.1|NZ_BCQR01000094.1_19	SP	307
GCF_001552175.1|NZ_BCQR01000155.1_24	SP	323
GCF_001552195.1|NZ_BCQS01000029.1_25	SP	420
GCF_001552195.1|NZ_BCQS01000047.1_25	SP	411
GCF_001552195.1|NZ_BCQS01000047.1_31	SP	421
GCF_001552375.1|NZ_BCRB01000039.1_7	SP	474
GCF_001552635.1|NZ_BCRO01000037.1_98	SP	294
GCF_001552635.1|NZ_BCRO01000047.1_13	LIPO	314
GCF_001553455.1|NZ_BBOX01000134.1_12	SP	305
GCF_001556045.1|NZ_LSIC01000103.1_44	SP	302
GCF_001556105.1|NZ_LSIF01000055.1_68	SP	609
GCF_001562115.1|NZ_CP013926.1_1583	SP	353
GCF_001562275.1|NZ_CP014304.1_773	LIPO	392
GCF_001565895.1|NZ_LSNE01000009.1_196	SP	332
GCF_001570405.1|NZ_BBYM01000011.1_32	SP	454
GCF_001570425.1|NZ_BCSX01000018.1_156	SP	310
GCF_001570425.1|NZ_BCSX01000024.1_350	SP	278
GCF_001570525.1|NZ_BBXC01000024.1_47	SP	434
GCF_001570545.1|NZ_BBXD01000008.1_131	SP	443
GCF_001570565.1|NZ_BBXE01000016.1_238	SP	432
GCF_001570565.1|NZ_BBXE01000047.1_48	SP	444
GCF_001570585.1|NZ_BBXF01000002.1_607	SP	438
GCF_001570605.1|NZ_BBXG01000002.1_74	SP	450
GCF_001571085.1|NZ_BCTC01000020.1_10	SP	493
GCF_001571105.1|NZ_BCTD01000050.1_32	SP	502
GCF_001571145.1|NZ_BCTF01000012.1_134	SP	301
GCF_001580455.1|NZ_CP010951.1_1434	SP	334
GCF_001590795.1|NZ_JXDL01000001.1_5284	SP	306
GCF_001591385.1|NZ_BCUU01000185.1_3	SP	342
GCF_001591405.1|NZ_BCUV01000002.1_246	SP	409
GCF_001591565.1|NZ_BCVD01000152.1_6	SP	331
GCF_001591965.1|NZ_BCVX01000006.1_94	SP	587
GCF_001592045.1|NZ_BCWB01000040.1_14	SP	415
GCF_001592125.1|NZ_BCWI01000002.1_86	SP	423
GCF_001592305.1|NZ_BCWR01000022.1_74	SP	499
GCF_001592305.1|NZ_BCWR01000026.1_36	SP	338
GCF_001592735.1|NZ_LUKE01000001.1_1403	SP	336
GCF_001592875.1|NZ_LSOF01000020.1_17	SP	278
GCF_001593005.1|NZ_LQZQ01000002.1_382	SP	293
GCF_001597725.1|NZ_LUTR01000006.1_99	SP	291
GCF_001597735.1|NZ_LUTS01000004.1_185	SP	293
GCF_001598355.1|NZ_BCYU01000047.1_8	SP	299
GCF_001598415.1|NZ_BCYX01000008.1_8	SP	299
GCF_001598455.1|NZ_BCYZ01000029.1_22	SP	300
GCF_001598455.1|NZ_BCYZ01000060.1_13	SP	327
GCF_001598815.1|NZ_BCZQ01000035.1_24	SP	315
GCF_001610835.1|NZ_CP011270.1_1514	SP	346
GCF_001611275.1|NZ_CP015080.1_2894	LIPO	328
GCF_001611555.1|NZ_LSGP01000026.1_231	SP	326
GCF_001611795.1|NZ_CP015098.1_1078	SP	453
GCF_001612615.1|NZ_BDAU01000002.1_149	SP	332
GCF_001612615.1|NZ_BDAU01000030.1_68	LIPO	307
GCF_001612635.1|NZ_BDAV01000008.1_83	LIPO	324
GCF_001612635.1|NZ_BDAV01000011.1_4	SP	308
GCF_001612665.1|NZ_BDAX01000002.1_1010	SP	311
GCF_001612685.1|NZ_BDAY01000109.1_20	LIPO	307
GCF_001612945.1|NZ_BDBK01000001.1_86	SP	351
GCF_001612965.1|NZ_BDBL01000031.1_90	SP	308
GCF_001613005.1|NZ_BDBN01000034.1_90	LIPO	316
GCF_001613005.1|NZ_BDBN01000055.1_11	SP	308
GCF_001613045.1|NZ_BDBP01000019.1_20	LIPO	307
GCF_001613045.1|NZ_BDBP01000053.1_63	SP	337
GCF_001613085.1|NZ_BDBR01000028.1_17	SP	347
GCF_001613105.1|NZ_BDBS01000043.1_42	SP	353
GCF_001613305.1|NZ_BDCC01000033.1_292	LIPO	314
GCF_001613325.1|NZ_BDCD01000005.1_67	LIPO	313
GCF_001613345.1|NZ_BDCE01000056.1_61	LIPO	322
GCF_001613365.1|NZ_BDCF01000018.1_10	LIPO	326
GCF_001613365.1|NZ_BDCF01000021.1_34	SP	308
GCF_001613405.1|NZ_BDCH01000012.1_42	SP	431
GCF_001613405.1|NZ_BDCH01000012.1_860	SP	285
GCF_001613405.1|NZ_BDCH01000020.1_151	LIPO	298
GCF_001613425.1|NZ_BDCI01000023.1_371	SP	321
GCF_001613445.1|NZ_BDCJ01000004.1_114	SP	293
GCF_001613505.1|NZ_BDCM01000010.1_69	SP	308
GCF_001613935.1|NZ_LQCI01000023.1_87	SP	286
GCF_001613935.1|NZ_LQCI01000026.1_4	SP	419
GCF_001618145.1|NZ_LQNF01000014.1_21	SP	592
GCF_001625445.1|NZ_LWHG01000021.1_239	TAT	331
GCF_001625445.1|NZ_LWHG01000021.1_240	TAT	427
GCF_001632775.1|NZ_CP015249.1_10	LIPO	346
GCF_001636565.1|NZ_LRTK01000007.1_24	LIPO	316
GCF_001636945.3|NZ_CP119133.2_1016	SP	491
GCF_001639105.2|NZ_CP028903.1_765	SP	359
GCF_001639145.1|NZ_LROY01000002.1_286	SP	322
GCF_001639145.1|NZ_LROY01000002.1_959	SP	721
GCF_001641335.1|NZ_LVEM01000002.1_896	SP	308
GCF_001641615.1|NZ_LRRU01000008.1_44	SP	727
GCF_001641635.1|NZ_LUUB01000053.1_25	SP	302
GCF_001641695.1|NZ_LSEF01000080.1_120	SP	318
GCF_001641755.2|NZ_LRFG02000001.1_840	SP	480
GCF_001641755.2|NZ_LRFG02000001.1_841	SP	336
GCF_001641755.2|NZ_LRFG02000005.1_108	SP	660
GCF_001642695.1|NZ_LWCC02000155.1_6	SP	494
GCF_001642695.1|NZ_LWCC02000076.1_11	SP	434
GCF_001642995.1|NZ_LOHS01000065.1_3	SP	452
GCF_001642995.1|NZ_LOHS01000084.1_103	SP	315
GCF_001642995.1|NZ_LOHS01000114.1_61	SP	332
GCF_001644575.1|NZ_CP015596.1_3688	SP	300
GCF_001650195.1|NZ_LXYR01000009.1_23	LIPO	312
GCF_001650715.1|NZ_LWQT01000059.1_12	SP	341
GCF_001651035.1|NZ_LXRG01000192.1_692	SP	367
GCF_001653335.1|NZ_CP015079.1_2206	SP	434
GCF_001653795.1|NZ_CP011514.1_3644	SP	427
GCF_001665395.1|NZ_LZSG01000005.1_309	LIPO	321
GCF_001665685.1|NZ_LZTB01000022.1_18	SP	311
GCF_001665685.1|NZ_LZTB01000097.1_68	LIPO	274
GCF_001665835.1|NZ_LZSX01000107.1_53	LIPO	315
GCF_001666755.1|NZ_LZJC01000079.1_3	LIPO	306
GCF_001666835.1|NZ_LZJF01000095.1_9	LIPO	315
GCF_001666835.1|NZ_LZJF01000154.1_26	LIPO	277
GCF_001667015.1|NZ_LZIS01000092.1_18	LIPO	279
GCF_001667015.1|NZ_LZIS01000181.1_144	LIPO	311
GCF_001667035.1|NZ_LZIR01000021.1_62	LIPO	277
GCF_001667035.1|NZ_LZIR01000073.1_20	LIPO	306
GCF_001667075.1|NZ_LZIL01000033.1_47	LIPO	280
GCF_001667075.1|NZ_LZIL01000042.1_17	LIPO	315
GCF_001667115.1|NZ_LZIJ01000022.1_32	LIPO	312
GCF_001667185.1|NZ_LZIC01000019.1_49	LIPO	279
GCF_001667185.1|NZ_LZIC01000068.1_105	LIPO	311
GCF_001667275.1|NZ_LZHV01000050.1_112	LIPO	316
GCF_001667275.1|NZ_LZHV01000058.1_190	LIPO	277
GCF_001667275.1|NZ_LZHV01000065.1_83	LIPO	306
GCF_001667315.1|NZ_LZHT01000003.1_105	LIPO	306
GCF_001667315.1|NZ_LZHT01000015.1_71	LIPO	280
GCF_001667585.1|NZ_LZJZ01000104.1_142	LIPO	280
GCF_001667585.1|NZ_LZJZ01000111.1_19	LIPO	306
GCF_001667665.1|NZ_LZJM01000158.1_23	LIPO	319
GCF_001667665.1|NZ_LZJM01000232.1_1	LIPO	306
GCF_001667665.1|NZ_LZJM01000305.1_10	LIPO	276
GCF_001667735.1|NZ_LZJN01000096.1_3	LIPO	306
GCF_001667735.1|NZ_LZJN01000130.1_47	LIPO	277
GCF_001667735.1|NZ_LZJN01000222.1_11	LIPO	316
GCF_001667775.1|NZ_LZJI01000098.1_3	LIPO	306
GCF_001667775.1|NZ_LZJI01000206.1_5	LIPO	280
GCF_001667865.1|NZ_LZJP01000083.1_182	LIPO	277
GCF_001667865.1|NZ_LZJP01000130.1_176	LIPO	316
GCF_001667885.1|NZ_LZJW01000044.1_54	LIPO	306
GCF_001667885.1|NZ_LZJW01000087.1_45	LIPO	277
GCF_001667885.1|NZ_LZJW01000147.1_114	LIPO	316
GCF_001667925.1|NZ_LZJR01000025.1_26	LIPO	316
GCF_001667925.1|NZ_LZJR01000144.1_64	LIPO	306
GCF_001668675.1|NZ_LZKQ01000235.1_11	LIPO	314
GCF_001668725.1|NZ_LZKL01000055.1_43	LIPO	279
GCF_001669775.1|NZ_LXWK01000018.1_246	SP	344
GCF_001672755.1|NZ_LZKI01000007.1_18	SP	308
GCF_001672815.1|NZ_LZKK01000247.1_15	LIPO	279
GCF_001672895.1|NZ_LZKP01000134.1_2	SP	306
GCF_001672915.1|NZ_LZKR01000093.1_18	LIPO	314
GCF_001672915.1|NZ_LZKR01000169.1_30	LIPO	279
GCF_001673155.1|NZ_LZLE01000039.1_3	LIPO	279
GCF_001673315.1|NZ_LZLQ01000142.1_23	LIPO	314
GCF_001673365.1|NZ_LZLS01000184.1_23	LIPO	323
GCF_001673405.1|NZ_LZLV01000022.1_12	LIPO	315
GCF_001673405.1|NZ_LZLV01000111.1_27	LIPO	276
GCF_001673535.1|NZ_LZLY01000121.1_54	LIPO	279
GCF_001673535.1|NZ_LZLY01000128.1_99	LIPO	314
GCF_001673555.1|NZ_LZMB01000311.1_6	LIPO	315
GCF_001673635.1|NZ_LZMH01000085.1_50	LIPO	314
GCF_001676875.1|NZ_JYKA01000004.1_145	LIPO	351
GCF_001677885.1|NZ_LOCQ01000057.1_39	SP	305
GCF_001677885.1|NZ_LOCQ01000053.1_77	SP	368
GCF_001678945.1|NZ_CP015124.1_499	SP	306
GCF_001684965.1|NZ_MAYG01000001.1_1184	SP	291
GCF_001685355.1|NZ_CP016438.1_1289	SP	440
GCF_001685415.1|NZ_CP014989.1_1832	SP	454
GCF_001687105.1|NZ_CP014597.1_171	SP	350
GCF_001687325.1|NZ_LZRD01000002.1_15	SP	430
GCF_001693515.2|NZ_CP042968.1_3624	SP	585
GCF_001696715.1|NZ_MBFM01000004.1_504	SP	513
GCF_001698125.1|NZ_CP013854.1_3737	SP	339
GCF_001700505.1|NZ_MAPV01000051.1_8	SP	497
GCF_001700515.1|NZ_MAUD01000282.1_13	SP	538
GCF_001701025.1|NZ_CP016793.1_81	SP	412
GCF_001701025.1|NZ_CP016793.1_8083	SP	440
GCF_001704275.1|NZ_CP011533.1_7210	SP	335
GCF_001704295.1|NZ_CP012334.1_3004	SP	365
GCF_001704635.1|NZ_MAXF01000130.1_117	SP	325
GCF_001704635.1|NZ_MAXF01000132.1_3	SP	330
GCF_001709345.1|NZ_MDTQ01000001.1_3050	LIPO	354
GCF_001715295.1|NZ_MDKB01000003.1_536	SP	495
GCF_001718835.1|NZ_CP013444.1_1335	SP	354
GCF_001725255.1|NZ_MEFV01000012.1_72	SP	506
GCF_001735715.1|NZ_CP017259.1_1001	LIPO	400
GCF_001735805.1|NZ_CP017248.1_1127	SP	339
GCF_001735805.1|NZ_CP017248.1_7873	SP	411
GCF_001746295.1|NZ_MJAH01000001.1_1131	SP	337
GCF_001746295.1|NZ_MJAH01000008.1_221	SP	496
GCF_001746295.1|NZ_MJAH01000008.1_301	SP	454
GCF_001746365.1|NZ_MJAJ01000041.1_21	SP	438
GCF_001746415.1|NZ_MEHJ01000001.1_2016	LIPO	306
GCF_001748085.1|NZ_BBZK01000007.1_51	SP	433
GCF_001748285.1|NZ_BDGT01000031.1_34	SP	346
GCF_001748285.1|NZ_BDGT01000074.1_18	SP	470
GCF_001750105.1|NZ_CP014143.1_224	SP	321
GCF_001750105.1|NZ_CP014143.1_1880	TAT	647
GCF_001750105.1|NZ_CP014143.1_2362	SP	336
GCF_001750105.1|NZ_CP014143.1_2363	SP	480
GCF_001751245.1|NZ_LJGU01000113.1_20	SP	353
GCF_001751255.1|NZ_LJGW01000396.1_7	SP	363
GCF_001751365.1|NZ_LJGT01000038.1_531	SP	366
GCF_001752365.1|NZ_MEIY01000001.1_507	SP	577
GCF_001752395.1|NZ_MKEK01000001.1_1597	SP	338
GCF_001757105.1|NZ_MDHN01000040.1_13	SP	333
GCF_001758465.1|NZ_MJIC01000010.1_155	SP	302
GCF_001758465.1|NZ_MJIC01000013.1_40	SP	330
GCF_001758465.1|NZ_MJIC01000016.1_328	SP	664
GCF_001758785.1|NZ_LROM01000054.1_38	SP	578
GCF_001758785.1|NZ_LROM01000072.1_125	SP	288
GCF_001836165.1|NZ_KV827663.1_27	LIPO	352
GCF_001854325.1|NZ_CP017755.1_2235	SP	489
GCF_001854655.1|NZ_MBLM01000127.1_64	LIPO	329
GCF_001854695.1|NZ_MAXA01000239.1_26	LIPO	355
GCF_001855555.1|NZ_MKCT01000001.1_391	SP	350
GCF_001858325.1|NZ_MBPP01000025.1_109	SP	267
GCF_001865245.1|NZ_MKXB01000189.1_36	SP	496
GCF_001865575.2|NZ_CP017565.2_110	LIPO	387
GCF_001865675.1|NZ_CP011319.1_1732	SP	294
GCF_001865675.1|NZ_CP011319.1_4183	SP	334
GCF_001865675.1|NZ_CP011319.1_5216	SP	377
GCF_001866645.1|NZ_MLYP01000032.1_38	SP	289
GCF_001866665.1|NZ_MLYO01000041.1_173	SP	492
GCF_001882345.1|NZ_MINL01000001.1_2381	SP	365
GCF_001885075.1|NZ_MODU01000004.1_384	SP	351
GCF_001886815.1|NZ_CP018099.1_966	SP	400
GCF_001887355.1|NZ_MPIN01000006.1_464	LIPO	598
GCF_001887355.1|NZ_MPIN01000004.1_716	SP	331
GCF_001889165.1|NZ_CP016020.1_3638	SP	592
GCF_001896135.2|NZ_MPOH02000006.1_31	SP	440
GCF_001899645.1|NZ_MKVV01000083.1_18	LIPO	283
GCF_001905065.1|NZ_LWLC01000023.1_30	SP	393
GCF_001905095.1|NZ_LWLS01000035.1_59	SP	401
GCF_001905145.1|NZ_LWLB01000003.1_186	SP	436
GCF_001905465.1|NZ_LISX01000020.1_57	SP	493
GCF_001905505.1|NZ_LIPG01000002.1_702	SP	496
GCF_001905505.1|NZ_LIPG01000006.1_492	SP	346
GCF_001905545.1|NZ_LIPD01000007.1_362	SP	496
GCF_001905595.1|NZ_LIXI01000005.1_99	SP	433
GCF_001905655.1|NZ_JMHT01000027.1_34	LIPO	314
GCF_001905795.1|NZ_LIXJ01000003.1_97	SP	501
GCF_001905845.1|NZ_LIVZ01000015.1_33	SP	507
GCF_001905845.1|NZ_LIVZ01000023.1_13	SP	443
GCF_001906585.1|NZ_JUJA01000039.1_19	SP	333
GCF_001906585.1|NZ_JUJA01000057.1_17	SP	433
GCF_001907675.1|NZ_MPNT01000025.1_5	LIPO	279
GCF_001907675.1|NZ_MPNT01000034.1_29	LIPO	316
GCF_001908185.1|NZ_LGHM01000049.1_33	SP	306
GCF_001908205.1|NZ_LGHL01000128.1_109	SP	306
GCF_001921205.1|NZ_MSIE01000053.1_42	LIPO	327
GCF_001921205.1|NZ_MSIE01000085.1_34	SP	308
GCF_001921215.1|NZ_MSIF01000001.1_458	SP	422
GCF_001922345.1|NZ_CP018812.1_103	SP	354
GCF_001927245.1|NZ_MJUX01000001.1_473	SP	333
GCF_001938985.1|NZ_MKIN01000022.1_754	SP	329
GCF_001939115.1|NZ_MQTZ01000044.1_191	LIPO	331
GCF_001939735.1|NZ_MJIL01000088.1_62	SP	374
GCF_001940455.1|NZ_MKQR01000023.1_31	SP	308
GCF_001941345.1|NZ_CP009251.1_1236	LIPO	356
GCF_001941825.1|NZ_CP019038.1_3280	SP	574
GCF_001942465.1|NZ_MKJY01000189.1_8	SP	335
GCF_001942465.1|NZ_MKJY01000488.1_28	SP	472
GCF_001953635.1|NZ_MEJH01000004.1_263	SP	357
GCF_001953885.1|NZ_MQUS01000002.1_318	SP	422
GCF_001953975.1|NZ_MBEJ01000090.1_23	SP	304
GCF_001954135.1|NZ_MBEQ01000061.1_35	SP	307
GCF_001954195.1|NZ_MBES01000005.1_17	LIPO	306
GCF_001954195.1|NZ_MBES01000047.1_10	LIPO	315
GCF_001954275.1|NZ_MBEU01000002.1_66	LIPO	315
GCF_001956855.1|NZ_MTHD01000002.1_485	SP	327
GCF_001956915.1|NZ_MLJO01000019.1_57	SP	422
GCF_001956985.1|NZ_CP019082.1_846	SP	299
GCF_001968815.1|NZ_MIEQ01000072.1_59	SP	374
GCF_001969385.1|NZ_CP014796.1_3681	SP	348
GCF_001975705.1|NZ_CP015093.1_3713	SP	346
GCF_001982635.1|NZ_MKFI01000005.1_787	SP	308
GCF_001983105.1|NZ_MOMC01000027.1_63	LIPO	335
GCF_001984095.1|NZ_LYVQ01000257.1_8	SP	311
GCF_001984175.1|NZ_MTQP01000043.1_36	SP	441
GCF_001984175.1|NZ_MTQP01000048.1_89	SP	447
GCF_001984215.1|NZ_CP019420.1_4317	SP	301
GCF_001995215.1|NZ_MUXN01000001.1_46	SP	285
GCF_001997345.1|NZ_CP019606.1_2729	LIPO	346
GCF_001997385.1|NZ_CP019633.1_874	SP	609
GCF_001997385.1|NZ_CP019633.1_1610	SP	875
GCF_001999945.1|NZ_CP019650.1_2375	SP	313
GCF_001999945.1|NZ_CP019650.1_2376	SP	681
GCF_002001015.1|NZ_MUNO01000017.1_93	SP	315
GCF_002001045.1|NZ_MUNR01000012.1_325	SP	344
GCF_002001045.1|NZ_MUNR01000012.1_327	SP	346
GCF_002001125.1|NZ_MUNV01000011.1_186	LIPO	346
GCF_002001165.1|NZ_MUNQ01000007.1_78	LIPO	346
GCF_002001175.1|NZ_MUNT01000006.1_545	LIPO	346
GCF_002005305.1|NZ_CP014782.1_4288	SP	340
GCF_002009015.1|NZ_LZDE01000334.1_32	SP	330
GCF_002017865.1|NZ_MTJN01000002.1_2996	SP	346
GCF_002017875.1|NZ_MUFV01000001.1_605	LIPO	619
GCF_002028425.1|NZ_CP020042.1_6559	SP	503
GCF_002056295.1|NZ_CP020100.1_2972	SP	283
GCF_002068095.1|NZ_LWIG01000001.1_292	SP	306
GCF_002076895.1|NZ_CP020465.1_2677	SP	307
GCF_002077175.1|NZ_CP014943.1_2691	SP	306
GCF_002077945.1|NZ_LVYD01000054.1_124	LIPO	308
GCF_002078015.1|NZ_LWBP01000218.1_11	LIPO	309
GCF_002078235.1|NZ_MSGP01000015.1_37	SP	511
GCF_002082565.1|NZ_CP020562.1_3581	SP	350
GCF_002086115.1|NZ_MVHJ01000012.1_176	SP	299
GCF_002086125.1|NZ_MVHG01000124.1_3	SP	306
GCF_002086275.1|NZ_MVHT01000003.1_124	LIPO	317
GCF_002086485.1|NZ_MVHF01000004.1_287	LIPO	278
GCF_002086485.1|NZ_MVHF01000057.1_29	SP	311
GCF_002086635.1|NZ_MVHD01000001.1_50	LIPO	280
GCF_002086635.1|NZ_MVHD01000002.1_138	LIPO	313
GCF_002086675.1|NZ_MVIF01000001.1_194	LIPO	282
GCF_002086675.1|NZ_MVIF01000073.1_7	LIPO	317
GCF_002086695.1|NZ_MVIH01000001.1_29	SP	291
GCF_002086735.1|NZ_MVIJ01000008.1_107	LIPO	277
GCF_002086795.1|NZ_MVIM01000009.1_140	SP	285
GCF_002087295.1|NZ_MWVI01000083.1_27	SP	356
GCF_002088235.1|NZ_AQQV01000002.1_670	SP	303
GCF_002091475.1|NZ_BCTR01000009.1_35	SP	336
GCF_002091635.1|NZ_BDAC01000011.1_111	SP	577
GCF_002091635.1|NZ_BDAC01000026.1_21	SP	284
GCF_002093975.1|NZ_MSZZ01000044.1_71	SP	447
GCF_002093975.1|NZ_MSZZ01000082.1_11	SP	411
GCF_002101555.1|NZ_LQOL01000045.1_140	SP	307
GCF_002101555.1|NZ_LQOL01000068.1_70	LIPO	271
GCF_002101595.1|NZ_LQOM01000024.1_272	LIPO	280
GCF_002101675.1|NZ_LQOY01000119.1_4	LIPO	314
GCF_002101735.1|NZ_LQPE01000132.1_95	LIPO	280
GCF_002101785.1|NZ_LQPJ01000147.1_49	LIPO	277
GCF_002101815.1|NZ_LQPM01000030.1_106	LIPO	279
GCF_002101815.1|NZ_LQPM01000036.1_47	LIPO	311
GCF_002101965.1|NZ_LQQA01000005.1_12	LIPO	311
GCF_002102155.1|NZ_LQOU01000010.1_134	LIPO	318
GCF_002102155.1|NZ_LQOU01000021.1_102	LIPO	277
GCF_002102155.1|NZ_LQOU01000032.1_128	LIPO	306
GCF_002102175.1|NZ_LQOX01000010.1_43	LIPO	282
GCF_002102185.1|NZ_LQOW01000024.1_47	LIPO	281
GCF_002102255.1|NZ_LQPH01000138.1_111	LIPO	315
GCF_002102255.1|NZ_LQPH01000177.1_45	LIPO	310
GCF_002102355.1|NZ_LQPT01000029.1_21	LIPO	306
GCF_002104455.1|NZ_NBOC01000012.1_53	SP	307
GCF_002104475.1|NZ_NBOF01000004.1_124	SP	311
GCF_002104515.1|NZ_NBOE01000018.1_32	SP	301
GCF_002104765.1|NZ_NCXM01000012.1_63	LIPO	306
GCF_002105285.1|NZ_MUHR01000008.1_77	SP	288
GCF_002105535.1|NZ_CP015848.1_498	SP	340
GCF_002116635.1|NZ_LQPW01000031.1_229	LIPO	282
GCF_002116635.1|NZ_LQPW01000154.1_46	LIPO	304
GCF_002116905.1|NZ_CP015118.1_2093	SP	324
GCF_002119685.1|NZ_CP021108.1_3214	SP	371
GCF_002127585.1|NZ_NEGZ01000029.1_38	SP	292
GCF_002127585.1|NZ_NEGZ01000003.1_130	SP	373
GCF_002127585.1|NZ_NEGZ01000008.1_46	SP	332
GCF_002127655.1|NZ_NEHB01000021.1_54	SP	330
GCF_002127655.1|NZ_NEHB01000004.1_82	SP	375
GCF_002127655.1|NZ_NEHB01000005.1_20	SP	294
GCF_002140155.1|NZ_NAPR01000037.1_1	SP	368
GCF_002140155.1|NZ_NAPR01000017.1_263	SP	411
GCF_002148965.1|NZ_NGFN01000272.1_6	SP	438
GCF_002148965.1|NZ_NGFN01000032.1_16	SP	377
GCF_002150735.1|NZ_MUKA01000209.1_34	SP	424
GCF_002150765.1|NZ_MUYM01000043.1_61	SP	297
GCF_002150765.1|NZ_MUYM01000072.1_11	SP	407
GCF_002150805.1|NZ_MTBA01000003.1_533	LIPO	346
GCF_002154375.1|NZ_MUND01000200.1_2	SP	488
GCF_002154505.1|NZ_MUBM01000085.1_58	TAT	485
GCF_002154555.1|NZ_MUNF01000559.1_2	SP	490
GCF_002154575.1|NZ_MUBA01000282.1_3	SP	439
GCF_002154585.1|NZ_MUNG01000227.1_3	SP	327
GCF_002154605.1|NZ_MUNE01000365.1_25	SP	327
GCF_002155895.1|NZ_MUMD01000407.1_4	LIPO	333
GCF_002155895.1|NZ_MUMD01000487.1_8	SP	498
GCF_002155905.1|NZ_MUMF01000259.1_10	SP	442
GCF_002155905.1|NZ_MUMF01000586.1_2	SP	417
GCF_002155915.1|NZ_MUME01000359.1_1	SP	493
GCF_002155975.1|NZ_MUMI01000049.1_11	SP	746
GCF_002155975.1|NZ_MUMI01000498.1_11	SP	397
GCF_002157355.1|NZ_LYMK01000023.1_117	SP	366
GCF_002157835.1|NZ_CP020809.1_3263	SP	311
GCF_002157855.1|NZ_CP020880.1_2369	SP	589
GCF_002162355.1|NZ_CP021434.1_3608	SP	325
GCF_002201535.1|NZ_NIWW01000001.1_41	SP	327
GCF_002201535.1|NZ_NIWW01000013.1_8	SP	643
GCF_002204745.1|NZ_NIRR01000010.1_16	SP	391
GCF_002205845.1|NZ_NISI01000002.1_347	SP	328
GCF_002207865.1|NZ_BDQM01000007.1_77	SP	323
GCF_002210285.1|NZ_MWQE01000001.1_84	SP	504
GCF_002210295.1|NZ_MWQH01000007.1_114	SP	497
GCF_002210345.1|NZ_MWQI01000004.1_145	SP	499
GCF_002210425.1|NZ_MWQK01000003.1_8	SP	499
GCF_002210435.1|NZ_MZMV01000050.1_31	SP	438
GCF_002210435.1|NZ_MZMV01000113.1_5	SP	354
GCF_002211105.1|NZ_JPUA01000028.1_92	SP	365
GCF_002211445.1|NZ_LSTO01000005.1_10	SP	362
GCF_002213415.1|NZ_NJGU01000004.1_479	SP	363
GCF_002213425.1|NZ_NJGV01000005.1_30	SP	370
GCF_002214185.1|NZ_CP022161.1_9036	SP	449
GCF_002214185.1|NZ_CP022161.1_9575	SP	421
GCF_002215215.1|NZ_CP018632.1_504	SP	353
GCF_002224125.2|NZ_NCSM02000001.1_7672	SP	326
GCF_002234405.1|NZ_NMQT01000151.1_12	SP	285
GCF_002234595.1|NZ_NMUL01000064.1_79	SP	394
GCF_002234595.1|NZ_NMUL01000068.1_49	SP	745
GCF_002242805.1|NZ_MCGQ01000052.1_13	SP	323
GCF_002243515.1|NZ_CP022657.1_2033	SP	325
GCF_002245535.1|NZ_NKCN01000042.1_30	SP	307
GCF_002246015.1|NZ_NOLJ01000005.1_473	LIPO	323
GCF_002250055.1|NZ_CP018866.1_3687	SP	592
GCF_002250505.1|NZ_NJGY01000001.1_2219	SP	368
GCF_002250505.1|NZ_NJGY01000003.1_430	SP	295
GCF_002250655.1|NZ_NOZR01000019.1_117	SP	278
GCF_002250655.1|NZ_NOZR01000002.1_363	SP	282
GCF_002251735.1|NZ_NOXS01000035.1_445	SP	303
GCF_002251835.1|NZ_NOXV01000177.1_4	LIPO	326
GCF_002260525.1|NZ_MRYI01000010.1_57	SP	354
GCF_002261215.1|NZ_NEVS01000004.1_1947	LIPO	366
GCF_002262875.1|NZ_NKYE01000016.1_144	SP	310
GCF_002278135.3|NZ_CP029425.2_7694	SP	302
GCF_002285795.1|NZ_CP022961.1_1911	LIPO	344
GCF_002285795.1|NZ_CP022961.1_2630	SP	465
GCF_002285795.1|NZ_CP022961.1_3214	SP	427
GCF_002285795.1|NZ_CP022961.1_3861	SP	459
GCF_002285795.1|NZ_CP022961.1_4236	SP	482
GCF_002286785.1|NZ_MUJY01000185.1_55	SP	284
GCF_002286975.1|NZ_NSKB01000003.1_473	SP	350
GCF_002291145.1|NZ_NTGE01000073.1_111	SP	440
GCF_002298975.1|NZ_DBMV01000021.1_330	SP	493
GCF_002298975.1|NZ_DBMV01000001.1_151	SP	370
GCF_002305855.1|NZ_CP022163.1_2025	LIPO	686
GCF_002305855.1|NZ_CP022163.1_2324	SP	331
GCF_002305875.1|NZ_CP022098.1_3070	SP	331
GCF_002305875.1|NZ_CP022098.1_8518	LIPO	690
GCF_002305895.1|NZ_CP022203.1_23	LIPO	632
GCF_002305895.1|NZ_CP022203.1_7114	SP	329
GCF_002343915.1|NZ_NETK01000001.1_4537	SP	445
GCF_002356315.1|NZ_AP018164.1_1124	LIPO	314
GCF_002364335.1|NZ_DEXW01000004.1_106	SP	380
GCF_002364615.1|NZ_DEYP01000003.1_44	SP	646
GCF_002364615.1|NZ_DEYP01000002.1_151	SP	333
GCF_002374315.1|NZ_NWUX01000005.1_165	SP	366
GCF_002374835.1|NZ_NWVD01000001.1_323	SP	313
GCF_002394865.1|NZ_DGUZ01000002.1_4	SP	499
GCF_002395745.1|NZ_DGUN01000051.1_64	SP	494
GCF_002407205.1|NZ_CP023549.1_528	SP	349
GCF_002407605.1|NZ_NXGV01000001.1_614	SP	577
GCF_002415085.1|NZ_DIBV01000004.1_44	SP	645
GCF_002415085.1|NZ_DIBV01000005.1_150	SP	333
GCF_002435145.1|NZ_DJLT01000094.1_13	SP	293
GCF_002435145.1|NZ_DJLT01000130.1_6	SP	361
GCF_002449765.1|NZ_DJXN01000014.1_168	SP	504
GCF_002483225.1|NZ_DLHL01000051.1_59	SP	441
GCF_002499975.2|NZ_CP052766.1_48	SP	316
GCF_002499975.2|NZ_CP052766.1_475	SP	328
GCF_002531575.1|NZ_NWTI01000012.1_125	SP	306
GCF_002532045.1|NZ_NWTG01000035.1_45	SP	308
GCF_002563855.1|NZ_PDJQ01000001.1_632	LIPO	361
GCF_002591895.1|NZ_NISX01000017.1_36	SP	327
GCF_002591895.1|NZ_NISX01000005.1_10	SP	641
GCF_002591975.1|NZ_NVQE01000012.1_67	SP	292
GCF_002705925.1|NZ_NKRE01000001.1_1794	LIPO	282
GCF_002705925.1|NZ_NKRE01000001.1_2552	LIPO	317
GCF_002723835.1|NZ_BEWG01000033.1_66	SP	282
GCF_002723835.1|NZ_BEWG01000055.1_114	LIPO	280
GCF_002735645.1|NZ_PDZG01000012.1_66	SP	362
GCF_002735705.1|NZ_PDZL01000013.1_118	SP	332
GCF_002735705.1|NZ_PDZL01000004.1_195	SP	379
GCF_002735705.1|NZ_PDZL01000008.1_66	SP	294
GCF_002744175.1|NZ_NKHF01000007.1_7	LIPO	332
GCF_002744715.1|NZ_KZ319369.1_318	SP	579
GCF_002750975.1|NZ_PEJS01000001.1_1747	SP	335
GCF_002752635.1|NZ_AYTW01000016.1_44	SP	309
GCF_002752675.1|NZ_CP024608.1_160	SP	578
GCF_002753895.1|NZ_NJER01000001.1_539	SP	312
GCF_002760655.1|NZ_PDOC01000005.1_296	SP	292
GCF_002760665.1|NZ_PDOB01000007.1_51	SP	588
GCF_002761755.1|NZ_PEOG01000022.1_44	SP	413
GCF_002776695.1|NZ_LFJC01000003.1_439	SP	307
GCF_002783505.1|NZ_PFGL01000019.1_177	SP	321
GCF_002783505.1|NZ_PFGL01000019.1_183	SP	684
GCF_002794255.1|NZ_PGGW01000069.1_704	SP	451
GCF_002795245.1|NZ_PGVG01000025.1_92	SP	315
GCF_002797445.1|NZ_PGEP01000001.1_97	LIPO	280
GCF_002797445.1|NZ_PGEP01000001.1_3084	SP	494
GCF_002797495.1|NZ_PGEZ01000001.1_1644	SP	450
GCF_002797555.1|NZ_PGFA01000001.1_35	SP	389
GCF_002797675.1|NZ_PGEX01000001.1_575	SP	502
GCF_002797685.1|NZ_PGFH01000002.1_568	SP	443
GCF_002797895.1|NZ_PGES01000001.1_3770	SP	379
GCF_002797895.1|NZ_PGES01000001.1_4750	SP	332
GCF_002798405.1|NZ_PGGV01000038.1_109	SP	425
GCF_002802985.1|NZ_NVPT01000007.1_52	SP	363
GCF_002803155.1|NZ_NNBP01000009.1_131	SP	353
GCF_002803515.1|NZ_PHQX01000001.1_1741	SP	335
GCF_002806975.1|NZ_NIHD01000001.1_256	SP	578
GCF_002807665.1|NZ_PEAY01000001.1_695	SP	335
GCF_002807685.1|NZ_PEAX01000006.1_160	SP	338
GCF_002811945.1|NZ_NPDX01000003.1_237	LIPO	343
GCF_002811945.1|NZ_NPDX01000005.1_58	SP	339
GCF_002812085.1|NZ_NPDM01000004.1_24	LIPO	345
GCF_002812125.1|NZ_NPDQ01000005.1_63	SP	343
GCF_002813325.1|NZ_PHUG01000001.1_3343	SP	379
GCF_002813325.1|NZ_PHUG01000001.1_4318	SP	332
GCF_002813375.1|NZ_PHUJ01000003.1_2814	SP	338
GCF_002813915.1|NZ_CP019335.1_259	LIPO	299
GCF_002836775.1|NZ_PJAQ01000066.1_314	SP	308
GCF_002843305.1|NZ_PGSG01000073.1_64	SP	450
GCF_002843305.1|NZ_PGSG01000110.1_65	SP	402
GCF_002844555.1|NZ_PJNI01000001.1_174	SP	376
GCF_002845745.1|NZ_PIUM01000026.1_65	SP	307
GCF_002846335.1|NZ_PJMQ01000001.1_2099	SP	292
GCF_002846335.1|NZ_PJMQ01000001.1_4017	SP	376
GCF_002846335.1|NZ_PJMQ01000001.1_4970	SP	332
GCF_002846365.1|NZ_PJMW01000001.1_468	SP	289
GCF_002847285.1|NZ_CP025407.1_6726	SP	329
GCF_002848345.1|NZ_CP025429.1_111	SP	368
GCF_002849735.1|NZ_CP017780.1_6305	SP	286
GCF_002863225.1|NZ_PKEK01000051.1_205	LIPO	276
GCF_002864685.1|NZ_NMQZ01000007.1_20	SP	643
GCF_002869965.1|NZ_PEBS01000019.1_70	SP	379
GCF_002869965.1|NZ_PEBS01000095.1_11	SP	332
GCF_002872415.1|NZ_CP025704.1_901	SP	339
GCF_002872415.1|NZ_CP025704.1_2037	SP	327
GCF_002872415.1|NZ_CP025704.1_2785	SP	566
GCF_002872415.1|NZ_CP025704.1_3384	SP	325
GCF_002878455.1|NZ_NRDQ01000018.1_5	SP	358
GCF_002878455.1|NZ_NRDQ01000019.1_4	SP	378
GCF_002878455.1|NZ_NRDQ01000020.1_25	SP	296
GCF_002878455.1|NZ_NRDQ01000006.1_62	SP	332
GCF_002879615.1|NZ_PNRF01000048.1_24	SP	345
GCF_002879645.1|NZ_PNRE01000075.1_42	SP	350
GCF_002879865.1|NZ_PNXY01000036.1_10	LIPO	387
GCF_002887815.1|NZ_PDHO01000010.1_140	LIPO	320
GCF_002887815.1|NZ_PDHO01000007.1_137	LIPO	277
GCF_002887815.1|NZ_PDHO01000009.1_155	SP	291
GCF_002891435.1|NZ_POUC01000085.1_12	SP	454
GCF_002903145.1|NZ_PPDJ01000002.1_321	SP	327
GCF_002904295.1|NZ_PPHG01000003.1_5	SP	400
GCF_002904295.1|NZ_PPHG01000003.1_61	SP	742
GCF_002904295.1|NZ_PPHG01000065.1_15	SP	448
GCF_002904335.1|NZ_PPHF01000108.1_21	SP	401
GCF_002904335.1|NZ_PPHF01000108.1_82	SP	745
GCF_002910915.1|NZ_NEUF01000114.1_26	SP	494
GCF_002911015.1|NZ_KZ626847.1_18	SP	494
GCF_002911665.1|NZ_MTBP01000002.1_1462	LIPO	315
GCF_002917105.1|NZ_PQFZ01000037.1_10	SP	321
GCF_002920535.1|NZ_PQSS01000001.1_161	SP	508
GCF_002920575.1|NZ_PQSQ01000061.1_11	SP	331
GCF_002920615.1|NZ_PQSU01000027.1_14	SP	423
GCF_002920615.1|NZ_PQSU01000028.1_113	SP	439
GCF_002920635.1|NZ_PQSR01000001.1_190	SP	452
GCF_002920635.1|NZ_PQSR01000010.1_56	SP	332
GCF_002920635.1|NZ_PQSR01000038.1_40	SP	327
GCF_002924365.1|NZ_PQWB01000007.1_42	SP	350
GCF_002926165.1|NZ_MAGP01000135.1_37	SP	412
GCF_002930105.1|NZ_PJRN01000005.1_39	SP	353
GCF_002930645.1|NZ_PSNW01000001.1_386	SP	350
GCF_002930645.1|NZ_PSNW01000001.1_474	LIPO	302
GCF_002930645.1|NZ_PSNW01000001.1_496	SP	345
GCF_002930645.1|NZ_PSNW01000016.1_51	LIPO	356
GCF_002930645.1|NZ_PSNW01000006.1_231	SP	323
GCF_002933465.1|NZ_PSZE01000002.1_122	SP	308
GCF_002933775.1|NZ_BEWV01000208.1_21	SP	413
GCF_002934455.1|NZ_PTIR01000001.1_71	LIPO	371
GCF_002938425.1|NZ_POQU01000041.1_29	SP	361
GCF_002941025.2|NZ_PTJS02000001.1_6545	SP	346
GCF_002943525.1|NZ_CP025394.1_3174	SP	521
GCF_002944315.1|NZ_CP024313.1_440	SP	362
GCF_002946835.1|NZ_CP026652.1_1018	SP	474
GCF_002949795.1|NZ_CP026692.1_198	LIPO	314
GCF_002953255.1|NZ_CP026498.1_7194	SP	510
GCF_002954245.1|NZ_PPTG01000043.1_25	SP	434
GCF_002954385.1|NZ_MQVY01000004.1_271	LIPO	321
GCF_002959965.1|NZ_PREV01000027.1_1005	SP	721
GCF_002959965.1|NZ_PREV01000027.1_1281	LIPO	317
GCF_002967075.1|NZ_PUGE01000003.1_324	LIPO	356
GCF_002993325.1|NZ_PVNO01000027.1_270	SP	354
GCF_002993365.1|NZ_PVNP01000089.1_40	SP	333
GCF_002993365.1|NZ_PVNP01000186.1_2	SP	300
GCF_002993365.1|NZ_PVNP01000204.1_113	SP	648
GCF_002995495.1|NZ_PVZV01000002.1_286	LIPO	295
GCF_003001815.1|NZ_PVMZ01000001.1_339	SP	442
GCF_003001815.1|NZ_PVMZ01000010.1_327	SP	401
GCF_003001815.1|NZ_PVMZ01000014.1_29	SP	329
GCF_003001815.1|NZ_PVMZ01000027.1_49	LIPO	291
GCF_003001935.1|NZ_PVNG01000013.1_270	SP	444
GCF_003001935.1|NZ_PVNG01000026.1_60	SP	430
GCF_003001955.1|NZ_PVNH01000002.1_250	SP	390
GCF_003002065.1|NZ_PVZG01000008.1_197	LIPO	344
GCF_003002095.1|NZ_PVZC01000001.1_1033	SP	313
GCF_003002815.1|NZ_PVTF01000013.1_57	SP	767
GCF_003002815.1|NZ_PVTF01000013.1_88	SP	447
GCF_003002815.1|NZ_PVTF01000023.1_40	SP	309
GCF_003002925.1|NZ_PVTK01000004.1_211	SP	348
GCF_003002955.1|NZ_PVTJ01000016.1_50	SP	434
GCF_003003265.1|NZ_PVTL01000012.1_7	SP	339
GCF_003007715.1|NZ_PXNO01000023.1_331	SP	579
GCF_003014735.1|NZ_PYAX01000002.1_767	SP	394
GCF_003015185.1|NZ_CP027860.1_3761	SP	608
GCF_003020115.1|NZ_PYFX01000002.1_166	SP	306
GCF_003024195.1|NZ_KZ679045.1_152	SP	452
GCF_003025005.1|NZ_PVSS01000017.1_24	SP	377
GCF_003025005.1|NZ_PVSS01000019.1_16	LIPO	385
GCF_003028575.1|NZ_PYUD01000002.1_99	SP	350
GCF_003028655.1|NZ_PYUC01000002.1_134	LIPO	371
GCF_003028855.1|NZ_CP028324.1_3086	SP	291
GCF_003030345.1|NZ_CP028158.1_1634	SP	403
GCF_003030345.1|NZ_CP028158.1_6097	SP	444
GCF_003031405.1|NZ_CP020469.1_3557	SP	366
GCF_003032475.1|NZ_CP028369.1_4850	SP	320
GCF_003032475.1|NZ_CP028369.1_7356	SP	437
GCF_003034845.1|NZ_PZKC01000022.1_7	SP	346
GCF_003044305.1|NZ_PZOX01000003.1_175	SP	332
GCF_003045775.1|NZ_PXNS01000003.1_200	SP	349
GCF_003046315.1|NZ_PZZP01000001.1_2371	SP	326
GCF_003054555.1|NZ_CP026304.1_577	SP	492
GCF_003058085.1|NZ_QBUD01000002.1_404	SP	345
GCF_003061515.1|NZ_CP028924.1_2717	SP	307
GCF_003065605.1|NZ_CP026952.1_703	LIPO	316
GCF_003074055.1|NZ_CP029043.1_2624	SP	328
GCF_003086695.1|NZ_CP025999.1_288	SP	335
GCF_003086695.1|NZ_CP025999.1_3376	SP	277
GCF_003086775.1|NZ_CP026001.1_2208	SP	335
GCF_003086895.1|NZ_CP026004.1_1985	SP	335
GCF_003096355.1|NZ_QEKI01000010.1_107	SP	293
GCF_003097515.1|NZ_CP029188.1_5647	SP	501
GCF_003112515.1|NZ_BEVZ01000002.1_1267	SP	494
GCF_003112515.1|NZ_BEVZ01000002.1_1655	SP	440
GCF_003112535.1|NZ_BEWA01000005.1_116	SP	438
GCF_003112555.1|NZ_BEWB01000002.1_695	SP	488
GCF_003112575.1|NZ_BEWC01000005.1_336	LIPO	358
GCF_003113895.1|NZ_BDUD01000001.1_1397	LIPO	313
GCF_003114815.1|NZ_BFAZ01000005.1_227	LIPO	346
GCF_003116035.1|NZ_LGQW01000015.1_3645	SP	359
GCF_003116095.1|NZ_LGRA01000022.1_410	SP	368
GCF_003119115.1|NZ_CP022364.1_665	SP	374
GCF_003119195.2|NZ_CP022253.1_2148	SP	375
GCF_003121485.1|NZ_QAVX01000006.1_96	SP	340
GCF_003121585.1|NZ_QEOO01000020.1_95	SP	518
GCF_003130795.1|NZ_CP029352.1_397	TAT	360
GCF_003143515.1|NZ_CP029343.1_2878	SP	499
GCF_003143555.1|NZ_CP029347.1_1264	SP	326
GCF_003143775.1|NZ_QFRJ01000009.1_26	SP	377
GCF_003143855.1|NZ_QFRK01000010.1_146	SP	513
GCF_003143855.1|NZ_QFRK01000033.1_60	SP	349
GCF_003143935.1|NZ_QFRX01000001.1_5932	SP	515
GCF_003148565.1|NZ_QGGL01000003.1_237	SP	331
GCF_003148565.1|NZ_QGGL01000014.1_23	SP	768
GCF_003148665.1|NZ_QGGQ01000003.1_132	LIPO	288
GCF_003148685.1|NZ_QGGR01000002.1_27	SP	352
GCF_003148745.1|NZ_QGGU01000001.1_210	SP	680
GCF_003148905.1|NZ_QGHC01000001.1_42	SP	346
GCF_003149185.1|NZ_QGDO01000001.1_1080	SP	319
GCF_003172935.1|NZ_QGKS01000406.1_15	LIPO	299
GCF_003172935.1|NZ_QGKS01000207.1_25	SP	345
GCF_003172955.1|NZ_QGKR01000269.1_1	SP	332
GCF_003173035.1|NZ_QGLE01000003.1_281	LIPO	327
GCF_003173035.1|NZ_QGLE01000003.1_282	SP	316
GCF_003173715.1|NZ_CP029550.1_1675	SP	388
GCF_003182095.1|NZ_QGTJ01000004.1_24	SP	349
GCF_003184905.1|NZ_QFRU01000032.1_16	SP	331
GCF_003201205.1|NZ_QICN01000002.1_143	LIPO	305
GCF_003201205.1|NZ_QICN01000003.1_412	SP	314
GCF_003201655.1|NZ_QJJU01000018.1_72	SP	264
GCF_003201655.1|NZ_QJJU01000032.1_10	LIPO	279
GCF_003203515.1|NZ_BGNG01000001.1_677	SP	347
GCF_003205615.1|NZ_PYBV01000006.1_39	LIPO	297
GCF_003205615.1|NZ_PYBV01000061.1_23	SP	450
GCF_003205615.1|NZ_PYBV01000091.1_1	SP	408
GCF_003205875.1|NZ_PUBZ01000090.1_12	SP	502
GCF_003226535.1|NZ_QKOB01000003.1_25	SP	301
GCF_003231145.1|NZ_QKVP01000005.1_150	SP	495
GCF_003233655.1|NZ_CP029830.1_630	SP	363
GCF_003236305.1|NZ_POTX01000281.1_4	SP	420
GCF_003236315.1|NZ_POTY01000135.1_3	SP	441
GCF_003236315.1|NZ_POTY01000015.1_39	LIPO	320
GCF_003236315.1|NZ_POTY01000292.1_1	SP	326
GCF_003236335.1|NZ_POUB01000393.1_4	SP	334
GCF_003236365.1|NZ_POTZ01000136.1_16	SP	366
GCF_003236395.1|NZ_POUD01000133.1_8	SP	425
GCF_003243465.1|NZ_QFQZ01000145.1_1	SP	272
GCF_003254505.1|NZ_QFYP01000001.1_2146	LIPO	759
GCF_003254575.1|NZ_QJUA01000034.1_21	SP	274
GCF_003254665.1|NZ_QHGY01000010.1_37	SP	344
GCF_003258295.1|NZ_QKYN01000059.1_32	SP	428
GCF_003258515.1|NZ_QGEH01000002.1_325	SP	562
GCF_003258595.1|NZ_QHHQ01000001.1_1528	SP	328
GCF_003258605.2|NZ_CP031264.1_1392	SP	455
GCF_003258605.2|NZ_CP031264.1_3435	SP	548
GCF_003259845.1|NZ_QLMJ01000001.1_493	SP	325
GCF_003259845.1|NZ_QLMJ01000017.1_20	SP	426
GCF_003259905.1|NZ_QLMG01000055.1_5	SP	341
GCF_003260025.2|NZ_QFZU02000216.1_2	SP	362
GCF_003260025.2|NZ_QFZU02000068.1_27	SP	800
GCF_003264365.1|NZ_PYAK01000067.1_16	SP	414
GCF_003264365.1|NZ_PYAK01000084.1_8	SP	445
GCF_003264855.1|NZ_NFZS01000001.1_174	SP	261
GCF_003264855.1|NZ_NFZS01000001.1_1468	SP	340
GCF_003265345.1|NZ_QFWW01000001.1_73	SP	299
GCF_003265345.1|NZ_QFWW01000010.1_31	SP	435
GCF_003265345.1|NZ_QFWW01000029.1_158	SP	405
GCF_003268475.1|NZ_MCIF01000002.1_3969	SP	346
GCF_003268475.1|NZ_MCIF01000002.1_4712	SP	481
GCF_003268675.1|NZ_CP029378.1_1756	SP	437
GCF_003269295.1|NZ_QLTT01000001.1_1130	SP	297
GCF_003269295.1|NZ_QLTT01000003.1_340	SP	440
GCF_003270085.1|NZ_QFDQ01000153.1_32	SP	513
GCF_003270085.1|NZ_QFDQ01000250.1_4	SP	439
GCF_003284725.1|NZ_PGTO01000014.1_59	SP	338
GCF_003284935.1|NZ_QMEV01000016.1_71	LIPO	315
GCF_003284935.1|NZ_QMEV01000030.1_3	LIPO	306
GCF_003284975.1|NZ_QMEU01000093.1_3	LIPO	306
GCF_003289645.1|NZ_QLYX01000015.1_186	SP	414
GCF_003289645.1|NZ_QLYX01000017.1_151	SP	405
GCF_003289645.1|NZ_QLYX01000020.1_115	LIPO	328
GCF_003289645.1|NZ_QLYX01000003.1_384	SP	297
GCF_003289645.1|NZ_QLYX01000003.1_385	SP	310
GCF_003293595.1|NZ_CP022162.1_104	LIPO	311
GCF_003293595.1|NZ_CP022162.1_2469	TAT	431
GCF_003311645.1|NZ_QEST01000235.1_53	SP	320
GCF_003312875.1|NZ_CP015163.1_8245	SP	339
GCF_003313395.1|NZ_QNFZ01000277.1_19	SP	402
GCF_003315035.1|NZ_QNRE01000003.1_532	SP	320
GCF_003315245.1|NZ_QNRT01000002.1_1134	SP	676
GCF_003318275.1|NZ_QOCH01000015.1_320	SP	580
GCF_003323735.1|NZ_QOIM01000034.1_218	SP	357
GCF_003323745.1|NZ_QOIL01000015.1_41	SP	489
GCF_003323745.1|NZ_QOIL01000032.1_38	SP	442
GCF_003324565.1|NZ_QOLA01000003.1_342	SP	505
GCF_003325475.1|NZ_CP029495.1_1101	SP	362
GCF_003330845.1|NZ_CP026121.1_729	SP	424
GCF_003332825.1|NZ_QIRF01000001.1_142	SP	339
GCF_003333305.1|NZ_QOLD01000101.1_23	SP	314
GCF_003336425.1|NZ_QEIO01000062.1_3	SP	337
GCF_003336665.1|NZ_QPIJ01000002.1_120	SP	355
GCF_003336675.1|NZ_QPII01000003.1_106	SP	347
GCF_003336805.1|NZ_QFWJ01000002.1_398	LIPO	343
GCF_003337735.1|NZ_QPJY01000004.1_208	SP	322
GCF_003344965.1|NZ_CP031194.1_305	SP	427
GCF_003349955.1|NZ_QLKQ01000058.1_27	SP	374
GCF_003350475.1|NZ_QQAV01000006.1_250	SP	484
GCF_003350925.1|NZ_KZ857173.1_535	SP	345
GCF_003353055.1|NZ_QKWJ01000201.1_2	SP	369
GCF_003355155.1|NZ_CP031320.1_1890	SP	378
GCF_003367355.1|NZ_CP031413.1_1860	SP	343
GCF_003367375.1|NZ_CP031416.1_2071	SP	349
GCF_003367475.1|NZ_QRHA01000009.1_50	SP	337
GCF_003385215.1|NZ_PQHW01000001.1_42	SP	374
GCF_003386095.1|NZ_QREG01000019.1_55	SP	646
GCF_003386285.1|NZ_QPNC01000024.1_190	SP	336
GCF_003386555.1|NZ_QTTT01000001.1_1314	SP	285
GCF_003387075.1|NZ_QUMQ01000001.1_610	SP	430
GCF_003387075.1|NZ_QUMQ01000001.1_5628	SP	423
GCF_003387075.1|NZ_QUMQ01000001.1_8244	SP	400
GCF_003389455.1|NZ_QUAC01000158.1_26	LIPO	323
GCF_003390335.1|NZ_QUOU01000001.1_265	SP	611
GCF_003390925.1|NZ_QUBS01000064.1_9	SP	489
GCF_003391395.1|NZ_CP024190.1_928	LIPO	283
GCF_003402235.1|NZ_QEWO01000008.1_37	SP	278
GCF_003402475.1|NZ_BFAB01000009.1_60	LIPO	280
GCF_003402975.1|NZ_QURB01000008.1_71	SP	377
GCF_003416895.1|NZ_QVIO01000001.1_400	SP	580
GCF_003417065.2|NZ_QVLT01000009.1_113	SP	402
GCF_003428335.1|NZ_CP031704.1_18	SP	271
GCF_003428335.1|NZ_CP031704.1_1290	LIPO	302
GCF_003428335.1|NZ_CP031704.1_1291	SP	302
GCF_003428335.1|NZ_CP031704.1_1860	SP	324
GCF_003428335.1|NZ_CP031704.1_2922	SP	302
GCF_003428335.1|NZ_CP031704.1_3022	SP	349
GCF_003429565.1|NZ_QUAK01000024.1_24	SP	358
GCF_003434305.1|NZ_QKKX01000031.1_6	SP	417
GCF_003434305.1|NZ_QKKX01000063.1_7	SP	370
GCF_003443615.1|NZ_CP031967.1_193	SP	359
GCF_003443735.1|NZ_CP031969.1_7138	SP	449
GCF_003465495.1|NZ_QSAV01000001.1_46	SP	538
GCF_003470205.1|NZ_QWKP01000174.1_3	SP	332
GCF_003473295.1|NZ_QRMP01000002.1_228	SP	298
GCF_003501385.1|NZ_DNPN01000116.1_3	SP	312
GCF_003543135.1|NZ_DPJG01000007.1_76	SP	358
GCF_003545695.1|NZ_QUZZ01000001.1_277	SP	395
GCF_003545715.1|NZ_QVNU01000003.1_246	SP	395
GCF_003553625.1|NZ_PWEV01000064.1_29	SP	355
GCF_003555545.1|NZ_CP032157.1_901	LIPO	308
GCF_003569045.1|NZ_BFCB01000003.1_20	SP	319
GCF_003574445.1|NZ_KZ984549.1_477	SP	369
GCF_003574835.2|NZ_CP063196.1_4154	SP	419
GCF_003583405.1|NZ_QXEC01000001.1_51	SP	447
GCF_003583765.1|NZ_QXQA01000011.1_85	SP	825
GCF_003583925.1|NZ_QYCN01000034.1_11	SP	391
GCF_003584565.2|NZ_CP031010.1_1708	SP	333
GCF_003589885.1|NZ_CP032402.1_500	SP	352
GCF_003589885.1|NZ_CP032402.1_510	SP	411
GCF_003590795.1|NZ_QYUL01000001.1_1116	SP	350
GCF_003590835.1|NZ_QYUQ01000002.1_753	SP	584
GCF_003590835.1|NZ_QYUQ01000002.1_2613	SP	429
GCF_003590835.1|NZ_QYUQ01000002.1_3721	SP	430
GCF_003590835.1|NZ_QYUQ01000002.1_4177	SP	333
GCF_003590855.1|NZ_QYUP01000111.1_70	SP	358
GCF_003591485.1|NZ_QZCF01000008.1_88	SP	828
GCF_003594875.1|NZ_QZEY01000003.1_224	SP	311
GCF_003595175.1|NZ_CP032419.1_4373	SP	281
GCF_003597675.1|NZ_CP030827.1_976	SP	307
GCF_003598715.1|NZ_QZFU01000045.1_168	SP	320
GCF_003605435.1|NZ_QXQB01000003.1_612	SP	828
GCF_003610235.1|NZ_RAPR01000001.1_2056	SP	559
GCF_003610235.1|NZ_RAPR01000001.1_5680	SP	325
GCF_003610235.1|NZ_RAPR01000001.1_5808	SP	450
GCF_003610235.1|NZ_RAPR01000001.1_7710	LIPO	301
GCF_003610785.1|NZ_RAQQ01000003.1_35	SP	399
GCF_003610785.1|NZ_RAQQ01000004.1_278	LIPO	294
GCF_003611635.1|NZ_RAVZ01000165.1_16	LIPO	695
GCF_003611635.1|NZ_RAVZ01000017.1_26	SP	334
GCF_003611675.1|NZ_RAWA01000204.1_16	SP	334
GCF_003611675.1|NZ_RAWA01000007.1_26	LIPO	702
GCF_003611695.1|NZ_RAWE01000002.1_35	SP	334
GCF_003611695.1|NZ_RAWE01000006.1_27	LIPO	628
GCF_003612055.1|NZ_RAWB01000055.1_5	LIPO	703
GCF_003612055.1|NZ_RAWB01000007.1_20	SP	334
GCF_003612125.1|NZ_RAWI01000002.1_57	LIPO	707
GCF_003612125.1|NZ_RAWI01000047.1_14	SP	334
GCF_003614435.1|NZ_CP025546.1_246	LIPO	314
GCF_003614885.1|NZ_QZMS01000011.1_876	SP	356
GCF_003626535.1|NZ_RBAL01000010.1_112	SP	443
GCF_003626575.1|NZ_RBDY01000005.1_146	SP	320
GCF_003626575.1|NZ_RBDY01000018.1_78	SP	336
GCF_003626595.1|NZ_RBAK01000001.1_783	SP	411
GCF_003626595.1|NZ_RBAK01000001.1_1108	SP	442
GCF_003626595.1|NZ_RBAK01000008.1_82	LIPO	300
GCF_003626595.1|NZ_RBAK01000009.1_194	LIPO	296
GCF_003626595.1|NZ_RBAK01000012.1_145	SP	344
GCF_003626635.1|NZ_RAZT01000003.1_420	SP	402
GCF_003626635.1|NZ_RAZT01000015.1_20	LIPO	294
GCF_003626645.1|NZ_RBAM01000001.1_384	SP	338
GCF_003626655.1|NZ_RBAN01000002.1_718	SP	417
GCF_003626915.1|NZ_CP032570.1_505	SP	320
GCF_003627815.1|NZ_CP032698.1_909	SP	520
GCF_003633685.1|NZ_RBKT01000001.1_290	SP	345
GCF_003633685.1|NZ_RBKT01000001.1_789	LIPO	341
GCF_003633685.1|NZ_RBKT01000001.1_1572	SP	486
GCF_003633685.1|NZ_RBKT01000001.1_5238	SP	443
GCF_003633755.1|NZ_RBIL01000002.1_857	SP	403
GCF_003634495.1|NZ_RBKY01000001.1_2133	SP	410
GCF_003634495.1|NZ_RBKY01000001.1_5129	SP	421
GCF_003634965.1|NZ_RBXP01000011.1_62	SP	315
GCF_003634995.1|NZ_RBXR01000001.1_355	SP	391
GCF_003634995.1|NZ_RBXR01000001.1_1779	SP	446
GCF_003634995.1|NZ_RBXR01000001.1_2384	SP	424
GCF_003635025.1|NZ_RBXX01000002.1_3867	SP	321
GCF_003641205.1|NZ_CP032762.1_437	SP	337
GCF_003664255.1|NZ_RCCV01000001.1_1347	LIPO	300
GCF_003664255.1|NZ_RCCV01000001.1_3252	SP	438
GCF_003664255.1|NZ_RCCV01000003.1_319	SP	420
GCF_003665065.1|NZ_RCHR01000012.1_57	SP	598
GCF_003665435.1|NZ_CP023407.1_238	SP	511
GCF_003665435.1|NZ_CP023407.1_2667	SP	327
GCF_003667505.1|NZ_RCVJ01000099.1_11	LIPO	294
GCF_003667505.1|NZ_RCVJ01000169.1_8	SP	429
GCF_003667705.1|NZ_CP033019.1_744	SP	332
GCF_003667705.1|NZ_CP033019.1_3314	SP	294
GCF_003667705.1|NZ_CP033019.1_5369	SP	376
GCF_003671495.1|NZ_RCHN01000023.1_263	LIPO	333
GCF_003675325.1|NZ_CP033073.1_6396	SP	427
GCF_003696235.1|NZ_RFFJ01000369.1_2	SP	436
GCF_003696265.1|NZ_RFFH01000001.1_24	TAT	347
GCF_003696265.1|NZ_RFFH01000013.1_125	LIPO	321
GCF_003696305.1|NZ_RFFK01000017.1_4	SP	577
GCF_003711105.1|NZ_CP023865.1_3278	SP	416
GCF_003711105.1|NZ_CP023865.1_5028	SP	429
GCF_003711225.1|NZ_CP031030.1_1578	LIPO	306
GCF_003719195.1|NZ_CP024996.1_2781	SP	355
GCF_003719305.1|NZ_RARC01000003.1_131	SP	272
GCF_003722355.1|NZ_QWDD01000001.1_1156	SP	354
GCF_003725545.1|NZ_RJLN01000031.1_50	SP	409
GCF_003725545.1|NZ_RJLN01000051.1_22	SP	330
GCF_003725545.1|NZ_RJLN01000007.1_21	SP	345
GCF_003731635.1|NZ_RCUA01000033.1_112	SP	638
GCF_003731635.1|NZ_RCUA01000053.1_84	SP	333
GCF_003751225.1|NZ_RJKE01000001.1_3103	SP	341
GCF_003751225.1|NZ_RJKE01000001.1_7444	LIPO	288
GCF_003751445.1|NZ_RJUU01000001.1_3729	SP	492
GCF_003751605.1|NZ_RJVJ01000001.1_4967	SP	449
GCF_003751625.1|NZ_RJUL01000009.1_170	SP	633
GCF_003751945.1|NZ_RJKL01000001.1_4659	LIPO	336
GCF_003752005.1|NZ_RJKM01000001.1_352	SP	399
GCF_003752005.1|NZ_RJKM01000001.1_3424	SP	444
GCF_003755175.1|NZ_RKHX01000004.1_140	SP	332
GCF_003762835.1|NZ_RJWA01000010.1_149	LIPO	298
GCF_003762835.1|NZ_RJWA01000003.1_713	SP	441
GCF_003762835.1|NZ_RJWA01000008.1_46	LIPO	349
GCF_003797185.1|NZ_RKMH01000008.1_124	LIPO	325
GCF_003813775.1|NZ_RPDH01000002.1_1389	LIPO	306
GCF_003814695.1|NZ_RKQZ01000001.1_2238	TAT	462
GCF_003814695.1|NZ_RKQZ01000001.1_3183	SP	454
GCF_003820355.1|NZ_RPOK01000002.1_183	SP	332
GCF_003837805.1|NZ_RQIT01000013.1_122	SP	306
GCF_003843835.1|NZ_RKQL01000001.1_479	SP	362
GCF_003851005.1|NZ_BEXT01000001.1_1945	SP	835
GCF_003851545.1|NZ_BHVX01000001.1_120	SP	368
GCF_003851725.1|NZ_BHYL01000240.1_2	SP	468
GCF_003852495.1|NZ_QAJI01000005.1_168	SP	390
GCF_003852545.1|NZ_QAJR01000043.1_19	SP	494
GCF_003853415.1|NZ_QTPP01000064.1_11	SP	489
GCF_003853645.1|NZ_QTPO01000018.1_25	SP	489
GCF_003855155.1|NZ_CP034073.1_1810	SP	331
GCF_003855495.1|NZ_CP034086.1_551	SP	352
GCF_003857015.1|NZ_QGGF01000682.1_6	SP	345
GCF_003857015.1|NZ_QGGF01000501.1_18	SP	409
GCF_003857035.1|NZ_QGSY01000285.1_12	SP	327
GCF_003857035.1|NZ_QGSY01000304.1_7	LIPO	318
GCF_003857055.1|NZ_QGSZ01000177.1_1	SP	403
GCF_003857055.1|NZ_QGSZ01000268.1_11	SP	445
GCF_003858645.1|NZ_RQJP01000002.1_110	SP	309
GCF_003862495.1|NZ_RRCH01000058.1_2	TAT	487
GCF_003865075.1|NZ_BHWB01000001.1_450	SP	299
GCF_003931915.1|NZ_RSAA01000026.1_103	SP	337
GCF_003933745.1|NZ_RSEB01000001.1_164	SP	439
GCF_003933745.1|NZ_RSEB01000001.1_359	SP	436
GCF_003937945.1|NZ_RSEC01000059.1_76	SP	403
GCF_003937945.1|NZ_RSEC01000059.1_154	SP	740
GCF_003937945.1|NZ_RSEC01000060.1_168	SP	272
GCF_003944765.1|NZ_RWIU01000008.1_121	SP	388
GCF_003945385.1|NZ_AP018920.1_6443	SP	333
GCF_003946865.1|NZ_QXTH01000008.1_103	SP	418
GCF_003947415.1|NZ_QHKL01000001.1_1432	SP	285
GCF_003947465.1|NZ_QHJJ01000009.1_7	SP	285
GCF_003955715.1|NZ_CP034463.1_4006	SP	322
GCF_003955715.1|NZ_CP034463.1_5119	SP	450
GCF_003957745.1|NZ_CP020373.1_2954	SP	316
GCF_003958625.1|NZ_RSEL01000018.1_18	SP	319
GCF_003965815.1|NZ_RXOE01000002.1_69	SP	369
GCF_003966155.1|NZ_RXNS01000004.1_113	SP	350
GCF_003967035.1|NZ_AP018560.1_1597	SP	346
GCF_003967355.1|NZ_BIFH01000049.1_6	SP	347
GCF_003967515.1|NZ_BIFQ01000002.1_1620	SP	333
GCF_003967515.1|NZ_BIFQ01000002.1_2104	SP	549
GCF_003967555.1|NZ_BIFS01000001.1_115	LIPO	334
GCF_003967555.1|NZ_BIFS01000001.1_2352	SP	558
GCF_003967555.1|NZ_BIFS01000002.1_1873	SP	333
GCF_003967575.1|NZ_BIFT01000002.1_1698	LIPO	337
GCF_003967575.1|NZ_BIFT01000002.1_2504	SP	554
GCF_003971255.1|NZ_CP034660.1_1073	SP	306
GCF_003984645.1|NZ_RWKI01000002.1_388	SP	429
GCF_003986955.1|NZ_PIPN01000006.1_43	LIPO	358
GCF_003986975.1|NZ_PIPO01000005.1_277	LIPO	358
GCF_003987145.1|NZ_PIPL01000002.1_250	LIPO	341
GCF_003987725.1|NZ_RXJH01000011.1_57	LIPO	369
GCF_003987855.1|NZ_RXIZ01000013.1_52	LIPO	371
GCF_003989665.1|NZ_RZIJ01000053.1_2	SP	361
GCF_003989795.1|NZ_RZHG01000019.1_193	SP	350
GCF_003990185.1|NZ_RZHF01000015.1_241	SP	353
GCF_003990335.1|NZ_CP034683.1_3115	SP	331
GCF_003991355.1|NZ_RCSU01000003.1_209	LIPO	311
GCF_003997495.1|NZ_RZRU01000009.1_240	SP	442
GCF_003999975.1|NZ_RJAC01000013.1_206	SP	437
GCF_003999975.1|NZ_RJAC01000017.1_106	SP	388
GCF_003999975.1|NZ_RJAC01000021.1_109	LIPO	292
GCF_004000825.1|NZ_BILZ01000001.1_238	SP	669
GCF_004000825.1|NZ_BILZ01000042.1_34	SP	574
GCF_004001065.1|NZ_BIML01000003.1_356	SP	587
GCF_004001065.1|NZ_BIML01000018.1_26	SP	672
GCF_004001245.1|NZ_AP018724.1_459	SP	338
GCF_004001265.1|NZ_AP019371.1_7402	SP	452
GCF_004005375.1|NZ_RZUF01000041.1_14	SP	331
GCF_004005495.1|NZ_RZYA01000014.1_91	SP	502
GCF_004005565.1|NZ_SADD01000001.1_768	LIPO	361
GCF_004005815.1|NZ_SACK01000008.1_109	LIPO	307
GCF_004005945.1|NZ_SACS01000018.1_26	SP	323
GCF_004005945.1|NZ_SACS01000008.1_117	SP	335
GCF_004011505.1|NZ_SAUN01000001.1_2240	SP	444
GCF_004011505.1|NZ_SAUN01000001.1_6106	SP	425
GCF_004016505.1|NZ_SACR01000001.1_50	SP	315
GCF_004016515.1|NZ_SACT01000001.1_1152	LIPO	345
GCF_004025965.2|NZ_SAYU02000039.1_5	SP	443
GCF_004028635.1|NZ_ML138678.1_1327	SP	328
GCF_004028635.1|NZ_RQJW01000003.1_778	SP	442
GCF_004054195.1|NZ_SBIW01000008.1_352	SP	293
GCF_004087835.1|NZ_CP035119.1_172	TAT	330
GCF_004102025.1|NZ_CP025228.1_2007	LIPO	365
GCF_004102945.1|NZ_CP019384.1_1319	SP	314
GCF_004114425.1|NZ_RDQF01000065.1_7	SP	315
GCF_004114795.1|NZ_CP035311.1_42	SP	429
GCF_004114795.1|NZ_CP035311.1_265	SP	612
GCF_004114795.1|NZ_CP035311.1_612	SP	567
GCF_004114795.1|NZ_CP035311.1_632	SP	437
GCF_004114795.1|NZ_CP035311.1_971	SP	333
GCF_004114795.1|NZ_CP035311.1_1955	SP	823
GCF_004114795.1|NZ_CP035311.1_2038	SP	444
GCF_004114795.1|NZ_CP035311.1_3289	SP	585
GCF_004114915.1|NZ_CP022219.1_6031	SP	306
GCF_004114935.1|NZ_CP022221.1_8529	SP	315
GCF_004116385.1|NZ_PEIB01000003.1_112	SP	365
GCF_004117935.1|NZ_SDOY01000092.1_35	SP	447
GCF_004118935.1|NZ_CP035375.1_2800	SP	443
GCF_004123905.1|NZ_MZXW01000048.1_27	SP	306
GCF_004124325.1|NZ_QBDT01000001.1_1036	SP	492
GCF_004127445.1|NZ_QEXM01000045.1_271	LIPO	311
GCF_004134825.1|NZ_SDPN01000001.1_60	SP	356
GCF_004134905.2|NZ_SDPQ02000004.1_245	LIPO	313
GCF_004143485.2|NZ_RXOB02000022.1_166	TAT	504
GCF_004143485.2|NZ_RXOB02000022.1_167	TAT	330
GCF_004151105.1|NZ_PHRF01000170.1_4	SP	504
GCF_004193175.1|NZ_SAUH01000001.1_209	SP	439
GCF_004194535.1|NZ_CP025781.1_22	SP	359
GCF_004212635.1|NZ_PSRT01000013.1_77	SP	315
GCF_004216555.1|NZ_SGWQ01000006.1_153	SP	317
GCF_004216895.1|NZ_SGXE01000002.1_537	SP	392
GCF_004216905.1|NZ_SGXJ01000007.1_53	SP	319
GCF_004217135.1|NZ_SHKK01000001.1_1330	SP	344
GCF_004217135.1|NZ_SHKK01000001.1_2911	LIPO	330
GCF_004217135.1|NZ_SHKK01000001.1_3399	SP	412
GCF_004217135.1|NZ_SHKK01000001.1_5885	LIPO	297
GCF_004217285.1|NZ_SHKS01000004.1_451	SP	442
GCF_004217545.1|NZ_SHKY01000001.1_1197	SP	324
GCF_004217545.1|NZ_SHKY01000001.1_2047	LIPO	336
GCF_004217615.1|NZ_SHLD01000001.1_1672	LIPO	299
GCF_004217615.1|NZ_SHLD01000001.1_5922	SP	404
GCF_004296575.1|NZ_SAYT01000001.1_78	SP	261
GCF_004298145.1|NZ_SCRH01000001.1_40	LIPO	280
GCF_004305975.1|NZ_BHZI01000531.1_1	SP	398
GCF_004310685.1|NZ_SISG01000001.1_251	LIPO	326
GCF_004310865.1|NZ_SIXI01000007.1_12	SP	346
GCF_004320525.1|NZ_SIHX01000008.1_160	SP	360
GCF_004322705.1|NZ_SIZZ01000001.1_1329	SP	342
GCF_004322755.1|NZ_CP036401.1_5715	SP	296
GCF_004323735.1|NZ_CP036455.1_3937	SP	423
GCF_004331345.1|NZ_SJJZ01000002.1_1340	SP	319
GCF_004331455.1|NZ_SJJR01000030.1_10	SP	405
GCF_004331455.1|NZ_SJJR01000004.1_239	SP	441
GCF_004337445.1|NZ_SJZB01000053.1_42	SP	315
GCF_004339665.1|NZ_SMMU01000055.1_7	SP	502
GCF_004339665.1|NZ_SMMU01000058.1_7	SP	373
GCF_004341825.1|NZ_SMAG01000003.1_480	SP	340
GCF_004341845.1|NZ_SLVB01000003.1_171	SP	357
GCF_004342025.1|NZ_SLWN01000024.1_35	SP	331
GCF_004342065.1|NZ_SLZU01000066.1_2	SP	339
GCF_004342085.1|NZ_SLWM01000004.1_25	LIPO	341
GCF_004342585.1|NZ_SLZQ01000001.1_271	SP	420
GCF_004342585.1|NZ_SLZQ01000003.1_59	SP	419
GCF_004342585.1|NZ_SLZQ01000003.1_93	SP	434
GCF_004342585.1|NZ_SLZQ01000003.1_95	SP	434
GCF_004342585.1|NZ_SLZQ01000003.1_108	SP	568
GCF_004342585.1|NZ_SLZQ01000003.1_333	SP	415
GCF_004342585.1|NZ_SLZQ01000004.1_179	SP	583
GCF_004342585.1|NZ_SLZQ01000005.1_59	SP	333
GCF_004342585.1|NZ_SLZQ01000010.1_54	SP	343
GCF_004343505.1|NZ_SLXU01000001.1_681	LIPO	325
GCF_004345615.1|NZ_SLWK01000001.1_270	SP	795
GCF_004346265.1|NZ_SMAP01000001.1_485	SP	339
GCF_004346925.1|NZ_CP031167.1_2128	SP	335
GCF_004348265.1|NZ_SMNT01000083.1_1	LIPO	276
GCF_004348315.1|NZ_SMKC01000146.1_7	SP	433
GCF_004348325.1|NZ_SMKF01000105.1_17	SP	295
GCF_004348325.1|NZ_SMKF01000296.1_4	SP	311
GCF_004348415.1|NZ_SMKI01000161.1_5	SP	440
GCF_004348415.1|NZ_SMKI01000065.1_9	SP	330
GCF_004348425.1|NZ_SMKK01000004.1_4	SP	415
GCF_004348425.1|NZ_SMKK01000006.1_35	SP	293
GCF_004348455.1|NZ_SMKA01000247.1_3	SP	445
GCF_004348515.1|NZ_SMKH01000061.1_17	SP	294
GCF_004348525.1|NZ_SMKG01000312.1_1	SP	395
GCF_004348525.1|NZ_SMKG01000099.1_15	LIPO	294
GCF_004348595.1|NZ_SMKD01000218.1_1	SP	313
GCF_004348665.1|NZ_SMKM01000137.1_10	SP	290
GCF_004348665.1|NZ_SMKM01000063.1_5	LIPO	309
GCF_004348675.1|NZ_SMKN01000048.1_29	SP	298
GCF_004348685.1|NZ_SMKO01000158.1_14	SP	436
GCF_004348985.1|NZ_SMKW01000108.1_14	SP	317
GCF_004349015.1|NZ_SMKP01000167.1_6	SP	417
GCF_004349055.1|NZ_SMKX01000018.1_9	SP	444
GCF_004349055.1|NZ_SMKX01000005.1_45	SP	333
GCF_004349235.1|NZ_SMKY01000170.1_17	SP	413
GCF_004349245.1|NZ_SMLC01000034.1_17	SP	290
GCF_004349245.1|NZ_SMLC01000039.1_18	LIPO	309
GCF_004349245.1|NZ_SMLC01000005.1_103	SP	409
GCF_004353915.1|NZ_SMRP01000019.1_112	SP	341
GCF_004358755.1|NZ_SMZY01000002.1_1116	SP	640
GCF_004359965.1|NZ_SMRQ01000034.1_13	SP	337
GCF_004360155.1|NZ_SAIS01000001.1_625	SP	346
GCF_004361065.1|NZ_SELT01000004.1_116	SP	343
GCF_004361855.1|NZ_SNWQ01000024.1_7	SP	506
GCF_004361885.1|NZ_SNWH01000010.1_60	SP	360
GCF_004362215.1|NZ_SNWR01000001.1_6278	SP	445
GCF_004362315.1|NZ_SNWL01000003.1_1249	SP	285
GCF_004362315.1|NZ_SNWL01000007.1_7	LIPO	278
GCF_004362825.1|NZ_SNXZ01000001.1_1486	SP	318
GCF_004362855.1|NZ_SNXW01000001.1_424	SP	334
GCF_004363555.1|NZ_SNZJ01000015.1_73	SP	359
GCF_004363655.1|NZ_SNZH01000014.1_97	SP	602
GCF_004364245.1|NZ_SOAV01000008.1_22	SP	487
GCF_004364245.1|NZ_SOAV01000009.1_249	LIPO	337
GCF_004364325.1|NZ_SOCP01000008.1_240	SP	445
GCF_004364325.1|NZ_SOCP01000010.1_104	SP	300
GCF_004364325.1|NZ_SOCP01000013.1_198	SP	430
GCF_004364935.1|NZ_SOBT01000008.1_1393	SP	315
GCF_004366355.1|NZ_SODV01000002.1_1097	SP	303
GCF_004368965.1|NZ_SORO01000001.1_2236	SP	339
GCF_004368965.1|NZ_SORO01000003.1_243	LIPO	343
GCF_004403185.1|NZ_SOHJ01000014.1_218	SP	419
GCF_004421005.1|NZ_CP038026.1_3160	SP	292
GCF_004519295.1|NZ_SOZH01000005.1_122	SP	498
GCF_004522215.1|NZ_SDLR01000001.1_1017	SP	329
GCF_004571025.1|NZ_SPQT01000014.1_134	SP	302
GCF_004571065.1|NZ_SPQN01000008.1_39	TAT	339
GCF_004614185.1|NZ_SPVF01000039.1_53	SP	350
GCF_004614195.1|NZ_SPUM01000152.1_34	SP	423
GCF_004614235.1|NZ_SPVH01000001.1_31	SP	306
GCF_004683885.1|NZ_CP038440.1_2506	SP	300
GCF_004683965.1|NZ_CP038436.1_619	SP	405
GCF_004684085.1|NZ_SRHZ01000046.1_99	SP	335
GCF_004684775.1|NZ_SRIC01000221.1_15	SP	353
GCF_004745645.1|NZ_SRMB01000007.1_7	SP	389
GCF_004745805.1|NZ_SRLQ01000014.1_33	LIPO	288
GCF_004745805.1|NZ_SRLQ01000018.1_143	LIPO	325
GCF_004745805.1|NZ_SRLQ01000021.1_54	SP	318
GCF_004745945.1|NZ_SRLE01000001.1_126	LIPO	299
GCF_004765605.1|NZ_SRLC01000001.1_2446	SP	388
GCF_004765785.1|NZ_SBIT01000008.1_3	TAT	331
GCF_004765785.1|NZ_SBIT01000008.1_4	TAT	491
GCF_004765805.1|NZ_SBIU01000005.1_111	TAT	334
GCF_004765815.2|NZ_ML974129.1_5	TAT	336
GCF_004765815.2|NZ_ML974129.1_6	TAT	499
GCF_004769235.1|NZ_RQFG01000012.1_242	LIPO	343
GCF_004769525.1|NZ_RQFT01000010.1_33	SP	341
GCF_004769575.1|NZ_RQGA01000002.1_53	LIPO	343
GCF_004770045.1|NZ_RQFO01000016.1_17	SP	343
GCF_004770145.1|NZ_RQFW01000012.1_204	SP	339
GCF_004770145.1|NZ_RQFW01000016.1_72	LIPO	343
GCF_004770265.1|NZ_RQGQ01000009.1_58	LIPO	343
GCF_004770475.1|NZ_RQHK01000017.1_435	SP	339
GCF_004770475.1|NZ_RQHK01000015.1_72	LIPO	343
GCF_004770765.1|NZ_RQFK01000007.1_55	LIPO	343
GCF_004770905.1|NZ_RQHT01000014.1_884	SP	339
GCF_004770905.1|NZ_RQHT01000014.1_1806	LIPO	343
GCF_004784465.1|NZ_SRRU01000009.1_31	SP	493
GCF_004792295.1|NZ_SRRY01000002.1_664	SP	727
GCF_004795015.1|NZ_SSBI01000013.1_18	SP	422
GCF_004795105.1|NZ_SSBL01000002.1_92	SP	493
GCF_004798585.1|NZ_PPXQ01000009.1_114	SP	579
GCF_004798665.1|NZ_CP039292.1_1689	LIPO	357
GCF_004798685.1|NZ_CP039291.1_990	SP	474
GCF_004798935.1|NZ_RAHT01000001.1_318	SP	360
GCF_004798965.1|NZ_SDSD01000004.1_208	SP	357
GCF_004803895.1|NZ_CP021978.1_1149	SP	432
GCF_004834005.1|NZ_STFF01000002.1_62	LIPO	308
GCF_004912155.1|NZ_STGX01000011.1_167	SP	438
GCF_004912275.1|NZ_STGY01000057.1_111	SP	442
GCF_004923295.1|NZ_CP039635.1_260	SP	355
GCF_004923315.1|NZ_CP039649.1_631	SP	355
GCF_005047355.1|NZ_SUMC01000023.1_97	SP	491
GCF_005047655.1|NZ_SUKF01000010.1_50	SP	356
GCF_005047655.1|NZ_SUKF01000010.1_140	LIPO	311
GCF_005048155.1|NZ_SUMB01000002.1_747	LIPO	325
GCF_005048205.1|NZ_SUMF01000003.1_105	SP	362
GCF_005116505.1|NZ_SWBR01000002.1_1134	SP	289
GCF_005116735.1|NZ_SWDB01000009.1_72	LIPO	334
GCF_005116735.1|NZ_SWDB01000021.1_30	SP	319
GCF_005144585.1|NZ_SSMQ01000014.1_148	LIPO	456
GCF_005144635.2|NZ_CP079217.1_4210	LIPO	335
GCF_005144635.2|NZ_CP079217.1_5205	SP	445
GCF_005145025.1|NZ_CP039697.1_38	SP	324
GCF_005222205.1|NZ_CP032345.1_2402	SP	392
GCF_005222225.1|NZ_CP036536.1_2328	SP	325
GCF_005222675.1|NZ_STGE01000009.1_74	SP	358
GCF_005233835.1|NZ_SZQA01000035.1_75	SP	441
GCF_005280195.1|NZ_SZPR01000010.1_325	SP	453
GCF_005280195.1|NZ_SZPR01000030.1_21	SP	331
GCF_005280735.1|NZ_CP040078.1_993	LIPO	378
GCF_005298175.1|NZ_SZYH01000001.1_1455	SP	580
GCF_005405885.1|NZ_BJFL01000004.1_52	SP	323
GCF_005405905.1|NZ_BJHU01000035.1_425	SP	494
GCF_005405925.1|NZ_BJHV01000001.1_9099	SP	340
GCF_005503145.1|NZ_SCNV01000001.1_60	SP	370
GCF_005508865.1|NZ_SCOM01000003.1_568	SP	278
GCF_005670685.2|NZ_CP062008.1_5360	LIPO	308
GCF_005768555.2|NZ_VCHX02000350.1_12	SP	462
GCF_005780185.1|NZ_VBUI01000001.1_109	SP	350
GCF_005843925.1|NZ_VCBC01000007.1_62	SP	764
GCF_005843925.1|NZ_VCBC01000007.1_63	LIPO	364
GCF_005860805.1|NZ_VCEJ01000002.1_1705	SP	808
GCF_005862235.1|NZ_VCEK01000003.1_358	SP	326
GCF_005869855.1|NZ_SZNH01000011.1_4	SP	331
GCF_005869855.1|NZ_SZNH01000024.1_16	LIPO	317
GCF_005870025.1|NZ_VATA01000004.1_67	SP	326
GCF_005871205.1|NZ_SWKM01000011.1_888	SP	582
GCF_005885635.1|NZ_VATY01000001.1_1269	LIPO	335
GCF_005889725.1|NZ_VCKX01000115.1_23	SP	422
GCF_005889725.1|NZ_VCKX01000016.1_44	SP	445
GCF_005889725.1|NZ_VCKX01000037.1_1	SP	308
GCF_005889735.1|NZ_VCKY01000116.1_6	SP	444
GCF_005889735.1|NZ_VCKY01000416.1_5	SP	425
GCF_005889735.1|NZ_VCKY01000087.1_26	SP	414
GCF_005889745.1|NZ_VCKZ01000246.1_4	SP	432
GCF_005889745.1|NZ_VCKZ01000270.1_6	LIPO	310
GCF_005893125.1|NZ_VCJS01000022.1_51	SP	416
GCF_005893125.1|NZ_VCJS01000028.1_61	SP	444
GCF_005893125.1|NZ_VCJS01000087.1_28	SP	424
GCF_005937885.2|NZ_CP042176.1_761	SP	304
GCF_005938655.1|NZ_VCQT01000031.1_28	SP	641
GCF_005938675.2|NZ_VCCH02000018.1_61	SP	305
GCF_006088715.1|NZ_CP030771.1_6744	SP	341
GCF_006152065.1|NZ_VDFW01000005.1_174	SP	341
GCF_006170445.1|NZ_VCNA01000001.1_236	SP	334
GCF_006170445.1|NZ_VCNA01000006.1_252	SP	596
GCF_006227205.1|NZ_VCNG01000005.1_143	SP	330
GCF_006228125.1|NZ_VDFY01000096.1_1	SP	337
GCF_006228385.1|NZ_CP039852.1_2156	SP	332
GCF_006265115.1|NZ_SMDR01000001.1_217	SP	374
GCF_006334915.2|NZ_VDMA02000045.1_23	SP	475
GCF_006334915.2|NZ_VDMA02000048.1_13	SP	456
GCF_006334985.2|NZ_VDLX02000019.1_54	SP	446
GCF_006334985.2|NZ_VDLX02000020.1_27	SP	432
GCF_006334985.2|NZ_VDLX02000006.1_244	SP	444
GCF_006335015.1|NZ_VDGT01000020.1_39	SP	325
GCF_006363815.1|NZ_RRYT01000002.1_28	LIPO	314
GCF_006363815.1|NZ_RRYT01000003.1_230	SP	409
GCF_006363915.1|NZ_CP040946.1_201	LIPO	307
GCF_006385705.1|NZ_VFRQ01000012.1_51	SP	295
GCF_006386545.1|NZ_SWAR01000020.1_93	SP	335
GCF_006402735.1|NZ_CP017174.1_18	LIPO	632
GCF_006402735.1|NZ_CP017174.1_7431	SP	329
GCF_006439015.1|NZ_RCZG01000007.1_100	SP	306
GCF_006439335.1|NZ_SAWY01000021.1_29	SP	314
GCF_006442545.2|NZ_CP083952.1_577	SP	320
GCF_006483445.1|NZ_PPPT01000006.1_44	SP	305
GCF_006494365.1|NZ_VHIP01000012.1_34	SP	334
GCF_006494365.1|NZ_VHIP01000008.1_133	SP	644
GCF_006494775.1|NZ_CP041146.1_4082	SP	355
GCF_006517255.1|NZ_CP041185.1_3713	SP	375
GCF_006517255.1|NZ_CP041185.1_4673	SP	332
GCF_006538325.1|NZ_BJKK01000018.1_27	SP	401
GCF_006538345.1|NZ_BJKL01000004.1_314	SP	338
GCF_006538725.1|NZ_BJLQ01000007.1_22	LIPO	341
GCF_006538725.1|NZ_BJLQ01000039.1_11	SP	475
GCF_006538745.1|NZ_BJLR01000001.1_124	SP	455
GCF_006539185.1|NZ_BJMN01000010.1_1	SP	346
GCF_006539505.1|NZ_BJND01000019.1_59	SP	439
GCF_006539505.1|NZ_BJND01000073.1_9	SP	328
GCF_006539945.1|NZ_BJNZ01000005.1_26	SP	494
GCF_006540305.1|NZ_BJOR01000002.1_10	SP	435
GCF_006542665.1|NZ_AP019735.1_1107	LIPO	291
GCF_006546735.2|NZ_VICD02000049.1_11	SP	610
GCF_006546735.2|NZ_VICD02000262.1_7	LIPO	282
GCF_006547045.1|NZ_CP041242.1_39	SP	282
GCF_006547045.1|NZ_CP041242.1_1850	SP	623
GCF_006547145.1|NZ_CP041244.1_896	SP	288
GCF_006547145.1|NZ_CP041244.1_6250	SP	482
GCF_006547145.1|NZ_CP041244.1_6506	LIPO	314
GCF_006636215.1|NZ_VIFM01000151.1_19	LIPO	337
GCF_006636215.1|NZ_VIFM01000211.1_15	LIPO	627
GCF_006636215.1|NZ_VIFM01000041.1_30	SP	337
GCF_006715395.1|NZ_VFNC01000002.1_1191	SP	442
GCF_006715395.1|NZ_VFNC01000002.1_3389	SP	331
GCF_006715485.1|NZ_VFNH01000001.1_1055	SP	296
GCF_006715485.1|NZ_VFNH01000002.1_1616	SP	580
GCF_006715495.1|NZ_VFNI01000005.1_303	SP	341
GCF_006715635.1|NZ_VFNP01000001.1_1288	SP	489
GCF_006715785.1|NZ_VFNX01000008.1_43	SP	489
GCF_006715865.1|NZ_VFOA01000001.1_2545	SP	476
GCF_006716425.1|NZ_VFOZ01000001.1_5878	SP	340
GCF_006716465.1|NZ_VFPB01000004.1_238	SP	610
GCF_006716565.1|NZ_VFPG01000001.1_5235	SP	308
GCF_006716745.1|NZ_VFPP01000001.1_591	SP	396
GCF_006716745.1|NZ_VFPP01000001.1_3084	SP	435
GCF_006716765.1|NZ_VFPO01000001.1_3441	SP	419
GCF_006716765.1|NZ_VFPO01000001.1_4744	LIPO	312
GCF_006717045.1|NZ_VFPH01000003.1_87	LIPO	283
GCF_006782915.1|NZ_VCNP01000044.1_47	SP	323
GCF_006864685.1|NZ_VIFX01000003.1_186	SP	299
GCF_006874465.1|NZ_VIRL01000026.1_8	SP	486
GCF_006874465.1|NZ_VIRL01000043.1_8	SP	408
GCF_006874475.1|NZ_VIRM01000152.1_1	SP	322
GCF_006874475.1|NZ_VIRM01000026.1_101	SP	430
GCF_006874475.1|NZ_VIRM01000039.1_12	SP	795
GCF_006874475.1|NZ_VIRM01000078.1_10	SP	480
GCF_006970445.1|NZ_CP033877.1_2065	SP	335
GCF_006974125.1|NZ_CP037858.1_222	SP	335
GCF_007004655.1|NZ_ML660090.1_317	SP	622
GCF_007004765.1|NZ_VIKR01000003.1_81	LIPO	328
GCF_007096635.1|NZ_VKAA01000010.1_147	SP	279
GCF_007119985.1|NZ_SKOQ01000182.1_3	LIPO	341
GCF_007176755.1|NZ_BJTV01000010.1_126	SP	492
GCF_007197775.1|NZ_CP041638.1_3206	SP	764
GCF_007197775.1|NZ_CP041638.1_3207	LIPO	359
GCF_007197995.1|NZ_VKKH01000006.1_537	SP	343
GCF_007362775.1|NZ_CP041692.1_4458	SP	300
GCF_007431345.1|NZ_CP041730.1_147	SP	501
GCF_007483665.1|NZ_ML660183.1_255	SP	452
GCF_007483665.1|NZ_ML660183.1_383	SP	325
GCF_007483665.1|NZ_ML660185.1_91	SP	453
GCF_007483665.1|NZ_VIQO01000027.1_192	SP	345
GCF_007483665.1|NZ_VIQO01000048.1_5	SP	558
GCF_007558725.1|NZ_VLPL01000001.1_361	SP	319
GCF_007558865.1|NZ_VLPK01000003.1_304	SP	306
GCF_007625155.1|NZ_VMNK01000003.1_628	SP	350
GCF_007655005.1|NZ_SZVW01000013.1_252	SP	363
GCF_007655005.1|NZ_SZVW01000039.1_32	SP	451
GCF_007671675.1|NZ_VCGW01000001.1_25	SP	578
GCF_007673095.1|NZ_VDYZ01000001.1_67	LIPO	339
GCF_007713715.1|NZ_VJWX01000016.1_3	SP	321
GCF_007741555.1|NZ_CP036526.1_178	SP	588
GCF_007745175.1|NZ_CP036271.1_3491	SP	301
GCF_007746075.1|NZ_CP036339.1_4568	SP	312
GCF_007747215.1|NZ_CP036273.1_4269	SP	302
GCF_007747655.1|NZ_CP036274.1_899	SP	300
GCF_007747655.1|NZ_CP036274.1_4616	SP	300
GCF_007748055.1|NZ_CP036279.1_1894	SP	308
GCF_007748055.1|NZ_CP036279.1_4101	SP	380
GCF_007750655.1|NZ_CP036290.1_3617	SP	317
GCF_007751035.1|NZ_CP036433.1_393	SP	321
GCF_007752345.1|NZ_CP036299.1_2207	SP	312
GCF_007752535.1|NZ_CP036426.1_4408	SP	330
GCF_007827045.1|NZ_RPFW01000002.1_772	SP	513
GCF_007827595.1|NZ_VISR01000025.1_95	SP	323
GCF_007827815.1|NZ_VITH01000007.1_70	SP	374
GCF_007828955.1|NZ_VIVR01000001.1_2997	SP	520
GCF_007829815.1|NZ_VIWT01000006.1_246	SP	481
GCF_007829835.1|NZ_VIWP01000002.1_812	SP	307
GCF_007829875.1|NZ_VIWV01000001.1_4075	SP	351
GCF_007829885.1|NZ_VIWW01000001.1_1178	SP	489
GCF_007830095.1|NZ_VIWZ01000001.1_1874	SP	412
GCF_007830095.1|NZ_VIWZ01000001.1_2749	SP	445
GCF_007830095.1|NZ_VIWZ01000001.1_3830	SP	344
GCF_007830125.1|NZ_VLLG01000003.1_1039	LIPO	303
GCF_007830495.1|NZ_VLKW01000008.1_180	LIPO	360
GCF_007830495.1|NZ_VLKW01000014.1_30	SP	364
GCF_007830615.1|NZ_VLLI01000001.1_79	SP	301
GCF_007830635.1|NZ_VLLA01000016.1_151	SP	306
GCF_007833165.1|NZ_VOBQ01000016.1_159	SP	504
GCF_007874125.1|NZ_CP040128.1_361	SP	338
GCF_007896895.1|NZ_VOGW01000049.1_3	SP	488
GCF_007954275.1|NZ_VOLT01000007.1_119	SP	317
GCF_007970185.1|NZ_CP042431.1_5352	SP	305
GCF_007971025.1|NZ_CP042436.1_2301	SP	300
GCF_007989605.1|NZ_BJUL01000002.1_185	SP	350
GCF_007989625.1|NZ_BJUK01000006.1_40	SP	355
GCF_007989805.1|NZ_BJUB01000008.1_236	SP	457
GCF_007989825.1|NZ_BJUA01000004.1_233	LIPO	350
GCF_007989825.1|NZ_BJUA01000008.1_155	SP	488
GCF_007990265.1|NZ_BJWH01000001.1_70	SP	457
GCF_007990715.1|NZ_BJWY01000015.1_6	SP	443
GCF_007990715.1|NZ_BJWY01000020.1_72	LIPO	315
GCF_007990755.1|NZ_BJXA01000023.1_46	SP	425
GCF_007990755.1|NZ_BJXA01000038.1_10	SP	308
GCF_007990755.1|NZ_BJXA01000056.1_34	SP	312
GCF_007990755.1|NZ_BJXA01000073.1_3	LIPO	299
GCF_007991175.1|NZ_BJXV01000011.1_174	SP	363
GCF_007992195.1|NZ_BJZU01000222.1_2	SP	395
GCF_007992495.1|NZ_BKAJ01000131.1_31	SP	370
GCF_007993045.1|NZ_VOOR01000035.1_32	SP	343
GCF_007993735.1|NZ_CP042453.1_2045	LIPO	363
GCF_007993755.1|NZ_CP042467.1_1218	LIPO	334
GCF_007993935.1|NZ_VITY01000009.1_59	SP	321
GCF_007995215.1|NZ_VCDK01000005.1_466	SP	293
GCF_007998985.1|NZ_CP041659.1_928	SP	320
GCF_008001015.1|NZ_CP042862.1_67	SP	454
GCF_008014745.1|NZ_VPFD01000003.1_176	SP	499
GCF_008015755.1|NZ_SSGF01000010.1_1	SP	307
GCF_008017805.1|NZ_VRTT01000006.1_79	SP	595
GCF_008039565.1|NZ_VDUX01000002.1_401	LIPO	321
GCF_008042045.1|NZ_RDBP01000040.1_32	SP	439
GCF_008042045.1|NZ_RDBP01000057.1_65	SP	492
GCF_008042275.1|NZ_RDBK01000025.1_115	SP	494
GCF_008065375.1|NZ_VJYI01000023.1_53	SP	444
GCF_008065375.1|NZ_VJYI01000024.1_143	SP	425
GCF_008086345.1|NZ_CP043006.1_658	LIPO	298
GCF_008087665.1|NZ_CP042912.1_2141	SP	377
GCF_008119785.1|NZ_VSFA01000004.1_174	SP	400
GCF_008120935.1|NZ_RDBO01000065.1_138	SP	495
GCF_008122265.1|NZ_CP043042.1_121	SP	573
GCF_008123425.1|NZ_VSSS01000035.1_29	SP	306
GCF_008123965.1|NZ_VSTH01000048.1_19	SP	302
GCF_008124865.1|NZ_VNHY01000002.1_741	LIPO	323
GCF_008180415.1|NZ_VTEI01000005.1_14	SP	594
GCF_008180445.1|NZ_VTER01000006.1_154	SP	594
GCF_008180725.1|NZ_VTEV01000004.1_81	SP	594
GCF_008254045.1|NZ_CP042425.1_1783	SP	246
GCF_008271465.1|NZ_VMDU01000001.1_524	SP	289
GCF_008271745.1|NZ_VKKZ01000024.1_73	SP	293
GCF_008274655.1|NZ_VTRV01000041.1_17	SP	341
GCF_008297955.1|NZ_VTPY01000006.1_232	SP	353
GCF_008304605.1|NZ_PIJY01000018.1_45	SP	332
GCF_008312835.1|NZ_VSKS01000033.1_17	SP	327
GCF_008327685.1|NZ_BDDE01000011.1_751	SP	288
GCF_008327685.1|NZ_BDDE01000012.1_448	SP	481
GCF_008327685.1|NZ_BDDE01000012.1_690	LIPO	315
GCF_008329535.1|NZ_NPKR01000005.1_44	SP	333
GCF_008329565.1|NZ_NPKT01000004.1_276	LIPO	278
GCF_008329565.1|NZ_NPKT01000008.1_51	SP	286
GCF_008329585.1|NZ_NPKP01000004.1_354	SP	300
GCF_008329605.1|NZ_NPKO01000006.1_242	SP	310
GCF_008329645.1|NZ_CP043474.1_2913	SP	289
GCF_008364795.1|NZ_VTTM01000007.1_175	SP	355
GCF_008364825.1|NZ_VTTO01000006.1_350	SP	359
GCF_008365375.1|NZ_QOKW01000007.1_102	SP	381
GCF_008365405.1|NZ_QOKV01000023.1_16	SP	375
GCF_008369935.1|NZ_VTUZ01000041.1_64	SP	367
GCF_008370645.1|NZ_VTZN01000100.1_12	LIPO	316
GCF_008370645.1|NZ_VTZN01000109.1_15	LIPO	282
GCF_008370685.1|NZ_VTZU01000105.1_12	SP	377
GCF_008386495.1|NZ_VTHJ01000002.1_89	SP	446
GCF_008386585.1|NZ_VUOB01000028.1_3	SP	311
GCF_008386695.1|NZ_VUOC01000002.1_1331	LIPO	307
GCF_008630535.1|NZ_VWPH01000007.1_295	SP	321
GCF_008632955.1|NZ_CP043959.1_5626	SP	327
GCF_008638305.1|NZ_VTPZ01000012.1_43	SP	302
GCF_008638365.1|NZ_ML703339.1_165	SP	429
GCF_008638415.1|NZ_VWVT01000008.1_23	SP	435
GCF_008638415.1|NZ_VWVT01000023.1_52	SP	437
GCF_008642315.1|NZ_CP029192.1_2040	LIPO	307
GCF_008642335.1|NZ_CP029191.1_3263	SP	355
GCF_008642335.1|NZ_CP029191.1_5351	LIPO	307
GCF_008642355.1|NZ_CP029193.1_5596	LIPO	307
GCF_008693105.1|NZ_VXKK01000031.1_21	LIPO	325
GCF_008704205.1|NZ_VXLC01000011.1_17	SP	321
GCF_008704205.1|NZ_VXLC01000023.1_135	SP	312
GCF_008704395.1|NZ_CP023695.1_463	SP	408
GCF_008704395.1|NZ_CP023695.1_5197	LIPO	307
GCF_008704425.1|NZ_CP023696.1_5575	SP	509
GCF_008704715.1|NZ_CP023689.1_5206	SP	328
GCF_008704715.1|NZ_CP023689.1_7536	SP	438
GCF_008704795.1|NZ_CP023690.1_6920	SP	341
GCF_008704995.1|NZ_CP023747.1_5888	SP	488
GCF_008795955.1|NZ_VMHN01000001.1_468	SP	579
GCF_008801405.1|NZ_VZPV01000003.1_137	SP	493
GCF_008806955.1|NZ_CP031727.1_363	SP	355
GCF_008806975.1|NZ_CP031728.1_3063	SP	392
GCF_008806975.1|NZ_CP031728.1_3536	SP	339
GCF_008824145.1|NZ_CP044407.1_109	LIPO	346
GCF_008824145.1|NZ_CP044407.1_3562	SP	476
GCF_008824145.1|NZ_CP044407.1_8194	SP	321
GCF_008831545.1|NZ_CP044523.1_1331	TAT	498
GCF_008831545.1|NZ_CP044523.1_1332	TAT	336
GCF_008838325.1|NZ_CP042829.1_1366	LIPO	344
GCF_008868155.1|NZ_WBKR01000253.1_1	SP	393
GCF_008868175.1|NZ_WBKT01000010.1_48	SP	404
GCF_008868175.1|NZ_WBKT01000015.1_20	LIPO	314
GCF_008868175.1|NZ_WBKT01000136.1_1	SP	444
GCF_008868685.1|NZ_WBKG01000024.1_68	SP	495
GCF_008905045.1|NZ_VWMY01000058.1_15	SP	472
GCF_008905045.1|NZ_VWMY01000006.1_191	SP	328
GCF_008923185.1|NZ_WBMT01000011.1_28	SP	332
GCF_008923185.1|NZ_WBMT01000012.1_151	LIPO	315
GCF_008923185.1|NZ_WBMT01000020.1_224	SP	410
GCF_008923205.2|NZ_WBMS02000029.1_80	SP	291
GCF_008923205.2|NZ_WBMS02000036.1_61	SP	291
GCF_008923205.2|NZ_WBMS02000044.1_22	SP	416
GCF_008923365.1|NZ_WBMR01000006.1_35	SP	419
GCF_008923365.1|NZ_WBMR01000073.1_5	SP	291
GCF_008929045.1|NZ_VFAH01000014.1_117	SP	361
GCF_008933605.1|NZ_WBUS01000124.1_6	SP	296
GCF_008973465.1|NZ_WBXN01000004.1_2506	SP	329
GCF_008974245.1|NZ_BBZI01000005.1_1027	SP	494
GCF_008974245.1|NZ_BBZI01000007.1_508	SP	440
GCF_008974245.1|NZ_BBZI01000008.1_175	LIPO	321
GCF_008974265.1|NZ_BKZW01000002.1_437	SP	378
GCF_008974265.1|NZ_BKZW01000002.1_635	LIPO	344
GCF_008974265.1|NZ_BKZW01000003.1_508	SP	555
GCF_008974265.1|NZ_BKZW01000003.1_509	SP	340
GCF_008974285.1|NZ_BKZV01000003.1_570	SP	478
GCF_008974285.1|NZ_BKZV01000004.1_288	SP	346
GCF_009026825.1|NZ_CP045032.1_1652	TAT	397
GCF_009184865.1|NZ_CP045096.1_681	SP	447
GCF_009208555.1|NZ_WFLI01000020.1_16	SP	332
GCF_009208555.1|NZ_WFLI01000024.1_68	SP	379
GCF_009208555.1|NZ_WFLI01000058.1_5	SP	360
GCF_009208555.1|NZ_WFLI01000009.1_77	SP	294
GCF_009208565.1|NZ_WFLK01000015.1_49	SP	359
GCF_009208735.1|NZ_WFLJ01000018.1_44	SP	332
GCF_009208735.1|NZ_WFLJ01000004.1_131	SP	292
GCF_009208735.1|NZ_WFLJ01000006.1_172	SP	378
GCF_009295635.1|NZ_WHIW01000001.1_336	SP	654
GCF_009295635.1|NZ_WHIW01000018.1_22	SP	610
GCF_009295635.1|NZ_WHIW01000009.1_81	SP	567
GCF_009362735.1|NZ_WHNP01000008.1_35	LIPO	371
GCF_009362785.1|NZ_WHNQ01000043.1_15	SP	489
GCF_009363155.1|NZ_CP045302.1_3878	SP	501
GCF_009363275.1|NZ_CP045324.1_2833	SP	579
GCF_009363755.1|NZ_CP045417.1_3340	SP	369
GCF_009372255.1|NZ_LXGN01000008.1_62	SP	321
GCF_009377185.1|NZ_VJZC01000009.1_36	SP	331
GCF_009377235.1|NZ_VMNX01000075.1_7	SP	456
GCF_009377235.1|NZ_VMNX01000092.1_13	SP	496
GCF_009377345.1|NZ_WBSL01000005.1_81	LIPO	343
GCF_009379765.1|NZ_WHTD01000011.1_36	SP	321
GCF_009380165.1|NZ_WHUF01000002.1_696	SP	580
GCF_009380215.1|NZ_WHUG01000018.1_15	SP	580
GCF_009429145.1|NZ_CP045480.1_6819	SP	410
GCF_009429145.1|NZ_CP045480.1_7204	SP	311
GCF_009451885.1|NZ_WIAO01000001.1_240	SP	441
GCF_009451885.1|NZ_WIAO01000010.1_23	SP	435
GCF_009467805.1|NZ_WIAY01000001.1_153	SP	335
GCF_009494835.1|NZ_VZBE01000088.1_10	SP	538
GCF_009497655.1|NZ_CP023317.1_421	SP	591
GCF_009498035.1|NZ_CP034550.1_3732	SP	766
GCF_009498035.1|NZ_CP034550.1_4972	SP	386
GCF_009498035.1|NZ_CP034550.1_5908	SP	277
GCF_009604375.1|NZ_WEGH01000002.1_1528	SP	292
GCF_009604385.1|NZ_WEGJ01000001.1_405	SP	414
GCF_009604385.1|NZ_WEGJ01000034.1_43	SP	438
GCF_009604425.1|NZ_WEGI01000023.1_72	LIPO	321
GCF_009604455.1|NZ_WEGL01000002.1_348	SP	489
GCF_009617595.1|NZ_WIXK01000004.1_361	SP	288
GCF_009647655.1|NZ_WJFD01000001.1_2383	LIPO	304
GCF_009649075.1|NZ_CP045737.1_2749	LIPO	316
GCF_009649815.1|NZ_WJIC01000011.1_150	LIPO	316
GCF_009650435.1|NZ_VVIP01000005.1_44	LIPO	311
GCF_009659535.1|NZ_VJZZ01000006.1_318	SP	354
GCF_009664835.1|NZ_CP045929.1_2823	SP	341
GCF_009671205.1|NZ_CP045309.1_1434	SP	444
GCF_009671205.1|NZ_CP045309.1_3475	SP	404
GCF_009671205.1|NZ_CP045309.1_5961	LIPO	304
GCF_009674535.1|NZ_WKJK01000006.1_353	SP	351
GCF_009674565.1|NZ_WKJL01000002.1_6	SP	317
GCF_009674765.1|NZ_WKKF01000001.1_106	SP	640
GCF_009687845.1|NZ_BLAD01000044.1_120	SP	426
GCF_009687845.1|NZ_BLAD01000089.1_20	SP	416
GCF_009687865.1|NZ_BLAE01000008.1_217	SP	318
GCF_009687865.1|NZ_BLAE01000015.1_75	LIPO	298
GCF_009687865.1|NZ_BLAE01000033.1_5	SP	616
GCF_009687885.1|NZ_BLAF01000043.1_30	SP	318
GCF_009687885.1|NZ_BLAF01000066.1_3	SP	616
GCF_009695775.1|NZ_VUNG01000013.1_25	SP	456
GCF_009707425.1|NZ_CP046104.1_2434	SP	403
GCF_009707425.1|NZ_CP046104.1_3537	LIPO	318
GCF_009707545.1|NZ_WLYK01000009.1_116	LIPO	296
GCF_009708005.2|NZ_CP052757.1_3045	SP	498
GCF_009709555.1|NZ_WJBG01000177.1_41	SP	434
GCF_009709555.1|NZ_WJBG01000215.1_53	SP	319
GCF_009711085.1|NZ_WMKA01000032.1_40	SP	493
GCF_009712475.1|NZ_VCJO01000026.1_10	SP	438
GCF_009720365.1|NZ_ML769312.1_808	LIPO	301
GCF_009720365.1|NZ_ML769314.1_354	SP	559
GCF_009720365.1|NZ_WBZD01000021.1_48	SP	322
GCF_009720365.1|NZ_WBZD01000021.1_167	SP	452
GCF_009720365.1|NZ_ML769322.1_150	SP	449
GCF_009720385.1|NZ_WARX01000001.1_878	SP	325
GCF_009720385.1|NZ_WARX01000001.1_997	SP	452
GCF_009720385.1|NZ_WARX01000006.1_154	SP	558
GCF_009720385.1|NZ_ML769304.1_262	LIPO	301
GCF_009720385.1|NZ_ML769310.1_107	SP	449
GCF_009720775.1|NZ_WNKW01000006.1_96	SP	310
GCF_009720835.1|NZ_WNKZ01000090.1_15	SP	292
GCF_009727155.1|NZ_WNWM01000002.1_2626	SP	290
GCF_009728995.1|NZ_VTZW01000022.1_12	SP	428
GCF_009728995.1|NZ_VTZW01000010.1_294	SP	414
GCF_009735685.1|NZ_WHPN01000274.1_17	SP	330
GCF_009735685.1|NZ_WHPN01000292.1_1	LIPO	341
GCF_009741445.1|NZ_CP046507.1_3651	LIPO	306
GCF_009741445.1|NZ_CP046507.1_4529	LIPO	315
GCF_009749385.1|NZ_WBIN01000002.1_373	SP	444
GCF_009749465.1|NZ_WBIS01000002.1_57	SP	408
GCF_009756665.1|NZ_CP037953.1_1275	SP	312
GCF_009756665.1|NZ_CP037953.1_3733	LIPO	327
GCF_009759665.1|NZ_WQNE01000013.1_86	SP	306
GCF_009760405.1|NZ_WRPP01000002.1_736	LIPO	315
GCF_009760405.1|NZ_WRPP01000004.1_494	SP	432
GCF_009760915.1|NZ_VIDQ01000001.1_42	SP	430
GCF_009760915.1|NZ_VIDQ01000007.1_80	SP	410
GCF_009762325.1|NZ_CP034348.1_3308	LIPO	375
GCF_009766065.1|NZ_LMUE01000009.1_64	LIPO	346
GCF_009769385.1|NZ_VKAB01000012.1_169	SP	432
GCF_009769735.1|NZ_WSRO01000002.1_575	SP	509
GCF_009769735.1|NZ_WSRO01000002.1_6114	LIPO	299
GCF_009789225.1|NZ_WSTA01000004.1_69	SP	366
GCF_009791395.1|NZ_WSZK01000015.1_794	TAT	490
GCF_009792235.1|NZ_CP046973.1_5319	SP	358
GCF_009793355.1|NZ_WTKP01000004.1_249	SP	360
GCF_009796285.1|NZ_CP047020.1_6479	SP	402
GCF_009796285.1|NZ_CP047020.1_8524	SP	489
GCF_009799925.1|NZ_WELK01000001.1_357	SP	279
GCF_009799925.1|NZ_WELK01000001.1_358	SP	284
GCF_009799925.1|NZ_WELK01000002.1_141	SP	305
GCF_009799935.1|NZ_WELL01000001.1_453	SP	284
GCF_009799935.1|NZ_WELL01000001.1_454	SP	279
GCF_009799935.1|NZ_WELL01000005.1_205	SP	305
GCF_009807095.1|NZ_WUCC01000002.1_151	SP	449
GCF_009811415.1|NZ_BLIG01000039.1_52	SP	353
GCF_009828585.1|NZ_WSRZ01000003.1_21	SP	329
GCF_009830945.1|NZ_VWVV01000013.1_11	SP	421
GCF_009831215.1|NZ_WUTW01000001.1_471	LIPO	316
GCF_009832905.1|NZ_CP047135.1_1758	SP	335
GCF_009832925.1|NZ_CP047140.1_6607	SP	499
GCF_009834225.1|NZ_CP047176.1_1729	SP	440
GCF_009834345.1|NZ_CP035042.1_4739	SP	353
GCF_009846525.1|NZ_CP024621.1_3443	SP	356
GCF_009846745.1|NZ_AQPF01000042.1_7	SP	636
GCF_009852415.1|NZ_WOXS01000002.1_6994	SP	514
GCF_009857435.1|NZ_WWCK01000001.1_655	SP	286
GCF_009857435.1|NZ_WWCK01000004.1_555	SP	344
GCF_009857445.1|NZ_WWCN01000008.1_65	SP	344
GCF_009857475.1|NZ_WWCJ01000004.1_137	SP	294
GCF_009857505.1|NZ_WWCP01000003.1_51	SP	288
GCF_009857535.1|NZ_WWCS01000001.1_309	SP	362
GCF_009857535.1|NZ_WWCS01000002.1_175	SP	292
GCF_009857595.1|NZ_WWCU01000030.1_61	SP	289
GCF_009857605.1|NZ_WWCT01000011.1_47	SP	346
GCF_009857645.1|NZ_WWCW01000033.1_30	SP	293
GCF_009857645.1|NZ_WWCW01000091.1_4	LIPO	579
GCF_009857655.1|NZ_WWCX01000029.1_5	LIPO	580
GCF_009857655.1|NZ_WWCX01000004.1_133	SP	293
GCF_009857915.1|NZ_WWCM01000021.1_24	SP	329
GCF_009862125.1|NZ_WWHX01000438.1_15	SP	498
GCF_009870065.1|NZ_WWIA01000176.1_3	SP	331
GCF_009901565.1|NZ_WXEW01000003.1_114	SP	436
GCF_009903625.1|NZ_CP047569.1_1858	SP	317
GCF_009903625.1|NZ_CP047569.1_2403	SP	723
GCF_009903685.1|NZ_JAAABI010000009.1_39	LIPO	325
GCF_009905725.1|NZ_JAAAKV010000006.1_121	LIPO	307
GCF_009906795.1|NZ_JAAALN010000272.1_2	SP	359
GCF_009906855.1|NZ_CP047650.1_1563	SP	368
GCF_009906955.1|NZ_CP047656.1_569	SP	371
GCF_009908165.1|NZ_JAAAUC010000008.1_128	LIPO	334
GCF_009908195.1|NZ_JAAAHS010000115.1_11	SP	332
GCF_009908295.1|NZ_JAAALO010000001.1_538	SP	437
GCF_009908315.1|NZ_JAAATW010000003.1_319	SP	288
GCF_009909105.1|NZ_JAAAPK010000011.1_303	SP	334
GCF_009909105.1|NZ_JAAAPK010000013.1_206	LIPO	628
GCF_009909145.1|NZ_JAAAPJ010000001.1_599	SP	334
GCF_009909145.1|NZ_JAAAPJ010000011.1_80	LIPO	627
GCF_009910675.1|NZ_RSEJ01000015.1_101	SP	374
GCF_009910675.1|NZ_RSEJ01000009.1_45	SP	326
GCF_009916105.1|NZ_JAAAXQ010000394.1_6	SP	508
GCF_009923995.1|NZ_RFSK01000011.1_106	SP	373
GCF_009923995.1|NZ_RFSK01000073.1_15	SP	336
GCF_009930815.1|NZ_CP022222.1_6059	SP	585
GCF_009930875.1|NZ_CP025249.1_1636	LIPO	358
GCF_009931115.1|NZ_CP047491.1_170	SP	721
GCF_009931115.1|NZ_CP047491.1_1147	SP	317
GCF_009931115.1|NZ_CP047491.1_1599	SP	327
GCF_009931115.1|NZ_CP047491.1_1601	SP	481
GCF_009932435.1|NZ_BJOU01000001.1_1699	LIPO	284
GCF_009936235.1|NZ_AP022314.1_3919	LIPO	281
GCF_009937955.1|NZ_AP018439.1_4119	SP	579
GCF_009937975.1|NZ_AP018441.1_4073	SP	579
GCF_010092425.1|NZ_CP048030.1_275	LIPO	309
GCF_010092445.1|NZ_CP048031.1_738	SP	329
GCF_010093305.1|NZ_PDWS01000002.1_311	SP	613
GCF_010093445.1|NZ_PDWW01000028.1_29	SP	609
GCF_010499245.1|NZ_JAAGOW010000001.1_2318	SP	431
GCF_010500865.1|NZ_JAAAWN010000007.1_87	SP	349
GCF_010500895.1|NZ_JAAAWO010000003.1_164	SP	369
GCF_010500915.1|NZ_JAAAWP010000015.1_15	SP	351
GCF_010548275.1|NZ_JAAGLT010000014.1_70	SP	444
GCF_010548375.1|NZ_JAAGLY010000006.1_40	SP	438
GCF_010550245.1|NZ_JAAGLU010000020.1_95	SP	444
GCF_010550605.1|NZ_JAAGNI010000264.1_1	SP	414
GCF_010669125.1|NZ_CP048630.1_3347	SP	306
GCF_010685995.1|NZ_JAAGWK010000012.1_64	SP	344
GCF_010723575.1|NZ_BLKZ01000002.1_777	LIPO	314
GCF_010723575.1|NZ_BLKZ01000002.1_787	SP	314
GCF_010726085.1|NZ_AP022560.1_4685	SP	284
GCF_010726245.1|NZ_AP022561.1_4541	SP	269
GCF_010726765.1|NZ_AP022601.1_222	SP	285
GCF_010727605.1|NZ_AP022568.1_1336	LIPO	306
GCF_010727945.1|NZ_AP022569.1_1311	LIPO	304
GCF_010727945.1|NZ_AP022569.1_4069	LIPO	292
GCF_010727945.1|NZ_AP022569.1_4127	LIPO	282
GCF_010728155.1|NZ_AP022605.1_601	SP	279
GCF_010728725.1|NZ_AP022606.1_658	LIPO	280
GCF_010728925.1|NZ_AP022608.1_2151	SP	285
GCF_010729105.1|NZ_AP022573.1_4323	LIPO	278
GCF_010729305.1|NZ_AP022574.1_1856	SP	282
GCF_010729665.1|NZ_AP022610.1_1761	SP	304
GCF_010729895.1|NZ_AP022612.1_5032	SP	351
GCF_010730055.1|NZ_AP022575.1_2682	LIPO	282
GCF_010730195.1|NZ_AP022613.1_556	LIPO	281
GCF_010730195.1|NZ_AP022613.1_820	LIPO	306
GCF_010730355.1|NZ_AP022576.1_3299	LIPO	315
GCF_010730575.1|NZ_AP022614.1_2827	LIPO	306
GCF_010730575.1|NZ_AP022614.1_3058	LIPO	281
GCF_010730575.1|NZ_AP022614.1_3723	LIPO	307
GCF_010730745.1|NZ_AP022615.1_1866	LIPO	314
GCF_010730955.1|NZ_AP022577.1_2874	LIPO	314
GCF_010731115.1|NZ_AP022616.1_4002	LIPO	314
GCF_010731535.1|NZ_AP022581.1_3139	LIPO	311
GCF_010731595.1|NZ_AP022582.1_4000	LIPO	316
GCF_010731595.1|NZ_AP022582.1_4721	LIPO	278
GCF_010731595.1|NZ_AP022582.1_4992	LIPO	306
GCF_010731635.1|NZ_AP022583.1_2475	LIPO	301
GCF_010731655.1|NZ_AP022619.1_3814	LIPO	315
GCF_010731655.1|NZ_AP022619.1_4528	LIPO	278
GCF_010731655.1|NZ_AP022619.1_4805	LIPO	306
GCF_010731675.1|NZ_AP022584.1_2719	LIPO	281
GCF_010731715.1|NZ_AP022587.1_3690	LIPO	315
GCF_010731775.1|NZ_AP022590.1_3112	LIPO	277
GCF_010731775.1|NZ_AP022590.1_3801	LIPO	316
GCF_010731815.2|NZ_AP022593.1_1690	SP	309
GCF_010731855.1|NZ_AP022620.1_112	SP	281
GCF_010731855.1|NZ_AP022620.1_4850	LIPO	281
GCF_010731875.1|NZ_AP022595.1_165	SP	285
GCF_010731895.1|NZ_AP022596.1_1208	LIPO	278
GCF_010731895.1|NZ_AP022596.1_3950	SP	285
GCF_010747475.1|NZ_VSLZ01000008.1_3	TAT	331
GCF_010894405.1|NZ_JAAIYA010000024.1_48	LIPO	337
GCF_010894405.1|NZ_JAAIYA010000005.1_54	LIPO	628
GCF_010894405.1|NZ_JAAIYA010000008.1_5	SP	330
GCF_010894435.1|NZ_JAAIXZ010000012.1_225	SP	330
GCF_010894435.1|NZ_JAAIXZ010000035.1_22	LIPO	628
GCF_010894435.1|NZ_JAAIXZ010000008.1_340	LIPO	333
GCF_010894455.1|NZ_JAAIXY010000018.1_186	LIPO	628
GCF_010894455.1|NZ_JAAIXY010000038.1_25	LIPO	340
GCF_010894455.1|NZ_JAAIXY010000008.1_30	SP	337
GCF_010894475.1|NZ_JAAIYB010000202.1_9	LIPO	627
GCF_010894475.1|NZ_JAAIYB010000407.1_6	SP	329
GCF_010974945.1|NZ_JAAIVB010000085.1_199	SP	342
GCF_010983895.1|NZ_CP048836.1_214	SP	346
GCF_010993745.1|NZ_WOTN01000003.1_880	SP	338
GCF_010993975.1|NZ_JAACZO010000058.1_127	SP	350
GCF_010994375.1|NZ_WHMA01000013.1_46	SP	349
GCF_010998615.1|NZ_JAAEAH010000067.1_47	SP	329
GCF_010998615.1|NZ_JAAEAH010000072.1_34	LIPO	632
GCF_011030405.1|NZ_JAAJTJ010000039.1_6	LIPO	312
GCF_011038655.2|NZ_CP064954.1_1110	LIPO	331
GCF_011044975.1|NZ_JAAKZV010000109.1_11	LIPO	314
GCF_011044975.1|NZ_JAAKZV010000003.1_38	SP	326
GCF_011044995.1|NZ_JAAKZW010000122.1_15	SP	427
GCF_011044995.1|NZ_JAAKZW010000156.1_2	SP	358
GCF_011044995.1|NZ_JAAKZW010000213.1_2	SP	357
GCF_011045015.1|NZ_JAAKZY010000251.1_1	SP	436
GCF_011045025.1|NZ_JAAKZX010000039.1_47	SP	329
GCF_011045025.1|NZ_JAAKZX010000097.1_11	SP	328
GCF_011045035.1|NZ_JAALAA010000001.1_134	SP	402
GCF_011059105.1|NZ_JAALLS010000013.1_41	SP	264
GCF_011064825.1|NZ_CP048751.1_14	SP	304
GCF_011067135.1|NZ_JAAMOW010000010.1_81	SP	365
GCF_011067135.1|NZ_JAAMOW010000005.1_105	LIPO	299
GCF_011067135.1|NZ_JAAMOW010000005.1_179	SP	338
GCF_011067745.1|NZ_JAAMPJ010000014.1_59	SP	406
GCF_011067745.1|NZ_JAAMPJ010000015.1_66	SP	424
GCF_011067745.1|NZ_JAAMPJ010000003.1_611	SP	296
GCF_011074795.1|NZ_JAAMPF010000009.1_91	SP	589
GCF_011090165.1|NZ_JAADJT010000017.1_74	SP	292
GCF_011170125.1|NZ_BLLN01000003.1_35	SP	531
GCF_011193355.1|NZ_CP049780.1_575	SP	491
GCF_011193355.1|NZ_CP049780.1_716	SP	444
GCF_011250635.1|NZ_JAANNP010000001.1_227	SP	332
GCF_011250645.1|NZ_JAANNO010000004.1_309	SP	332
GCF_011297335.1|NZ_JAAOTJ010000002.1_355	SP	458
GCF_011297335.1|NZ_JAAOTJ010000002.1_532	LIPO	299
GCF_011297335.1|NZ_JAAOTJ010000003.1_265	SP	448
GCF_011297335.1|NZ_JAAOTJ010000003.1_363	SP	326
GCF_011297335.1|NZ_JAAOTJ010000035.1_1	SP	344
GCF_011297335.1|NZ_JAAOTJ010000036.1_34	SP	442
GCF_011297335.1|NZ_JAAOTJ010000006.1_85	SP	559
GCF_011317445.1|NZ_JAAAPL010000001.1_2041	SP	660
GCF_011378905.1|NZ_WTPY01000003.1_287	SP	353
GCF_011421595.1|NZ_WTLH01000057.1_9	SP	469
GCF_011421595.1|NZ_WTLH01000099.1_6	SP	425
GCF_011516645.4|NZ_CP088285.1_576	SP	484
GCF_011601265.1|NZ_JAAOLX010000004.1_169	SP	362
GCF_011601275.1|NZ_JAAOLY010000001.1_355	SP	375
GCF_011601275.1|NZ_JAAOLY010000027.1_33	SP	332
GCF_011602365.1|NZ_JAAONZ010000016.1_56	SP	303
GCF_011602485.2|NZ_CP050022.2_7075	SP	306
GCF_011634895.1|NZ_SIRR01000012.1_29	SP	332
GCF_011682045.1|NZ_VVIW01000016.1_89	SP	292
GCF_011682045.1|NZ_VVIW01000027.1_49	SP	578
GCF_011682055.1|NZ_JAAQOM010000007.1_218	SP	337
GCF_011682055.1|NZ_JAAQOM010000009.1_65	SP	350
GCF_011682065.1|NZ_VUYU01000003.1_168	SP	578
GCF_011682145.1|NZ_WHJH01000011.1_110	SP	578
GCF_011682145.1|NZ_WHJH01000055.1_18	SP	292
GCF_011682175.1|NZ_WHJG01000005.1_148	SP	578
GCF_011682235.2|NZ_CP076718.1_2334	LIPO	320
GCF_011683955.1|NZ_JAAQPI010000001.1_658	SP	660
GCF_011694515.1|NZ_CP050192.1_3929	LIPO	281
GCF_011742165.1|NZ_JAAQTO010000017.1_37	SP	353
GCF_011742915.1|NZ_JAAQTN010000012.1_73	SP	344
GCF_011745145.1|NZ_CP050191.1_2236	SP	297
GCF_011753055.1|NZ_VWWJ01000001.1_357	SP	341
GCF_011758805.1|NZ_JAANOW010000001.1_1259	LIPO	271
GCF_011758805.1|NZ_JAANOW010000001.1_3233	SP	305
GCF_011762095.1|NZ_JAASQO010000001.1_312	SP	299
GCF_011764425.1|NZ_BLPF01000002.1_377	SP	441
GCF_011764425.1|NZ_BLPF01000003.1_1034	LIPO	300
GCF_011764445.1|NZ_BLPG01000001.1_2354	LIPO	290
GCF_011764445.1|NZ_BLPG01000001.1_3886	SP	432
GCF_011764545.1|NZ_AP022870.1_2332	SP	443
GCF_011764565.1|NZ_AP022871.1_2091	LIPO	290
GCF_011801125.1|NZ_CP046171.1_831	SP	321
GCF_011801145.1|NZ_CP046172.1_1693	SP	450
GCF_011801145.1|NZ_CP046172.1_3086	SP	311
GCF_011801145.1|NZ_CP046172.1_4725	SP	311
GCF_011801145.1|NZ_CP046172.1_6272	SP	317
GCF_011813015.1|NZ_QHLQ01000002.1_91	SP	278
GCF_011927785.1|NZ_JAATJK010000001.1_787	SP	420
GCF_011947195.1|NZ_JAATVY010000009.1_56	SP	412
GCF_011947225.1|NZ_JAATVW010000001.1_113	LIPO	330
GCF_011947225.1|NZ_JAATVW010000014.1_88	SP	324
GCF_012034175.1|NZ_JAATEJ010000040.1_39	SP	501
GCF_012034175.1|NZ_JAATEJ010000057.1_1	SP	376
GCF_012034245.1|NZ_JAATEO010000016.1_115	SP	403
GCF_012034245.1|NZ_JAATEO010000003.1_40	SP	344
GCF_012034275.1|NZ_JAATEP010000002.1_460	SP	406
GCF_012034275.1|NZ_JAATEP010000036.1_80	SP	427
GCF_012034275.1|NZ_JAATEP010000045.1_73	SP	447
GCF_012034935.1|NZ_JAATEN010000010.1_43	SP	372
GCF_012034935.1|NZ_JAATEN010000002.1_329	SP	340
GCF_012062845.1|NZ_WWNB01000015.1_47	SP	358
GCF_012184385.1|NZ_VSRL01000128.1_16	SP	296
GCF_012184385.1|NZ_VSRL01000062.1_26	SP	436
GCF_012241385.1|NZ_JAAVXB010000002.1_95	SP	324
GCF_012241385.1|NZ_JAAVXB010000002.1_216	SP	348
GCF_012241385.1|NZ_JAAVXB010000003.1_367	SP	343
GCF_012272695.1|NZ_CP050902.1_1284	SP	450
GCF_012272835.1|NZ_JAAWWK010000002.1_430	LIPO	385
GCF_012272835.1|NZ_JAAWWK010000005.1_227	LIPO	371
GCF_012273655.1|NZ_JAAWWP010000005.1_188	SP	370
GCF_012273655.1|NZ_JAAWWP010000006.1_295	SP	337
GCF_012275445.1|NZ_JAAZQK010000007.1_27	SP	313
GCF_012276985.1|NZ_JAAXMM010000002.1_362	SP	377
GCF_012395255.1|NZ_JAAZQD010000003.1_41	LIPO	349
GCF_012396155.1|NZ_JAAXOY010000239.1_2	SP	468
GCF_012396365.1|NZ_JAAXPG010000036.1_34	SP	437
GCF_012427705.1|NZ_CP048602.1_3357	SP	356
GCF_012524115.1|NZ_JAAZWB010000078.1_120	SP	589
GCF_012650175.1|NZ_JAAILI010000080.1_118	SP	340
GCF_012726265.1|NZ_JAASAG010000006.1_41	SP	341
GCF_012767755.2|NZ_AP023189.1_6054	SP	279
GCF_012844345.1|NZ_CP051625.1_2396	SP	302
GCF_012849375.1|NZ_CP051684.1_2238	SP	346
GCF_012849555.1|NZ_CP051685.1_1745	SP	578
GCF_012910705.2|NZ_WTVG02000037.1_184	SP	503
GCF_012910785.2|NZ_WTVH02000010.1_149	SP	504
GCF_012911815.1|NZ_JAATNW010000001.1_455	SP	337
GCF_012911815.1|NZ_JAATNW010000007.1_13	SP	634
GCF_012911925.1|NZ_JAAXKY010000097.1_19	SP	409
GCF_012927045.1|NZ_JABBFW010000005.1_266	SP	425
GCF_012927045.1|NZ_JABBFW010000007.1_232	SP	395
GCF_012927455.1|NZ_JABBPE010000005.1_10	LIPO	492
GCF_012927745.1|NZ_JABBKX010000009.1_106	SP	303
GCF_012932965.1|NZ_JABBXH010000003.1_190	SP	318
GCF_012933445.1|NZ_JABBNC010000001.1_232	LIPO	286
GCF_012933445.1|NZ_JABBNC010000006.1_18	SP	419
GCF_012933655.1|NZ_JABBJJ010000106.1_8	LIPO	630
GCF_012939955.1|NZ_SPMY01000027.1_42	SP	462
GCF_012939995.1|NZ_SPMZ01000066.1_24	SP	458
GCF_012940005.1|NZ_SPMX01000019.1_27	SP	362
GCF_012940005.1|NZ_SPMX01000065.1_8	SP	413
GCF_012985205.1|NZ_JABEKS010000001.1_2129	LIPO	273
GCF_012999535.1|NZ_JABBWV010000012.1_110	SP	479
GCF_012999535.1|NZ_JABBWV010000012.1_147	SP	807
GCF_013003915.1|NZ_JABAIV010000002.1_364	SP	292
GCF_013003915.1|NZ_JABAIV010000007.1_63	SP	579
GCF_013004645.1|NZ_JABEME010000003.1_171	SP	335
GCF_013004695.1|NZ_JABEMG010000003.1_43	SP	427
GCF_013009075.1|NZ_CP053108.1_2174	SP	348
GCF_013046785.1|NZ_CP053189.1_6251	SP	424
GCF_013085465.1|NZ_CP049838.1_1319	SP	432
GCF_013085545.1|NZ_CP039543.1_2688	SP	305
GCF_013113735.1|NZ_CP053346.1_3195	SP	344
GCF_013116825.1|NZ_JABFNS010000144.1_2	SP	329
GCF_013116825.1|NZ_JABFNS010000055.1_24	LIPO	630
GCF_013128195.2|NZ_CP053452.2_5911	SP	508
GCF_013131805.1|NZ_JABJRC010000002.1_252	SP	336
GCF_013141725.1|NZ_WHNZ01000029.1_19	SP	597
GCF_013166575.1|NZ_JABKKE010000004.1_119	SP	597
GCF_013166655.1|NZ_JABKCA010000128.1_6	LIPO	292
GCF_013167895.1|NZ_BLWC01000001.1_1549	SP	495
GCF_013177735.1|NZ_WOEZ01000302.1_2	SP	341
GCF_013179735.1|NZ_JABMEG010000001.1_2500	SP	327
GCF_013186535.1|NZ_JABMCZ010000005.1_302	SP	343
GCF_013200955.2|NZ_CP053697.2_32	SP	284
GCF_013200955.2|NZ_CP053697.2_33	SP	279
GCF_013200955.2|NZ_CP053697.2_2895	SP	302
GCF_013201035.1|NZ_CP053707.1_656	SP	420
GCF_013214175.1|NZ_JABSPA010000012.1_58	SP	318
GCF_013214175.1|NZ_JABSPA010000012.1_66	SP	690
GCF_013215215.1|NZ_JABSOU010000008.1_37	SP	290
GCF_013215345.1|NZ_JABSOV010000012.1_25	SP	686
GCF_013215345.1|NZ_JABSOV010000012.1_34	SP	330
GCF_013280595.1|NZ_JAAATY010000005.1_226	SP	283
GCF_013280595.1|NZ_JAAATY010000028.1_15	SP	455
GCF_013282215.1|NZ_CP048103.1_2912	SP	329
GCF_013283745.1|NZ_JABSTZ010000001.1_114	LIPO	315
GCF_013283795.1|NZ_JABSOD010000009.1_30	SP	333
GCF_013299175.1|NZ_JAAFKF010000066.1_9	SP	348
GCF_013334205.1|NZ_CP054424.1_2753	SP	332
GCF_013337045.2|NZ_CP118259.1_2339	SP	333
GCF_013337115.1|NZ_SGWE01000005.1_163	LIPO	343
GCF_013337765.1|NZ_VBSB01000012.1_78	SP	291
GCF_013337765.1|NZ_VBSB01000002.1_350	LIPO	278
GCF_013337765.1|NZ_VBSB01000003.1_522	LIPO	311
GCF_013340925.1|NZ_WHOR01000032.1_25	SP	375
GCF_013340935.1|NZ_WHOS01000006.1_8	SP	359
GCF_013343235.1|NZ_CP040094.1_2733	LIPO	314
GCF_013349955.1|NZ_JABVXC010000014.1_93	SP	388
GCF_013349995.1|NZ_JABVXF010000005.1_91	SP	333
GCF_013350005.1|NZ_JABVWW010000004.1_162	SP	354
GCF_013359775.1|NZ_JABMCI010000066.1_264	SP	452
GCF_013362815.1|NZ_JABFVK010000026.1_105	SP	417
GCF_013362815.1|NZ_JABFVK010000039.1_37	SP	453
GCF_013362815.1|NZ_JABFVK010000015.1_126	LIPO	303
GCF_013362815.1|NZ_JABFVK010000117.1_16	SP	455
GCF_013363975.1|NZ_JABWGN010000011.1_374	SP	298
GCF_013363995.1|NZ_JABWGO010000006.1_222	SP	298
GCF_013364075.1|NZ_CP054925.1_2314	SP	739
GCF_013364075.1|NZ_CP054925.1_2375	SP	422
GCF_013364195.1|NZ_CP054918.1_42	SP	350
GCF_013364215.1|NZ_CP054923.1_3166	SP	443
GCF_013364235.1|NZ_CP054919.1_7196	SP	450
GCF_013364275.1|NZ_CP054932.1_5329	SP	433
GCF_013364275.1|NZ_CP054932.1_7083	LIPO	310
GCF_013364355.1|NZ_CP054931.1_1802	SP	335
GCF_013366925.1|NZ_JAALDK010000003.1_599	SP	489
GCF_013369485.1|NZ_JABWEB010000022.1_3	SP	313
GCF_013371085.1|NZ_JABWCV010000006.1_218	SP	357
GCF_013372625.1|NZ_JABXFD010000258.1_3	SP	411
GCF_013373795.3|NZ_CP088022.1_5943	SP	309
GCF_013376005.1|NZ_JABMJK010000004.1_143	SP	287
GCF_013377885.1|NZ_JABKAU010000013.1_55	SP	395
GCF_013377905.1|NZ_JABKAV010000001.1_172	SP	390
GCF_013387465.1|NZ_VYGV01000015.1_255	SP	337
GCF_013387495.1|NZ_JABZEE010000006.1_28	SP	490
GCF_013393905.1|NZ_CP040272.1_36	LIPO	314
GCF_013404075.1|NZ_JACBJQ010000026.1_74	LIPO	308
GCF_013404075.1|NZ_JACBJQ010000033.1_12	LIPO	278
GCF_013407765.1|NZ_JACBZD010000001.1_885	SP	436
GCF_013407765.1|NZ_JACBZD010000001.1_1820	SP	348
GCF_013408795.1|NZ_JACCCC010000001.1_731	SP	410
GCF_013409045.1|NZ_JACCBT010000001.1_3863	SP	288
GCF_013409045.1|NZ_JACCBT010000001.1_6123	SP	334
GCF_013409045.1|NZ_JACCBT010000001.1_6955	LIPO	314
GCF_013409365.1|NZ_JACCBA010000001.1_5763	LIPO	314
GCF_013409365.1|NZ_JACCBA010000001.1_6626	SP	334
GCF_013409365.1|NZ_JACCBA010000001.1_8289	SP	288
GCF_013409875.1|NZ_JACCBK010000001.1_938	SP	474
GCF_013410345.1|NZ_JACCFJ010000001.1_1630	SP	316
GCF_013410755.1|NZ_JACCFS010000001.1_771	SP	432
GCF_013410755.1|NZ_JACCFS010000001.1_3161	SP	412
GCF_013410775.1|NZ_JACCFH010000001.1_2262	SP	345
GCF_013415105.1|NZ_JACCDF010000008.1_106	SP	360
GCF_013415125.1|NZ_JACCDE010000002.1_210	SP	370
GCF_013416325.1|NZ_JACCGK010000004.1_273	SP	369
GCF_013416775.1|NZ_SZVI01000009.1_250	SP	346
GCF_013423485.1|NZ_JABFFR010000009.1_3	SP	340
GCF_013425525.1|NZ_JACCKA010000056.1_14	SP	610
GCF_013426735.1|NZ_AP023272.1_1254	SP	333
GCF_013433285.1|NZ_JACAOI010000161.1_200	SP	439
GCF_013433285.1|NZ_JACAOI010000161.1_262	SP	449
GCF_013450295.1|NZ_SKBR01000001.1_1780	SP	375
GCF_013464485.1|NZ_RAUX01000009.1_80	SP	335
GCF_013464915.1|NZ_RAVT01000002.1_133	SP	335
GCF_013466785.1|NZ_CP059163.1_2518	SP	437
GCF_013620825.1|NZ_NJIC01000016.1_74	SP	342
GCF_013626205.1|NZ_QHJE01000001.1_1895	LIPO	369
GCF_013694245.2|NZ_CP059322.2_447	SP	410
GCF_013694245.2|NZ_CP059322.2_1300	SP	441
GCF_013697085.1|NZ_JACEFT010000016.1_36	SP	353
GCF_013744875.1|NZ_CP059399.1_7106	SP	441
GCF_013744875.1|NZ_CP059399.1_7159	LIPO	315
GCF_013761175.1|NZ_JACDUR010000002.1_893	SP	438
GCF_013761175.1|NZ_JACDUR010000009.1_406	SP	433
GCF_013791955.1|NZ_VMSW01000010.1_39	LIPO	300
GCF_013870515.1|NZ_JACBXA010000101.1_5	SP	347
GCF_013870535.1|NZ_JACBXC010000693.1_3	SP	326
GCF_013870535.1|NZ_JACBXC010000920.1_2	SP	334
GCF_013870595.1|NZ_JACBWZ010000078.1_9	SP	432
GCF_013912065.1|NZ_JACESA010000007.1_144	SP	304
GCF_014076985.1|NZ_JACGVA010000066.1_123	SP	301
GCF_014077005.1|NZ_JACGVC010000043.1_51	SP	301
GCF_014077505.1|NZ_JACGWA010000014.1_15	SP	306
GCF_014137995.1|NZ_JACGWV010000001.1_139	SP	415
GCF_014138265.1|NZ_JACGXL010000002.1_491	SP	339
GCF_014138725.1|NZ_JACJID010000002.1_346	SP	328
GCF_014138725.1|NZ_JACJID010000004.1_503	LIPO	347
GCF_014138725.1|NZ_JACJID010000004.1_668	SP	332
GCF_014161445.1|NZ_JABBXA010000008.1_32	SP	454
GCF_014161445.1|NZ_JABBXA010000008.1_94	SP	780
GCF_014164505.1|NZ_JACJFI010000029.1_22	SP	321
GCF_014164585.1|NZ_JACJFM010000018.1_55	SP	567
GCF_014164585.1|NZ_JACJFM010000007.1_168	LIPO	361
GCF_014164785.1|NZ_JACJFN010000001.1_928	SP	279
GCF_014164785.1|NZ_JACJFN010000001.1_929	SP	284
GCF_014164785.1|NZ_JACJFN010000003.1_221	SP	302
GCF_014170375.1|NZ_LZZW01000015.1_141	SP	324
GCF_014171595.1|NZ_CP050451.1_986	SP	579
GCF_014174475.1|NZ_JACJUD010000001.1_864	SP	280
GCF_014174515.1|NZ_JACJUG010000012.1_100	SP	356
GCF_014191715.1|NZ_JACHWY010000002.1_253	LIPO	383
GCF_014191875.1|NZ_JACHXD010000002.1_391	SP	357
GCF_014191875.1|NZ_JACHXD010000023.1_8	SP	299
GCF_014192055.1|NZ_JACHXM010000009.1_39	SP	349
GCF_014192215.1|NZ_JACHXP010000005.1_196	SP	351
GCF_014192215.1|NZ_JACHXP010000008.1_83	SP	493
GCF_014192275.1|NZ_JACHXR010000003.1_47	SP	350
GCF_014192285.1|NZ_JACHXQ010000006.1_51	SP	350
GCF_014192475.1|NZ_JACHXZ010000001.1_822	SP	715
GCF_014192475.1|NZ_JACHXZ010000001.1_841	SP	439
GCF_014192915.1|NZ_JACHYN010000021.1_67	SP	375
GCF_014193375.1|NZ_JACHZF010000010.1_53	SP	348
GCF_014193895.1|NZ_BLZR01000001.1_719	SP	872
GCF_014196125.1|NZ_JACIDA010000001.1_819	SP	304
GCF_014196795.1|NZ_JACIEJ010000004.1_328	SP	334
GCF_014197105.1|NZ_JACIEV010000004.1_298	SP	301
GCF_014197135.1|NZ_JACIFA010000014.1_50	SP	347
GCF_014197755.1|NZ_JACIGE010000010.1_50	SP	366
GCF_014198245.1|NZ_JACIHE010000013.1_3	SP	306
GCF_014199955.1|NZ_JACHOQ010000005.1_136	SP	310
GCF_014200675.1|NZ_JACHCI010000001.1_53	SP	377
GCF_014200675.1|NZ_JACHCI010000003.1_212	SP	332
GCF_014200725.1|NZ_JACHCL010000001.1_210	SP	357
GCF_014200725.1|NZ_JACHCL010000003.1_309	SP	332
GCF_014200725.1|NZ_JACHCL010000004.1_202	SP	388
GCF_014201115.1|NZ_JACHDO010000001.1_4931	SP	425
GCF_014201145.1|NZ_JACHDP010000001.1_1219	SP	412
GCF_014201675.1|NZ_JACHEZ010000009.1_45	LIPO	366
GCF_014201885.1|NZ_JACHFN010000015.1_61	LIPO	619
GCF_014202315.1|NZ_JACHGN010000015.1_86	SP	444
GCF_014202315.1|NZ_JACHGN010000026.1_83	SP	446
GCF_014202335.1|NZ_JACHGP010000002.1_382	SP	310
GCF_014202335.1|NZ_JACHGP010000008.1_215	LIPO	298
GCF_014202425.1|NZ_JACHGT010000004.1_142	SP	394
GCF_014202425.1|NZ_JACHGT010000010.1_94	SP	421
GCF_014202425.1|NZ_JACHGT010000018.1_76	SP	321
GCF_014202475.1|NZ_JACHGV010000007.1_81	SP	452
GCF_014202945.1|NZ_JACHHW010000004.1_291	LIPO	350
GCF_014203355.1|NZ_JACHIR010000004.1_124	SP	422
GCF_014203425.1|NZ_JACHJC010000001.1_5213	SP	410
GCF_014203595.1|NZ_JACHJK010000002.1_114	SP	426
GCF_014203605.1|NZ_JACHJJ010000029.1_26	SP	303
GCF_014203705.1|NZ_JACHJR010000001.1_4034	SP	524
GCF_014203735.1|NZ_JACHJQ010000002.1_679	SP	423
GCF_014203735.1|NZ_JACHJQ010000011.1_27	SP	318
GCF_014203755.1|NZ_JACHJS010000001.1_2607	LIPO	298
GCF_014203855.1|NZ_JACHJV010000003.1_583	SP	488
GCF_014203895.1|NZ_JACHJY010000007.1_73	SP	502
GCF_014204795.1|NZ_JACHMB010000001.1_9854	SP	445
GCF_014204795.1|NZ_JACHMB010000001.1_11929	SP	436
GCF_014204895.1|NZ_JACHMF010000001.1_695	SP	444
GCF_014204915.1|NZ_JACHMH010000001.1_6329	SP	315
GCF_014204935.1|NZ_JACHMJ010000001.1_1159	LIPO	316
GCF_014204945.1|NZ_JACHMN010000001.1_149	SP	457
GCF_014204945.1|NZ_JACHMN010000001.1_1136	SP	455
GCF_014204945.1|NZ_JACHMN010000002.1_1040	SP	431
GCF_014204945.1|NZ_JACHMN010000002.1_1833	SP	334
GCF_014204945.1|NZ_JACHMN010000002.1_2729	SP	415
GCF_014204945.1|NZ_JACHMN010000003.1_800	SP	455
GCF_014204985.1|NZ_JACHMP010000001.1_536	SP	363
GCF_014205015.1|NZ_JACHMO010000001.1_7667	SP	440
GCF_014205055.1|NZ_JACHMS010000001.1_6784	SP	447
GCF_014205055.1|NZ_JACHMS010000001.1_7505	SP	494
GCF_014205135.1|NZ_JACHMY010000001.1_2446	SP	343
GCF_014205155.1|NZ_JACHMX010000001.1_3562	SP	285
GCF_014205215.1|NZ_JACHNC010000001.1_24	LIPO	310
GCF_014205215.1|NZ_JACHNC010000001.1_2891	SP	438
GCF_014205215.1|NZ_JACHNC010000001.1_8296	SP	400
GCF_014205225.1|NZ_JACHNB010000001.1_3800	SP	455
GCF_014205225.1|NZ_JACHNB010000001.1_5302	SP	437
GCF_014205225.1|NZ_JACHNB010000001.1_6651	SP	397
GCF_014205255.1|NZ_JACHNE010000001.1_931	SP	447
GCF_014205335.1|NZ_JACHNH010000001.1_2411	SP	321
GCF_014205335.1|NZ_JACHNH010000001.1_4203	SP	437
GCF_014207095.1|NZ_JACHBG010000040.1_12	SP	362
GCF_014207705.1|NZ_JACHIU010000001.1_2113	SP	316
GCF_014207705.1|NZ_JACHIU010000001.1_2259	SP	452
GCF_014207705.1|NZ_JACHIU010000001.1_5896	SP	466
GCF_014207985.1|NZ_JACHMI010000001.1_2490	SP	429
GCF_014207985.1|NZ_JACHMI010000001.1_4463	SP	395
GCF_014207985.1|NZ_JACHMI010000001.1_5160	SP	416
GCF_014208045.1|NZ_JACHML010000001.1_1437	SP	488
GCF_014208105.1|NZ_JACHMQ010000001.1_1458	SP	288
GCF_014208105.1|NZ_JACHMQ010000001.1_4172	LIPO	315
GCF_014211975.1|NZ_CP060084.1_786	LIPO	341
GCF_014211975.1|NZ_CP060084.1_2649	SP	545
GCF_014216315.1|NZ_CP045702.1_5300	SP	504
GCF_014217335.1|NZ_CP060092.1_2745	LIPO	343
GCF_014217565.1|NZ_CP043661.1_6083	SP	506
GCF_014257025.1|NZ_JACMSF010000001.1_170	SP	431
GCF_014257025.1|NZ_JACMSF010000109.1_5	LIPO	315
GCF_014257025.1|NZ_JACMSF010000056.1_2	SP	323
GCF_014263395.1|NZ_CP058321.1_3339	SP	354
GCF_014270035.1|NZ_JACNEP010000001.1_414	SP	327
GCF_014280965.1|NZ_JACODZ010000008.1_113	SP	289
GCF_014281125.1|NZ_JACOEA010000003.1_112	SP	521
GCF_014284125.1|NZ_JACOFX010000022.1_35	SP	297
GCF_014284305.1|NZ_JACOFW010000003.1_15	LIPO	312
GCF_014323665.1|NZ_JABVEB010000042.1_20	SP	434
GCF_014323725.1|NZ_JABVED010000001.1_149	SP	399
GCF_014324365.1|NZ_QEIG01000004.1_93	SP	293
GCF_014360585.1|NZ_JACIXG010000076.1_11	SP	419
GCF_014378035.1|NZ_JACMOM010000184.1_12	LIPO	306
GCF_014378415.1|NZ_JACMNS010000003.1_20	SP	394
GCF_014489615.1|NZ_CP060825.1_559	SP	493
GCF_014489635.1|NZ_CP060828.1_355	SP	323
GCF_014489635.1|NZ_CP060828.1_1085	SP	428
GCF_014490745.1|NZ_LZEU01000001.1_30	SP	280
GCF_014490745.1|NZ_LZEU01000001.1_31	SP	285
GCF_014490745.1|NZ_LZEU01000001.1_3264	SP	304
GCF_014493765.1|NZ_JACTVJ010000002.1_113	SP	341
GCF_014493765.1|NZ_JACTVJ010000006.1_468	SP	428
GCF_014495685.1|NZ_JACTVI010000140.1_10	SP	340
GCF_014518315.1|NZ_JACVEL010000001.1_363	SP	398
GCF_014518315.1|NZ_JACVEL010000002.1_188	SP	382
GCF_014534645.1|NZ_JACVQF010000180.1_9	LIPO	330
GCF_014534645.1|NZ_JACVQF010000199.1_37	SP	451
GCF_014534645.1|NZ_JACVQF010000200.1_104	SP	514
GCF_014596085.1|NZ_JACCJY010000044.1_33	SP	376
GCF_014596445.1|NZ_MECL01000238.1_1	SP	502
GCF_014596515.1|NZ_MSJQ01000407.1_35	SP	503
GCF_014596745.1|NZ_JABTCF010000009.1_77	LIPO	288
GCF_014596915.1|NZ_JACVWU010000010.1_125	SP	459
GCF_014596915.1|NZ_JACVWU010000018.1_57	SP	449
GCF_014621695.1|NZ_CP061281.1_144	SP	497
GCF_014635325.1|NZ_BMCT01000006.1_47	SP	331
GCF_014635705.1|NZ_BMDI01000001.1_57	SP	330
GCF_014636865.1|NZ_BMER01000004.1_68	LIPO	323
GCF_014636865.1|NZ_BMER01000006.1_84	SP	286
GCF_014637345.1|NZ_BMEX01000017.1_7	SP	331
GCF_014638845.1|NZ_BMFP01000001.1_529	SP	293
GCF_014639655.1|NZ_BMGB01000001.1_493	LIPO	311
GCF_014640815.1|NZ_BMHM01000004.1_212	SP	358
GCF_014641855.1|NZ_BMII01000007.1_87	SP	329
GCF_014644535.1|NZ_BMKW01000004.1_320	SP	309
GCF_014645135.1|NZ_BMLH01000004.1_310	SP	332
GCF_014645355.1|NZ_BMLS01000001.1_360	SP	626
GCF_014645355.1|NZ_BMLS01000006.1_220	SP	332
GCF_014645835.1|NZ_BMMM01000013.1_237	SP	481
GCF_014645895.1|NZ_BMMP01000004.1_242	SP	338
GCF_014646095.1|NZ_BMMU01000011.1_195	SP	445
GCF_014646115.1|NZ_BMMV01000015.1_62	SP	503
GCF_014646155.1|NZ_BMMX01000027.1_27	SP	447
GCF_014646235.1|NZ_BMNB01000036.1_15	SP	403
GCF_014646255.1|NZ_BMNC01000001.1_276	SP	358
GCF_014646255.1|NZ_BMNC01000008.1_48	SP	442
GCF_014646335.1|NZ_BMNG01000002.1_417	SP	323
GCF_014646335.1|NZ_BMNG01000014.1_16	LIPO	340
GCF_014646575.1|NZ_BMNN01000007.1_80	SP	297
GCF_014646695.1|NZ_BMNT01000003.1_48	SP	447
GCF_014646695.1|NZ_BMNT01000055.1_39	SP	463
GCF_014646695.1|NZ_BMNT01000060.1_27	SP	447
GCF_014646695.1|NZ_BMNT01000069.1_2	SP	456
GCF_014646815.1|NZ_BMNZ01000002.1_604	SP	422
GCF_014647435.1|NZ_BMPE01000002.1_288	LIPO	348
GCF_014647435.1|NZ_BMPE01000016.1_57	LIPO	610
GCF_014647515.1|NZ_BMPI01000040.1_50	SP	431
GCF_014647515.1|NZ_BMPI01000053.1_26	SP	407
GCF_014647515.1|NZ_BMPI01000124.1_8	LIPO	345
GCF_014647655.1|NZ_BMPP01000003.1_94	LIPO	344
GCF_014647795.1|NZ_BMPW01000018.1_38	SP	438
GCF_014647795.1|NZ_BMPW01000027.1_72	SP	354
GCF_014647875.1|NZ_BMQA01000008.1_241	SP	328
GCF_014647935.1|NZ_BMQD01000002.1_332	SP	458
GCF_014647935.1|NZ_BMQD01000018.1_39	SP	449
GCF_014648055.1|NZ_BMQJ01000015.1_6	SP	433
GCF_014648055.1|NZ_BMQJ01000023.1_105	SP	357
GCF_014648135.1|NZ_BMQN01000001.1_4	LIPO	614
GCF_014648135.1|NZ_BMQN01000004.1_65	LIPO	348
GCF_014648255.1|NZ_BMQT01000007.1_8	SP	348
GCF_014648295.1|NZ_BMQV01000045.1_1	SP	321
GCF_014648315.1|NZ_BMQW01000002.1_138	SP	329
GCF_014648355.1|NZ_BMQY01000001.1_621	LIPO	341
GCF_014648395.1|NZ_BMRA01000001.1_173	LIPO	294
GCF_014648395.1|NZ_BMRA01000003.1_313	SP	440
GCF_014648395.1|NZ_BMRA01000004.1_275	SP	403
GCF_014648415.1|NZ_BMRB01000001.1_1306	SP	307
GCF_014648415.1|NZ_BMRB01000001.1_1753	SP	413
GCF_014648435.1|NZ_BMRC01000014.1_34	SP	435
GCF_014648475.1|NZ_BMRE01000008.1_9	SP	407
GCF_014648475.1|NZ_BMRE01000026.1_86	SP	448
GCF_014648555.1|NZ_BMRI01000018.1_117	SP	492
GCF_014648595.1|NZ_BMRK01000022.1_28	SP	424
GCF_014648635.1|NZ_BMRM01000005.1_105	SP	420
GCF_014648635.1|NZ_BMRM01000010.1_104	SP	438
GCF_014648675.1|NZ_BMRO01000002.1_71	SP	290
GCF_014648675.1|NZ_BMRO01000021.1_119	SP	409
GCF_014648815.1|NZ_BMRV01000004.1_266	LIPO	329
GCF_014648815.1|NZ_BMRV01000010.1_52	SP	498
GCF_014648855.1|NZ_BMRX01000003.1_113	SP	524
GCF_014648875.1|NZ_BMRY01000008.1_308	SP	436
GCF_014648895.1|NZ_BMRZ01000002.1_762	SP	498
GCF_014648895.1|NZ_BMRZ01000028.1_24	LIPO	304
GCF_014648915.1|NZ_BMSA01000009.1_18	SP	468
GCF_014648995.1|NZ_BMSE01000005.1_226	SP	447
GCF_014648995.1|NZ_BMSE01000015.1_146	SP	493
GCF_014649115.1|NZ_BMSK01000006.1_439	SP	432
GCF_014649335.1|NZ_BMSV01000002.1_27	SP	547
GCF_014649375.1|NZ_BMSX01000040.1_50	SP	437
GCF_014649495.1|NZ_BMTD01000010.1_177	SP	411
GCF_014649535.1|NZ_BMTF01000009.1_53	SP	496
GCF_014649555.1|NZ_BMTG01000002.1_520	SP	436
GCF_014649595.1|NZ_BMTI01000018.1_128	SP	496
GCF_014649655.1|NZ_BMTL01000022.1_150	SP	312
GCF_014649655.1|NZ_BMTL01000034.1_96	SP	447
GCF_014649735.1|NZ_BMTP01000006.1_128	SP	693
GCF_014649735.1|NZ_BMTP01000017.1_43	SP	438
GCF_014649755.1|NZ_BMTQ01000008.1_285	SP	498
GCF_014649775.1|NZ_BMTR01000002.1_339	SP	509
GCF_014649815.1|NZ_BMTT01000003.1_64	SP	513
GCF_014649835.1|NZ_BMTU01000009.1_70	SP	513
GCF_014649875.1|NZ_BMTW01000025.1_34	SP	438
GCF_014649995.1|NZ_BMUC01000009.1_75	SP	513
GCF_014650015.1|NZ_BMUD01000001.1_27	SP	341
GCF_014650035.1|NZ_BMUE01000003.1_98	SP	422
GCF_014650075.1|NZ_BMUG01000004.1_303	SP	446
GCF_014650115.1|NZ_BMUI01000008.1_114	SP	419
GCF_014650115.1|NZ_BMUI01000021.1_107	SP	439
GCF_014650155.1|NZ_BMUK01000005.1_86	SP	447
GCF_014650155.1|NZ_BMUK01000019.1_118	SP	340
GCF_014650275.1|NZ_BMUQ01000002.1_381	SP	482
GCF_014650475.1|NZ_BMVA01000010.1_48	SP	327
GCF_014650575.1|NZ_BMVF01000004.1_190	SP	489
GCF_014650655.1|NZ_BMVJ01000014.1_97	SP	492
GCF_014650675.1|NZ_BMVK01000004.1_36	SP	437
GCF_014650715.1|NZ_BMVM01000002.1_671	SP	341
GCF_014650755.1|NZ_BMVO01000008.1_230	SP	515
GCF_014650815.1|NZ_BMVR01000012.1_83	SP	352
GCF_014650915.1|NZ_BMVW01000016.1_82	SP	407
GCF_014650995.1|NZ_BMWA01000034.1_24	SP	514
GCF_014651015.1|NZ_BMWB01000006.1_200	SP	422
GCF_014651035.1|NZ_BMWC01000004.1_382	SP	438
GCF_014651075.1|NZ_BMWE01000016.1_36	SP	444
GCF_014651135.1|NZ_BMWH01000012.1_40	SP	432
GCF_014651135.1|NZ_BMWH01000012.1_99	SP	495
GCF_014651515.1|NZ_BMXA01000001.1_71	SP	679
GCF_014651775.1|NZ_BMXN01000016.1_52	SP	361
GCF_014651815.1|NZ_BMXP01000001.1_389	SP	633
GCF_014651815.1|NZ_BMXP01000001.1_486	SP	337
GCF_014651855.1|NZ_BMXR01000006.1_263	SP	569
GCF_014651875.1|NZ_BMXS01000003.1_193	SP	353
GCF_014651995.1|NZ_BMXY01000001.1_1635	SP	337
GCF_014652415.1|NZ_BMYT01000003.1_17	SP	312
GCF_014652575.1|NZ_BMZB01000004.1_5	LIPO	326
GCF_014652915.1|NZ_BMZS01000011.1_87	SP	379
GCF_014653195.1|NZ_BNAH01000003.1_33	SP	327
GCF_014653195.1|NZ_BNAH01000011.1_52	SP	311
GCF_014653215.1|NZ_BNAI01000001.1_317	LIPO	297
GCF_014653695.1|NZ_BNAR01000001.1_475	SP	442
GCF_014653695.1|NZ_BNAR01000002.1_753	SP	414
GCF_014653945.1|NZ_BNAU01000001.1_398	SP	375
GCF_014654365.1|NZ_BNAY01000005.1_389	SP	285
GCF_014654675.1|NZ_BNBC01000053.1_67	SP	437
GCF_014654675.1|NZ_BNBC01000082.1_4	SP	489
GCF_014654935.1|NZ_BNBF01000001.1_588	SP	421
GCF_014655715.1|NZ_BNBM01000009.1_16	SP	439
GCF_014655715.1|NZ_BNBM01000019.1_151	SP	327
GCF_014655715.1|NZ_BNBM01000026.1_2	SP	474
GCF_014655955.1|NZ_BNBO01000001.1_248	SP	323
GCF_014655955.1|NZ_BNBO01000020.1_98	SP	490
GCF_014656055.1|NZ_BNBR01000002.1_876	SP	435
GCF_014656055.1|NZ_BNBR01000004.1_49	SP	345
GCF_014656095.1|NZ_BNBT01000017.1_69	SP	343
GCF_014656195.1|NZ_BNBY01000011.1_121	SP	498
GCF_014656295.1|NZ_BNCD01000011.1_20	SP	335
GCF_014656295.1|NZ_BNCD01000014.1_45	SP	333
GCF_014672695.1|NZ_CP053923.1_3087	SP	349
GCF_014695955.1|NZ_JACJPG010000287.1_4	LIPO	307
GCF_014696265.1|NZ_JACJPW010000051.1_24	LIPO	353
GCF_014699115.1|NZ_JACXAD010000029.1_6	SP	406
GCF_014701095.1|NZ_AP023439.1_155	SP	493
GCF_014750655.1|NZ_JABBXD010000002.1_38	SP	332
GCF_014779555.2|NZ_CP094357.1_543	SP	315
GCF_014779555.2|NZ_CP094357.1_2767	SP	603
GCF_014779595.1|NZ_JACXZT010000009.1_71	SP	355
GCF_014779715.1|NZ_JACXYU010000007.1_49	SP	401
GCF_014779795.1|NZ_JACXZS010000006.1_242	SP	349
GCF_014837175.1|NZ_JACYFR010000005.1_104	SP	464
GCF_014838715.1|NZ_CP061947.1_417	LIPO	302
GCF_014840935.1|NZ_CP062005.1_104	SP	368
GCF_014841215.1|NZ_JACYTR010000024.1_44	LIPO	345
GCF_014842025.1|NZ_JACYUY010000028.1_66	SP	582
GCF_014842975.1|NZ_JACYXK010000026.1_193	SP	352
GCF_014842975.1|NZ_JACYXK010000024.1_117	SP	338
GCF_014842995.1|NZ_JACYXL010000003.1_325	SP	327
GCF_014851565.1|NZ_JACVAA010000002.1_646	SP	299
GCF_014851565.1|NZ_JACVAA010000004.1_41	SP	284
GCF_014851565.1|NZ_JACVAA010000004.1_42	SP	278
GCF_014851585.1|NZ_JACVAB010000002.1_357	SP	395
GCF_014851805.1|NZ_JACVAK010000001.1_303	SP	609
GCF_014851865.1|NZ_JACVAM010000001.1_407	SP	278
GCF_014851865.1|NZ_JACVAM010000007.1_41	SP	299
GCF_014851905.1|NZ_JACVAQ010000001.1_1899	SP	284
GCF_014852005.1|NZ_JACVAU010000001.1_1509	SP	610
GCF_014857905.1|NZ_JACYXE010000001.1_343	SP	362
GCF_014858005.1|NZ_JACYOT010000008.1_27	SP	349
GCF_014859505.1|NZ_JACUUD010000031.1_7	SP	355
GCF_014863405.1|NZ_JACZZA010000012.1_171	SP	344
GCF_014863405.1|NZ_JACZZA010000015.1_26	SP	343
GCF_014873145.1|NZ_JADBEK010000001.1_963	SP	487
GCF_014873145.1|NZ_JADBEK010000001.1_4452	SP	430
GCF_014873705.1|NZ_JADBDS010000001.1_1212	SP	288
GCF_014873755.1|NZ_JADBEG010000001.1_86	SP	401
GCF_014873755.1|NZ_JADBEG010000001.1_167	SP	743
GCF_014873915.1|NZ_JADBEJ010000004.1_1722	SP	286
GCF_014873935.1|NZ_JADBDZ010000001.1_5739	SP	330
GCF_014874095.1|NZ_JADBEB010000001.1_199	SP	448
GCF_014874095.1|NZ_JADBEB010000001.1_1636	LIPO	300
GCF_014874095.1|NZ_JADBEB010000001.1_7219	SP	404
GCF_014874095.1|NZ_JADBEB010000001.1_7374	LIPO	297
GCF_014892515.1|NZ_JADBGR010000054.1_103	SP	456
GCF_014897975.1|NZ_JABUYY010000004.1_266	SP	365
GCF_014897985.1|NZ_JABUZA010000023.1_35	SP	353
GCF_014898095.1|NZ_CP062946.1_333	SP	309
GCF_014903745.1|NZ_JACVXA010000005.1_77	SP	335
GCF_014904735.1|NZ_JACZCR010000054.1_39	SP	647
GCF_014904815.1|NZ_JACZFR010000016.1_36	SP	638
GCF_014925385.1|NZ_JACSDK010000009.1_250	SP	387
GCF_014926405.1|NZ_JACXXJ020000005.1_404	SP	333
GCF_014930365.1|NZ_JABXWI010000039.1_12	SP	442
GCF_014931605.1|NZ_CP053382.1_3922	SP	353
GCF_014961315.1|NZ_CP063141.1_219	SP	319
GCF_015101885.1|NZ_CP062941.1_246	LIPO	405
GCF_015101885.1|NZ_CP062941.1_996	SP	582
GCF_015160855.1|NZ_CP063373.1_1219	SP	328
GCF_015160855.1|NZ_CP063373.1_3535	SP	438
GCF_015160875.1|NZ_CP063374.1_2854	SP	328
GCF_015163075.1|NZ_JADDXU010000001.1_49	SP	322
GCF_015163075.1|NZ_JADDXU010000002.1_462	SP	438
GCF_015169395.1|NZ_CP063458.1_2063	SP	247
GCF_015169395.1|NZ_CP063458.1_2080	SP	325
GCF_015207005.2|NZ_JADEXS020000001.1_831	LIPO	318
GCF_015265435.1|NZ_JABJWH010000040.1_112	SP	624
GCF_015278155.1|NZ_JADILN010000001.1_639	SP	727
GCF_015291665.1|NZ_CP030048.1_6574	SP	315
GCF_015291705.1|NZ_CP030050.1_696	SP	306
GCF_015291745.1|NZ_CP030059.1_6638	SP	307
GCF_015351405.1|NZ_JADKMY010000001.1_1151	SP	308
GCF_015352985.1|NZ_JACYXF010000014.1_57	SP	342
GCF_015352985.1|NZ_JACYXF010000048.1_25	SP	361
GCF_015354345.1|NZ_JADKYS010000001.1_49	SP	307
GCF_015354405.1|NZ_JADKYP010000012.1_4	SP	308
GCF_015354405.1|NZ_JADKYP010000014.1_67	LIPO	316
GCF_015354445.1|NZ_JADKYT010000001.1_344	SP	307
GCF_015355715.1|NZ_JACVED010000003.1_326	SP	320
GCF_015355715.1|NZ_JACVED010000005.1_354	SP	324
GCF_015355715.1|NZ_JACVED010000009.1_44	LIPO	299
GCF_015355755.1|NZ_JACVEE010000005.1_140	LIPO	290
GCF_015356825.1|NZ_JAACYW010000033.1_16	SP	441
GCF_015356855.1|NZ_ARXR01000010.1_2	SP	641
GCF_015356865.1|NZ_JAAFZA010000124.1_11	TAT	450
GCF_015453285.1|NZ_JADLZT010000004.1_79	SP	322
GCF_015453285.1|NZ_JADLZT010000004.1_80	LIPO	319
GCF_015475875.1|NZ_JADKYM010000006.1_52	SP	312
GCF_015477765.1|NZ_JADLQQ010000005.1_48	LIPO	296
GCF_015477765.1|NZ_JADLQQ010000007.1_285	SP	362
GCF_015477835.1|NZ_JADLQN010000001.1_1284	SP	347
GCF_015494055.1|NZ_WGBY01000231.1_5	LIPO	331
GCF_015500095.1|NZ_CP062983.1_3961	SP	798
GCF_015500095.1|NZ_CP062983.1_3962	SP	586
GCF_015582655.1|NZ_CP058255.1_5068	SP	591
GCF_015624505.1|NZ_CP061379.1_6865	SP	306
GCF_015645445.1|NZ_JADOGI010000224.1_14	SP	435
GCF_015645445.1|NZ_JADOGI010000024.1_51	SP	387
GCF_015674855.1|NZ_JADMLG010000006.1_130	SP	372
GCF_015686695.1|NZ_JADPMR010000004.1_287	SP	352
GCF_015689175.1|NZ_CP065047.1_1019	LIPO	282
GCF_015689175.1|NZ_CP065047.1_1254	LIPO	305
GCF_015689335.1|NZ_CP065053.1_1315	SP	578
GCF_015690345.1|NZ_JADPUN010000058.1_18	LIPO	300
GCF_015690345.1|NZ_JADPUN010000214.1_29	SP	465
GCF_015690355.1|NZ_JADPRT010000013.1_36	SP	431
GCF_015704865.1|NZ_JADQTO010000018.1_41	SP	392
GCF_015704865.1|NZ_JADQTO010000022.1_111	LIPO	295
GCF_015704865.1|NZ_JADQTO010000003.1_506	SP	445
GCF_015710575.1|NZ_CP065373.1_1527	SP	295
GCF_015711605.1|NZ_JABTEZ010000001.1_451	SP	451
GCF_015711605.1|NZ_JABTEZ010000002.1_1630	LIPO	310
GCF_015711605.1|NZ_JABTEZ010000003.1_359	SP	417
GCF_015712165.1|NZ_JADPZX010000001.1_4792	SP	328
GCF_015751755.1|NZ_JADOUA010000001.1_5939	SP	308
GCF_015751765.1|NZ_JADOTX010000001.1_240	SP	412
GCF_015751765.1|NZ_JADOTX010000001.1_1385	SP	449
GCF_015751765.1|NZ_JADOTX010000001.1_4130	LIPO	297
GCF_015751785.1|NZ_JADOTY010000001.1_156	SP	408
GCF_015751785.1|NZ_JADOTY010000001.1_4626	SP	344
GCF_015751785.1|NZ_JADOTY010000001.1_5732	SP	445
GCF_015751905.1|NZ_JADOUF010000001.1_646	LIPO	299
GCF_015751905.1|NZ_JADOUF010000001.1_1000	SP	386
GCF_015752315.1|NZ_JADOVJ010000001.1_3061	SP	420
GCF_015767275.1|NZ_JADWMY010000001.1_30	SP	365
GCF_015831345.1|NZ_JADWYS010000001.1_260	SP	337
GCF_015864575.1|NZ_JADYWW010000002.1_19	SP	445
GCF_015864665.1|NZ_JADYWU010000002.1_611	SP	447
GCF_015864945.1|NZ_JADYWF010000005.1_8	SP	445
GCF_015864955.1|NZ_JADYWE010000002.1_635	SP	447
GCF_015910445.1|NZ_CP048882.1_3725	SP	346
GCF_015910445.1|NZ_CP048882.1_4027	SP	349
GCF_015910535.1|NZ_JACBJG010000001.1_149	SP	336
GCF_015999245.1|NZ_JAEAMR010000003.1_797	LIPO	325
GCF_016031615.1|NZ_JACYXC010000001.1_3796	SP	367
GCF_016031625.1|NZ_JACCHP010000013.1_10	SP	479
GCF_016031635.1|NZ_JACEGD010000012.1_12	SP	306
GCF_016031655.1|NZ_JACCHQ010000002.1_82	SP	479
GCF_016031655.1|NZ_JACCHQ010000013.1_13	LIPO	306
GCF_016055185.1|NZ_JAECVR010000013.1_34	SP	330
GCF_016056275.1|NZ_JAECZA010000084.1_13	LIPO	315
GCF_016056305.1|NZ_JAECZC010000075.1_12	LIPO	314
GCF_016093545.1|NZ_JADKYX010000029.1_47	SP	339
GCF_016107625.1|NZ_JABASV010000002.1_180	SP	350
GCF_016195855.1|NZ_JACPYU010000008.1_116	SP	493
GCF_016219575.1|NZ_JACRMG010000013.1_8	SP	302
GCF_016287535.1|NZ_JAEFAJ010000035.1_21	LIPO	309
GCF_016343785.1|NZ_JAEINI020000008.1_85	SP	327
GCF_016405965.1|NZ_JAEFCD010000014.1_35	SP	354
GCF_016406085.1|NZ_JAEHFJ010000009.1_16	LIPO	288
GCF_016462545.1|NZ_JAEMTA010000011.1_20	SP	333
GCF_016462545.1|NZ_JAEMTA010000002.1_187	LIPO	288
GCF_016462945.1|NZ_JAEMSG010000030.1_8	SP	287
GCF_016464295.1|NZ_JAEIMH010000003.1_61	SP	428
GCF_016464305.1|NZ_JAEIOJ010000002.1_286	SP	422
GCF_016464385.1|NZ_JADMLH010000013.1_24	SP	440
GCF_016586165.1|NZ_BCPR01000014.1_22	SP	261
GCF_016586165.1|NZ_BCPR01000102.1_2	SP	340
GCF_016587375.1|NZ_BNJG01000001.1_950	LIPO	334
GCF_016587375.1|NZ_BNJG01000003.1_1615	SP	760
GCF_016587375.1|NZ_BNJG01000003.1_1616	SP	340
GCF_016587415.1|NZ_BNJI01000001.1_3722	LIPO	334
GCF_016587415.1|NZ_BNJI01000003.1_562	SP	760
GCF_016587415.1|NZ_BNJI01000003.1_563	SP	340
GCF_016595245.1|NZ_JAENHM010000002.1_45	SP	359
GCF_016598475.1|NZ_JAEMUX010000011.1_72	SP	464
GCF_016598615.1|NZ_CP066831.1_6558	SP	462
GCF_016612505.1|NZ_JAENRR010000009.1_58	LIPO	299
GCF_016612535.1|NZ_JAENXS010000001.1_1655	SP	306
GCF_016612545.1|NZ_JAENRY010000158.1_6	SP	442
GCF_016632335.1|NZ_JAEPBG010000023.1_46	SP	361
GCF_016632335.1|NZ_JAEPBG010000045.1_7	SP	350
GCF_016632335.1|NZ_JAEPBG010000006.1_122	SP	349
GCF_016632405.1|NZ_JAEPIV010000030.1_17	SP	375
GCF_016641735.1|NZ_JAEDAO010000001.1_2855	SP	364
GCF_016654115.1|NZ_JAEQAZ010000010.1_43	SP	443
GCF_016703645.1|NZ_JADJBR010000009.1_609	SP	337
GCF_016714285.1|NZ_JADJNN010000010.1_186	LIPO	857
GCF_016722965.1|NZ_JAEQNB010000003.1_484	SP	769
GCF_016722965.1|NZ_JAEQNB010000006.1_289	SP	335
GCF_016735515.1|NZ_JAERQZ010000001.1_473	SP	514
GCF_016735515.1|NZ_JAERQZ010000001.1_2873	SP	504
GCF_016735515.1|NZ_JAERQZ010000002.1_242	SP	324
GCF_016741775.1|NZ_JAERRK010000011.1_102	SP	414
GCF_016741775.1|NZ_JAERRK010000026.1_65	SP	337
GCF_016741785.1|NZ_JAERRL010000017.1_47	SP	323
GCF_016741855.1|NZ_JAERRH010000016.1_113	SP	425
GCF_016741935.1|NZ_JAERRG010000018.1_10	SP	305
GCF_016741935.1|NZ_JAERRG010000024.1_108	SP	489
GCF_016742955.1|NZ_JABBYC010000001.1_245	SP	446
GCF_016742955.1|NZ_JABBYC010000022.1_1	SP	337
GCF_016743775.1|NZ_JAEQMY010000103.1_17	SP	386
GCF_016743815.1|NZ_CP061035.1_424	SP	322
GCF_016744625.1|NZ_JADGDZ010000067.1_14	SP	288
GCF_016745235.1|NZ_JAELVM010000001.1_2059	SP	391
GCF_016745425.1|NZ_JAERVK010000015.1_76	SP	327
GCF_016745505.1|NZ_JAERUC010000088.1_39	SP	494
GCF_016756315.1|NZ_AP024235.1_1397	LIPO	354
GCF_016757215.1|NZ_JAESIY010000007.1_102	SP	678
GCF_016775155.1|NZ_JAEUGD010000066.1_162	SP	646
GCF_016785085.1|NZ_JAENHO010000022.1_15	SP	429
GCF_016785095.1|NZ_JAEKJB010000009.1_130	SP	639
GCF_016786305.1|NZ_JADWYV010000206.1_14	LIPO	318
GCF_016786355.1|NZ_JADWYX010000046.1_31	LIPO	371
GCF_016793595.1|NZ_JAEULY010000002.1_110	SP	316
GCF_016802865.1|NZ_JAEVHM010000104.1_13	SP	404
GCF_016802865.1|NZ_JAEVHM010000012.1_8	SP	444
GCF_016803395.1|NZ_JAEVHL010000248.1_9	SP	336
GCF_016804005.1|NZ_CP051486.1_4208	SP	346
GCF_016804005.1|NZ_CP051486.1_5259	SP	497
GCF_016807805.1|NZ_CP063362.1_955	SP	381
GCF_016809835.1|NZ_JAFBIL020000001.1_756	SP	581
GCF_016811105.1|NZ_JAFBGM010000002.1_219	LIPO	336
GCF_016811235.1|NZ_JAFBID010000084.1_18	SP	389
GCF_016820575.1|NZ_JAEMQH010000001.1_1322	SP	581
GCF_016834655.1|NZ_JAENHP010000027.1_121	SP	438
GCF_016858125.1|NZ_CP064781.1_2337	SP	360
GCF_016859125.1|NZ_CP069338.1_5043	SP	516
GCF_016860525.1|NZ_BNEA01000001.1_347	SP	423
GCF_016860525.1|NZ_BNEA01000007.1_241	SP	432
GCF_016860545.1|NZ_BNEB01000002.1_1015	SP	434
GCF_016861975.1|NZ_BOMB01000009.1_43	SP	328
GCF_016862075.1|NZ_BOMG01000117.1_8	SP	436
GCF_016862095.1|NZ_BOMH01000018.1_34	SP	428
GCF_016862095.1|NZ_BOMH01000059.1_65	SP	398
GCF_016862095.1|NZ_BOMH01000112.1_3	SP	449
GCF_016862115.1|NZ_BOMI01000188.1_80	SP	452
GCF_016862115.1|NZ_BOMI01000199.1_14	SP	447
GCF_016862175.1|NZ_BOML01000019.1_22	LIPO	305
GCF_016862175.1|NZ_BOML01000023.1_50	SP	451
GCF_016862195.1|NZ_BOMM01000075.1_47	SP	458
GCF_016862195.1|NZ_BOMM01000080.1_3	SP	449
GCF_016862215.1|NZ_BOMN01000053.1_22	LIPO	310
GCF_016862215.1|NZ_BOMN01000087.1_41	SP	443
GCF_016862215.1|NZ_BOMN01000092.1_115	SP	419
GCF_016862275.1|NZ_BOMQ01000008.1_169	SP	453
GCF_016862275.1|NZ_BOMQ01000028.1_58	SP	444
GCF_016862275.1|NZ_BOMQ01000030.1_142	SP	388
GCF_016862375.1|NZ_BOMV01000055.1_15	SP	455
GCF_016862395.1|NZ_BOMW01000012.1_275	SP	435
GCF_016862395.1|NZ_BOMW01000022.1_27	SP	397
GCF_016862395.1|NZ_BOMW01000111.1_9	SP	459
GCF_016862435.1|NZ_BOMY01000020.1_10	SP	451
GCF_016862435.1|NZ_BOMY01000055.1_292	LIPO	307
GCF_016862455.1|NZ_BOMZ01000133.1_1	LIPO	323
GCF_016862515.1|NZ_BONC01000005.1_45	SP	396
GCF_016862515.1|NZ_BONC01000043.1_32	SP	421
GCF_016862555.1|NZ_BONE01000007.1_49	SP	414
GCF_016862555.1|NZ_BONE01000017.1_64	LIPO	296
GCF_016862555.1|NZ_BONE01000033.1_74	SP	417
GCF_016862575.1|NZ_BONF01000002.1_124	SP	473
GCF_016862575.1|NZ_BONF01000009.1_247	LIPO	294
GCF_016862575.1|NZ_BONF01000021.1_2	SP	457
GCF_016862575.1|NZ_BONF01000047.1_79	LIPO	289
GCF_016862575.1|NZ_BONF01000063.1_30	SP	438
GCF_016862635.1|NZ_BONI01000001.1_89	SP	559
GCF_016862635.1|NZ_BONI01000010.1_77	SP	449
GCF_016862635.1|NZ_BONI01000029.1_87	SP	446
GCF_016862635.1|NZ_BONI01000034.1_69	LIPO	301
GCF_016862635.1|NZ_BONI01000059.1_31	SP	325
GCF_016862675.1|NZ_BONK01000001.1_81	SP	459
GCF_016862795.1|NZ_BONQ01000146.1_28	SP	399
GCF_016862795.1|NZ_BONQ01000155.1_45	SP	438
GCF_016862795.1|NZ_BONQ01000166.1_21	LIPO	294
GCF_016862915.1|NZ_BONW01000016.1_301	SP	405
GCF_016862915.1|NZ_BONW01000019.1_271	LIPO	340
GCF_016862935.1|NZ_BONX01000001.1_2	SP	431
GCF_016862935.1|NZ_BONX01000002.1_30	SP	397
GCF_016862935.1|NZ_BONX01000003.1_83	LIPO	346
GCF_016862935.1|NZ_BONX01000078.1_15	SP	442
GCF_016862955.1|NZ_BONY01000018.1_100	SP	316
GCF_016862955.1|NZ_BONY01000020.1_46	SP	309
GCF_016862955.1|NZ_BONY01000097.1_26	SP	453
GCF_016862975.1|NZ_BONZ01000002.1_10	LIPO	373
GCF_016862975.1|NZ_BONZ01000023.1_52	SP	446
GCF_016862975.1|NZ_BONZ01000027.1_8	SP	420
GCF_016862995.1|NZ_BOOA01000003.1_154	SP	304
GCF_016862995.1|NZ_BOOA01000024.1_1	SP	564
GCF_016862995.1|NZ_BOOA01000024.1_56	LIPO	303
GCF_016863015.1|NZ_BOOB01000140.1_1	SP	312
GCF_016863035.1|NZ_BOOC01000017.1_16	SP	417
GCF_016863035.1|NZ_BOOC01000028.1_36	SP	451
GCF_016863095.1|NZ_BOOF01000018.1_34	SP	455
GCF_016863095.1|NZ_BOOF01000020.1_22	SP	412
GCF_016863095.1|NZ_BOOF01000076.1_27	SP	354
GCF_016863135.1|NZ_BOOH01000037.1_62	SP	422
GCF_016863135.1|NZ_BOOH01000048.1_58	SP	443
GCF_016863135.1|NZ_BOOH01000052.1_76	LIPO	308
GCF_016863175.1|NZ_BOOJ01000074.1_41	SP	448
GCF_016863195.1|NZ_BOOK01000040.1_42	SP	348
GCF_016863195.1|NZ_BOOK01000088.1_2	SP	436
GCF_016863255.1|NZ_BOON01000028.1_18	SP	338
GCF_016863255.1|NZ_BOON01000037.1_10	SP	318
GCF_016863255.1|NZ_BOON01000046.1_51	SP	449
GCF_016863255.1|NZ_BOON01000062.1_33	SP	386
GCF_016863275.1|NZ_BOOO01000050.1_26	SP	420
GCF_016863295.1|NZ_BOOP01000043.1_32	SP	416
GCF_016863315.1|NZ_BOOQ01000060.1_25	SP	418
GCF_016863335.1|NZ_BOOR01000071.1_39	SP	425
GCF_016863395.1|NZ_BOOU01000053.1_159	SP	322
GCF_016863395.1|NZ_BOOU01000065.1_6	SP	443
GCF_016863395.1|NZ_BOOU01000133.1_2	SP	447
GCF_016863395.1|NZ_BOOU01000151.1_1	SP	310
GCF_016863435.1|NZ_BOOW01000008.1_27	SP	409
GCF_016863475.1|NZ_BOOY01000033.1_63	LIPO	320
GCF_016863495.1|NZ_BOOZ01000016.1_5	SP	410
GCF_016863515.1|NZ_BOPA01000051.1_7	SP	451
GCF_016863535.1|NZ_BOPB01000009.1_299	SP	408
GCF_016863555.1|NZ_BOPC01000009.1_99	SP	405
GCF_016863575.1|NZ_BOPD01000007.1_11	SP	410
GCF_016863615.1|NZ_BOPF01000020.1_86	SP	451
GCF_016863635.1|NZ_BOPG01000018.1_4	LIPO	299
GCF_016863635.1|NZ_BOPG01000019.1_11	LIPO	309
GCF_016863635.1|NZ_BOPG01000023.1_94	LIPO	294
GCF_016863635.1|NZ_BOPG01000045.1_144	SP	388
GCF_016863635.1|NZ_BOPG01000065.1_151	SP	424
GCF_016863655.1|NZ_BOPH01000028.1_27	LIPO	300
GCF_016863655.1|NZ_BOPH01000028.1_47	LIPO	305
GCF_016863655.1|NZ_BOPH01000033.1_27	SP	424
GCF_016863655.1|NZ_BOPH01000102.1_124	LIPO	302
GCF_016864195.1|NZ_CP045202.1_2166	SP	351
GCF_016864375.1|NZ_CP069357.1_512	SP	355
GCF_016865235.1|NZ_CP064030.1_33	SP	344
GCF_016865235.1|NZ_CP064030.1_1185	SP	343
GCF_016887565.1|NZ_CP069396.1_284	SP	331
GCF_016887965.1|NZ_JAFDVD010000013.1_21	SP	416
GCF_016890225.1|NZ_JAFELM010000036.1_97	SP	679
GCF_016890225.1|NZ_JAFELM010000043.1_170	SP	327
GCF_016892685.1|NZ_JAFEMC010000003.1_564	SP	304
GCF_016904885.1|NZ_JADWYI010000001.1_1714	LIPO	693
GCF_016904885.1|NZ_JADWYI010000001.1_1976	LIPO	327
GCF_016905005.1|NZ_JADIKC010000001.1_465	SP	341
GCF_016905445.1|NZ_JAFEXF010000238.1_3	LIPO	306
GCF_016907275.1|NZ_JAFBBP010000001.1_1260	SP	408
GCF_016907275.1|NZ_JAFBBP010000001.1_5876	SP	344
GCF_016907555.1|NZ_JAFBCE010000001.1_1991	LIPO	312
GCF_016907675.1|NZ_JAFBCJ010000001.1_2178	SP	334
GCF_016907755.1|NZ_JAFBCN010000001.1_1685	SP	498
GCF_016907895.1|NZ_JAFBCV010000001.1_127	SP	576
GCF_016907955.1|NZ_JAFBCX010000001.1_280	SP	407
GCF_016909075.1|NZ_JAFBFC010000002.1_218	SP	586
GCF_016909075.1|NZ_JAFBFC010000004.1_444	SP	333
GCF_016909575.1|NZ_JAFBGA010000003.1_536	SP	497
GCF_016916835.1|NZ_JAFFIX010000010.1_118	SP	504
GCF_016916835.1|NZ_JAFFIX010000061.1_2	SP	341
GCF_016918015.1|NZ_JAERMK010000001.1_284	SP	440
GCF_016918015.1|NZ_JAERMK010000026.1_31	SP	441
GCF_016918015.1|NZ_JAERMK010000005.1_140	SP	437
GCF_016918075.2|NZ_JAERPS020000010.1_32	SP	330
GCF_016918735.1|NZ_JAFFPR010000024.1_8	SP	343
GCF_016918765.2|NZ_CP092104.1_526	SP	304
GCF_016918765.2|NZ_CP092104.1_2545	LIPO	378
GCF_016918765.2|NZ_CP092104.1_2940	SP	293
GCF_016918855.1|NZ_JADKYB010000022.1_62	SP	479
GCF_016919165.1|NZ_JAFFPS010000033.1_70	SP	343
GCF_016919245.1|NZ_JAFEJA010000002.1_597	SP	495
GCF_016921195.1|NZ_JAFGYF010000003.1_291	SP	498
GCF_016924755.1|NZ_JAFFJX010000016.1_111	LIPO	308
GCF_016938855.1|NZ_JAFHAP010000006.1_37	SP	334
GCF_017086405.1|NZ_CP070973.1_243	LIPO	314
GCF_017104975.1|NZ_JAAGPP010000017.1_11	SP	489
GCF_017114945.1|NZ_JABXKQ010000135.1_7	LIPO	308
GCF_017114985.1|NZ_JABXKP010000081.1_41	LIPO	314
GCF_017114995.1|NZ_JABXKL010000039.1_153	LIPO	314
GCF_017115025.1|NZ_JABXKM010000052.1_12	LIPO	314
GCF_017115085.1|NZ_JABXKJ010000051.1_19	LIPO	314
GCF_017115095.1|NZ_JABXKI010000058.1_5	LIPO	314
GCF_017115165.1|NZ_JABXKF010000029.1_22	LIPO	314
GCF_017161445.1|NZ_CP071060.1_4260	SP	334
GCF_017168095.1|NZ_LXSD01000441.1_9	LIPO	605
GCF_017220215.1|NZ_CP071131.1_196	LIPO	389
GCF_017254865.1|NZ_JAFKCV010000012.1_69	SP	328
GCF_017255015.1|NZ_JAFKCS010000017.1_41	SP	332
GCF_017255185.1|NZ_JAFKCZ010000005.1_175	SP	278
GCF_017301335.1|NZ_CP071247.1_3270	SP	579
GCF_017301635.1|NZ_CP071091.1_5285	LIPO	617
GCF_017301635.1|NZ_CP071091.1_5476	SP	337
GCF_017301735.1|NZ_CP071090.1_5457	SP	330
GCF_017301735.1|NZ_CP071090.1_8127	LIPO	632
GCF_017301735.1|NZ_CP071090.1_9980	LIPO	335
GCF_017302315.1|NZ_JAFLDT010000078.1_3	SP	336
GCF_017303055.1|NZ_JAEKJT010000005.1_333	SP	365
GCF_017303155.1|NZ_JAEKJR010000002.1_1078	SP	721
GCF_017303155.1|NZ_JAEKJR010000002.1_1866	TAT	321
GCF_017304615.1|NZ_JAFKLZ010000001.1_10	SP	298
GCF_017304615.1|NZ_JAFKLZ010000001.1_554	SP	327
GCF_017305435.1|NZ_JAFKIP010000005.1_448	TAT	426
GCF_017308975.1|NZ_JADWPD010000027.1_101	SP	733
GCF_017308975.1|NZ_JADWPD010000042.1_3	SP	396
GCF_017309385.1|NZ_JAFJMJ010000002.1_106	SP	318
GCF_017309385.1|NZ_JAFJMJ010000002.1_507	SP	415
GCF_017309585.1|NZ_CP071321.1_258	SP	353
GCF_017309955.1|NZ_CP021247.1_2389	SP	357
GCF_017311415.1|NZ_JAEKIS010000002.1_154	SP	346
GCF_017315725.1|NZ_JAFLRG010000002.1_1820	SP	354
GCF_017355785.1|NZ_JAFEWE010000005.1_29	SP	274
GCF_017355875.1|NZ_JAFEWC010000003.1_871	SP	294
GCF_017356035.1|NZ_JAFIQX010000012.1_26	LIPO	308
GCF_017377715.1|NZ_JAFVMF010000034.1_16	SP	318
GCF_017377775.1|NZ_JAFVLN010000005.1_299	SP	513
GCF_017377855.1|NZ_JAFREP010000002.1_1	SP	661
GCF_017377855.1|NZ_JAFREP010000006.1_64	SP	661
GCF_017427025.1|NZ_JAFLNG010000202.1_9	SP	342
GCF_017498545.1|NZ_CP071793.1_5178	SP	667
GCF_017526105.1|NZ_CP071839.1_703	SP	417
GCF_017545445.1|NZ_JAFWOM010000059.1_8	SP	500
GCF_017551775.1|NZ_JAFZKX010000074.1_7	SP	506
GCF_017565425.1|NZ_JAGEMK010000003.1_224	LIPO	360
GCF_017565645.3|NZ_CP086136.1_809	SP	302
GCF_017565645.3|NZ_CP086137.1_149	SP	481
GCF_017571495.1|NZ_JAGETZ010000008.1_136	SP	287
GCF_017573465.1|NZ_JAGEPF010000026.1_26	SP	429
GCF_017573505.1|NZ_JAGEOJ010000014.1_259	SP	327
GCF_017573505.1|NZ_JAGEOJ010000046.1_4	SP	334
GCF_017573505.1|NZ_JAGEOJ010000006.1_223	SP	364
GCF_017573505.1|NZ_JAGEOJ010000006.1_225	SP	369
GCF_017573545.1|NZ_JAGEOK010000015.1_155	SP	291
GCF_017573545.1|NZ_JAGEOK010000035.1_24	SP	422
GCF_017582745.1|NZ_JAFVIM010000012.1_25	SP	499
GCF_017582745.1|NZ_JAFVIM010000021.1_116	SP	293
GCF_017591665.1|NZ_JAAKGC010000348.1_2	SP	333
GCF_017591665.1|NZ_JAAKGC010000113.1_6	SP	317
GCF_017591665.1|NZ_JAAKGC010000136.1_7	LIPO	325
GCF_017592475.1|NZ_JAGFNP010000012.1_62	SP	438
GCF_017592475.1|NZ_JAGFNP010000003.1_20	SP	441
GCF_017592475.1|NZ_JAGFNP010000003.1_22	SP	441
GCF_017592475.1|NZ_JAGFNP010000009.1_132	SP	440
GCF_017592555.1|NZ_JAGFNS010000012.1_22	SP	443
GCF_017592555.1|NZ_JAGFNS010000030.1_57	SP	391
GCF_017599305.1|NZ_JAGFWR010000003.1_339	SP	439
GCF_017599305.1|NZ_JAGFWR010000003.1_372	LIPO	332
GCF_017614955.1|NZ_WVUH01000024.1_24	SP	403
GCF_017614955.1|NZ_WVUH01000417.1_4	LIPO	344
GCF_017614955.1|NZ_WVUH01000536.1_2	SP	436
GCF_017638545.1|NZ_CP072110.1_595	SP	349
GCF_017642335.1|NZ_JAGCPF010000014.1_16	SP	427
GCF_017676345.1|NZ_JAFFZM010000029.1_26	SP	332
GCF_017676365.1|NZ_JADKMA010000206.1_2	SP	337
GCF_017676385.1|NZ_JAFFZN010000020.1_85	SP	340
GCF_017741815.1|NZ_JAGHMF010000007.1_150	SP	317
GCF_017744395.1|NZ_JAGIBI010000001.1_420	SP	351
GCF_017798165.1|NZ_CP059068.1_1243	SP	359
GCF_017813245.1|NZ_JAGIQL010000052.1_19	SP	506
GCF_017814915.1|NZ_JAGIPZ010000016.1_22	SP	351
GCF_017814945.1|NZ_JAGIPX010000133.1_5	SP	489
GCF_017814945.1|NZ_JAGIPX010000001.1_56	LIPO	382
GCF_017814975.1|NZ_JAGIQA010000086.1_5	SP	489
GCF_017814975.1|NZ_JAGIQA010000008.1_32	SP	368
GCF_017833525.1|NZ_JAFICD010000001.1_173	LIPO	323
GCF_017833525.1|NZ_JAFICD010000001.1_1689	SP	580
GCF_017837635.1|NZ_JAGJRS010000028.1_51	SP	341
GCF_017853185.1|NZ_JAFMJZ010000028.1_29	SP	299
GCF_017868775.1|NZ_CP053381.1_3932	SP	353
GCF_017873095.1|NZ_JAGGJU010000003.1_335	SP	350
GCF_017875555.1|NZ_JAGGMS010000001.1_3353	SP	311
GCF_017876095.1|NZ_JAGINM010000007.1_299	SP	361
GCF_017876155.1|NZ_JAGINP010000005.1_271	SP	383
GCF_017876165.1|NZ_JAGINQ010000004.1_108	SP	347
GCF_017876405.1|NZ_JAGINW010000001.1_5343	SP	319
GCF_017876405.1|NZ_JAGINW010000001.1_6886	SP	303
GCF_017876405.1|NZ_JAGINW010000001.1_7110	SP	422
GCF_017876405.1|NZ_JAGINW010000001.1_9039	SP	306
GCF_017876755.1|NZ_JAGIOO010000001.1_599	SP	324
GCF_017894365.1|NZ_CP059467.1_1234	SP	504
GCF_017896165.1|NZ_JAFCNB010000011.1_156	SP	458
GCF_017896165.1|NZ_JAFCNB010000018.1_45	SP	454
GCF_017896165.1|NZ_JAFCNB010000008.1_172	SP	462
GCF_017908595.1|NZ_JAGKTL010000003.1_289	SP	277
GCF_017948485.1|NZ_JAFFSX010000036.1_58	SP	328
GCF_017948485.1|NZ_JAFFSX010000005.1_353	SP	423
GCF_017968845.1|NZ_CP072876.1_2868	SP	449
GCF_017994835.1|NZ_JAGOKC010000028.1_12	SP	353
GCF_018069625.1|NZ_CP072941.1_317	SP	340
GCF_018069625.1|NZ_CP072941.1_7299	SP	338
GCF_018069625.1|NZ_CP072941.1_7983	SP	305
GCF_018069755.1|NZ_JAGQDE010000005.1_152	SP	320
GCF_018069845.1|NZ_JAGQDD010000014.1_70	SP	314
GCF_018070045.1|NZ_JAGPYK010000022.1_81	SP	404
GCF_018070345.1|NZ_JAGPXX010000031.1_16	SP	369
GCF_018070465.1|NZ_JAGPXT010000050.1_10	SP	410
GCF_018070565.1|NZ_JAGPXL010000004.1_4	SP	425
GCF_018070565.1|NZ_JAGPXL010000070.1_6	SP	499
GCF_018070575.1|NZ_JAGPXN010000029.1_43	SP	451
GCF_018070575.1|NZ_JAGPXN010000003.1_43	SP	412
GCF_018101125.2|NZ_JAELVF020000001.1_2058	SP	335
GCF_018119395.1|NZ_JAGPWD010000032.1_52	SP	292
GCF_018119395.1|NZ_JAGPWD010000004.1_8	SP	579
GCF_018119405.1|NZ_JAGPWC010000039.1_38	SP	301
GCF_018119405.1|NZ_JAGPWC010000044.1_19	SP	580
GCF_018122625.2|NZ_JAGQFT020000004.1_125	SP	349
GCF_018122625.2|NZ_JAGQFT020000006.1_106	LIPO	342
GCF_018122735.1|NZ_JAGRRD010000001.1_2364	SP	314
GCF_018128905.1|NZ_CP063808.1_5519	SP	431
GCF_018128905.1|NZ_CP063808.1_5585	SP	495
GCF_018129005.1|NZ_JAAEDL010000017.1_97	SP	286
GCF_018129385.1|NZ_JAFCLN010000003.1_538	SP	309
GCF_018129405.1|NZ_JAFCLP010000003.1_66	SP	306
GCF_018129685.1|NZ_JAFCLG010000023.1_35	SP	306
GCF_018129995.1|NZ_JAFCKS010000001.1_36	SP	306
GCF_018130215.1|NZ_JAFCKQ010000007.1_64	SP	300
GCF_018130245.1|NZ_JAFCKP010000017.1_32	SP	302
GCF_018130465.1|NZ_JAFCKJ010000002.1_839	SP	306
GCF_018130505.1|NZ_JAFCKH010000002.1_422	SP	307
GCF_018130615.1|NZ_JAFCKB010000001.1_713	LIPO	307
GCF_018130695.1|NZ_JAFCJX010000007.1_145	SP	306
GCF_018130765.1|NZ_JAFCJZ010000043.1_17	SP	306
GCF_018130785.1|NZ_JAFCJT010000038.1_23	SP	306
GCF_018130825.1|NZ_JAFCJS010000003.1_508	SP	306
GCF_018138715.1|NZ_JAGSHX010000006.1_7636	SP	328
GCF_018139485.1|NZ_JAGSNF010000019.1_136	SP	424
GCF_018139625.1|NZ_JAGSOH010000039.1_3	SP	446
GCF_018139625.1|NZ_JAGSOH010000077.1_20	LIPO	313
GCF_018139645.1|NZ_JAGSPM010000003.1_188	SP	312
GCF_018139695.1|NZ_JAGSOG010000245.1_5	SP	461
GCF_018141105.1|NZ_CP054839.1_4050	SP	343
GCF_018156225.1|NZ_JAGTAR010000025.1_56	LIPO	292
GCF_018199995.1|NZ_CP073578.1_1998	LIPO	323
GCF_018199995.1|NZ_CP073579.1_1290	SP	363
GCF_018207095.1|NZ_QOCZ01000303.1_1	SP	405
GCF_018263855.1|NZ_CP073318.1_1847	SP	338
GCF_018263855.1|NZ_CP073318.1_3394	SP	459
GCF_018271975.1|NZ_JAGUCN010000008.1_9	LIPO	292
GCF_018274385.1|NZ_JAAFYZ010000124.1_11	SP	443
GCF_018274385.1|NZ_JAAFYZ010000007.1_74	SP	368
GCF_018283645.1|NZ_JAGSXH010000096.1_21	SP	328
GCF_018304825.1|NZ_CP072648.1_2086	SP	322
GCF_018310535.1|NZ_CP074102.1_5195	SP	482
GCF_018316655.1|NZ_CP074133.1_6409	SP	409
GCF_018324205.1|NZ_AP023356.1_7152	SP	457
GCF_018324205.1|NZ_AP023356.1_8412	SP	435
GCF_018324205.1|NZ_AP023356.1_8987	SP	401
GCF_018324255.1|NZ_AP023359.1_503	SP	478
GCF_018324255.1|NZ_AP023359.1_2514	LIPO	313
GCF_018324255.1|NZ_AP023359.1_3567	SP	344
GCF_018324255.1|NZ_AP023359.1_4948	LIPO	337
GCF_018326265.1|NZ_AP023360.1_2876	SP	440
GCF_018326265.1|NZ_AP023360.1_4322	LIPO	289
GCF_018326265.1|NZ_AP023360.1_5162	LIPO	314
GCF_018326265.1|NZ_AP023360.1_7403	SP	473
GCF_018326285.1|NZ_AP023362.1_4440	LIPO	308
GCF_018327685.1|NZ_BNEL01000001.1_1290	SP	319
GCF_018327685.1|NZ_BNEL01000001.1_4717	SP	331
GCF_018327705.1|NZ_BNEM01000001.1_1212	SP	593
GCF_018327705.1|NZ_BNEM01000001.1_1694	SP	421
GCF_018327705.1|NZ_BNEM01000001.1_1742	SP	438
GCF_018327705.1|NZ_BNEM01000002.1_1494	SP	325
GCF_018332655.1|NZ_BOQL01000021.1_65	LIPO	287
GCF_018332655.1|NZ_BOQL01000044.1_61	SP	441
GCF_018332695.1|NZ_BOQN01000052.1_36	SP	459
GCF_018332715.1|NZ_BOQP01000007.1_95	SP	424
GCF_018332715.1|NZ_BOQP01000027.1_62	SP	438
GCF_018336915.1|NZ_CP064923.1_864	LIPO	330
GCF_018362775.1|NZ_JAGYXY010000009.1_29	SP	287
GCF_018388445.1|NZ_CP074405.1_2492	SP	484
GCF_018388465.1|NZ_CP074404.1_2522	SP	458
GCF_018397995.1|NZ_BBQH01000011.1_123	SP	450
GCF_018397995.1|NZ_BBQH01000021.1_22	SP	324
GCF_018402695.1|NZ_JAGYIM010000008.1_95	SP	326
GCF_018402695.1|NZ_JAGYIM010000016.1_241	SP	646
GCF_018413605.1|NZ_JAHCDN010000001.1_1946	LIPO	323
GCF_018413605.1|NZ_JAHCDN010000002.1_235	SP	502
GCF_018448785.1|NZ_JAHCLU010000014.1_62	SP	354
GCF_018448785.1|NZ_JAHCLU010000030.1_2	SP	494
GCF_018449775.1|NZ_JAAVVB010000001.1_1102	SP	294
GCF_018474025.1|NZ_JAHCTA010000012.1_45	LIPO	359
GCF_018476525.1|NZ_JAHCST010000013.1_93	SP	445
GCF_018476525.1|NZ_JAHCST010000026.1_10	SP	433
GCF_018476525.1|NZ_JAHCST010000050.1_1	SP	534
GCF_018491765.1|NZ_JABWCU010000003.1_173	SP	313
GCF_018531465.1|NZ_JAHDTF010000047.1_61	SP	429
GCF_018531475.2|NZ_JAHDTG020000081.1_2	LIPO	306
GCF_018531495.1|NZ_JAHDTI010000002.1_580	SP	295
GCF_018595715.1|NZ_JAHEOJ010000020.1_820	SP	339
GCF_018596315.1|NZ_JAHEAG010000005.1_408	SP	585
GCF_018596335.1|NZ_JAHEPS010000001.1_1050	SP	315
GCF_018598225.1|NZ_JAHESF010000007.1_27	SP	309
GCF_018598585.1|NZ_JAHESD010000031.1_17	LIPO	302
GCF_018599185.1|NZ_JAHFVL010000001.1_209	LIPO	346
GCF_018603905.1|NZ_JAHFZZ010000017.1_106	SP	430
GCF_018603905.1|NZ_JAHFZZ010000036.1_20	SP	391
GCF_018613725.1|NZ_JAGGPS010000043.1_21	SP	393
GCF_018614035.1|NZ_JAGGPA010000019.1_8	LIPO	335
GCF_018614035.1|NZ_JAGGPA010000032.1_53	SP	516
GCF_018614035.1|NZ_JAGGPA010000058.1_35	LIPO	305
GCF_018614075.1|NZ_JAGGOZ010000108.1_16	SP	512
GCF_018614195.1|NZ_JAGGOT010000019.1_66	SP	506
GCF_018614525.1|NZ_JAGGOL010000077.1_76	SP	416
GCF_018614575.1|NZ_JAGGOJ010000015.1_117	SP	491
GCF_018614615.1|NZ_JAGGOK010000027.1_47	SP	516
GCF_018614615.1|NZ_JAGGOK010000069.1_193	LIPO	336
GCF_018619435.1|NZ_JAHFZF010000026.1_47	SP	346
GCF_018636735.1|NZ_CP045200.1_1000	SP	312
GCF_018642165.1|NZ_JAHHZM010000015.1_94	SP	291
GCF_018678075.1|NZ_JAHHIR010000013.1_43	SP	292
GCF_018717645.1|NZ_JAFLHG010000004.1_80	SP	429
GCF_018732085.1|NZ_CP076103.1_571	SP	315
GCF_018732085.1|NZ_CP076103.1_2882	SP	603
GCF_018736045.1|NZ_CP076133.1_74	SP	309
GCF_018736085.1|NZ_CP076134.1_612	SP	473
GCF_018736105.1|NZ_CP076135.1_591	SP	472
GCF_018760735.1|NZ_JAHHZN010000001.1_297	SP	390
GCF_018780385.1|NZ_JADMJO010000157.1_7	SP	319
GCF_018829635.1|NZ_JAHKKG010000014.1_17	SP	438
GCF_018831085.1|NZ_JAGPNM010000004.1_300	SP	347
GCF_018831085.1|NZ_JAGPNM010000006.1_195	SP	637
GCF_018847975.1|NZ_CP072597.1_3735	LIPO	607
GCF_018860425.1|NZ_JAHKPI010000014.1_956	SP	579
GCF_018860705.1|NZ_JAHKQA010000072.1_286	SP	343
GCF_018860805.1|NZ_JAHKQR010000011.1_539	SP	332
GCF_018860965.1|NZ_JAHKQF010000013.1_39	SP	333
GCF_018861065.1|NZ_JAHKQO010000002.1_32	SP	310
GCF_018863415.1|NZ_JAHKSN010000005.1_197	LIPO	608
GCF_018866325.1|NZ_CP076457.1_837	SP	441
GCF_019024285.1|NZ_WMKZ01000002.1_297	SP	588
GCF_019039035.1|NZ_JAHNZT010000013.1_183	LIPO	629
GCF_019039035.1|NZ_JAHNZT010000001.1_209	SP	334
GCF_019049245.1|NZ_JAGMUK010000044.1_32	SP	426
GCF_019049245.1|NZ_JAGMUK010000052.1_28	SP	331
GCF_019049285.1|NZ_JAGMUL010000121.1_19	SP	449
GCF_019049285.1|NZ_JAGMUL010000194.1_91	SP	329
GCF_019050325.1|NZ_VOMB01000018.1_23	SP	311
GCF_019052805.1|NZ_JAHQRJ010000003.1_413	LIPO	382
GCF_019083965.1|NZ_JAHRCY010000010.1_158	SP	438
GCF_019083965.1|NZ_JAHRCY010000010.1_214	SP	416
GCF_019083965.1|NZ_JAHRCY010000013.1_170	LIPO	303
GCF_019083965.1|NZ_JAHRCY010000007.1_142	LIPO	287
GCF_019083965.1|NZ_JAHRCY010000009.1_152	SP	344
GCF_019083965.1|NZ_JAHRCY010000009.1_320	SP	322
GCF_019084545.1|NZ_JAHREP010000004.1_1	SP	308
GCF_019100565.1|NZ_JAHRID010000003.1_391	SP	646
GCF_019100565.1|NZ_JAHRID010000005.1_154	SP	326
GCF_019134595.1|NZ_CP077771.1_56	SP	727
GCF_019192965.1|NZ_JAHTKU010000013.1_13	LIPO	292
GCF_019209835.1|NZ_JAHUTS010000003.1_262	SP	348
GCF_019219065.1|NZ_JAHUWK010000005.1_256	SP	281
GCF_019222765.1|NZ_CP078145.1_2360	SP	327
GCF_019222765.1|NZ_CP078145.1_4787	SP	436
GCF_019237615.1|NZ_JAFAGT010000094.1_14	SP	311
GCF_019242285.1|NZ_JAFAVV010000672.1_16	LIPO	311
GCF_019243155.1|NZ_JAFAUS010000361.1_9	LIPO	315
GCF_019244115.1|NZ_JAFATE010000246.1_1	TAT	283
GCF_019244115.1|NZ_JAFATE010000273.1_11	SP	587
GCF_019247615.1|NZ_JAFBAT010000212.1_5	LIPO	326
GCF_019247615.1|NZ_JAFBAT010000217.1_15	LIPO	315
GCF_019247635.1|NZ_JAFBAR010000107.1_49	LIPO	314
GCF_019249215.1|NZ_JAESDI010000015.1_35	SP	643
GCF_019249215.1|NZ_JAESDI010000008.1_209	SP	353
GCF_019249245.1|NZ_JAESDK010000011.1_62	SP	331
GCF_019249245.1|NZ_JAESDK010000031.1_24	SP	634
GCF_019249295.1|NZ_JAESDH010000021.1_51	SP	357
GCF_019249295.1|NZ_JAESDH010000025.1_43	SP	636
GCF_019249795.2|NZ_CP156891.1_2243	SP	539
GCF_019295435.1|NZ_WEKL01000017.1_20	SP	389
GCF_019303475.1|NZ_JABLSI010000035.1_72	SP	420
GCF_019355055.1|NZ_CP048411.1_948	SP	564
GCF_019396325.1|NZ_JAHKRO010000039.1_41	SP	434
GCF_019396325.1|NZ_JAHKRO010000007.1_137	SP	435
GCF_019396345.1|NZ_JAHKRM010000012.1_121	SP	393
GCF_019397265.1|NZ_CP068985.1_6386	SP	435
GCF_019397265.1|NZ_CP068985.1_6663	SP	446
GCF_019399235.1|NZ_JAELVH010000053.1_19	SP	494
GCF_019400875.1|NZ_WMBF01000110.1_11	SP	412
GCF_019400875.1|NZ_WMBF01000639.1_2	LIPO	307
GCF_019402665.1|NZ_VSST01000065.1_34	SP	306
GCF_019430905.1|NZ_JAHYCA010000007.1_208	SP	352
GCF_019443405.1|NZ_CP080376.1_725	SP	303
GCF_019443445.1|NZ_CP080378.1_1847	SP	575
GCF_019443505.1|NZ_CP080377.1_2386	SP	332
GCF_019443505.1|NZ_CP080377.1_3403	SP	382
GCF_019443505.1|NZ_CP080377.1_5464	SP	292
GCF_019449565.1|NZ_JAGRPM010000074.1_33	SP	323
GCF_019455385.1|NZ_JACOFR010000035.1_36	SP	306
GCF_019455445.1|NZ_JAHWUS010000003.1_485	SP	327
GCF_019457475.1|NZ_CP080413.1_2829	SP	320
GCF_019457475.1|NZ_CP080413.1_2836	SP	684
GCF_019457615.1|NZ_CP080414.1_528	SP	316
GCF_019457635.1|NZ_CP080412.1_3388	SP	309
GCF_019457635.1|NZ_CP080412.1_3397	SP	684
GCF_019458805.1|NZ_JAIBOA010000013.1_86	SP	416
GCF_019458805.1|NZ_JAIBOA010000006.1_255	SP	294
GCF_019468465.1|NZ_CP080519.1_9237	SP	318
GCF_019468565.1|NZ_CP080521.1_8502	LIPO	283
GCF_019510245.1|NZ_JAEKKT010000302.1_5	SP	496
GCF_019599145.1|NZ_CP080647.1_8130	SP	442
GCF_019599275.1|NZ_JAHZTD010000003.1_415	SP	391
GCF_019634775.1|NZ_JAHCAS010000001.1_21	TATLIPO	344
GCF_019634815.1|NZ_JAHCAP010000001.1_245	SP	334
GCF_019634845.1|NZ_JAHCAQ010000021.1_8	LIPO	337
GCF_019635465.1|NZ_JAHBZK010000025.1_16	SP	313
GCF_019645815.1|NZ_CP080997.1_750	LIPO	278
GCF_019655855.2|NZ_BPFX02000004.1_33	SP	299
GCF_019655855.2|NZ_BPFX02000006.1_17	SP	279
GCF_019656455.1|NZ_BPMK01000033.1_1	SP	362
GCF_019668465.1|NZ_AP024828.1_466	LIPO	306
GCF_019683635.1|NZ_JADGIA010000057.1_6	SP	346
GCF_019683755.1|NZ_JADGHT010000407.1_2	SP	478
GCF_019683755.1|NZ_JADGHT010000018.1_23	SP	346
GCF_019697375.1|NZ_JAHCDI010000004.1_362	SP	415
GCF_019697375.1|NZ_JAHCDI010000004.1_1975	SP	447
GCF_019703835.1|NZ_AP023054.1_1739	SP	375
GCF_019704555.1|NZ_AP024745.1_6238	SP	396
GCF_019704555.1|NZ_AP024745.1_7129	SP	441
GCF_019710475.1|NZ_JAJFAX010000009.1_21	SP	438
GCF_019710575.1|NZ_JAHWFK010000004.1_186	LIPO	306
GCF_019710575.1|NZ_JAHWFK010000045.1_17	SP	444
GCF_019710745.1|NZ_JAHKJW010000014.1_85	SP	458
GCF_019722725.1|NZ_CP077941.1_3113	SP	365
GCF_019733395.1|NZ_JAIHOO010000001.1_3155	SP	623
GCF_019740315.1|NZ_JAHXZR010000011.1_27	SP	581
GCF_019749255.1|NZ_JACWFH010000033.1_30	SP	334
GCF_019753045.1|NZ_JAIELN010000035.1_8	LIPO	368
GCF_019795155.1|NZ_JAILYN010000006.1_126	SP	376
GCF_019800665.1|NZ_JAHVKO010000010.1_7	SP	677
GCF_019800665.1|NZ_JAHVKO010000010.1_8	SP	314
GCF_019801965.1|NZ_JAHVIA010000008.1_314	SP	373
GCF_019890635.1|NZ_JAIOAB010000013.1_50	SP	489
GCF_019890675.1|NZ_JAIOAA010000001.1_145	SP	334
GCF_019890675.1|NZ_JAIOAA010000009.1_193	SP	402
GCF_019890725.1|NZ_JAINZZ010000124.1_1	SP	382
GCF_019900845.1|NZ_CP074570.1_2924	SP	348
GCF_019900845.1|NZ_CP074570.1_3851	SP	645
GCF_019904175.1|NZ_CP061913.1_4791	SP	453
GCF_019904175.1|NZ_CP061913.1_4858	SP	459
GCF_019904175.1|NZ_CP061913.1_7076	SP	430
GCF_019904175.1|NZ_CP061913.1_8929	SP	412
GCF_019904255.1|NZ_CP063203.1_1565	SP	282
GCF_019915265.1|NZ_CP082780.1_375	SP	329
GCF_019930585.1|NZ_CP082839.1_3031	SP	318
GCF_019933155.2|NZ_CP082944.1_777	SP	640
GCF_019970065.1|NZ_JAHXYH010000003.1_318	SP	292
GCF_019973615.1|NZ_AP024238.1_2195	SP	340
GCF_019976755.1|NZ_AP023441.1_4728	SP	320
GCF_020010925.1|NZ_JAGJBZ010000001.1_1786	SP	427
GCF_020024005.1|NZ_NHSG01000415.1_19	SP	325
GCF_020026305.1|NZ_CP075691.1_5663	LIPO	306
GCF_020026455.1|NZ_JAHHQJ010000017.1_21	SP	290
GCF_020037125.1|NZ_JAIQDG010000017.1_47	SP	330
GCF_020037125.1|NZ_JAIQDG010000008.1_188	LIPO	630
GCF_020102855.1|NZ_JADHZD010000017.1_40	SP	347
GCF_020103695.1|NZ_JAHXBF010000032.1_55	LIPO	340
GCF_020103725.1|NZ_JAHXBG010000042.1_2	LIPO	340
GCF_020131355.1|NZ_JAHLEL010000051.1_175	SP	325
GCF_020165855.1|NZ_JAIUFY010000015.1_7	LIPO	341
GCF_020171345.1|NZ_JAIUZM010000002.1_10	SP	686
GCF_020171345.1|NZ_JAIUZM010000002.1_11	SP	313
GCF_020171805.1|NZ_JAIVAF010000003.1_405	SP	593
GCF_020171945.1|NZ_JAIVAP010000011.1_112	SP	632
GCF_020176955.2|NZ_JAIUCZ020000001.1_308	LIPO	319
GCF_020176955.2|NZ_JAIUCZ020000002.1_400	SP	353
GCF_020215645.1|NZ_CP084058.1_4733	SP	398
GCF_020215645.1|NZ_CP084058.1_6837	SP	444
GCF_020215645.1|NZ_CP084058.1_8510	SP	429
GCF_020215705.1|NZ_JAIWNB010000002.1_115	SP	435
GCF_020216025.1|NZ_JAIWNC010000044.1_41	SP	452
GCF_020217005.1|NZ_JAIWOI010000365.1_6	SP	332
GCF_020217485.1|NZ_JAEKMI010000017.1_74	LIPO	306
GCF_020217485.1|NZ_JAEKMI010000019.1_41	LIPO	280
GCF_020329435.1|NZ_JAGKJK010000008.1_142	SP	624
GCF_020400585.1|NZ_JAINVF010000030.1_8	SP	496
GCF_020400605.1|NZ_JAINRD010000022.1_51	SP	326
GCF_020400605.1|NZ_JAINRD010000002.1_85	SP	334
GCF_020400725.1|NZ_JAINVG010000027.1_52	SP	496
GCF_020400825.1|NZ_JAINVH010000090.1_2	SP	400
GCF_020410765.1|NZ_CP084541.1_1577	SP	429
GCF_020438995.1|NZ_JAGQTN010000089.1_8	SP	294
GCF_020447205.1|NZ_JAJAEL010000039.1_76	SP	564
GCF_020447265.1|NZ_JAJADR010000005.1_220	SP	392
GCF_020447315.1|NZ_JAJADQ010000009.1_44	SP	422
GCF_020510425.1|NZ_JAHBAH010000001.1_2157	SP	373
GCF_020510445.1|NZ_JAHBAG010000001.1_636	SP	338
GCF_020510525.1|NZ_CP075188.1_230	LIPO	373
GCF_020510585.1|NZ_CP075190.1_2733	SP	363
GCF_020510665.1|NZ_CP075187.1_1712	SP	351
GCF_020511115.1|NZ_JAJAVH010000007.1_334	SP	606
GCF_020523605.1|NZ_JAJAQI010000043.1_19	SP	364
GCF_020524005.1|NZ_JAIVKK010000001.1_229	SP	721
GCF_020524005.1|NZ_JAIVKK010000009.1_134	SP	321
GCF_020524885.1|NZ_JAIVKJ010000008.1_11	SP	682
GCF_020524885.1|NZ_JAIVKJ010000008.1_12	SP	322
GCF_020531985.1|NZ_JAJAVQ010000001.1_32	SP	337
GCF_020531985.1|NZ_JAJAVQ010000002.1_386	LIPO	632
GCF_020616155.1|NZ_CP085530.1_2880	SP	333
GCF_020616555.1|NZ_CP085173.1_3810	SP	348
GCF_020616555.1|NZ_CP085173.1_7309	SP	502
GCF_020622265.1|NZ_JACNMQ010000001.1_208	SP	507
GCF_020622265.1|NZ_JACNMQ010000007.1_117	SP	351
GCF_020637165.1|NZ_JACJWN010000003.1_259	SP	297
GCF_020639365.1|NZ_JAINUL010000001.1_762	LIPO	339
GCF_020687805.1|NZ_JAJEWQ010000002.1_36	SP	343
GCF_020687805.1|NZ_JAJEWQ010000002.1_45	SP	643
GCF_020687825.1|NZ_JAJEWP010000001.1_1442	SP	329
GCF_020687825.1|NZ_JAJEWP010000001.1_1475	SP	636
GCF_020700235.1|NZ_CP085301.1_396	TAT	331
GCF_020707265.1|NZ_JAJFEQ010000001.1_441	SP	292
GCF_020715685.1|NZ_CP085840.1_3154	SP	316
GCF_020740535.1|NZ_CP082362.1_4492	SP	447
GCF_020741345.1|NZ_DYZD01000463.1_6	SP	410
GCF_020819595.1|NZ_JAJHNP010000002.1_420	SP	339
GCF_020819595.1|NZ_JAJHNP010000003.1_131	SP	496
GCF_020831365.1|NZ_JAJHPV010000009.1_303	SP	581
GCF_020857975.1|NZ_JACWUO010000012.1_97	SP	334
GCF_020858115.1|NZ_JACYMM010000002.1_362	SP	332
GCF_020858115.1|NZ_JACYMM010000004.1_14	SP	292
GCF_020858115.1|NZ_JACYMM010000006.1_178	SP	375
GCF_020859565.1|NZ_JAJHUO010000011.1_247	SP	398
GCF_020859565.1|NZ_JAJHUO010000004.1_243	SP	427
GCF_020873875.1|NZ_JAHWGU010000018.1_90	SP	445
GCF_020881035.1|NZ_JAJITC010000010.1_188	SP	365
GCF_020884795.1|NZ_BBZF01000022.1_114	SP	442
GCF_020889705.1|NZ_JACMYP010000023.1_15	SP	308
GCF_020923435.1|NZ_CP087263.1_1407	SP	590
GCF_020991275.1|NZ_JAJLQY010000007.1_254	LIPO	286
GCF_020991365.1|NZ_JAJLRA010000034.1_7	SP	501
GCF_020991365.1|NZ_JAJLRA010000036.1_6	SP	339
GCF_020991375.1|NZ_JAJLQZ010000005.1_273	SP	439
GCF_021026315.1|NZ_JAJNCX010000009.1_38	SP	321
GCF_021043375.1|NZ_JAJNDV010000003.1_231	SP	304
GCF_021044685.1|NZ_CP088014.1_314	SP	306
GCF_021044825.1|NZ_JAJNOC010000005.1_236	SP	582
GCF_021083305.1|NZ_JAJFAY010000001.1_63	TAT	331
GCF_021117385.1|NZ_CP088252.1_1881	SP	341
GCF_021117405.1|NZ_CP088251.1_2137	SP	341
GCF_021129175.1|NZ_JAJOHV010000051.1_20	SP	363
GCF_021165935.1|NZ_CP088953.1_2861	SP	649
GCF_021165955.1|NZ_CP088952.1_2118	SP	356
GCF_021172045.1|NZ_CP087164.1_2497	SP	345
GCF_021183625.1|NZ_CP089214.1_1757	LIPO	304
GCF_021190955.1|NZ_JAIOAO010000002.1_882	LIPO	306
GCF_021202945.1|NZ_JAJOYR010000002.1_349	SP	335
GCF_021204515.1|NZ_JAJPZH010000061.1_23	SP	308
GCF_021261325.1|NZ_JAJSBI010000022.1_48	SP	329
GCF_021261325.1|NZ_JAJSBI010000033.1_73	SP	438
GCF_021290925.1|NZ_JAJSLX010000001.1_1030	SP	467
GCF_021290965.1|NZ_JAJOYT010000014.1_80	SP	635
GCF_021290965.1|NZ_JAJOYT010000015.1_67	SP	331
GCF_021290985.1|NZ_JAJOYU010000038.1_15	SP	331
GCF_021290985.1|NZ_JAJOYU010000006.1_83	SP	637
GCF_021353235.1|NZ_JAJTWT010000007.1_34	SP	331
GCF_021389975.1|NZ_CP089981.1_4396	SP	645
GCF_021390335.1|NZ_JAJUXK010000001.1_1184	SP	807
GCF_021390395.1|NZ_JAJUWT010000001.1_200	SP	446
GCF_021390435.2|NZ_JAJVCN010000004.1_1572	SP	277
GCF_021390545.1|NZ_JAJUWR010000004.1_178	LIPO	302
GCF_021390635.1|NZ_JAJEJS010000003.1_706	SP	365
GCF_021390935.1|NZ_JAJPUI010000007.1_147	SP	526
GCF_021391495.1|NZ_CP090063.1_5605	SP	317
GCF_021401135.1|NZ_JACBFO010000003.1_503	SP	317
GCF_021404305.1|NZ_JABFTX010000004.1_535	SP	344
GCF_021404405.1|NZ_JABFTV010000010.1_108	SP	344
GCF_021404465.1|NZ_JABFTT010000001.1_332	SP	345
GCF_021412565.1|NZ_JAKCLJ010000017.1_9	SP	335
GCF_021412585.1|NZ_JAKCMI010000043.1_35	SP	347
GCF_021412625.1|NZ_JAKCFI010000018.1_31	LIPO	335
GCF_021412625.1|NZ_JAKCFI010000003.1_219	LIPO	629
GCF_021412625.1|NZ_JAKCFI010000008.1_344	SP	337
GCF_021442385.1|NZ_MUZA01000011.1_52	SP	445
GCF_021442385.1|NZ_MUZA01000124.1_6	SP	344
GCF_021442385.1|NZ_MUZA01000092.1_7	SP	414
GCF_021458635.1|NZ_JAIRDQ010000004.1_120	SP	302
GCF_021462825.1|NZ_JAKEEB010000001.1_134	SP	339
GCF_021462825.1|NZ_JAKEEB010000019.1_54	SP	329
GCF_021462825.1|NZ_JAKEEB010000069.1_19	SP	324
GCF_021474405.1|NZ_JAKEIO010000020.1_42	SP	345
GCF_021474425.1|NZ_JAKEIP010000121.1_10	SP	329
GCF_021474425.1|NZ_JAKEIP010000149.1_13	SP	440
GCF_021495345.1|NZ_CP099397.1_4595	SP	577
GCF_021513195.1|NZ_CP090974.1_1208	SP	321
GCF_021538895.1|NZ_JADDRL010000019.1_109	SP	341
GCF_021538895.1|NZ_JADDRL010000038.1_23	SP	496
GCF_021568775.1|NZ_JAKGSG010000018.1_1	SP	438
GCF_021568775.1|NZ_JAKGSG010000034.1_159	LIPO	281
GCF_021568775.1|NZ_JAKGSG010000035.1_1	SP	384
GCF_021568905.1|NZ_JAKGSB010000003.1_284	SP	315
GCF_021631985.1|NZ_CP070225.1_6476	LIPO	322
GCF_021631985.1|NZ_CP070225.1_7223	LIPO	409
GCF_021654135.1|NZ_JAKGSD010000001.1_162	SP	374
GCF_021655555.1|NZ_AP023086.1_153	LIPO	341
GCF_021696945.1|NZ_JACYHE010000055.1_4	SP	343
GCF_021699195.1|NZ_SSXE01000175.1_18	SP	434
GCF_021699195.1|NZ_SSXE01000010.1_104	SP	440
GCF_021725675.1|NZ_JAKJPO010000001.1_543	SP	609
GCF_021729035.1|NZ_JAJSAP010000001.1_36	SP	345
GCF_021729055.1|NZ_JAJSAO010000006.1_32	SP	643
GCF_021729075.1|NZ_JAJSAQ010000001.1_97	SP	336
GCF_021729075.1|NZ_JAJSAQ010000003.1_468	TAT	653
GCF_021731785.1|NZ_JAKFWS010000095.1_15	SP	352
GCF_021916785.1|NZ_JAKCFC010000010.1_161	SP	309
GCF_021991925.1|NZ_RXZI01000005.1_93	SP	594
GCF_022012415.1|NZ_JAKLTR010000002.1_191	SP	302
GCF_022012485.1|NZ_JAKLTY010000016.1_6	SP	306
GCF_022023855.1|NZ_CP059449.1_65	SP	375
GCF_022095675.2|NZ_CP139171.1_3767	SP	431
GCF_022095675.2|NZ_CP139171.1_5297	SP	344
GCF_022095675.2|NZ_CP139171.1_10175	SP	403
GCF_022138605.1|NZ_JACBFS010000001.1_868	SP	374
GCF_022179305.1|NZ_BPQP01000029.1_13	SP	365
GCF_022179745.1|NZ_BPRD01000512.1_4	SP	306
GCF_022229005.1|NZ_JAKKFD010000002.1_128	SP	445
GCF_022229005.1|NZ_JAKKFD010000038.1_80	SP	408
GCF_022229015.1|NZ_JAKKFF010000100.1_33	SP	445
GCF_022229015.1|NZ_JAKKFF010000201.1_7	SP	408
GCF_022230905.1|NZ_JAKKFG010000019.1_69	SP	344
GCF_022230905.1|NZ_JAKKFG010000042.1_231	SP	408
GCF_022230905.1|NZ_JAKKFG010000045.1_99	LIPO	297
GCF_022230925.1|NZ_JAKKFH010000006.1_207	SP	414
GCF_022230925.1|NZ_JAKKFH010000008.1_44	SP	445
GCF_022230935.1|NZ_JAKKFE010000012.1_43	SP	445
GCF_022230935.1|NZ_JAKKFE010000035.1_7	SP	406
GCF_022230955.1|NZ_JAKKFI010000049.1_10	LIPO	293
GCF_022230955.1|NZ_JAKKFI010000074.1_14	SP	445
GCF_022230955.1|NZ_JAKKFI010000084.1_157	SP	412
GCF_022267315.1|NZ_JAIKLE010000061.1_13	LIPO	311
GCF_022317005.1|NZ_CP081006.1_59	SP	288
GCF_022341425.1|NZ_JABFUC010000002.1_31	SP	351
GCF_022347745.1|NZ_JAKRGC010000078.1_3	SP	421
GCF_022347785.1|NZ_JAKRGA010000002.1_513	SP	319
GCF_022347985.1|NZ_JAKRFQ010000095.1_3	SP	326
GCF_022348085.1|NZ_JAKRFN010000002.1_130	SP	303
GCF_022348165.1|NZ_JAKRFI010000002.1_103	SP	344
GCF_022348165.1|NZ_JAKRFI010000009.1_102	SP	348
GCF_022370635.2|NZ_CP092362.2_1125	LIPO	278
GCF_022370635.2|NZ_CP092362.2_2862	LIPO	311
GCF_022374875.2|NZ_CP092427.2_3830	SP	272
GCF_022374895.2|NZ_CP092423.2_200	LIPO	315
GCF_022374895.2|NZ_CP092423.2_903	LIPO	279
GCF_022385335.1|NZ_CP092431.1_1035	SP	442
GCF_022394535.1|NZ_CP089414.1_1312	SP	339
GCF_022398315.1|NZ_JAKEVF010000004.1_266	LIPO	700
GCF_022398315.1|NZ_JAKEVF010000004.1_272	SP	318
GCF_022398475.1|NZ_JAKEVM010000071.1_13	SP	727
GCF_022430545.2|NZ_CP092488.2_2824	LIPO	276
GCF_022430545.2|NZ_CP092488.2_4885	LIPO	315
GCF_022436675.1|NZ_JAKUJZ010000001.1_245	SP	296
GCF_022436675.1|NZ_JAKUJZ010000007.1_315	SP	332
GCF_022447245.1|NZ_JAKVBC010000065.1_4	LIPO	295
GCF_022479115.1|NZ_CP092497.1_2354	SP	285
GCF_022487945.1|NZ_JAKVPY010000021.1_45	SP	349
GCF_022489065.1|NZ_JAKVTW010000007.1_142	SP	362
GCF_022524345.1|NZ_JAKWJU010000002.1_2348	SP	339
GCF_022524345.1|NZ_JAKWJU010000002.1_4726	SP	349
GCF_022548875.1|NZ_JAKZEW010000053.1_6	SP	449
GCF_022568815.1|NZ_JAKZHX010000030.1_17	SP	581
GCF_022601675.1|NZ_JAKVIL010000014.1_54	SP	412
GCF_022601735.1|NZ_JAKUMM010000005.1_52	SP	277
GCF_022647565.1|NZ_JALCLA010000007.1_31	LIPO	338
GCF_022647665.1|NZ_CP071872.1_3180	SP	487
GCF_022662495.1|NZ_JAKPBU010000005.1_190	SP	606
GCF_022664395.1|NZ_JAKRET010000006.1_45	SP	302
GCF_022664455.2|NZ_JAKRKC020000001.1_5862	SP	439
GCF_022664455.2|NZ_JAKRKC020000002.1_622	SP	408
GCF_022669015.1|NZ_JAKKSL010000001.1_488	SP	323
GCF_022678645.1|NZ_JALBWV010000053.1_49	SP	321
GCF_022698145.1|NZ_JALDAX010000020.1_47	SP	328
GCF_022698165.1|NZ_JALDAY010000009.1_191	SP	439
GCF_022747945.1|NZ_JALDST010000001.1_933	SP	411
GCF_022747945.1|NZ_JALDST010000001.1_4862	SP	447
GCF_022758145.1|NZ_JAJVDH010000019.1_3	SP	293
GCF_022758235.1|NZ_JALEBG010000001.1_1230	SP	293
GCF_022760805.1|NZ_JAIVFL010000001.1_3435	SP	295
GCF_022760995.1|NZ_JAKWJO010000001.1_862	SP	337
GCF_022761035.1|NZ_JAKWJP010000005.1_234	SP	350
GCF_022761115.1|NZ_JAKWJS010000006.1_16	SP	341
GCF_022763345.1|NZ_JALEGS010000049.1_46	SP	375
GCF_022763525.1|NZ_JALEGG010000281.1_6	SP	492
GCF_022782405.1|NZ_JALFNK010000015.1_25	SP	287
GCF_022807975.1|NZ_CP094358.1_2814	LIPO	302
GCF_022808175.1|NZ_JALGBX010000005.1_190	SP	509
GCF_022808675.1|NZ_JAKZKV010000004.1_250	SP	794
GCF_022808675.1|NZ_JAKZKV010000008.1_49	SP	804
GCF_022809125.1|NZ_JALGBI010000001.1_1686	SP	333
GCF_022809715.1|NZ_CP094459.1_1677	SP	341
GCF_022867795.2|NZ_CP107006.1_3582	LIPO	308
GCF_022919135.1|NZ_CP095049.1_1691	SP	391
GCF_022919835.1|NZ_CP095074.1_2144	SP	589
GCF_022921115.1|NZ_CP095075.1_2590	SP	360
GCF_022965755.1|NZ_CP095187.1_2065	SP	610
GCF_023008405.1|NZ_CP095376.1_1307	SP	743
GCF_023008405.1|NZ_CP095376.1_4234	SP	443
GCF_023016285.1|NZ_CP095413.1_2120	SP	492
GCF_023022965.1|NZ_CP095462.1_878	SP	661
GCF_023023025.1|NZ_CP095481.1_5861	SP	448
GCF_023023025.1|NZ_CP095481.1_8807	SP	749
GCF_023023025.1|NZ_CP095481.1_8885	SP	399
GCF_023036475.1|NZ_JAJQKI010000015.1_30	SP	667
GCF_023072595.1|NZ_JALLGK010000008.1_243	SP	344
GCF_023073315.1|NZ_JADPJH010000029.1_13	SP	306
GCF_023073335.1|NZ_JADPJG010000015.1_314	SP	302
GCF_023073415.1|NZ_JADPJL010000005.1_30	SP	585
GCF_023073715.1|NZ_JADPKA010000028.1_117	SP	306
GCF_023073915.1|NZ_JADPKK010000022.1_83	SP	307
GCF_023074035.1|NZ_JADPKP010000407.1_96	SP	302
GCF_023074055.1|NZ_JADPKR010000053.1_178	SP	306
GCF_023074075.1|NZ_JADPKT010000094.1_259	SP	306
GCF_023074175.1|NZ_JADPKS010000153.1_21	SP	306
GCF_023074185.1|NZ_JADPKY010000006.1_17	SP	306
GCF_023094165.1|NZ_JALMDK010000007.1_303	SP	315
GCF_023100905.1|NZ_CP064686.1_494	SP	307
GCF_023101665.1|NZ_CP082161.1_501	SP	306
GCF_023101685.1|NZ_CP082164.1_511	SP	302
GCF_023145115.1|NZ_JAGLEJ010000020.1_122	LIPO	305
GCF_023147505.1|NZ_JAHXPB010000001.1_625	SP	308
GCF_023150065.1|NZ_JAKLLN010000019.1_15	SP	336
GCF_023151555.2|NZ_CP100425.1_1062	SP	319
GCF_023156385.1|NZ_JAKZAK010000023.1_84	SP	572
GCF_023184515.1|NZ_JAAHBP010000018.1_171	SP	612
GCF_023184515.1|NZ_JAAHBP010000021.1_16	SP	452
GCF_023184515.1|NZ_JAAHBP010000022.1_145	SP	443
GCF_023197165.1|NZ_JALPRD010000004.1_227	SP	354
GCF_023197165.1|NZ_JALPRD010000004.1_254	SP	315
GCF_023208015.1|NZ_CP051627.1_3553	SP	416
GCF_023223525.1|NZ_JALPRX010000068.1_108	SP	338
GCF_023228465.1|NZ_JALOBC010000002.1_11	SP	345
GCF_023238445.1|NZ_CP096658.1_3596	TAT	497
GCF_023238445.1|NZ_CP096658.1_3597	TAT	331
GCF_023242945.1|NZ_JALKFT010000032.1_38	LIPO	304
GCF_023242965.2|NZ_JALKFU020000016.1_13	LIPO	347
GCF_023243075.1|NZ_JALKFZ020000155.1_21	LIPO	362
GCF_023266355.1|NZ_JAHFQM010000001.1_370	SP	334
GCF_023276375.1|NZ_JALLPK010000001.1_1808	TAT	354
GCF_023276375.1|NZ_JALLPK010000004.1_301	TAT	495
GCF_023276435.1|NZ_JALLPO010000023.1_39	SP	438
GCF_023276435.1|NZ_JALLPO010000032.1_111	SP	446
GCF_023283535.1|NZ_JAKILT010000039.1_19	SP	726
GCF_023283535.1|NZ_JAKILT010000039.1_25	SP	316
GCF_023283895.1|NZ_JAKILB010000001.1_250	SP	726
GCF_023283895.1|NZ_JAKILB010000001.1_256	SP	316
GCF_023498005.1|NZ_CP097289.1_2542	LIPO	290
GCF_023498005.1|NZ_CP097289.1_8132	SP	520
GCF_023499255.1|NZ_CP092183.1_4867	SP	440
GCF_023507745.1|NZ_JALPZO010000113.1_19	SP	353
GCF_023516595.1|NZ_JAMGBG010000043.1_137	SP	348
GCF_023516615.1|NZ_JAMGBF010000156.1_25	SP	331
GCF_023516615.1|NZ_JAMGBF010000183.1_3	SP	448
GCF_023518235.1|NZ_CP090423.1_878	SP	335
GCF_023522835.1|NZ_JALCZU010000002.1_444	SP	588
GCF_023534745.1|NZ_JAMHJQ010000016.1_159	SP	547
GCF_023544445.1|NZ_JALPVJ010000005.1_24	SP	391
GCF_023544445.1|NZ_JALPVJ010000050.1_15	SP	432
GCF_023544465.1|NZ_JALPVL010000012.1_272	SP	391
GCF_023544465.1|NZ_JALPVL010000016.1_17	SP	437
GCF_023544665.1|NZ_JAMJFL010000015.1_141	SP	324
GCF_023554995.1|NZ_JAMJPK010000006.1_99	SP	350
GCF_023555005.1|NZ_JAMJPJ010000001.1_314	SP	360
GCF_023566055.1|NZ_JALIQP010000002.1_1121	TAT	498
GCF_023612255.1|NZ_CP063231.1_1392	SP	340
GCF_023630705.1|NZ_JALQEM010000041.1_143	LIPO	389
GCF_023634065.1|NZ_JALKCV010000002.1_418	SP	640
GCF_023656545.1|NZ_JAMOKF010000164.1_6	SP	397
GCF_023656545.1|NZ_JAMOKF010000099.1_4	LIPO	300
GCF_023699475.1|NZ_JALXFV010000003.1_394	TAT	488
GCF_023701695.1|NZ_JAJOZC010000001.1_4787	SP	492
GCF_023701695.1|NZ_JAJOZC010000001.1_6888	SP	443
GCF_023701945.1|NZ_JABAEF010000003.1_222	SP	377
GCF_023703325.1|NZ_JAMQGM010000001.1_29	SP	331
GCF_023703415.1|NZ_JAGMTU010000001.1_697	SP	339
GCF_023703445.1|NZ_JAMQGR010000001.1_129	SP	294
GCF_023703445.1|NZ_JAMQGR010000002.1_531	SP	375
GCF_023703445.1|NZ_JAMQGR010000003.1_188	SP	332
GCF_023715205.1|NZ_JAMBNR010000009.1_203	SP	332
GCF_023715685.1|NZ_JAMBOQ010000008.1_137	SP	591
GCF_023716925.1|NZ_JAMQQG010000299.1_3	LIPO	304
GCF_023721715.1|NZ_JAMDLG010000001.1_1175	SP	296
GCF_023721835.1|NZ_JAMKFE010000004.1_369	SP	386
GCF_023740755.1|NZ_JAMRXG010000019.1_44	SP	425
GCF_023740755.1|NZ_JAMRXG010000021.1_37	LIPO	296
GCF_023746615.1|NZ_CP082275.1_2076	SP	348
GCF_023806635.1|NZ_JAMTDQ010000108.1_14	SP	463
GCF_023823685.1|NZ_JAMXBF010000001.1_6	SP	299
GCF_023823685.1|NZ_JAMXBF010000003.1_620	SP	279
GCF_023824195.1|NZ_CP085442.1_407	SP	591
GCF_023887685.1|NZ_JAMWMR010000013.1_75	SP	485
GCF_023896955.1|NZ_JAMHIW010000020.1_10	SP	404
GCF_023913775.1|NZ_JAMXAX010000067.1_13	SP	492
GCF_023957275.1|NZ_JAMLHF010000002.1_54	SP	370
GCF_024055665.1|NZ_JAMXMC010000009.1_196	SP	350
GCF_024055725.1|NZ_JAMXMX010000050.1_11	LIPO	311
GCF_024055795.1|NZ_JAMXMY010000016.1_156	LIPO	315
GCF_024055795.1|NZ_JAMXMY010000006.1_136	SP	424
GCF_024136965.1|NZ_JAMYJX010000003.1_105	TAT	494
GCF_024136965.1|NZ_JAMYJX010000003.1_106	TAT	331
GCF_024138125.1|NZ_CP099993.1_3044	TAT	521
GCF_024138125.1|NZ_CP099993.1_3045	TAT	330
GCF_024138675.1|NZ_CP090959.1_2381	SP	716
GCF_024158715.1|NZ_JAMZBC010000025.1_16	SP	347
GCF_024170005.1|NZ_JALJXJ010000013.1_146	SP	355
GCF_024171465.1|NZ_JALJZU010000005.1_287	SP	583
GCF_024171495.1|NZ_JALJZW010000005.1_33	LIPO	612
GCF_024171695.1|NZ_JAMTCF010000006.1_135	SP	429
GCF_024171785.1|NZ_JAMTCK010000009.1_174	SP	311
GCF_024171885.1|NZ_JAMTCP010000034.1_16	SP	349
GCF_024171955.1|NZ_JAMTCS010000001.1_453	SP	428
GCF_024172085.1|NZ_JAMZDZ010000001.1_4796	LIPO	302
GCF_024172085.1|NZ_JAMZDZ010000001.1_5944	SP	447
GCF_024172085.1|NZ_JAMZDZ010000001.1_6230	SP	418
GCF_024172085.1|NZ_JAMZDZ010000001.1_8116	SP	327
GCF_024172165.1|NZ_JAMZEB010000002.1_130	SP	433
GCF_024172165.1|NZ_JAMZEB010000002.1_2753	SP	452
GCF_024172165.1|NZ_JAMZEB010000002.1_4022	SP	403
GCF_024198175.1|NZ_JAJVKV010000001.1_1399	LIPO	629
GCF_024198215.1|NZ_JAKCFA010000012.1_220	LIPO	628
GCF_024198215.1|NZ_JAKCFA010000034.1_57	SP	337
GCF_024198235.1|NZ_JAKCFB010000040.1_46	SP	337
GCF_024198235.1|NZ_JAKCFB010000058.1_33	LIPO	628
GCF_024198235.1|NZ_JAKCFB010000009.1_40	LIPO	335
GCF_024198255.1|NZ_JAJVKW010000010.1_28	SP	334
GCF_024198255.1|NZ_JAJVKW010000012.1_140	LIPO	625
GCF_024198255.1|NZ_JAJVKW010000003.1_792	LIPO	342
GCF_024199795.1|NZ_JANADK010000001.1_8475	SP	306
GCF_024199845.1|NZ_JANADO010000001.1_6046	SP	306
GCF_024213195.1|NZ_JANAVF010000002.1_679	SP	492
GCF_024213555.1|NZ_JANAVO010000010.1_125	SP	315
GCF_024213665.1|NZ_JANAVP010000039.1_63	SP	516
GCF_024218795.1|NZ_CP100400.1_3089	TAT	331
GCF_024235695.1|NZ_JACKLX010000001.1_85	SP	463
GCF_024235715.1|NZ_JACKLW010000005.1_892	SP	462
GCF_024235715.1|NZ_JACKLW010000014.1_49	SP	376
GCF_024256385.1|NZ_JAMLFW010000001.1_2503	SP	312
GCF_024298965.1|NZ_CP085193.1_9247	SP	328
GCF_024298965.1|NZ_CP085193.1_9775	SP	340
GCF_024320865.1|NZ_JANDBD010000011.1_83	SP	290
GCF_024320865.1|NZ_JANDBD010000008.1_237	SP	271
GCF_024320865.1|NZ_JANDBD010000008.1_238	SP	279
GCF_024343575.1|NZ_RJUA01000007.1_72	LIPO	307
GCF_024345415.1|NZ_JAGQBB010000047.1_6	LIPO	346
GCF_024347055.1|NZ_AP024896.1_425	SP	359
GCF_024362365.1|NZ_CP101464.1_2358	SP	413
GCF_024362765.1|NZ_CP093302.1_335	SP	576
GCF_024400215.1|NZ_CP053748.1_5220	SP	296
GCF_024435355.1|NZ_JAMJWG010000001.1_617	SP	313
GCF_024435355.1|NZ_JAMJWG010000018.1_140	SP	500
GCF_024435355.1|NZ_JAMJWG010000028.1_68	SP	313
GCF_024436035.1|NZ_JANFNG010000016.1_36	SP	488
GCF_024437665.1|NZ_JANCSZ010000001.1_703	SP	299
GCF_024437665.1|NZ_JANCSZ010000002.1_625	SP	357
GCF_024448135.1|NZ_JAMRYX010000176.1_4	SP	354
GCF_024448165.1|NZ_JAMOLN010000196.1_12	LIPO	289
GCF_024448165.1|NZ_JAMOLN010000042.1_17	SP	503
GCF_024448955.1|NZ_JAMOIH010000012.1_102	SP	564
GCF_024448985.1|NZ_JAMOII010000005.1_129	SP	564
GCF_024505145.1|NZ_JANIAA010000001.1_281	SP	491
GCF_024505145.1|NZ_JANIAA010000017.1_9	SP	328
GCF_024505185.1|NZ_JANIBJ010000012.1_15	SP	336
GCF_024508275.1|NZ_CP101989.1_2559	SP	474
GCF_024508335.1|NZ_CP101988.1_2566	SP	456
GCF_024508665.1|NZ_JANINP010000003.1_283	SP	300
GCF_024508665.1|NZ_JANINP010000007.1_692	SP	327
GCF_024518835.1|NZ_JANIGO010000004.1_201	SP	321
GCF_024519155.1|NZ_JANIFJ010000001.1_461	SP	313
GCF_024519455.1|NZ_JALJRY010000030.1_51	SP	443
GCF_024539675.1|NZ_JAHHIT010000059.1_29	SP	319
GCF_024580295.1|NZ_JANIKO010000014.1_22	LIPO	341
GCF_024584805.1|NZ_CP075715.1_6514	SP	487
GCF_024585265.1|NZ_CP036533.1_620	SP	307
GCF_024585285.1|NZ_CP040755.1_3469	SP	311
GCF_024609805.1|NZ_JANFVR010000215.1_9	SP	608
GCF_024612015.1|NZ_CP102512.1_8349	SP	442
GCF_024612035.1|NZ_CP102513.1_1358	SP	449
GCF_024623785.1|NZ_JANKBZ010000001.1_316	SP	331
GCF_024623785.1|NZ_JANKBZ010000002.1_48	LIPO	703
GCF_024648825.1|NZ_JANBBE010000009.1_183	SP	443
GCF_024655735.1|NZ_JANLGG010000023.1_20	SP	335
GCF_024666525.1|NZ_CP088294.1_1107	SP	284
GCF_024666525.1|NZ_CP088294.1_1108	SP	279
GCF_024666615.1|NZ_CP088297.1_1573	SP	340
GCF_024700055.1|NZ_JAJOND010000001.1_1622	SP	303
GCF_024700055.1|NZ_JAJOND010000001.1_1757	SP	500
GCF_024703995.1|NZ_JAMXQV010000022.1_92	SP	741
GCF_024703995.1|NZ_JAMXQV010000022.1_179	SP	402
GCF_024704365.1|NZ_JAJDFY010000001.1_1017	SP	307
GCF_024704385.1|NZ_JAJDFX010000002.1_1707	LIPO	327
GCF_024714495.1|NZ_JAMZMJ010000003.1_248	SP	648
GCF_024721115.1|NZ_JAMDHK010000002.1_351	SP	351
GCF_024723325.1|NZ_JANQCH010000029.1_2	SP	460
GCF_024730785.1|NZ_CP102830.1_144	SP	284
GCF_024734075.1|NZ_CP102850.1_1459	SP	307
GCF_024753215.1|NZ_JANUGV010000012.1_21	SP	332
GCF_024753255.1|NZ_JANUHA010000010.1_69	SP	292
GCF_024753285.1|NZ_JANUGW010000019.1_62	SP	342
GCF_024753285.1|NZ_JANUGW010000002.1_60	SP	350
GCF_024756255.1|NZ_JANUHB010000009.1_7	SP	332
GCF_024790395.1|NZ_JAJISC010000001.1_235	SP	383
GCF_024802625.1|NZ_CP103371.1_74	SP	579
GCF_024802625.1|NZ_CP103371.1_223	SP	296
GCF_024808665.2|NZ_CP183229.1_2074	SP	299
GCF_024809855.1|NZ_JANUEM010000002.1_272	SP	637
GCF_024809855.1|NZ_JANUEM010000016.1_37	SP	332
GCF_025061645.1|NZ_JANYMP010000004.1_455	SP	442
GCF_025061645.1|NZ_JANYMP010000026.1_104	SP	309
GCF_025145285.1|NZ_CP102251.1_1723	SP	299
GCF_025145645.1|NZ_CP102252.1_1698	SP	286
GCF_025145845.1|NZ_CP102253.1_1837	SP	290
GCF_025153445.1|NZ_JANZNS010000004.1_420	SP	564
GCF_025154075.1|NZ_JAOAMU010000002.1_697	SP	390
GCF_025154075.1|NZ_JAOAMU010000007.1_113	SP	383
GCF_025200925.1|NZ_CP104174.1_807	SP	302
GCF_025245835.1|NZ_JAOBWS010000012.1_13	SP	368
GCF_025245835.1|NZ_JAOBWS010000001.1_96	SP	330
GCF_025263485.1|NZ_CP079863.1_1474	LIPO	277
GCF_025263485.1|NZ_CP079863.1_1741	LIPO	306
GCF_025264705.1|NZ_CP073767.1_1173	LIPO	326
GCF_025264705.1|NZ_CP073767.1_6884	SP	451
GCF_025264705.1|NZ_CP073767.1_8631	SP	407
GCF_025290915.1|NZ_JAOCQE010000194.1_3	SP	331
GCF_025331195.1|NZ_LXOV01000001.1_1553	LIPO	304
GCF_025340265.1|NZ_CP022707.1_638	SP	311
GCF_025345565.1|NZ_CP054475.1_3295	SP	564
GCF_025345615.1|NZ_JAODWD010000005.1_492	SP	283
GCF_025354735.1|NZ_JANXMI010000197.1_7	SP	362
GCF_025356595.1|NZ_JANXSQ010000323.1_9	SP	369
GCF_025380365.1|NZ_JAOCQF010000003.1_264	SP	296
GCF_025398175.1|NZ_CP099735.1_303	SP	325
GCF_025399795.1|NZ_JAODTZ010000089.1_10	SP	492
GCF_025399835.1|NZ_JAODVR010000001.1_847	TAT	327
GCF_025457485.1|NZ_JAMXSP010000014.1_55	SP	456
GCF_025506355.1|NZ_JANZYP010000107.1_2	SP	456
GCF_025506355.1|NZ_JANZYP010000012.1_2	SP	438
GCF_025506355.1|NZ_JANZYP010000005.1_52	SP	485
GCF_025532125.1|NZ_ARXL01000164.1_5	SP	576
GCF_025532145.1|NZ_ARXS01000003.1_129	LIPO	636
GCF_025548555.1|NZ_JAJLPA010000007.1_9	SP	312
GCF_025558485.1|NZ_CP102930.1_2548	SP	282
GCF_025567625.1|NZ_JAOQJC010000010.1_21	SP	750
GCF_025628895.1|NZ_JAOTJC010000008.1_490	SP	342
GCF_025628895.1|NZ_JAOTJC010000004.1_253	SP	633
GCF_025630775.1|NZ_JAOSZE010000018.1_147	SP	386
GCF_025630775.1|NZ_JAOSZE010000028.1_13	SP	452
GCF_025630775.1|NZ_JAOSZE010000078.1_13	SP	437
GCF_025642135.1|NZ_CP106793.1_7925	SP	449
GCF_025642175.1|NZ_CP106795.1_954	SP	389
GCF_025643255.1|NZ_CP087112.1_2939	SP	360
GCF_025655475.1|NZ_JAHTIK010000001.1_4206	SP	529
GCF_025697965.1|NZ_JAHWBK010000003.1_94	SP	335
GCF_025699295.1|NZ_JAILWB010000006.1_220	SP	323
GCF_025699485.1|NZ_JANUXN010000010.1_28	SP	352
GCF_025725665.1|NZ_CP107009.1_4079	SP	353
GCF_025755255.1|NZ_JALIEB010000004.1_289	SP	339
GCF_025821625.1|NZ_JACKSH010000185.1_7	SP	291
GCF_025822145.1|NZ_JACKTH010000040.1_562	SP	332
GCF_025822405.1|NZ_JACKTS010000037.1_405	LIPO	282
GCF_025822405.1|NZ_JACKTS010000040.1_472	LIPO	304
GCF_025822605.1|NZ_JACKTY010000020.1_172	SP	312
GCF_025822765.1|NZ_JACKUK010000023.1_724	SP	284
GCF_025822865.1|NZ_JACKUR010000021.1_47	LIPO	315
GCF_025822865.1|NZ_JACKUR010000025.1_338	LIPO	280
GCF_025822985.1|NZ_JACKUW010000009.1_249	SP	304
GCF_025822985.1|NZ_JACKUW010000019.1_163	SP	294
GCF_025823185.1|NZ_JACKVK010000022.1_8	SP	311
GCF_025854275.1|NZ_CP107567.1_512	SP	426
GCF_025917315.1|NZ_CP080627.1_3246	SP	350
GCF_025933915.1|NZ_JAICZA010000198.1_3	LIPO	280
GCF_025961205.1|NZ_JAOQNH010000001.1_2728	SP	390
GCF_025961225.1|NZ_JAOQNG010000001.1_847	SP	379
GCF_025961575.1|NZ_JAOQNX010000031.1_6	SP	358
GCF_025965075.1|NZ_JAOPXQ010000047.1_23	LIPO	313
GCF_025965855.1|NZ_JAOPWB010000137.1_54	LIPO	314
GCF_025979885.1|NZ_CP110139.1_2250	SP	390
GCF_025998535.1|NZ_AP024233.1_299	LIPO	316
GCF_026000115.1|NZ_AP026867.1_5076	SP	381
GCF_026013475.1|NZ_JAPDPH010000133.1_7	SP	345
GCF_026013475.1|NZ_JAPDPH010000164.1_10	SP	401
GCF_026013525.1|NZ_JAPDRA010000001.1_27	SP	323
GCF_026015295.1|NZ_JAPDUW010000001.1_3102	SP	538
GCF_026017845.1|NZ_CP100416.1_5977	SP	745
GCF_026017845.1|NZ_CP100416.1_6049	SP	401
GCF_026072635.1|NZ_AP023081.1_1960	SP	279
GCF_026104355.1|NZ_CP110535.1_4372	SP	365
GCF_026127265.1|NZ_WWFG01000002.1_2141	SP	341
GCF_026151335.1|NZ_JAMQPP010000001.1_511	SP	339
GCF_026151335.1|NZ_JAMQPP010000007.1_21	LIPO	343
GCF_026153205.1|NZ_JAPFBW010000003.1_219	SP	344
GCF_026153205.1|NZ_JAPFBW010000004.1_170	SP	483
GCF_026153205.1|NZ_JAPFBW010000015.1_98	SP	383
GCF_026153205.1|NZ_JAPFBW010000032.1_19	SP	346
GCF_026167665.1|NZ_CP098740.1_4538	SP	421
GCF_026183675.1|NZ_JAPIVK010000010.1_1	SP	571
GCF_026183675.1|NZ_JAPIVK010000020.1_30	SP	571
GCF_026183695.1|NZ_JAPFRD010000005.1_478	SP	336
GCF_026183735.1|NZ_JAPFRE010000016.1_235	SP	336
GCF_026240945.1|NZ_JAPFPY010000011.1_87	SP	307
GCF_026240945.1|NZ_JAPFPY010000030.1_34	LIPO	324
GCF_026242035.1|NZ_JAPJDN010000017.1_99	SP	302
GCF_026242055.1|NZ_JAPJDL010000040.1_8	SP	449
GCF_026248685.1|NZ_CP111036.1_381	TAT	331
GCF_026250525.1|NZ_CP111045.1_384	SP	637
GCF_026274175.1|NZ_JAPHNL010000222.1_73	SP	496
GCF_026283955.1|NZ_JAPDPE010000067.1_13	SP	349
GCF_026283965.1|NZ_JAPDPD010000005.1_180	SP	342
GCF_026337845.1|NZ_JAOVZF010000156.1_368	SP	480
GCF_026337845.1|NZ_JAOVZF010000155.1_52	SP	442
GCF_026340305.1|NZ_JAPEPI010000002.1_1206	LIPO	298
GCF_026340305.1|NZ_JAPEPI010000003.1_235	SP	352
GCF_026340655.1|NZ_JAPEOZ010000001.1_248	SP	374
GCF_026340655.1|NZ_JAPEOZ010000001.1_499	SP	436
GCF_026341125.1|NZ_JAPEOR010000001.1_3115	SP	476
GCF_026341275.1|NZ_JAIFZO010000002.1_1535	SP	461
GCF_026341515.1|NZ_JAPEOK010000001.1_6651	SP	451
GCF_026342015.1|NZ_JAPENL010000001.1_1388	SP	455
GCF_026342015.1|NZ_JAPENL010000001.1_2279	SP	412
GCF_026342405.1|NZ_JAPEMU010000001.1_7156	SP	490
GCF_026342435.1|NZ_JAPEMT010000001.1_2261	SP	541
GCF_026343115.1|NZ_JAPEMC010000011.1_7	SP	494
GCF_026343125.1|NZ_JAPEMB010000001.1_304	SP	489
GCF_026410385.1|NZ_JAPMLT010000001.1_122	SP	762
GCF_026410385.1|NZ_JAPMLT010000001.1_477	SP	328
GCF_026586805.1|NZ_JAPFHA010000005.1_74	SP	333
GCF_026616195.1|NZ_JANHDH010000002.1_49	TAT	327
GCF_026625845.1|NZ_CP113066.1_897	SP	413
GCF_026625985.1|NZ_CP113116.1_5356	LIPO	315
GCF_026626335.1|NZ_JAPNTZ010000020.1_17	SP	441
GCF_026626335.1|NZ_JAPNTZ010000021.1_100	SP	386
GCF_026626635.1|NZ_JAPNKA010000001.1_1941	LIPO	631
GCF_026626635.1|NZ_JAPNKA010000001.1_8132	SP	331
GCF_026626705.1|NZ_JAPNKC010000001.1_1702	SP	330
GCF_026626705.1|NZ_JAPNKC010000001.1_4136	LIPO	629
GCF_026626745.1|NZ_JAPNJW010000002.1_4481	SP	447
GCF_026626885.1|NZ_JAPNOA010000009.1_85	SP	452
GCF_026627445.1|NZ_JAPNLJ010000003.1_159	SP	504
GCF_026672375.1|NZ_JAPPRA010000001.1_1380	SP	310
GCF_026712245.1|NZ_JAPPUY010000002.1_320	SP	321
GCF_026788005.1|NZ_JABEPE010000018.1_39	SP	352
GCF_026788005.1|NZ_JABEPE010000006.1_143	SP	646
GCF_026790145.1|NZ_JALAMS010000011.1_30	SP	339
GCF_026790145.1|NZ_JALAMS010000035.1_94	SP	319
GCF_026810505.1|NZ_CP101750.1_3681	SP	373
GCF_026810505.1|NZ_CP101750.1_5781	LIPO	307
GCF_026965555.1|NZ_CP114040.1_38	SP	452
GCF_026965555.1|NZ_CP114040.1_8355	LIPO	365
GCF_027107535.1|NZ_CP114283.1_1571	SP	441
GCF_027158205.1|NZ_JAPVLU010000037.1_69	SP	485
GCF_027257845.1|NZ_JAPVOT010000017.1_18	SP	392
GCF_027270315.1|NZ_CP114413.1_873	SP	432
GCF_027270315.1|NZ_CP114413.1_3292	SP	324
GCF_027270315.1|NZ_CP114413.1_5852	LIPO	319
GCF_027270735.1|NZ_JAPWIJ010000005.1_44	SP	337
GCF_027270735.1|NZ_JAPWIJ010000007.1_253	SP	333
GCF_027359925.1|NZ_CP114767.1_3619	SP	386
GCF_027474825.1|NZ_CP107030.1_4059	LIPO	337
GCF_027483985.1|NZ_JAIXTJ010000042.1_114	LIPO	316
GCF_027492855.1|NZ_JAPUDY010000086.1_13	SP	336
GCF_027497175.1|NZ_CP114901.1_5495	SP	414
GCF_027497195.1|NZ_CP114905.1_669	SP	323
GCF_027497195.1|NZ_CP114905.1_7130	SP	334
GCF_027497215.1|NZ_CP114904.1_5782	SP	404
GCF_027497235.1|NZ_CP114902.1_1314	SP	414
GCF_027497235.1|NZ_CP114902.1_2238	SP	441
GCF_027497255.1|NZ_CP114903.1_88	SP	410
GCF_027497255.1|NZ_CP114903.1_3028	LIPO	362
GCF_027497355.1|NZ_CP114909.1_3441	SP	414
GCF_027497995.1|NZ_JAODBT010000002.1_112	SP	335
GCF_027530345.1|NZ_JAPZQK010000008.1_130	LIPO	341
GCF_027531545.1|NZ_JAPZSC010000001.1_158	LIPO	341
GCF_027532185.1|NZ_JAPZSV010000009.1_122	SP	338
GCF_027563145.1|NZ_CP071307.1_377	TAT	493
GCF_027571385.1|NZ_CP085636.1_1169	SP	686
GCF_027571385.1|NZ_CP085636.1_1183	SP	330
GCF_027587195.1|NZ_JAPDDP010000005.1_104	LIPO	294
GCF_027587195.1|NZ_JAPDDP010000094.1_5	SP	309
GCF_027594865.1|NZ_CP089391.1_7437	SP	306
GCF_027620315.1|NZ_JAPNNL010000209.1_1	SP	432
GCF_027620315.1|NZ_JAPNNL010000053.1_10	SP	451
GCF_027620355.1|NZ_JAPNUD010000045.1_30	LIPO	441
GCF_027622855.1|NZ_JAPZVR010000001.1_120	SP	442
GCF_027622855.1|NZ_JAPZVR010000016.1_91	SP	438
GCF_027622875.1|NZ_JAPZVP010000001.1_394	SP	441
GCF_027622875.1|NZ_JAPZVP010000018.1_108	SP	441
GCF_027622875.1|NZ_JAPZVP010000003.1_201	SP	438
GCF_027625935.1|NZ_CP115300.1_7994	SP	492
GCF_027625995.1|NZ_CP115396.1_108	SP	386
GCF_027706725.1|NZ_JAQFWQ010000022.1_49	SP	341
GCF_027706745.1|NZ_JAQFWP010000002.1_43	SP	336
GCF_027853915.1|NZ_JAQGLA010000049.1_7	SP	316
GCF_027853965.1|NZ_JAQGLB010000002.1_147	SP	321
GCF_027886425.1|NZ_CP115671.1_1483	SP	306
GCF_027922365.1|NZ_BSFN01000008.1_85	LIPO	323
GCF_027922425.1|NZ_BSFQ01000008.1_220	LIPO	276
GCF_027923225.1|NZ_BSDI01000002.1_69	SP	568
GCF_027923225.1|NZ_BSDI01000005.1_64	LIPO	299
GCF_027923225.1|NZ_BSDI01000007.1_226	SP	450
GCF_027923225.1|NZ_BSDI01000020.1_16	SP	439
GCF_027923905.1|NZ_AP026966.1_83	SP	579
GCF_027923905.1|NZ_AP026966.1_1470	SP	293
GCF_027924605.1|NZ_AP027042.1_2173	SP	337
GCF_027947595.1|NZ_CP116257.1_116	LIPO	353
GCF_028023875.1|NZ_JAQIPB010000006.1_305	SP	487
GCF_028128765.1|NZ_LBJG01000023.1_357	SP	345
GCF_028128955.1|NZ_LBKA01000257.1_215	SP	315
GCF_028200735.1|NZ_JAQKPV010000005.1_122	SP	427
GCF_028285565.1|NZ_JANQOY010000033.1_16	LIPO	332
GCF_028285745.1|NZ_JANQOP010000206.1_4	SP	331
GCF_028288185.1|NZ_JAQBOF010000029.1_45	SP	294
GCF_028289855.1|NZ_JAQGKZ010000016.1_22	SP	303
GCF_028291725.1|NZ_JAQGNT010000084.1_27	SP	353
GCF_028291725.1|NZ_JAQGNT010000025.1_15	SP	314
GCF_028291725.1|NZ_JAQGNT010000036.1_25	SP	332
GCF_028291725.1|NZ_JAQGNT010000041.1_27	SP	298
GCF_028292705.1|NZ_JAQGLV010000052.1_5	SP	349
GCF_028368935.1|NZ_JAQNDK010000001.1_166	SP	434
GCF_028368975.1|NZ_JAQNDM010000002.1_5130	LIPO	695
GCF_028368995.1|NZ_JAQNDL010000001.1_2879	SP	448
GCF_028369095.1|NZ_JAQNDN010000019.1_589	SP	444
GCF_028369105.1|NZ_JAQNDO010000001.1_7526	LIPO	450
GCF_028369295.1|NZ_JAQMYP010000016.1_135	SP	452
GCF_028369295.1|NZ_JAQMYP010000057.1_35	SP	336
GCF_028401405.1|NZ_JAQOSL010000011.1_82	SP	322
GCF_028401425.1|NZ_JAQOMS010000002.1_288	SP	306
GCF_028401425.1|NZ_JAQOMS010000002.1_5250	SP	438
GCF_028401765.1|NZ_JAQOSK010000001.1_975	SP	328
GCF_028435265.1|NZ_JAGTJK010000003.1_423	LIPO	449
GCF_028475105.1|NZ_CP116936.1_891	LIPO	297
GCF_028475105.1|NZ_CP116936.1_4872	SP	416
GCF_028595265.1|NZ_JAQQXP010000001.1_1432	SP	298
GCF_028595265.1|NZ_JAQQXP010000001.1_2607	SP	334
GCF_028595325.1|NZ_JAQQXR010000001.1_720	SP	428
GCF_028595325.1|NZ_JAQQXR010000001.1_1120	SP	330
GCF_028595325.1|NZ_JAQQXR010000003.1_106	SP	375
GCF_028609805.1|NZ_CP063189.1_999	LIPO	335
GCF_028622115.1|NZ_CP097263.1_1633	SP	326
GCF_028623165.1|NZ_CP117768.1_4916	LIPO	329
GCF_028649395.1|NZ_JAQSUW010000017.1_32	SP	278
GCF_028657905.1|NZ_CP117782.1_939	SP	340
GCF_028657945.1|NZ_CP059693.1_1688	SP	328
GCF_028683135.1|NZ_JAJUBB010000004.1_199	SP	354
GCF_028687635.1|NZ_JAQTZS010000010.1_20	SP	378
GCF_028689755.1|NZ_JAQVCO010000012.1_81	SP	344
GCF_028689785.1|NZ_JAQVCN010000012.1_70	SP	337
GCF_028736035.1|NZ_CP117866.1_587	SP	452
GCF_028736035.1|NZ_CP117866.1_779	SP	442
GCF_028736035.1|NZ_CP117866.1_3503	SP	328
GCF_028752115.1|NZ_CP082270.1_2321	SP	334
GCF_028885415.1|NZ_CP118527.1_1151	SP	440
GCF_028993575.1|NZ_CP118615.1_1932	LIPO	359
GCF_028993575.1|NZ_CP118615.1_5785	SP	410
GCF_028993615.1|NZ_CP118632.1_2436	SP	335
GCF_029017505.1|NZ_JAQGEI010000005.1_102	SP	505
GCF_029028005.1|NZ_JAOTPO010000002.1_254	SP	604
GCF_029028005.1|NZ_JAOTPO010000030.1_26	SP	330
GCF_029051685.1|NZ_JAACFT010000002.1_77	SP	302
GCF_029051725.1|NZ_JAACFU010000015.1_159	SP	306
GCF_029094545.1|NZ_CP117835.1_3337	SP	592
GCF_029167105.1|NZ_JARFML010000027.1_57	SP	306
GCF_029212645.1|NZ_JARGND010000006.1_33	SP	336
GCF_029223185.1|NZ_JARHUG010000020.1_37	SP	333
GCF_029223485.1|NZ_JARHTP010000013.1_240	SP	352
GCF_029223485.1|NZ_JARHTP010000005.1_49	SP	329
GCF_029223485.1|NZ_JARHTP010000009.1_236	SP	438
GCF_029223865.1|NZ_CP119520.1_1946	SP	571
GCF_029224025.1|NZ_CP119392.1_2005	LIPO	346
GCF_029255145.1|NZ_JAPUVQ010000150.1_68	SP	453
GCF_029255285.1|NZ_JAPUVI010000093.1_70	LIPO	354
GCF_029266855.1|NZ_JAQSWB010000001.1_466	SP	319
GCF_029266855.1|NZ_JAQSWB010000001.1_868	SP	382
GCF_029269265.1|NZ_JARIXP010000002.1_15	SP	330
GCF_029269265.1|NZ_JARIXP010000007.1_78	SP	634
GCF_029269835.1|NZ_JARJBB010000015.1_79	SP	496
GCF_029277305.1|NZ_CP119526.1_1972	SP	593
GCF_029335485.1|NZ_JARJLM010000522.1_2	SP	490
GCF_029338375.1|NZ_CP119804.1_815	TAT	331
GCF_029338375.1|NZ_CP119804.1_816	TAT	497
GCF_029338395.1|NZ_CP119809.1_1681	TAT	490
GCF_029338395.1|NZ_CP119809.1_1682	TAT	331
GCF_029360725.1|NZ_JARKMY010000010.1_162	LIPO	310
GCF_029369745.1|NZ_CP120210.1_6848	SP	286
GCF_029379315.1|NZ_JAQYWQ010000180.1_7	LIPO	314
GCF_029382255.1|NZ_JARLLG010000003.1_74	SP	438
GCF_029428675.1|NZ_JAJNEL010000001.1_1701	SP	492
GCF_029428875.1|NZ_JAJSOO010000001.1_4639	SP	497
GCF_029433115.1|NZ_JARNTV010000009.1_10	SP	324
GCF_029504575.1|NZ_JAQFII010000001.1_339	SP	485
GCF_029531655.1|NZ_JANRMI010000003.1_508	SP	306
GCF_029537485.1|NZ_JARPUS010000011.1_38	SP	574
GCF_029542205.1|NZ_CP113783.1_1693	SP	610
GCF_029581275.1|NZ_CP120742.1_4029	SP	414
GCF_029590555.1|NZ_CP081002.1_186	SP	337
GCF_029626025.1|NZ_JARUBF010000001.1_3234	LIPO	356
GCF_029626035.1|NZ_JARUBE010000003.1_496	SP	411
GCF_029626035.1|NZ_JARUBE010000003.1_4346	SP	345
GCF_029626145.1|NZ_JARUBJ010000002.1_3072	SP	344
GCF_029626145.1|NZ_JARUBJ010000002.1_4928	SP	413
GCF_029626155.1|NZ_JARUBL010000001.1_1051	SP	454
GCF_029626175.1|NZ_JARUBM010000002.1_4203	SP	414
GCF_029626175.1|NZ_JARUBM010000002.1_5880	SP	457
GCF_029626225.1|NZ_JARUBP010000001.1_271	SP	432
GCF_029626225.1|NZ_JARUBP010000001.1_7098	SP	410
GCF_029626235.1|NZ_JARUBO010000005.1_279	SP	408
GCF_029626235.1|NZ_JARUBO010000005.1_5549	SP	445
GCF_029626265.1|NZ_JARUBN010000001.1_1009	SP	444
GCF_029626265.1|NZ_JARUBN010000001.1_2298	SP	403
GCF_029690045.1|NZ_CP121464.1_343	SP	383
GCF_029690045.1|NZ_CP121464.1_1345	SP	332
GCF_029690045.1|NZ_CP121464.1_3838	SP	292
GCF_029714285.1|NZ_CP121664.1_500	SP	362
GCF_029714325.1|NZ_CP121666.1_8251	SP	306
GCF_029714425.1|NZ_CP121668.1_697	SP	306
GCF_029714945.1|NZ_CP121634.1_8304	SP	306
GCF_029760855.1|NZ_SOSI01000001.1_507	SP	319
GCF_029760955.1|NZ_CP121682.1_1358	SP	514
GCF_029813775.1|NZ_JARVKW010000075.1_11	SP	328
GCF_029813835.1|NZ_JARVKV010000122.1_1	SP	446
GCF_029813835.1|NZ_JARVKV010000031.1_43	SP	395
GCF_029835735.1|NZ_JAOEAL010000001.1_3523	SP	309
GCF_029837695.1|NZ_JAOEEA010000006.1_229	SP	279
GCF_029840635.1|NZ_JAOCCU010000035.1_12	SP	414
GCF_029846175.1|NZ_JARWAC010000017.1_215	SP	406
GCF_029846175.1|NZ_JARWAC010000024.1_52	SP	437
GCF_029846635.1|NZ_JARVTG010000001.1_1830	SP	375
GCF_029846715.1|NZ_JARVWW010000030.1_6	SP	302
GCF_029854215.1|NZ_CP122961.1_3662	SP	361
GCF_029869545.1|NZ_JARWQD010000240.1_65	SP	350
GCF_029869925.1|NZ_CP118605.1_3537	SP	314
GCF_029889845.1|NZ_JARANV010000003.1_183	SP	350
GCF_029892425.1|NZ_JARXWB010000002.1_203	SP	306
GCF_029892565.1|NZ_JARXVH010000011.1_302	SP	442
GCF_029892685.1|NZ_JARXVD010000028.1_26	LIPO	314
GCF_029893805.1|NZ_JARXYP010000002.1_1157	SP	432
GCF_029894125.1|NZ_JARXYZ010000023.1_47	SP	481
GCF_029894425.1|NZ_JARXYJ010000001.1_8273	SP	442
GCF_029946505.1|NZ_JARZHG010000006.1_13	LIPO	467
GCF_029946515.1|NZ_JARZHH010000161.1_1	LIPO	377
GCF_029948125.1|NZ_JASAMB010000034.1_27	SP	418
GCF_029948125.1|NZ_JASAMB010000004.1_251	SP	588
GCF_029948125.1|NZ_JASAMB010000042.1_19	SP	438
GCF_029948125.1|NZ_JASAMB010000009.1_96	SP	323
GCF_029953285.1|NZ_JASAOI010000007.1_174	SP	492
GCF_029959445.1|NZ_JASCOR010000087.1_9	SP	334
GCF_029960785.1|NZ_JASBQE010000113.1_13	LIPO	449
GCF_029968015.1|NZ_JASCIS010000027.1_58	SP	326
GCF_029968015.1|NZ_JASCIS010000058.1_32	SP	402
GCF_029968015.1|NZ_JASCIS010000058.1_39	SP	354
GCF_029968035.1|NZ_JASCIQ010000054.1_12	SP	326
GCF_029989365.1|NZ_JAPRAQ010000031.1_76	SP	302
GCF_029991245.1|NZ_JAIVFO010000052.1_24	SP	348
GCF_030009775.1|NZ_JASCTH010000027.1_26	SP	433
GCF_030010625.1|NZ_JASCXN010000002.1_407	SP	449
GCF_030010625.1|NZ_JASCXN010000037.1_22	SP	491
GCF_030012215.1|NZ_JASCXX010000001.1_271	SP	473
GCF_030012485.1|NZ_JASCQQ010000003.1_200	SP	350
GCF_030014915.1|NZ_JAGIXS010000007.1_205	SP	342
GCF_030042015.1|NZ_JASIAL010000134.1_6	LIPO	350
GCF_030056575.1|NZ_JASHHX010000003.1_47	SP	334
GCF_030056855.1|NZ_JASHKT010000004.1_73	SP	333
GCF_030063415.1|NZ_JASITA010000036.1_31	SP	472
GCF_030116705.1|NZ_JAOTIK010000001.1_684	SP	495
GCF_030122845.1|NZ_CP126084.1_857	SP	574
GCF_030151805.1|NZ_JASLCN010000241.1_3	SP	370
GCF_030151805.1|NZ_JASLCN010000199.1_8	SP	320
GCF_030159095.1|NZ_BRXS01000006.1_540	SP	332
GCF_030160275.1|NZ_BSOA01000015.1_170	SP	344
GCF_030160275.1|NZ_BSOA01000020.1_47	SP	343
GCF_030160655.1|NZ_BSOT01000005.1_670	LIPO	329
GCF_030160735.1|NZ_BSOX01000713.1_8	SP	302
GCF_030161255.1|NZ_BSPX01000084.1_12	SP	332
GCF_030161435.1|NZ_BSSV01000009.1_36	SP	308
GCF_030161575.1|NZ_BSUL01000001.1_1920	SP	405
GCF_030165005.1|NZ_JASNNW010000007.1_209	SP	365
GCF_030167915.1|NZ_JARGNB010000007.1_68	SP	344
GCF_030182635.1|NZ_JAPZLD010000001.1_524	LIPO	291
GCF_030182635.1|NZ_JAPZLD010000008.1_75	SP	398
GCF_030182635.1|NZ_JAPZLD010000008.1_170	SP	734
GCF_030209435.1|NZ_JARVRX010000023.1_53	LIPO	314
GCF_030209445.1|NZ_JARVSD010000008.1_111	SP	432
GCF_030227115.1|NZ_JASSUA010000001.1_1645	SP	582
GCF_030252325.1|NZ_CP126981.1_4374	LIPO	282
GCF_030252345.1|NZ_CP126980.1_3458	SP	445
GCF_030252345.1|NZ_CP126980.1_3929	SP	459
GCF_030252345.1|NZ_CP126980.1_4390	SP	398
GCF_030254645.1|NZ_CP116346.1_1360	SP	322
GCF_030262575.1|NZ_JASJUS010000001.1_304	SP	433
GCF_030264295.1|NZ_CP127173.1_6580	SP	400
GCF_030264295.1|NZ_CP127173.1_6643	SP	746
GCF_030264295.1|NZ_CP127173.1_9448	SP	441
GCF_030268685.1|NZ_BSRQ01000004.1_262	SP	410
GCF_030268685.1|NZ_BSRQ01000019.1_15	SP	436
GCF_030268885.1|NZ_BSSA01000031.1_68	SP	485
GCF_030269365.1|NZ_BSTF01000001.1_726	SP	446
GCF_030269365.1|NZ_BSTF01000010.1_15	SP	414
GCF_030270605.1|NZ_BSYJ01000004.1_263	SP	730
GCF_030271535.1|NZ_JASCXJ010000017.1_107	SP	433
GCF_030283145.1|NZ_JASNWE010000004.1_453	LIPO	327
GCF_030283205.1|NZ_JASNWF010000003.1_282	SP	715
GCF_030283205.1|NZ_JASNWF010000010.1_91	SP	291
GCF_030283205.1|NZ_JASNWF010000012.1_221	SP	418
GCF_030285365.1|NZ_JASVDS010000004.1_407	SP	354
GCF_030285645.1|NZ_CP127296.1_4020	SP	749
GCF_030285645.1|NZ_CP127296.1_4092	SP	399
GCF_030285665.1|NZ_CP127295.1_7836	SP	449
GCF_030285665.1|NZ_CP127295.1_9155	SP	421
GCF_030285665.1|NZ_CP127295.1_9229	SP	400
GCF_030285785.1|NZ_CP127247.1_4566	SP	277
GCF_030286555.1|NZ_JASVWF010000010.1_149	SP	329
GCF_030287445.1|NZ_JASVWB010000002.1_1419	SP	445
GCF_030294945.1|NZ_AP018448.1_1464	SP	448
GCF_030295745.1|NZ_AP027291.1_4109	SP	331
GCF_030295935.1|NZ_AP027362.1_3368	SP	309
GCF_030295955.1|NZ_AP027363.1_425	SP	765
GCF_030295955.1|NZ_AP027363.1_2824	SP	301
GCF_030297135.1|NZ_AP028066.1_104	SP	727
GCF_030297175.1|NZ_AP028070.1_2636	SP	581
GCF_030316135.1|NZ_CP128185.1_2366	SP	328
GCF_030317115.1|NZ_JASZYF010000011.1_205	SP	420
GCF_030317205.1|NZ_JASZYB010000004.1_715	LIPO	585
GCF_030345095.1|NZ_CP128360.1_3644	LIPO	337
GCF_030345705.1|NZ_JAUASW010000001.1_1762	SP	345
GCF_030345715.1|NZ_JAUASX010000017.1_66	SP	323
GCF_030345715.1|NZ_JAUASX010000003.1_62	SP	355
GCF_030362835.1|NZ_JAUCGQ010000001.1_925	SP	462
GCF_030362835.1|NZ_JAUCGQ010000001.1_926	LIPO	356
GCF_030362855.1|NZ_JAUCBP010000006.1_51	SP	333
GCF_030372105.1|NZ_JAUDBQ010000025.1_20	SP	461
GCF_030382115.1|NZ_JAUDRJ010000003.1_939	LIPO	314
GCF_030386795.1|NZ_JANUQM010000005.1_164	SP	438
GCF_030388665.1|NZ_CP128846.1_3249	LIPO	341
GCF_030397665.1|NZ_JAPUBT010000021.1_32	SP	332
GCF_030397665.1|NZ_JAPUBT010000007.1_78	SP	375
GCF_030403745.1|NZ_JAQMWP010000011.1_171	SP	439
GCF_030403745.1|NZ_JAQMWP010000027.1_44	SP	322
GCF_030406905.1|NZ_CP129137.1_6498	SP	499
GCF_030408555.1|NZ_CP047048.1_1360	LIPO	330
GCF_030409215.1|NZ_JAUFPL010000032.1_133	SP	351
GCF_030409305.1|NZ_JAUFPQ010000013.1_366	SP	348
GCF_030409605.1|NZ_JAUFQG010000004.1_432	SP	328
GCF_030409605.1|NZ_JAUFQG010000006.1_579	SP	715
GCF_030409715.1|NZ_JAUFQI010000001.1_1900	SP	566
GCF_030412785.1|NZ_CP125296.1_1020	SP	346
GCF_030419005.1|NZ_CP106951.1_2044	SP	485
GCF_030419005.1|NZ_CP106951.1_4328	SP	421
GCF_030440425.1|NZ_CP098023.1_1967	SP	366
GCF_030499155.1|NZ_JAUKNU010000001.1_5563	SP	332
GCF_030499515.1|NZ_JASTWJ010000001.1_5513	SP	332
GCF_030499515.1|NZ_JASTWJ010000001.1_8294	SP	441
GCF_030499535.1|NZ_JASTLB010000001.1_5725	SP	327
GCF_030499575.1|NZ_JASTLC010000001.1_967	SP	321
GCF_030499575.1|NZ_JASTLC010000001.1_8777	SP	307
GCF_030503855.1|NZ_CP129971.1_848	SP	388
GCF_030518795.1|NZ_CP130427.1_1658	SP	367
GCF_030518795.1|NZ_CP130427.1_3843	SP	405
GCF_030519375.1|NZ_JAUMKB010000001.1_367	SP	309
GCF_030519475.1|NZ_JAUMKD010000013.1_14	SP	403
GCF_030519475.1|NZ_JAUMKD010000007.1_114	SP	344
GCF_030530635.1|NZ_JAUMUL010000006.1_1	LIPO	361
GCF_030546575.1|NZ_JAUOTN010000001.1_204	SP	295
GCF_030546935.1|NZ_JAUOPH010000004.1_164	SP	582
GCF_030547075.1|NZ_JAUOQH010000019.1_32	SP	353
GCF_030547185.1|NZ_JAUOQR010000002.1_68	SP	291
GCF_030548205.1|NZ_JAUORV010000012.1_25	SP	336
GCF_030548205.1|NZ_JAUORV010000005.1_110	SP	637
GCF_030549525.1|NZ_CP130831.1_2246	SP	335
GCF_030549615.1|NZ_CP130832.1_1261	SP	334
GCF_030551255.1|NZ_CP130630.1_9606	SP	442
GCF_030553075.1|NZ_CP130701.1_1344	SP	368
GCF_030555055.1|NZ_JAMOAO010000001.1_2167	SP	412
GCF_030555055.1|NZ_JAMOAO010000001.1_4445	SP	431
GCF_030643825.1|NZ_CP101717.1_2116	SP	578
GCF_030649675.1|NZ_JAUTDR010000007.1_40	LIPO	348
GCF_030651495.1|NZ_JAUSFI010000155.1_15	SP	362
GCF_030656255.1|NZ_JAUSOE010000157.1_7	SP	303
GCF_030657435.1|NZ_JAUTWS010000006.1_216	SP	363
GCF_030658505.2|NZ_JAUTXR020000076.1_209	SP	335
GCF_030685025.1|NZ_JAUXWC010000264.1_4	SP	489
GCF_030689025.1|NZ_JAUYWA010000013.1_36	LIPO	367
GCF_030690345.1|NZ_JAUYGV010000006.1_257	SP	635
GCF_030690345.1|NZ_JAUYGV010000001.1_31	SP	331
GCF_030695035.1|NZ_JAUYTT010000008.1_774	LIPO	334
GCF_030698175.1|NZ_JAUYNT010000021.1_113	SP	286
GCF_030704205.1|NZ_CP131913.1_1880	SP	361
GCF_030704305.1|NZ_CP131935.1_3753	SP	403
GCF_030704305.1|NZ_CP131935.1_4137	SP	578
GCF_030708455.1|NZ_JAUYWF010000005.1_158	SP	360
GCF_030709675.1|NZ_JAUZQD010000008.1_321	SP	424
GCF_030711405.1|NZ_JAULSI010000009.1_30	SP	582
GCF_030715195.1|NZ_JAUYVI010000005.1_502	SP	314
GCF_030717845.1|NZ_JAUZVZ010000018.1_68	SP	652
GCF_030717955.1|NZ_JAUZVY010000007.1_68	SP	332
GCF_030717955.1|NZ_JAUZVY010000007.1_164	SP	643
GCF_030719215.1|NZ_CP120983.1_5171	SP	497
GCF_030719215.1|NZ_CP120983.1_6271	SP	346
GCF_030719295.1|NZ_CP120997.1_1764	SP	428
GCF_030730905.1|NZ_JAVAMP010000009.1_7	SP	675
GCF_030755175.1|NZ_JAUFRY010000001.1_2610	LIPO	313
GCF_030757795.1|NZ_JAUQWH010000050.1_46	SP	423
GCF_030757795.1|NZ_JAUQWH010000009.1_58	LIPO	314
GCF_030766825.1|NZ_JASFDV010000091.1_18	SP	413
GCF_030766825.1|NZ_JASFDV010000122.1_3	SP	316
GCF_030766935.1|NZ_JASERL010000006.1_406	SP	341
GCF_030769565.1|NZ_JAVCAP010000036.1_31	SP	308
GCF_030811455.1|NZ_JAUSQU010000001.1_1350	SP	413
GCF_030811575.1|NZ_JAUSRA010000001.1_921	SP	442
GCF_030812295.1|NZ_JAUSSK010000003.1_672	SP	340
GCF_030812785.1|NZ_JAUSTJ010000001.1_699	SP	303
GCF_030813235.1|NZ_JAUSUB010000001.1_417	SP	589
GCF_030813695.1|NZ_JAUSVA010000002.1_998	SP	490
GCF_030813695.1|NZ_JAUSVA010000002.1_1193	SP	336
GCF_030813715.1|NZ_JAUSUZ010000001.1_2037	SP	431
GCF_030814415.1|NZ_JAUSVB010000002.1_147	SP	462
GCF_030815405.1|NZ_JAUSWX010000001.1_3803	SP	355
GCF_030815485.1|NZ_JAUSWV010000002.1_972	SP	434
GCF_030816295.1|NZ_JAUSXV010000001.1_1156	SP	342
GCF_030816615.1|NZ_JAUSYD010000001.1_5045	SP	495
GCF_030816715.1|NZ_JAUSYH010000001.1_1126	SP	445
GCF_030816715.1|NZ_JAUSYH010000001.1_7556	SP	313
GCF_030816965.1|NZ_JAUSYQ010000002.1_1086	SP	496
GCF_030817355.1|NZ_JAUSZH010000001.1_1342	SP	484
GCF_030817415.1|NZ_JAUSZI010000002.1_7136	SP	466
GCF_030845235.1|NZ_CP132593.1_7837	SP	440
GCF_030849505.1|NZ_JAUJFI010000020.1_15	SP	375
GCF_030866745.1|NZ_CP133016.1_1939	SP	332
GCF_030929555.1|NZ_JAVFVT010000024.1_43	SP	835
GCF_030944405.1|NZ_CP132339.1_340	SP	368
GCF_030944405.1|NZ_CP132339.1_3760	SP	360
GCF_030944405.1|NZ_CP132339.1_4793	SP	295
GCF_030944405.1|NZ_CP132339.1_5764	SP	330
GCF_031010175.1|NZ_JAUAMB010000003.1_189	SP	365
GCF_031010195.1|NZ_JAUAMC010000005.1_265	SP	364
GCF_031082405.1|NZ_JAVHJU010000006.1_30	SP	402
GCF_031082405.1|NZ_JAVHJU010000003.1_153	SP	749
GCF_031085175.1|NZ_JAVHUY010000055.1_55	LIPO	317
GCF_031157275.1|NZ_JAVIFW010000013.1_119	SP	326
GCF_031180885.1|NZ_JAPSLK010000035.1_10	SP	439
GCF_031180885.1|NZ_JAPSLK010000004.1_40	SP	381
GCF_031180885.1|NZ_JAPSLK010000014.1_84	SP	415
GCF_031198435.1|NZ_CP133548.1_498	SP	666
GCF_031202265.1|NZ_CP100604.1_701	SP	473
GCF_031202265.1|NZ_CP100604.1_903	SP	308
GCF_031274715.1|NZ_JAISPT010000038.1_1	SP	532
GCF_031286615.1|NZ_JAITUA010000003.1_233	SP	385
GCF_031291415.1|NZ_JARLJB010000078.1_7	SP	308
GCF_031326345.1|NZ_CP133671.1_498	SP	380
GCF_031348265.1|NZ_CP133771.1_908	SP	454
GCF_031348265.1|NZ_CP133771.1_7762	SP	340
GCF_031422135.1|NZ_JANOQD010000053.1_8	SP	393
GCF_031426985.1|NZ_JASJOY010000004.1_18	SP	313
GCF_031429695.1|NZ_JANPAB010000094.1_26	SP	341
GCF_031432315.1|NZ_JAVKGO010000004.1_42	SP	485
GCF_031432315.1|NZ_JAVKGO010000004.1_49	SP	586
GCF_031451615.1|NZ_JARWAJ010000002.1_190	SP	354
GCF_031451645.1|NZ_JARWAI010000003.1_110	SP	350
GCF_031451675.1|NZ_JARWAK010000004.1_95	SP	346
GCF_031451685.1|NZ_JARWAL010000013.1_88	SP	347
GCF_031451695.1|NZ_JARWAM010000001.1_93	SP	350
GCF_031451755.1|NZ_JARWAN010000014.1_59	SP	360
GCF_031453975.1|NZ_JAVDPW010000004.1_324	SP	306
GCF_031455225.1|NZ_JAVDSG010000001.1_6808	SP	443
GCF_031455875.1|NZ_JAVDTO010000005.1_41	SP	359
GCF_031455975.1|NZ_JAVDTT010000001.1_1224	SP	613
GCF_031456015.1|NZ_JAVDTW010000002.1_293	SP	298
GCF_031456075.1|NZ_JAVDTY010000006.1_14	SP	321
GCF_031456305.1|NZ_JAVDUM010000014.1_8	SP	429
GCF_031456635.1|NZ_JAVDVA010000016.1_104	SP	493
GCF_031456825.1|NZ_JAVDVJ010000003.1_287	TAT	280
GCF_031456885.1|NZ_JAVDVM010000002.1_719	SP	332
GCF_031457395.1|NZ_JAVDWS010000016.1_109	LIPO	307
GCF_031457405.1|NZ_JAVDWR010000015.1_66	SP	330
GCF_031457405.1|NZ_JAVDWR010000020.1_36	SP	637
GCF_031457455.1|NZ_JAVDWU010000018.1_62	SP	319
GCF_031457575.1|NZ_JAVDWQ010000008.1_93	SP	818
GCF_031457785.1|NZ_JAVDXG010000001.1_271	SP	343
GCF_031458095.1|NZ_JAVDXU010000001.1_2278	SP	320
GCF_031458115.1|NZ_JAVDXV010000003.1_14	SP	326
GCF_031458235.1|NZ_JAVDYB010000001.1_4502	SP	437
GCF_031458255.1|NZ_JAVDYC010000001.1_1331	SP	437
GCF_031570565.1|NZ_JALHBK010000029.1_87	SP	444
GCF_031570565.1|NZ_JALHBK010000045.1_7	SP	432
GCF_031581305.1|NZ_JAVLBC010000094.1_7	SP	356
GCF_031582905.1|NZ_CP133990.1_3588	SP	368
GCF_031583025.2|NZ_CP134062.1_287	LIPO	314
GCF_031583575.1|NZ_CP134146.1_203	SP	309
GCF_031583595.1|NZ_CP134145.1_3810	SP	311
GCF_031625215.1|NZ_JACKQO010000018.1_28	SP	742
GCF_031625215.1|NZ_JACKQO010000018.1_89	SP	398
GCF_031679605.1|NZ_CP117522.1_7789	SP	520
GCF_031769195.1|NZ_JAVHNP010000003.1_242	SP	356
GCF_031844685.1|NZ_CP134605.1_4463	SP	788
GCF_031844705.1|NZ_CP134609.1_5051	SP	492
GCF_031845365.1|NZ_JAVREL010000001.1_467	SP	442
GCF_031845365.1|NZ_JAVREL010000018.1_146	SP	321
GCF_031845365.1|NZ_JAVREL010000025.1_79	SP	441
GCF_031845425.1|NZ_JAVREM010000003.1_310	SP	331
GCF_031845425.1|NZ_JAVREM010000008.1_8	SP	434
GCF_031845445.1|NZ_JAVREO010000011.1_69	SP	324
GCF_031845465.1|NZ_JAVREP010000009.1_7	SP	407
GCF_031845485.1|NZ_JAVREQ010000030.1_46	SP	539
GCF_031845585.1|NZ_JAVRET010000049.1_44	SP	487
GCF_031845665.1|NZ_JAVREY010000004.1_53	SP	329
GCF_031845665.1|NZ_JAVREY010000014.1_9	SP	339
GCF_031845925.1|NZ_JAVRFL010000015.1_91	SP	448
GCF_031845925.1|NZ_JAVRFL010000054.1_11	SP	412
GCF_031845925.1|NZ_JAVRFL010000055.1_20	LIPO	300
GCF_031846165.1|NZ_JAVRIE010000001.1_1001	LIPO	359
GCF_031846185.1|NZ_JAVRIF010000004.1_184	SP	766
GCF_031846275.1|NZ_JAVRIB010000009.1_107	SP	332
GCF_031846305.1|NZ_JAVRHY010000004.1_22	SP	333
GCF_031851795.1|NZ_CP134696.1_4492	SP	733
GCF_031886125.1|NZ_CP119391.1_356	SP	351
GCF_031935715.1|NZ_JASSZF010000030.1_20	SP	350
GCF_031954525.1|NZ_CP134867.1_2301	SP	526
GCF_031954525.1|NZ_CP134867.1_3299	SP	342
GCF_031995485.1|NZ_DAMAGB010000004.1_131	SP	330
GCF_031995485.1|NZ_DAMAGB010000005.1_106	SP	368
GCF_031995485.1|NZ_DAMAGB010000069.1_16	SP	292
GCF_031995545.1|NZ_DAMAGA010000010.1_23	SP	511
GCF_032054225.1|NZ_DAMBTC010000001.1_248	SP	335
GCF_032056425.1|NZ_DAMBCN010000015.1_72	LIPO	293
GCF_032066555.1|NZ_DAMBKV010000002.1_141	SP	334
GCF_032066555.1|NZ_DAMBKV010000002.1_274	LIPO	268
GCF_032105745.1|NZ_CP134875.1_4844	SP	441
GCF_032108445.1|NZ_CP134876.1_3968	SP	404
GCF_032108445.1|NZ_CP134876.1_6179	SP	445
GCF_032114135.1|NZ_DAMCTA010000002.1_669	SP	340
GCF_032117575.1|NZ_JAULZA010000054.1_65	SP	297
GCF_032229445.1|NZ_JAVTWC010000023.1_55	SP	563
GCF_032229525.1|NZ_JAVTWB010000149.1_33	SP	355
GCF_032248395.1|NZ_JAVTTO010000003.1_261	LIPO	292
GCF_032248595.1|NZ_JASTTH010000005.1_549	SP	331
GCF_032290525.1|NZ_JASXTA010000010.1_224	SP	306
GCF_032334055.1|NZ_JAUOZS010000001.1_3864	SP	312
GCF_032397745.1|NZ_CP135921.1_1339	SP	310
GCF_032423885.1|NZ_JAWCTQ010000011.1_79	SP	501
GCF_032436805.1|NZ_JAVRBF010000108.1_12	SP	323
GCF_032436805.1|NZ_JAVRBF010000095.1_5	SP	434
GCF_032460525.1|NZ_CP135963.1_260	TAT	361
GCF_032460525.1|NZ_CP135963.1_2792	SP	359
GCF_032460545.1|NZ_CP135965.1_7409	SP	309
GCF_032460545.1|NZ_CP135965.1_10062	SP	452
GCF_032461525.1|NZ_JAWCUA010000007.1_890	SP	723
GCF_032461525.1|NZ_JAWCUA010000010.1_957	SP	327
GCF_032586235.1|NZ_JAWHTD010000068.1_1	SP	339
GCF_032598905.1|NZ_CP122458.1_8639	SP	427
GCF_032654805.1|NZ_JAUOOW010000007.1_186	SP	497
GCF_032656385.1|NZ_JAVCWB010000008.1_247	SP	348
GCF_032656385.1|NZ_JAVCWB010000008.1_283	SP	352
GCF_032681285.1|NZ_CP136336.1_1856	SP	500
GCF_032681285.1|NZ_CP136336.1_3359	SP	312
GCF_032911225.1|NZ_CP136600.1_2535	SP	311
GCF_032917985.1|NZ_CP136626.1_6623	SP	585
GCF_032922745.1|NZ_CP136693.1_1861	SP	580
GCF_032925565.1|NZ_CP136708.1_2723	SP	353
GCF_033052795.2|NZ_JAWJUW020000021.1_33	SP	355
GCF_033097365.1|NZ_AP028461.1_7752	SP	438
GCF_033097365.1|NZ_AP028461.1_10667	LIPO	304
GCF_033100395.1|NZ_JAWLVJ010000021.1_81	SP	341
GCF_033170155.1|NZ_CP137079.1_300	LIPO	321
GCF_033194735.1|NZ_JAWOAI010000110.1_10	SP	443
GCF_033283405.1|NZ_JAWMQR010000007.1_99	LIPO	320
GCF_033283405.1|NZ_JAWMQR010000009.1_88	SP	362
GCF_033335955.1|NZ_CP137549.1_526	SP	442
GCF_033344935.1|NZ_JAWPMM010000001.1_200	SP	742
GCF_033366695.1|NZ_JAOBTQ010000001.1_6369	SP	441
GCF_033366695.1|NZ_JAOBTQ010000001.1_6652	SP	422
GCF_033366695.1|NZ_JAOBTQ010000001.1_7198	SP	432
GCF_033391875.1|NZ_JAVCPL010000073.1_1	SP	369
GCF_033441515.1|NZ_JAWQJT010000002.1_2221	SP	437
GCF_033441515.1|NZ_JAWQJT010000004.1_391	SP	744
GCF_033441515.1|NZ_JAWQJT010000004.1_465	SP	399
GCF_033441795.1|NZ_JAVFVX010000064.1_6	SP	445
GCF_033446605.1|NZ_JAWQUO010000012.1_25	SP	361
GCF_033549285.1|NZ_JAWSUJ010000039.1_11	SP	350
GCF_033712365.1|NZ_WJHU01000001.1_332	SP	385
GCF_033721375.1|NZ_JAWWAP010000005.1_145	SP	327
GCF_033721375.1|NZ_JAWWAP010000010.1_47	SP	650
GCF_033722355.1|NZ_JAWVZF010000053.1_7	SP	327
GCF_033723955.1|NZ_CP137555.1_194	SP	723
GCF_033723955.1|NZ_CP137555.1_619	SP	315
GCF_033723955.1|NZ_CP137555.1_1522	SP	320
GCF_033741125.1|NZ_JAWQPU010000001.1_893	SP	309
GCF_033741155.1|NZ_JAWQNH010000002.1_967	LIPO	319
GCF_033741155.1|NZ_JAWQNH010000003.1_514	LIPO	307
GCF_033793585.1|NZ_JARAWX010000004.1_246	SP	332
GCF_033793745.1|NZ_JARAXF010000012.1_55	SP	327
GCF_033793965.1|NZ_JARAXP010000003.1_380	SP	445
GCF_033794965.1|NZ_JARAZP010000010.1_215	SP	444
GCF_033795045.1|NZ_JARAZS010000018.1_108	SP	430
GCF_033795305.1|NZ_JARBAE010000003.1_217	SP	525
GCF_033804465.1|NZ_JAPZLA010000001.1_1801	SP	282
GCF_033804465.1|NZ_JAPZLA010000003.1_201	LIPO	278
GCF_033804605.1|NZ_JAPZKZ010000001.1_536	SP	296
GCF_033804605.1|NZ_JAPZKZ010000011.1_215	LIPO	292
GCF_033804645.1|NZ_JAPZLF010000001.1_234	SP	440
GCF_033804685.1|NZ_JAPFQV010000012.1_74	LIPO	356
GCF_033804685.1|NZ_JAPFQV010000079.1_17	SP	416
GCF_033875155.1|NZ_JAWZTE010000007.1_72	SP	341
GCF_033949425.1|NZ_JAXAVX010000012.1_16	SP	454
GCF_033949925.1|NZ_JAXAVV010000009.1_266	SP	446
GCF_033949945.1|NZ_JAXAVW010000013.1_151	SP	408
GCF_033949945.1|NZ_JAXAVW010000016.1_166	SP	442
GCF_033949945.1|NZ_JAXAVW010000037.1_70	SP	296
GCF_033949975.1|NZ_JAXAVU010000004.1_860	SP	450
GCF_033949975.1|NZ_JAXAVU010000016.1_392	SP	296
GCF_034003525.1|NZ_JAVEYN010000009.1_66	SP	343
GCF_034043715.1|NZ_JAXCLC010000047.1_33	SP	515
GCF_034045115.1|NZ_JAXCWM010000011.1_111	SP	293
GCF_034045115.1|NZ_JAXCWM010000007.1_140	SP	499
GCF_034096925.1|NZ_JAWZSQ010000001.1_270	SP	446
GCF_034259205.1|NZ_CP139487.1_1389	SP	324
GCF_034259205.1|NZ_CP139487.1_2211	SP	331
GCF_034259325.1|NZ_JAXIVS010000008.1_57	SP	332
GCF_034366665.1|NZ_JAXMMF010000052.1_45	SP	289
GCF_034424625.1|NZ_CP139976.1_331	SP	375
GCF_034424625.1|NZ_CP139976.1_1339	SP	332
GCF_034424625.1|NZ_CP139976.1_3842	SP	292
GCF_034432735.1|NZ_DAOUBJ010000020.1_10	LIPO	341
GCF_034433535.1|NZ_DAOUAO010000103.1_7	LIPO	349
GCF_034479515.1|NZ_CP140152.1_2804	SP	289
GCF_034479515.1|NZ_CP140152.1_3319	SP	579
GCF_034479615.1|NZ_CP140255.1_4220	SP	366
GCF_034519685.1|NZ_JAXHOF010000002.1_462	SP	344
GCF_034520545.1|NZ_JAXHNN010000011.1_54	SP	350
GCF_034530815.1|NZ_JAVRCK010000003.1_109	LIPO	314
GCF_034530895.1|NZ_JAVRCD010000011.1_98	LIPO	314
GCF_034531035.1|NZ_JAVRBY020000011.1_67	LIPO	315
GCF_034531155.1|NZ_JAVRBS010000012.1_135	LIPO	314
GCF_034531255.1|NZ_JAVRBM010000005.1_169	LIPO	314
GCF_034555935.1|NZ_JAYDCJ010000003.1_1386	SP	568
GCF_034659755.1|NZ_JAXSQX010000001.1_1562	SP	591
GCF_034659755.1|NZ_JAXSQX010000002.1_112	SP	296
GCF_034670285.1|NZ_JAXMNS010000325.1_5	SP	376
GCF_034724055.1|NZ_JAWIIL010000001.1_612	SP	418
GCF_034929455.1|NZ_JAYFSI010000002.1_80	SP	401
GCF_034929455.1|NZ_JAYFSI010000002.1_160	SP	742
GCF_034961085.1|NZ_JAYFUH010000085.1_177	SP	334
GCF_035117725.1|NZ_JAYEFD010000001.1_325	SP	348
GCF_035117725.1|NZ_JAYEFD010000004.1_34	SP	338
GCF_035254525.1|NZ_DATFAN010000061.1_89	SP	307
GCF_035268865.1|NZ_DATFKB010000199.1_6	SP	379
GCF_035271045.1|NZ_DATESC010000010.1_7	LIPO	339
GCF_035272065.1|NZ_DATEQZ010000093.1_17	SP	341
GCF_035274705.1|NZ_DATENY010000118.1_13	LIPO	282
GCF_035277725.1|NZ_DATEJY010000015.1_8	SP	344
GCF_035277725.1|NZ_DATEJY010000047.1_2	SP	342
GCF_035314665.1|NZ_DATFZD010000066.1_5	LIPO	282
GCF_035314665.1|NZ_DATFZD010000287.1_3	LIPO	292
GCF_035317345.1|NZ_JAYKTU010000011.1_67	SP	356
GCF_035318805.1|NZ_DATHDY010000042.1_99	SP	415
GCF_035440685.1|NZ_DAORMW010000003.1_133	SP	361
GCF_035474595.1|NZ_DATIND010000007.1_15	SP	323
GCF_035474595.1|NZ_DATIND010000007.1_16	LIPO	343
GCF_035474595.1|NZ_DATIND010000149.1_70	SP	320
GCF_035481375.1|NZ_DATIGT010000123.1_10	SP	602
GCF_035486915.1|NZ_DATHMR010000132.1_2	SP	344
GCF_035489915.1|NZ_DATHIT010000892.1_4	LIPO	304
GCF_035492695.1|NZ_DATJJC010000007.1_31	SP	300
GCF_035499775.1|NZ_DATJYB010000116.1_12	LIPO	314
GCF_035499775.1|NZ_DATJYB010000315.1_19	LIPO	281
GCF_035506235.1|NZ_DATJPU010000140.1_133	LIPO	314
GCF_035506235.1|NZ_DATJPU010000192.1_3	LIPO	279
GCF_035508675.1|NZ_DATJMN010000058.1_11	SP	342
GCF_035512415.1|NZ_DATKDZ010000013.1_52	SP	287
GCF_035513255.1|NZ_DATKCI010000171.1_23	SP	478
GCF_035513255.1|NZ_DATKCI010000211.1_11	SP	379
GCF_035525475.1|NZ_DATLEC010000253.1_10	SP	411
GCF_035525475.1|NZ_DATLEC010000265.1_3	SP	447
GCF_035548195.1|NZ_DASZTY010000035.1_85	LIPO	367
GCF_035554825.1|NZ_DATMHS010000175.1_22	SP	364
GCF_035563135.1|NZ_DATMVN010000076.1_2	SP	346
GCF_035563135.1|NZ_DATMVN010000344.1_3	SP	497
GCF_035570115.1|NZ_DATMLH010000263.1_13	LIPO	282
GCF_035570115.1|NZ_DATMLH010000292.1_2	LIPO	292
GCF_035570115.1|NZ_DATMLH010000298.1_3	LIPO	292
GCF_035570115.1|NZ_DATMLH010000328.1_1	LIPO	306
GCF_035603715.1|NZ_DATNJW010000228.1_5	LIPO	282
GCF_035603715.1|NZ_DATNJW010000310.1_9	LIPO	297
GCF_035605935.1|NZ_DATNGK010000300.1_4	SP	451
GCF_035616495.1|NZ_JAPJAV010000012.1_13	LIPO	271
GCF_035616495.1|NZ_JAPJAV010000006.1_291	LIPO	320
GCF_035617725.1|NZ_JAPIYN010000018.1_69	SP	308
GCF_035617725.1|NZ_JAPIYN010000022.1_5	LIPO	306
GCF_035623875.1|NZ_DASPSP010000047.1_2	LIPO	291
GCF_035623875.1|NZ_DASPSP010000191.1_2	LIPO	282
GCF_035627195.1|NZ_DASPMG010000038.1_18	SP	391
GCF_035627415.1|NZ_DASPLU010000031.1_77	SP	592
GCF_035627455.1|NZ_DASPLS010000045.1_38	SP	415
GCF_035627455.1|NZ_DASPLS010000077.1_1	SP	342
GCF_035627495.1|NZ_DASPLO010000175.1_79	SP	356
GCF_035628975.1|NZ_DASPIS010000065.1_14	SP	359
GCF_035629615.1|NZ_DASPHO010000047.1_1	LIPO	281
GCF_035633935.1|NZ_DASQDY010000033.1_21	LIPO	626
GCF_035633935.1|NZ_DASQDY010000746.1_17	LIPO	352
GCF_035634895.1|NZ_DASQCC010000024.1_12	SP	429
GCF_035634895.1|NZ_DASQCC010000190.1_4	SP	301
GCF_035638815.1|NZ_DASQZG010000005.1_116	SP	312
GCF_035643755.1|NZ_DASQPW010000236.1_3	SP	321
GCF_035644555.1|NZ_DASQOH010000012.1_104	SP	358
GCF_035644915.1|NZ_DASQNP010000144.1_12	SP	395
GCF_035644915.1|NZ_DASQNP010000170.1_20	SP	448
GCF_035645055.1|NZ_DASQNH010000025.1_40	SP	495
GCF_035645055.1|NZ_DASQNH010000037.1_23	SP	444
GCF_035650855.1|NZ_DASRGV010000027.1_28	SP	450
GCF_035650855.1|NZ_DASRGV010000139.1_9	SP	432
GCF_035653575.1|NZ_DASRBQ010000006.1_17	SP	432
GCF_035654295.1|NZ_DASRXF010000125.1_20	SP	417
GCF_035656535.1|NZ_JAYMHD010000020.1_305	SP	329
GCF_035685805.1|NZ_DASSAB010000034.1_16	LIPO	347
GCF_035685885.1|NZ_DASRZX010000003.1_87	SP	340
GCF_035686825.1|NZ_DASRYZ010000003.1_693	SP	314
GCF_035695185.1|NZ_DASSES010000046.1_4	SP	341
GCF_035703485.1|NZ_DASSYD010000090.1_1	LIPO	347
GCF_035712165.1|NZ_DASTBH010000131.1_1	SP	333
GCF_035712165.1|NZ_DASTBH010000202.1_21	SP	359
GCF_035712165.1|NZ_DASTBH010000382.1_2	SP	344
GCF_035712165.1|NZ_DASTBH010000505.1_13	SP	633
GCF_035712445.1|NZ_DASTAT010000055.1_103	SP	342
GCF_035762905.1|NZ_DASUCC010000028.1_64	SP	318
GCF_035762905.1|NZ_DASUCC010000094.1_6	SP	432
GCF_035762905.1|NZ_DASUCC010000094.1_7	SP	625
GCF_035798155.1|NZ_JAOZYC010000001.1_196	SP	341
GCF_035818515.1|NZ_JAYKYU010000002.1_102	LIPO	318
GCF_035818515.1|NZ_JAYKYU010000007.1_281	SP	439
GCF_035818795.1|NZ_JAYKYT010000001.1_1358	SP	438
GCF_035818795.1|NZ_JAYKYT010000003.1_979	SP	333
GCF_035818795.1|NZ_JAYKYT010000004.1_727	LIPO	318
GCF_035825295.1|NZ_JAYMGI010000002.1_4495	SP	482
GCF_035828755.1|NZ_JAYMZS010000008.1_122	SP	415
GCF_035828755.1|NZ_JAYMZS010000115.1_7	SP	315
GCF_035828755.1|NZ_JAYMZS010000173.1_2	SP	752
GCF_035916955.1|NZ_JAWIIV010000001.1_92	SP	361
GCF_035917335.1|NZ_CP109067.1_2214	SP	441
GCF_035917335.1|NZ_CP109067.1_3050	SP	465
GCF_035917455.1|NZ_CP109078.1_805	SP	458
GCF_035917455.1|NZ_CP109078.1_4546	SP	486
GCF_035917455.1|NZ_CP109078.1_6008	SP	345
GCF_035917455.1|NZ_CP109078.1_7392	LIPO	341
GCF_035917575.1|NZ_CP109090.1_6759	SP	435
GCF_035917675.1|NZ_CP109104.1_773	SP	330
GCF_035917975.1|NZ_CP109130.1_7254	SP	412
GCF_035918015.1|NZ_CP109132.1_5869	SP	495
GCF_035918095.1|NZ_CP109137.1_7144	SP	492
GCF_035918155.1|NZ_CP109327.1_2562	SP	489
GCF_035918235.1|NZ_CP109485.1_1703	SP	502
GCF_035918235.1|NZ_CP109485.1_5545	SP	317
GCF_035920385.1|NZ_CP109151.1_278	SP	407
GCF_035920385.1|NZ_CP109151.1_915	SP	455
GCF_035935975.1|NZ_DASYWN010000003.1_15	SP	306
GCF_035942955.1|NZ_DASZCQ010000040.1_6	SP	436
GCF_035942955.1|NZ_DASZCQ010000267.1_2	SP	318
GCF_035943815.1|NZ_DASZBU010000012.1_98	SP	342
GCF_035944575.1|NZ_DASZBA010000237.1_1	SP	362
GCF_035946055.1|NZ_CP108364.1_4527	SP	496
GCF_035946395.1|NZ_DASYZI010000364.1_11	SP	435
GCF_035946395.1|NZ_DASYZI010000438.1_15	SP	451
GCF_035946395.1|NZ_DASYZI010000446.1_18	SP	339
GCF_035958815.1|NZ_CP108383.1_5041	LIPO	320
GCF_035963215.1|NZ_CP109153.1_320	LIPO	302
GCF_035963215.1|NZ_CP109153.1_3628	SP	406
GCF_035963215.1|NZ_CP109153.1_6132	SP	448
GCF_035975855.1|NZ_CP109055.1_2631	SP	407
GCF_035978755.1|NZ_CP108414.1_7706	SP	424
GCF_035982055.1|NZ_CP108427.1_8168	SP	442
GCF_035984415.1|NZ_CP130720.1_848	LIPO	344
GCF_035984465.1|NZ_JAXCHR010000006.1_176	SP	487
GCF_035984655.1|NZ_JAXCHT010000001.1_236	SP	583
GCF_035987325.1|NZ_CP108488.1_7457	SP	476
GCF_035989285.1|NZ_CP108513.1_1114	SP	434
GCF_035994185.1|NZ_CP108538.1_2360	SP	490
GCF_035998645.1|NZ_DASYHL010000002.1_284	SP	298
GCF_036002505.1|NZ_DASYTH010000031.1_25	SP	436
GCF_036002505.1|NZ_DASYTH010000095.1_8	SP	451
GCF_036002505.1|NZ_DASYTH010000197.1_27	SP	628
GCF_036002505.1|NZ_DASYTH010000274.1_10	SP	445
GCF_036002505.1|NZ_DASYTH010000368.1_2	SP	579
GCF_036002505.1|NZ_DASYTH010000381.1_2	SP	316
GCF_036002945.1|NZ_CP108529.1_243	SP	338
GCF_036002945.1|NZ_CP108529.1_5557	SP	493
GCF_036008905.1|NZ_DASYMU010000040.1_19	SP	318
GCF_036010325.1|NZ_CP108549.1_7406	SP	492
GCF_036010485.1|NZ_CP108568.1_3403	SP	490
GCF_036010485.1|NZ_CP108568.1_6108	LIPO	505
GCF_036010665.1|NZ_CP108581.1_2399	SP	466
GCF_036010665.1|NZ_CP108581.1_2400	SP	459
GCF_036010665.1|NZ_CP108581.1_3336	SP	466
GCF_036013525.1|NZ_CP107853.1_4748	SP	444
GCF_036013525.1|NZ_CP107853.1_5152	SP	425
GCF_036013525.1|NZ_CP107853.1_9605	SP	404
GCF_036013645.1|NZ_CP107869.1_3918	SP	322
GCF_036013725.1|NZ_CP107881.1_7657	SP	315
GCF_036013915.1|NZ_CP107899.1_4944	SP	493
GCF_036013935.1|NZ_CP107902.1_3590	SP	329
GCF_036013955.1|NZ_CP107903.1_758	SP	445
GCF_036014015.1|NZ_CP107905.1_8425	SP	307
GCF_036014175.1|NZ_CP107917.1_5092	SP	335
GCF_036014175.1|NZ_CP107917.1_7585	SP	438
GCF_036017915.1|NZ_CP107929.1_279	SP	406
GCF_036017915.1|NZ_CP107929.1_2444	SP	445
GCF_036017915.1|NZ_CP107929.1_2477	LIPO	357
GCF_036017915.1|NZ_CP107929.1_5106	SP	465
GCF_036023875.1|NZ_CP107931.1_3534	LIPO	291
GCF_036026595.1|NZ_JARZFX010000001.1_741	SP	601
GCF_036030735.1|NZ_CP107928.1_594	SP	313
GCF_036030735.1|NZ_CP107928.1_7344	SP	437
GCF_036038375.1|NZ_CP107935.1_6152	SP	464
GCF_036053395.1|NZ_CP107942.1_3577	LIPO	295
GCF_036053395.1|NZ_CP107942.1_3821	SP	394
GCF_036059255.1|NZ_CP107947.1_2301	LIPO	297
GCF_036059255.1|NZ_CP107947.1_6932	SP	406
GCF_036077095.1|NZ_CP107960.1_5411	SP	490
GCF_036088315.1|NZ_CP107996.1_410	SP	490
GCF_036090055.1|NZ_CP107970.1_1745	SP	420
GCF_036104975.1|NZ_CP107982.1_2792	SP	743
GCF_036104975.1|NZ_CP107982.1_2871	SP	402
GCF_036104975.1|NZ_CP107982.1_9285	SP	447
GCF_036108815.1|NZ_CP107985.1_6093	SP	492
GCF_036173105.1|NZ_CP108053.1_3437	SP	327
GCF_036173125.1|NZ_CP108054.1_1475	SP	364
GCF_036174265.1|NZ_CP108055.1_1219	SP	433
GCF_036178845.1|NZ_CP108070.1_3902	SP	482
GCF_036182465.1|NZ_CP108081.1_7387	SP	462
GCF_036186745.1|NZ_CP108086.1_5374	SP	463
GCF_036186745.1|NZ_CP108086.1_6157	SP	801
GCF_036186745.1|NZ_CP108086.1_6186	SP	477
GCF_036186745.1|NZ_CP108086.1_6380	SP	458
GCF_036186745.1|NZ_CP108086.1_7044	SP	428
GCF_036192275.1|NZ_CP108088.1_4858	LIPO	309
GCF_036194065.1|NZ_CP108095.1_7064	SP	349
GCF_036195045.1|NZ_CP108100.1_1939	SP	492
GCF_036195325.1|NZ_CP108101.1_2119	SP	497
GCF_036199905.1|NZ_CP108109.1_147	SP	536
GCF_036206005.1|NZ_CP108143.1_1930	SP	496
GCF_036208085.1|NZ_CP130714.1_1121	SP	443
GCF_036226365.1|NZ_CP108462.1_8299	SP	419
GCF_036226405.1|NZ_CP108464.1_5267	SP	501
GCF_036226745.1|NZ_CP109013.1_3967	SP	441
GCF_036226745.1|NZ_CP109013.1_5288	SP	494
GCF_036226885.1|NZ_CP109027.1_5249	SP	322
GCF_036227105.1|NZ_CP109434.1_5585	SP	398
GCF_036227105.1|NZ_CP109434.1_5652	SP	742
GCF_036227105.1|NZ_CP109434.1_7168	SP	447
GCF_036227125.1|NZ_CP109435.1_644	SP	440
GCF_036227225.1|NZ_CP109444.1_1661	SP	443
GCF_036227245.1|NZ_CP109445.1_3542	SP	487
GCF_036227325.1|NZ_CP109467.1_7875	SP	482
GCF_036227405.1|NZ_CP109473.1_1135	SP	346
GCF_036227405.1|NZ_CP109473.1_2211	SP	495
GCF_036227485.1|NZ_CP109479.1_7713	SP	445
GCF_036231905.1|NZ_JAZARE010000003.1_169	SP	343
GCF_036231965.1|NZ_CP109499.1_6732	SP	489
GCF_036245625.1|NZ_BTPD01000011.1_73	SP	293
GCF_036245865.1|NZ_BTTW01000006.1_131	SP	334
GCF_036246005.1|NZ_CP109171.1_819	SP	524
GCF_036246005.1|NZ_CP109171.1_3785	LIPO	333
GCF_036248255.1|NZ_CP109178.1_5728	SP	492
GCF_036248275.1|NZ_CP109181.1_6911	SP	503
GCF_036250065.1|NZ_CP109199.1_1592	SP	459
GCF_036250065.1|NZ_CP109199.1_3422	SP	345
GCF_036250065.1|NZ_CP109199.1_3727	LIPO	335
GCF_036250065.1|NZ_CP109199.1_4899	SP	486
GCF_036250345.1|NZ_CP109201.1_2227	SP	332
GCF_036250735.1|NZ_CP109430.1_952	SP	445
GCF_036250735.1|NZ_CP109430.1_7857	SP	411
GCF_036264965.1|NZ_DATAPY010000115.1_19	SP	652
GCF_036277275.1|NZ_DASUNH010000021.1_20	SP	309
GCF_036277355.1|NZ_DASUNC010000041.1_9	LIPO	630
GCF_036280135.1|NZ_DASURI010000499.1_1	LIPO	329
GCF_036322345.1|NZ_JAQYXE010000248.1_164	SP	442
GCF_036322365.1|NZ_JAQYXC010000291.1_42	SP	496
GCF_036322585.1|NZ_AP024600.1_2293	SP	682
GCF_036322805.1|NZ_AP027272.1_680	SP	352
GCF_036323765.1|NZ_JAZDCW010000005.1_438	SP	417
GCF_036323765.1|NZ_JAZDCW010000006.1_343	SP	443
GCF_036325985.1|NZ_JAUHLI010000036.1_4	SP	643
GCF_036327455.1|NZ_JAUZMY010000046.1_7	SP	416
GCF_036327755.1|NZ_CP109596.1_6204	LIPO	316
GCF_036327775.1|NZ_CP109598.1_5666	SP	522
GCF_036345155.1|NZ_CP107772.1_8244	SP	457
GCF_036345175.1|NZ_CP107780.1_8508	SP	445
GCF_036345255.1|NZ_CP107783.1_8561	SP	502
GCF_036345995.1|NZ_CP107796.1_6523	SP	420
GCF_036346615.1|NZ_CP107836.1_1938	SP	418
GCF_036350415.1|NZ_JAZDUF010000008.1_35	SP	309
GCF_036350515.1|NZ_JAZDUE010000008.1_35	SP	317
GCF_036375055.1|NZ_DASUSQ010000028.1_43	SP	309
GCF_036375055.1|NZ_DASUSQ010000172.1_83	SP	448
GCF_036377015.1|NZ_DASUZE010000103.1_2	SP	304
GCF_036378875.1|NZ_DASUVO010000002.1_22	SP	303
GCF_036378875.1|NZ_DASUVO010000101.1_266	SP	302
GCF_036378875.1|NZ_DASUVO010000104.1_7	SP	428
GCF_036380075.1|NZ_DASVFL010000329.1_3	SP	454
GCF_036380075.1|NZ_DASVFL010000391.1_7	SP	412
GCF_036383415.1|NZ_DASVOK010000137.1_2	LIPO	352
GCF_036384435.1|NZ_DASVMI010000108.1_2	SP	337
GCF_036384735.1|NZ_DASVLT010000035.1_244	SP	347
GCF_036387835.1|NZ_DASVSY010000121.1_31	SP	275
GCF_036388155.1|NZ_DASVSI010000014.1_26	SP	400
GCF_036388155.1|NZ_DASVSI010000029.1_16	SP	282
GCF_036388275.1|NZ_DASVSF010000002.1_262	LIPO	329
GCF_036389735.1|NZ_DASVWK010000396.1_17	LIPO	333
GCF_036399255.1|NZ_DASWNM010000029.1_3	LIPO	326
GCF_036399935.1|NZ_DASWMD010000001.1_67	LIPO	329
GCF_036402515.1|NZ_DASWST010000159.1_42	LIPO	304
GCF_036402745.1|NZ_DASWSJ010000004.1_13	SP	321
GCF_036404855.1|NZ_DASWYS010000147.1_9	SP	355
GCF_036405155.1|NZ_DASWYD010000006.1_725	SP	321
GCF_036409085.1|NZ_JAZGLV010000002.1_128	LIPO	278
GCF_036409155.1|NZ_JAZGLW010000001.1_1321	LIPO	315
GCF_036421995.1|NZ_JAZGQL010000004.1_96	SP	444
GCF_036421995.1|NZ_JAZGQL010000012.1_193	SP	406
GCF_036421995.1|NZ_JAZGQL010000020.1_12	LIPO	299
GCF_036421995.1|NZ_JAZGQL010000027.1_191	SP	406
GCF_036422035.1|NZ_JAZGQK010000006.1_268	LIPO	300
GCF_036422035.1|NZ_JAZGQK010000016.1_14	SP	404
GCF_036422035.1|NZ_JAZGQK010000017.1_24	LIPO	298
GCF_036422035.1|NZ_JAZGQK010000026.1_1	SP	404
GCF_036422035.1|NZ_JAZGQK010000045.1_27	LIPO	349
GCF_036486225.1|NZ_DASVNZ010000026.1_22	SP	420
GCF_036490025.1|NZ_DASXEP010000189.1_2	LIPO	282
GCF_036500295.1|NZ_DASYCH010000125.1_95	LIPO	308
GCF_036500625.1|NZ_DASYBQ010000124.1_5	LIPO	315
GCF_036511935.1|NZ_AP028878.1_160	SP	567
GCF_036522015.1|NZ_DATDGQ010000303.1_6	SP	313
GCF_036528765.1|NZ_JARWGH010000047.1_12	SP	362
GCF_036543075.1|NZ_JAZHPF010000003.1_24	LIPO	337
GCF_036543075.1|NZ_JAZHPF010000032.1_2	LIPO	613
GCF_036554565.1|NZ_DATBNB010000590.1_1	LIPO	318
GCF_036555685.1|NZ_DATBKY010000089.1_6	SP	318
GCF_036563125.1|NZ_DATCMV010000136.1_33	SP	315
GCF_036563125.1|NZ_DATCMV010000146.1_2	SP	722
GCF_036566765.1|NZ_DATCVQ010000388.1_13	LIPO	308
GCF_036566845.1|NZ_DATCVM010000227.1_1	SP	371
GCF_036568245.1|NZ_DATCSY010000318.1_7	SP	337
GCF_036568765.1|NZ_DATCRY010000235.1_2	SP	337
GCF_036569125.1|NZ_DATCRF010000801.1_2	SP	309
GCF_036607905.1|NZ_CP144555.1_829	SP	513
GCF_036621135.1|NZ_JAZIBG010000019.1_8	LIPO	620
GCF_036625275.1|NZ_JAZKUD010000095.1_16	SP	376
GCF_036662295.1|NZ_JAVWXA010000005.1_20	SP	335
GCF_036663755.1|NZ_JAXOJL010000003.1_222	SP	319
GCF_036675665.1|NZ_JAKFEO010000035.1_7	SP	319
GCF_036675695.1|NZ_JAKFEL010000112.1_8	SP	335
GCF_036676885.1|NZ_JAKFCB010000313.1_11	LIPO	313
GCF_036688685.1|NZ_JAQQPS010000016.1_108	SP	499
GCF_036688685.1|NZ_JAQQPS010000022.1_90	SP	285
GCF_036688705.1|NZ_JAQQPR010000020.1_15	LIPO	580
GCF_036689795.1|NZ_JBAGKI010000009.1_2	SP	410
GCF_036697315.1|NZ_JBAHZB010000052.1_9	SP	333
GCF_036697405.1|NZ_JBAHWA010000014.1_79	SP	609
GCF_036731925.1|NZ_DAINDJ010000002.1_74	SP	340
GCF_036731925.1|NZ_DAINDJ010000002.1_1212	SP	298
GCF_036735525.1|NZ_DAINOE010000013.1_46	SP	650
GCF_036735525.1|NZ_DAINOE010000055.1_12	SP	333
GCF_036782235.1|NZ_DAIPZL010000017.1_47	SP	351
GCF_036815105.1|NZ_JAJSZC010000358.1_4	SP	335
GCF_036822615.1|NZ_DAISHJ010000017.1_44	SP	311
GCF_036825535.1|NZ_CP098813.1_236	LIPO	362
GCF_036826855.1|NZ_CP104578.1_281	SP	449
GCF_036846085.1|NZ_DAIUCO010000026.1_17	SP	339
GCF_036846205.1|NZ_DAIUCK010000046.1_6	LIPO	360
GCF_036857595.1|NZ_JAUQWJ010000005.1_134	SP	500
GCF_036864375.1|NZ_JAZETR010000001.1_565	SP	351
GCF_036864455.1|NZ_JAZETM010000002.1_110	SP	392
GCF_036864475.1|NZ_JAZETN010000018.1_47	SP	359
GCF_036864485.1|NZ_JAZETO010000001.1_445	SP	357
GCF_036867135.1|NZ_JBAJIJ010000002.1_29	LIPO	311
GCF_036880965.1|NZ_JBAJMV010000005.1_76	SP	345
GCF_036880985.1|NZ_JBAJNO010000008.1_1111	SP	653
GCF_036881695.1|NZ_JBAJNR010000001.1_20	LIPO	317
GCF_036885605.1|NZ_CP142523.1_348	SP	380
GCF_036885605.1|NZ_CP142523.1_1372	SP	332
GCF_036885605.1|NZ_CP142523.1_3797	SP	294
GCF_036898465.1|NZ_JARUMJ010000001.1_679	SP	437
GCF_036902715.1|NZ_JBAKHL010000007.1_110	SP	443
GCF_036902715.1|NZ_JBAKHL010000075.1_15	SP	404
GCF_036902715.1|NZ_JBAKHL010000097.1_4	LIPO	300
GCF_036902725.1|NZ_JBAKHM010000012.1_148	SP	401
GCF_036902735.1|NZ_JBAKHO010000062.1_18	SP	408
GCF_036902955.1|NZ_JBAKHR010000025.1_84	LIPO	297
GCF_036902955.1|NZ_JBAKHR010000005.1_258	SP	414
GCF_036906775.1|NZ_JBAKHV010000001.1_101	LIPO	300
GCF_036906775.1|NZ_JBAKHV010000006.1_119	SP	412
GCF_036906775.1|NZ_JBAKHV010000046.1_25	SP	432
GCF_036906795.1|NZ_JBAKHS010000002.1_175	SP	399
GCF_036906795.1|NZ_JBAKHS010000033.1_35	SP	376
GCF_036906815.1|NZ_JBAKHW010000021.1_44	LIPO	297
GCF_036906815.1|NZ_JBAKHW010000029.1_33	SP	406
GCF_036906895.1|NZ_JBAKHU010000001.1_155	SP	403
GCF_036906895.1|NZ_JBAKHU010000019.1_74	SP	436
GCF_036906895.1|NZ_JBAKHU010000036.1_4	LIPO	344
GCF_036906895.1|NZ_JBAKHU010000075.1_4	LIPO	345
GCF_036906915.1|NZ_JBAKHX010000001.1_17	LIPO	299
GCF_036906915.1|NZ_JBAKHX010000005.1_145	LIPO	284
GCF_036916575.1|NZ_JBALGC010000115.1_36	SP	329
GCF_036916575.1|NZ_JBALGC010000120.1_26	LIPO	329
GCF_036916735.1|NZ_JBALFV010000072.1_16	LIPO	314
GCF_036916975.1|NZ_JBALFF010000010.1_10	LIPO	314
GCF_036916985.1|NZ_JBALFD010000065.1_23	LIPO	314
GCF_036917095.1|NZ_JBALFH010000057.1_52	LIPO	314
GCF_036917135.1|NZ_JBALEA010000057.1_110	LIPO	322
GCF_036917155.1|NZ_JBALDZ010000208.1_15	SP	314
GCF_036917195.1|NZ_JBALDG010000068.1_17	LIPO	330
GCF_036917235.1|NZ_JBALDU010000069.1_60	LIPO	314
GCF_036917275.1|NZ_JBALDF010000030.1_117	LIPO	330
GCF_036917315.1|NZ_JBALDR010000047.1_136	LIPO	314
GCF_036917355.1|NZ_JBALDP010000085.1_38	LIPO	314
GCF_036917375.1|NZ_JBALDN010000014.1_21	LIPO	314
GCF_036917395.1|NZ_JBALDI010000079.1_52	LIPO	330
GCF_036917415.1|NZ_JBALDJ010000086.1_55	LIPO	314
GCF_036917515.1|NZ_JBALDE010000214.1_7	LIPO	314
GCF_036917535.1|NZ_JBALDA010000034.1_104	LIPO	314
GCF_036917575.1|NZ_JBALDC010000025.1_44	LIPO	314
GCF_036917615.1|NZ_JBALCZ010000061.1_144	LIPO	329
GCF_036917635.1|NZ_JBALCW010000078.1_22	LIPO	314
GCF_036917655.1|NZ_JBALCY010000026.1_1	LIPO	314
GCF_036917675.1|NZ_JBALCT010000073.1_143	SP	314
GCF_036917755.1|NZ_JBALFC010000047.1_27	SP	327
GCF_036917755.1|NZ_JBALFC010000106.1_153	SP	314
GCF_036917775.1|NZ_JBALEQ010000094.1_17	LIPO	322
GCF_036917815.1|NZ_JBALEK010000098.1_20	LIPO	314
GCF_036917935.1|NZ_JBALEL010000014.1_37	LIPO	308
GCF_036917975.1|NZ_JBALEJ010000025.1_219	LIPO	314
GCF_036918015.1|NZ_JBALEO010000018.1_85	LIPO	314
GCF_036918245.1|NZ_JBALEF010000043.1_22	LIPO	314
GCF_036919495.1|NZ_JBALBZ010000088.1_24	LIPO	314
GCF_036919495.1|NZ_JBALBZ010000134.1_20	LIPO	313
GCF_036919555.1|NZ_JBALCS010000085.1_68	SP	314
GCF_036919575.1|NZ_JBALBY010000063.1_7	SP	314
GCF_036919595.1|NZ_JBALCO010000162.1_68	LIPO	330
GCF_036919615.1|NZ_JBALCN010000006.1_25	SP	331
GCF_036919615.1|NZ_JBALCN010000026.1_71	LIPO	329
GCF_036919675.1|NZ_JBALCP010000033.1_50	SP	331
GCF_036919675.1|NZ_JBALCP010000134.1_110	LIPO	330
GCF_036919815.1|NZ_JBALCE010000128.1_11	LIPO	314
GCF_036946495.1|NZ_JAQIIX010000002.1_3885	SP	299
GCF_036946525.1|NZ_JAQIIY010000010.1_30	SP	301
GCF_036959255.1|NZ_JAWMTI010000006.1_227	SP	286
GCF_036961165.1|NZ_JBALVJ010000124.1_6	SP	339
GCF_036961685.1|NZ_JBAMDH010000014.1_103	SP	301
GCF_036961685.1|NZ_JBAMDH010000038.1_56	SP	579
GCF_036964145.1|NZ_JBALUC010000001.1_105	LIPO	300
GCF_036967205.1|NZ_CP146022.1_3147	SP	323
GCF_036983985.1|NZ_JALAHQ010000007.1_28	SP	332
GCF_036984005.1|NZ_JALAAR010000025.1_28	SP	333
GCF_037023145.1|NZ_CP146092.1_1524	SP	493
GCF_037027445.1|NZ_JBANDL010000002.1_1902	SP	615
GCF_037034285.1|NZ_JBAGJZ010000001.1_289	SP	498
GCF_037039395.1|NZ_CP146242.1_2577	SP	333
GCF_037055355.1|NZ_CP146350.1_853	SP	435
GCF_037070215.1|NZ_JBANSN010000009.1_63	SP	364
GCF_037076565.1|NZ_AP029028.1_2713	SP	373
GCF_037081675.1|NZ_JAZAQL010000002.1_1389	TAT	349
GCF_037094685.1|NZ_CP146614.1_1533	SP	302
GCF_037126505.1|NZ_JACFYJ010000003.1_71	LIPO	382
GCF_037137035.1|NZ_JBBBNW010000003.1_236	SP	355
GCF_037137055.1|NZ_JBBBNY010000011.1_71	SP	340
GCF_037157815.1|NZ_CP089984.1_1334	LIPO	316
GCF_037201975.1|NZ_CP147520.1_6381	SP	442
GCF_037203605.1|NZ_JBBDHC010000005.1_30	LIPO	353
GCF_037203805.1|NZ_JBBCBQ010000007.1_156	SP	498
GCF_037414475.1|NZ_CP147913.1_3523	LIPO	619
GCF_037414475.1|NZ_CP147913.1_3722	SP	337
GCF_037442525.1|NZ_JBBIQD010000008.1_78	SP	325
GCF_037478005.1|NZ_CP144164.1_146	SP	641
GCF_037478005.1|NZ_CP144164.1_2541	SP	340
GCF_037478135.1|NZ_JBBHDV010000008.1_25	LIPO	353
GCF_037482285.1|NZ_JBBEYB010000017.1_15	SP	356
GCF_037572775.1|NZ_JBBHKA010000001.1_2942	SP	316
GCF_037719875.1|NZ_JBBJMJ010000002.1_67	LIPO	326
GCF_037860615.1|NZ_JBBKAI010000002.1_248	SP	330
GCF_037889915.1|NZ_JBBKZV010000017.1_20	SP	345
GCF_037892215.1|NZ_JAZHOG010000004.1_14	LIPO	373
GCF_037911585.1|NZ_JBAJNS010000001.1_3101	SP	407
GCF_037935975.1|NZ_CP149817.1_3764	SP	399
GCF_037969765.1|NZ_CP150207.1_890	SP	573
GCF_037996825.1|NZ_JBBNAC010000001.1_1238	SP	302
GCF_037996825.1|NZ_JBBNAC010000001.1_2304	SP	329
GCF_037997115.1|NZ_CP150484.1_485	SP	285
GCF_038002765.1|NZ_JBBODE010000002.1_1503	SP	629
GCF_038039215.1|NZ_JBBPCL010000001.1_3501	LIPO	254
GCF_038049935.1|NZ_CP145886.1_1005	SP	592
GCF_038066595.1|NZ_JBBUTH010000009.1_198	SP	326
GCF_038096175.1|NZ_CP151099.1_5389	LIPO	321
GCF_038246755.1|NZ_CP134706.1_4755	SP	420
GCF_038397755.1|NZ_CP151637.1_3291	LIPO	351
GCF_038440195.1|NZ_JASATG010000004.1_157	SP	313
GCF_038443385.1|NZ_CP151726.1_5618	SP	288
GCF_038446955.1|NZ_CP151803.1_2395	SP	286
GCF_038561935.1|NZ_CP102770.1_15	LIPO	614
GCF_038561935.1|NZ_CP102770.1_7799	SP	337
GCF_038900635.1|NZ_JAYMRX010000044.1_3	SP	489
GCF_038967635.1|NZ_CP152413.1_5983	SP	308
GCF_039023525.1|NZ_JBCHKV010000001.1_927	LIPO	315
GCF_039503195.1|NZ_JBCJKP010000001.1_3347	SP	482
GCF_039521145.1|NZ_BAAABU010000001.1_259	SP	421
GCF_039521145.1|NZ_BAAABU010000013.1_96	SP	391
GCF_039522025.1|NZ_BAAADB010000001.1_50	LIPO	607
GCF_039522585.1|NZ_BAAADR010000002.1_404	SP	358
GCF_039522625.1|NZ_BAAADT010000020.1_49	SP	348
GCF_039522935.1|NZ_BAAAEI010000006.1_369	SP	334
GCF_039523175.1|NZ_BAAAEU010000006.1_235	SP	341
GCF_039523215.1|NZ_BAAAEW010000042.1_251	SP	296
GCF_039523355.1|NZ_BAAAFD010000001.1_564	SP	331
GCF_039523355.1|NZ_BAAAFD010000010.1_94	SP	446
GCF_039523435.1|NZ_BAAAFH010000001.1_21	SP	383
GCF_039523435.1|NZ_BAAAFH010000011.1_448	SP	376
GCF_039523495.1|NZ_BAAAFK010000001.1_1429	LIPO	346
GCF_039523515.1|NZ_BAAAFL010000053.1_15	SP	646
GCF_039523615.1|NZ_BAAAFQ010000005.1_215	SP	302
GCF_039523995.1|NZ_BAAAGE010000001.1_202	SP	392
GCF_039524635.1|NZ_BAAAGU010000020.1_45	SP	332
GCF_039525035.1|NZ_BAAAHE010000066.1_7	SP	304
GCF_039525135.1|NZ_BAAAHF010000010.1_228	SP	340
GCF_039525135.1|NZ_BAAAHF010000021.1_7	SP	331
GCF_039525175.1|NZ_BAAAHH010000036.1_78	LIPO	319
GCF_039526725.1|NZ_BAAAJG010000001.1_317	LIPO	264
GCF_039526905.1|NZ_BAAAJK010000007.1_389	SP	334
GCF_039527245.1|NZ_BAAAJT010000002.1_824	LIPO	318
GCF_039527585.1|NZ_BAAAKE010000005.1_422	SP	427
GCF_039527585.1|NZ_BAAAKE010000006.1_23	LIPO	341
GCF_039527585.1|NZ_BAAAKE010000006.1_38	SP	390
GCF_039527585.1|NZ_BAAAKE010000043.1_2	SP	443
GCF_039527935.1|NZ_BAAAKV010000013.1_70	SP	373
GCF_039527935.1|NZ_BAAAKV010000032.1_38	SP	477
GCF_039528095.1|NZ_BAAALD010000001.1_10	SP	529
GCF_039528095.1|NZ_BAAALD010000063.1_11	SP	460
GCF_039528415.1|NZ_BAAALS010000001.1_358	SP	469
GCF_039528515.1|NZ_BAAALT010000062.1_3	SP	465
GCF_039528515.1|NZ_BAAALT010000145.1_3	LIPO	286
GCF_039528515.1|NZ_BAAALT010000192.1_3	SP	467
GCF_039528515.1|NZ_BAAALT010000226.1_21	SP	464
GCF_039529215.1|NZ_BAAAMJ010000003.1_26	SP	419
GCF_039529375.1|NZ_BAAAMR010000005.1_81	SP	418
GCF_039529375.1|NZ_BAAAMR010000036.1_20	SP	291
GCF_039529435.1|NZ_BAAAMU010000008.1_113	SP	438
GCF_039529435.1|NZ_BAAAMU010000018.1_90	SP	444
GCF_039529455.1|NZ_BAAAMV010000003.1_445	SP	442
GCF_039529455.1|NZ_BAAAMV010000019.1_28	SP	435
GCF_039529495.1|NZ_BAAAMX010000002.1_120	SP	416
GCF_039529495.1|NZ_BAAAMX010000004.1_218	LIPO	311
GCF_039529495.1|NZ_BAAAMX010000009.1_71	SP	421
GCF_039529495.1|NZ_BAAAMX010000012.1_100	SP	288
GCF_039529495.1|NZ_BAAAMX010000019.1_138	SP	422
GCF_039529775.1|NZ_BAAANL010000002.1_152	SP	498
GCF_039529815.1|NZ_BAAANN010000005.1_202	SP	331
GCF_039530285.1|NZ_BAAAOK010000038.1_16	SP	429
GCF_039530985.1|NZ_BAAAPE010000001.1_555	SP	331
GCF_039531005.1|NZ_BAAAPF010000380.1_2	SP	322
GCF_039531145.1|NZ_BAAAPM010000004.1_102	TAT	350
GCF_039531485.1|NZ_BAAAQD010000001.1_398	SP	440
GCF_039531485.1|NZ_BAAAQD010000011.1_170	SP	344
GCF_039531485.1|NZ_BAAAQD010000014.1_209	SP	405
GCF_039531525.1|NZ_BAAAQF010000004.1_254	SP	434
GCF_039531675.1|NZ_BAAAQM010000013.1_126	SP	513
GCF_039531675.1|NZ_BAAAQM010000033.1_79	SP	582
GCF_039531675.1|NZ_BAAAQM010000033.1_94	LIPO	297
GCF_039531695.1|NZ_BAAAQN010000004.1_100	LIPO	311
GCF_039531695.1|NZ_BAAAQN010000084.1_4	SP	515
GCF_039531855.1|NZ_BAAAQV010000017.1_2	SP	456
GCF_039531855.1|NZ_BAAAQV010000018.1_82	SP	412
GCF_039531895.1|NZ_BAAAQX010000010.1_164	SP	432
GCF_039531895.1|NZ_BAAAQX010000026.1_137	SP	407
GCF_039531895.1|NZ_BAAAQX010000039.1_39	SP	445
GCF_039531895.1|NZ_BAAAQX010000058.1_20	SP	429
GCF_039532215.1|NZ_BAAARN010000001.1_679	SP	409
GCF_039532505.1|NZ_BAAARU010000005.1_376	SP	297
GCF_039532525.1|NZ_BAAARV010000004.1_232	SP	404
GCF_039532525.1|NZ_BAAARV010000023.1_27	SP	424
GCF_039532525.1|NZ_BAAARV010000043.1_4	LIPO	346
GCF_039532545.1|NZ_BAAARW010000019.1_136	SP	305
GCF_039532545.1|NZ_BAAARW010000020.1_729	LIPO	322
GCF_039532685.1|NZ_BAAASC010000017.1_153	SP	451
GCF_039532685.1|NZ_BAAASC010000019.1_143	SP	452
GCF_039532725.1|NZ_BAAASE010000005.1_357	SP	436
GCF_039532725.1|NZ_BAAASE010000009.1_153	SP	494
GCF_039532765.1|NZ_BAAASG010000011.1_566	SP	329
GCF_039532765.1|NZ_BAAASG010000025.1_202	SP	452
GCF_039532825.1|NZ_BAAASJ010000026.1_124	SP	327
GCF_039532885.1|NZ_BAAASM010000014.1_44	SP	431
GCF_039532885.1|NZ_BAAASM010000028.1_81	SP	439
GCF_039532885.1|NZ_BAAASM010000075.1_127	SP	423
GCF_039532925.1|NZ_BAAASO010000070.1_8	SP	328
GCF_039532945.1|NZ_BAAASP010000007.1_77	SP	329
GCF_039533005.1|NZ_BAAASS010000015.1_2	SP	514
GCF_039533105.1|NZ_BAAASX010000001.1_475	SP	438
GCF_039533105.1|NZ_BAAASX010000002.1_596	SP	437
GCF_039533105.1|NZ_BAAASX010000007.1_208	SP	309
GCF_039533145.1|NZ_BAAASZ010000020.1_406	SP	457
GCF_039533145.1|NZ_BAAASZ010000023.1_210	SP	397
GCF_039533225.1|NZ_BAAATD010000001.1_975	SP	421
GCF_039533225.1|NZ_BAAATD010000002.1_61	SP	318
GCF_039533225.1|NZ_BAAATD010000004.1_228	LIPO	315
GCF_039533285.1|NZ_BAAATG010000023.1_190	SP	431
GCF_039533325.1|NZ_BAAATI010000002.1_350	SP	441
GCF_039533365.1|NZ_BAAATK010000008.1_135	SP	438
GCF_039533405.1|NZ_BAAATM010000002.1_136	SP	509
GCF_039533535.1|NZ_BAAATS010000002.1_17	SP	326
GCF_039533535.1|NZ_BAAATS010000022.1_326	SP	443
GCF_039533575.1|NZ_BAAATU010000009.1_328	SP	490
GCF_039533575.1|NZ_BAAATU010000018.1_92	SP	338
GCF_039533765.1|NZ_BAAAUD010000031.1_120	SP	517
GCF_039533965.1|NZ_BAAAUN010000001.1_1624	SP	419
GCF_039534085.1|NZ_BAAAUT010000004.1_159	SP	446
GCF_039534085.1|NZ_BAAAUT010000052.1_1	SP	442
GCF_039534165.1|NZ_BAAAUX010000011.1_464	SP	340
GCF_039534425.1|NZ_BAAAVH010000077.1_125	SP	516
GCF_039534525.1|NZ_BAAAVM010000023.1_104	SP	421
GCF_039534585.1|NZ_BAAAVP010000016.1_32	SP	491
GCF_039534625.1|NZ_BAAAVR010000004.1_270	SP	419
GCF_039534705.1|NZ_BAAAVV010000008.1_142	LIPO	305
GCF_039534915.1|NZ_BAAAWE010000001.1_908	SP	449
GCF_039535295.1|NZ_BAAAWX010000001.1_757	SP	449
GCF_039535295.1|NZ_BAAAWX010000009.1_140	SP	431
GCF_039535415.1|NZ_BAAAXD010000009.1_240	SP	269
GCF_039535415.1|NZ_BAAAXD010000019.1_185	SP	492
GCF_039535415.1|NZ_BAAAXD010000025.1_16	SP	339
GCF_039535725.1|NZ_BAAAXS010000001.1_1918	SP	329
GCF_039535725.1|NZ_BAAAXS010000001.1_9702	SP	438
GCF_039535785.1|NZ_BAAAXV010000005.1_231	SP	446
GCF_039535785.1|NZ_BAAAXV010000005.1_555	SP	444
GCF_039535905.1|NZ_BAAAYB010000135.1_47	SP	520
GCF_039536205.1|NZ_BAAAYL010000001.1_4666	LIPO	313
GCF_039536245.1|NZ_BAAAYN010000008.1_87	LIPO	309
GCF_039536645.1|NZ_BAAAYZ010000080.1_53	SP	494
GCF_039536785.1|NZ_BAAAZG010000053.1_25	SP	426
GCF_039537005.1|NZ_BAAAZR010000002.1_682	SP	439
GCF_039537005.1|NZ_BAAAZR010000032.1_12	SP	403
GCF_039537125.1|NZ_BAAAZX010000012.1_203	SP	329
GCF_039537125.1|NZ_BAAAZX010000042.1_32	SP	441
GCF_039537145.1|NZ_BAAAZY010000028.1_272	SP	438
GCF_039537505.1|NZ_BAABAQ010000001.1_365	SP	412
GCF_039537505.1|NZ_BAABAQ010000003.1_621	SP	447
GCF_039537565.1|NZ_BAABAT010000001.1_79	SP	326
GCF_039537565.1|NZ_BAABAT010000008.1_19	SP	427
GCF_039537565.1|NZ_BAABAT010000008.1_241	LIPO	382
GCF_039537565.1|NZ_BAABAT010000010.1_235	SP	412
GCF_039537565.1|NZ_BAABAT010000064.1_40	LIPO	345
GCF_039538145.1|NZ_BAABBV010000001.1_1946	LIPO	283
GCF_039538865.1|NZ_BAABCL010000006.1_277	SP	413
GCF_039539165.1|NZ_BAABCS010000009.1_50	LIPO	315
GCF_039539265.1|NZ_BAABCV010000001.1_62	SP	301
GCF_039539445.1|NZ_BAABDD010000009.1_167	SP	415
GCF_039539525.1|NZ_BAABDH010000110.1_3	SP	387
GCF_039539585.1|NZ_BAABDK010000009.1_15	SP	281
GCF_039539585.1|NZ_BAABDK010000013.1_117	SP	396
GCF_039539665.1|NZ_BAABDO010000136.1_4	SP	421
GCF_039539705.1|NZ_BAABDQ010000012.1_140	SP	432
GCF_039539705.1|NZ_BAABDQ010000012.1_221	SP	398
GCF_039539705.1|NZ_BAABDQ010000041.1_49	SP	438
GCF_039540235.1|NZ_BAABEQ010000032.1_60	SP	459
GCF_039540295.1|NZ_BAABET010000004.1_525	SP	424
GCF_039540335.1|NZ_BAABEV010000010.1_83	SP	288
GCF_039540335.1|NZ_BAABEV010000017.1_125	SP	334
GCF_039540335.1|NZ_BAABEV010000047.1_52	LIPO	315
GCF_039541515.1|NZ_BAABGJ010000081.1_600	SP	428
GCF_039541735.1|NZ_BAABGU010000009.1_17	SP	398
GCF_039541735.1|NZ_BAABGU010000037.1_56	LIPO	305
GCF_039542035.1|NZ_BAABHJ010000020.1_261	SP	436
GCF_039542035.1|NZ_BAABHJ010000022.1_68	SP	427
GCF_039542055.1|NZ_BAABHK010000005.1_568	SP	428
GCF_039542605.1|NZ_BAABIG010000033.1_176	SP	346
GCF_039542905.1|NZ_BAABIS010000001.1_935	SP	576
GCF_039542925.1|NZ_BAABIT010000001.1_2369	SP	450
GCF_039542925.1|NZ_BAABIT010000001.1_6190	SP	419
GCF_039543105.1|NZ_BAABJC010000001.1_1245	SP	333
GCF_039543145.1|NZ_BAABJE010000017.1_46	SP	609
GCF_039543365.1|NZ_BAABJP010000020.1_131	LIPO	308
GCF_039543385.1|NZ_BAABJQ010000015.1_125	SP	423
GCF_039543385.1|NZ_BAABJQ010000019.1_128	SP	437
GCF_039543385.1|NZ_BAABJQ010000020.1_154	SP	451
GCF_039543405.1|NZ_BAABJR010000002.1_350	SP	498
GCF_039543525.1|NZ_BAABJX010000045.1_78	LIPO	348
GCF_039543525.1|NZ_BAABJX010000045.1_79	SP	407
GCF_039543525.1|NZ_BAABJX010000045.1_80	SP	741
GCF_039543625.1|NZ_BAABKC010000001.1_29	SP	489
GCF_039543625.1|NZ_BAABKC010000039.1_31	SP	431
GCF_039543705.1|NZ_BAABKG010000003.1_36	LIPO	325
GCF_039544005.1|NZ_BAABKV010000001.1_1626	SP	339
GCF_039544005.1|NZ_BAABKV010000001.1_1641	SP	437
GCF_039544105.1|NZ_BAABLA010000113.1_14	SP	424
GCF_039544165.1|NZ_BAABLD010000008.1_300	SP	331
GCF_039545135.1|NZ_BAABRU010000008.1_94	SP	545
GCF_039545795.1|NZ_CP154260.1_797	LIPO	305
GCF_039555535.1|NZ_CP154630.1_2087	SP	335
GCF_039566955.1|NZ_CP154796.1_1167	SP	411
GCF_039566955.1|NZ_CP154796.1_2143	SP	455
GCF_039583785.1|NZ_JAVKSG010000002.1_173	LIPO	282
GCF_039594555.1|NZ_JBCNNF010000030.1_16	SP	322
GCF_039595395.1|NZ_JBCNLP010000001.1_1429	SP	338
GCF_039595595.1|NZ_JBCNLG010000037.1_16	SP	411
GCF_039595735.1|NZ_JBCNLB010000004.1_133	SP	305
GCF_039596355.1|NZ_JBCNJW010000001.1_902	SP	320
GCF_039596355.1|NZ_JBCNJW010000002.1_322	SP	370
GCF_039596395.1|NZ_JBCNJT010000001.1_332	SP	369
GCF_039596455.1|NZ_JBCNJR010000001.1_1172	LIPO	314
GCF_039614715.1|NZ_CP154857.1_2758	SP	344
GCF_039615155.1|NZ_JBDGHY010000007.1_204	SP	302
GCF_039615355.1|NZ_JBDHMT010000001.1_582	SP	377
GCF_039631295.1|NZ_JBDIVE010000010.1_144	SP	340
GCF_039649665.1|NZ_JBDJAW010000014.1_94	SP	410
GCF_039649665.1|NZ_JBDJAW010000059.1_25	SP	458
GCF_039649665.1|NZ_JBDJAW010000087.1_1	SP	361
GCF_039674165.1|NZ_JBDJMY010000051.1_14	SP	334
GCF_039674565.1|NZ_JBDJNW010000005.1_129	SP	306
GCF_039691755.1|NZ_CP137552.1_3012	SP	351
GCF_039696035.1|NZ_CP155567.1_977	SP	657
GCF_039710095.1|NZ_JBDKXH010000144.1_12	SP	441
GCF_039710095.1|NZ_JBDKXH010000002.1_193	SP	419
GCF_039710095.1|NZ_JBDKXH010000236.1_5	SP	391
GCF_039710095.1|NZ_JBDKXH010000004.1_137	SP	441
GCF_039766235.1|NZ_JBDHNH010000011.1_46	LIPO	335
GCF_039822625.1|NZ_JBDLLG010000004.1_17	LIPO	344
GCF_039871515.1|NZ_JBDPLS010000002.1_115	SP	428
GCF_039871525.1|NZ_JBDPLU010000015.1_172	SP	327
GCF_039871525.1|NZ_JBDPLU010000019.1_139	SP	330
GCF_039871555.1|NZ_JBDPMI010000007.1_47	SP	329
GCF_039871625.1|NZ_JBDPMC010000002.1_80	SP	396
GCF_039871625.1|NZ_JBDPMC010000042.1_48	SP	345
GCF_039871625.1|NZ_JBDPMC010000008.1_18	LIPO	345
GCF_039871645.1|NZ_JBDPMF010000001.1_310	SP	291
GCF_039871655.1|NZ_JBDPLZ010000007.1_64	LIPO	300
GCF_039871735.1|NZ_JBDPMH010000020.1_18	LIPO	347
GCF_039871735.1|NZ_JBDPMH010000024.1_58	LIPO	332
GCF_039871735.1|NZ_JBDPMH010000039.1_24	LIPO	298
GCF_039871735.1|NZ_JBDPMH010000005.1_154	SP	414
GCF_039871805.1|NZ_JBDPJM010000015.1_25	SP	333
GCF_039871805.1|NZ_JBDPJM010000001.1_273	SP	635
GCF_039871815.1|NZ_JBDPLX010000002.1_176	SP	410
GCF_039871825.1|NZ_JBDPME010000001.1_192	SP	393
GCF_039871825.1|NZ_JBDPME010000048.1_2	SP	429
GCF_039871825.1|NZ_JBDPME010000005.1_124	SP	431
GCF_039871875.1|NZ_JBDPMD010000019.1_60	SP	406
GCF_039871875.1|NZ_JBDPMD010000026.1_11	SP	450
GCF_039871875.1|NZ_JBDPMD010000060.1_44	SP	307
GCF_039872765.1|NZ_JBDPZC010000006.1_120	SP	351
GCF_039888625.1|NZ_JBDQQT010000019.1_38	SP	278
GCF_039888625.1|NZ_JBDQQT010000002.1_232	SP	300
GCF_039912695.1|NZ_JBDSPJ010000024.1_256	LIPO	294
GCF_039921305.1|NZ_JBDSCA010000057.1_79	SP	290
GCF_039942875.1|NZ_JBDVBQ010000027.1_82	SP	333
GCF_039944555.1|NZ_JBDUYN010000012.1_12	SP	743
GCF_039945015.1|NZ_JBDUXP010000004.1_640	SP	303
GCF_039964565.1|NZ_JBDVXF010000028.1_70	SP	307
GCF_039969095.1|NZ_JBDVOL010000015.1_8	SP	754
GCF_039977835.1|NZ_JBDWCL010000006.1_40	SP	580
GCF_039982415.1|NZ_JBDWYL010000002.1_37	SP	329
GCF_039982535.1|NZ_JBDWYG010000071.1_37	SP	340
GCF_039982535.1|NZ_JBDWYG010000075.1_89	SP	640
GCF_040012495.1|NZ_JBDYKM010000002.1_15	SP	332
GCF_040044975.1|NZ_JBDZDI010000005.1_192	LIPO	328
GCF_040049155.1|NZ_JBDZDK010000033.1_20	SP	321
GCF_040049195.1|NZ_JBDZDL010000005.1_309	SP	381
GCF_040049235.1|NZ_JBDZDO010000003.1_197	SP	407
GCF_040064235.1|NZ_JBDZYD010000017.1_122	SP	736
GCF_040064235.1|NZ_JBDZYD010000017.1_174	SP	392
GCF_040064235.1|NZ_JBDZYD010000018.1_171	SP	448
GCF_040105105.1|NZ_CP157675.1_137	SP	349
GCF_040105385.1|NZ_JBEDNQ010000010.1_227	SP	341
GCF_040137845.1|NZ_JBEFAK010000015.1_193	SP	428
GCF_040137845.1|NZ_JBEFAK010000058.1_13	SP	444
GCF_040144835.1|NZ_CP151632.1_1837	LIPO	349
GCF_040196315.1|NZ_JBEGCI010000011.1_108	SP	352
GCF_040196335.1|NZ_JBEGCJ010000004.1_293	SP	360
GCF_040219495.1|NZ_JAVJSK010000009.1_73	SP	385
GCF_040219615.1|NZ_JAVJSE010000039.1_22	SP	378
GCF_040220315.1|NZ_JAVJUY010000078.1_4	SP	287
GCF_040222955.1|NZ_JAVKCA010000012.1_179	SP	742
GCF_040295225.1|NZ_JBEOVA010000023.1_97	SP	315
GCF_040295245.1|NZ_JBEOVB010000002.1_389	SP	434
GCF_040295285.1|NZ_JBEOVD010000001.1_120	SP	509
GCF_040295285.1|NZ_JBEOVD010000040.1_22	LIPO	303
GCF_040295365.1|NZ_JBEOVF010000055.1_41	SP	442
GCF_040295385.1|NZ_JBEOVH010000032.1_74	SP	500
GCF_040295565.1|NZ_JBEOVN010000040.1_17	SP	489
GCF_040295585.1|NZ_JBEOVR010000005.1_49	SP	331
GCF_040295585.1|NZ_JBEOVR010000032.1_18	SP	431
GCF_040295605.1|NZ_JBEOVO010000020.1_12	SP	408
GCF_040295685.1|NZ_JBEOVU010000012.1_94	LIPO	321
GCF_040295685.1|NZ_JBEOVU010000043.1_13	SP	494
GCF_040295705.1|NZ_JBEOVW010000011.1_130	SP	406
GCF_040295925.1|NZ_JBEOWF010000001.1_363	SP	434
GCF_040295965.1|NZ_JBEOWJ010000004.1_361	SP	444
GCF_040295965.1|NZ_JBEOWJ010000058.1_8	SP	422
GCF_040295985.1|NZ_JBEOWK010000006.1_317	SP	410
GCF_040295985.1|NZ_JBEOWK010000007.1_78	SP	434
GCF_040296095.1|NZ_JBEOWP010000010.1_54	SP	444
GCF_040296125.1|NZ_JBEOWS010000083.1_9	SP	486
GCF_040296285.1|NZ_JBEOWY010000040.1_42	SP	512
GCF_040296325.1|NZ_JBEOWZ010000025.1_42	SP	491
GCF_040296405.1|NZ_JBEOXF010000004.1_89	SP	353
GCF_040296465.1|NZ_JBEOXI010000150.1_3	SP	447
GCF_040296605.1|NZ_JBEOXO010000031.1_81	SP	493
GCF_040296785.1|NZ_JBEOXV010000011.1_192	SP	491
GCF_040296885.1|NZ_JBEOYD010000020.1_56	SP	339
GCF_040296905.1|NZ_JBEOYC010000008.1_104	SP	341
GCF_040296905.1|NZ_JBEOYC010000014.1_32	SP	328
GCF_040296945.1|NZ_JBEOYE010000114.1_9	SP	348
GCF_040297005.1|NZ_JBEOYI010000047.1_13	SP	330
GCF_040297105.1|NZ_JBEOYM010000004.1_52	SP	441
GCF_040297105.1|NZ_JBEOYM010000097.1_16	SP	494
GCF_040297145.1|NZ_JBEOYS010000017.1_93	SP	492
GCF_040297265.1|NZ_JBEOYU010000026.1_47	SP	339
GCF_040297345.1|NZ_JBEOYZ010000048.1_39	SP	489
GCF_040298565.1|NZ_JBEPAK010000015.1_32	SP	502
GCF_040298625.1|NZ_JBEPAL010000009.1_152	SP	513
GCF_040298665.1|NZ_JBEPAP010000088.1_12	SP	491
GCF_040298885.1|NZ_JBEPBA010000016.1_144	SP	329
GCF_040298985.1|NZ_JBEPBF010000035.1_32	SP	339
GCF_040298985.1|NZ_JBEPBF010000043.1_30	SP	496
GCF_040299205.1|NZ_JBEPBM010000001.1_135	SP	440
GCF_040299265.1|NZ_JBEPBT010000015.1_5	SP	513
GCF_040299265.1|NZ_JBEPBT010000062.1_14	SP	431
GCF_040300025.1|NZ_JBEPDB010000015.1_103	LIPO	345
GCF_040300525.1|NZ_JBEPDU010000001.1_231	SP	321
GCF_040300725.1|NZ_JBEPEH010000004.1_348	SP	431
GCF_040300725.1|NZ_JBEPEH010000006.1_127	LIPO	345
GCF_040300725.1|NZ_JBEPEH010000016.1_176	SP	410
GCF_040300725.1|NZ_JBEPEH010000080.1_18	SP	459
GCF_040300965.1|NZ_JBEPEW010000006.1_96	SP	344
GCF_040300965.1|NZ_JBEPEW010000043.1_9	SP	427
GCF_040301705.1|NZ_JBEPFC010000125.1_19	SP	326
GCF_040301825.1|NZ_JBEPFG010000003.1_551	SP	401
GCF_040301945.1|NZ_JBEPFO010000024.1_21	SP	341
GCF_040301965.1|NZ_JBEPFN010000009.1_59	SP	440
GCF_040302125.1|NZ_JBEORF010000002.1_3	SP	420
GCF_040302165.1|NZ_JBEORH010000023.1_3	SP	420
GCF_040302185.1|NZ_JBEORJ010000001.1_110	SP	445
GCF_040302185.1|NZ_JBEORJ010000009.1_263	SP	406
GCF_040302345.1|NZ_JBEORR010000001.1_365	SP	452
GCF_040302345.1|NZ_JBEORR010000020.1_2	SP	447
GCF_040302465.1|NZ_JBEORU010000004.1_124	SP	406
GCF_040302465.1|NZ_JBEORU010000016.1_94	LIPO	313
GCF_040302465.1|NZ_JBEORU010000032.1_58	LIPO	296
GCF_040302565.1|NZ_JBEORW010000007.1_116	LIPO	334
GCF_040302585.1|NZ_JBEOUS010000004.1_435	SP	434
GCF_040302625.1|NZ_JBEOSA010000053.1_11	SP	498
GCF_040302665.1|NZ_JBEORY010000002.1_49	SP	507
GCF_040302705.1|NZ_JBEOSB010000012.1_28	SP	328
GCF_040302705.1|NZ_JBEOSB010000046.1_4	SP	340
GCF_040302725.1|NZ_JBEOSF010000001.1_98	SP	518
GCF_040302845.1|NZ_JBEOSI010000002.1_547	SP	494
GCF_040303045.1|NZ_JBEOUW010000005.1_210	SP	504
GCF_040303145.1|NZ_JBEOST010000008.1_54	SP	499
GCF_040303205.1|NZ_JBEOSY010000003.1_367	SP	442
GCF_040303245.1|NZ_JBEOSV010000018.1_70	SP	496
GCF_040303825.1|NZ_JBEOTZ010000025.1_49	SP	495
GCF_040303825.1|NZ_JBEOTZ010000028.1_101	SP	438
GCF_040304075.1|NZ_JBEOUL010000016.1_151	SP	344
GCF_040327995.1|NZ_JBEPIJ010000001.1_359	LIPO	306
GCF_040327995.1|NZ_JBEPIJ010000027.1_36	SP	313
GCF_040361885.1|NZ_BAABRN010000029.1_38	LIPO	335
GCF_040362745.1|NZ_BAABWO010000002.1_152	SP	324
GCF_040362745.1|NZ_BAABWO010000002.1_186	SP	685
GCF_040366405.1|NZ_BAABWF010000001.1_691	SP	677
GCF_040372165.1|NZ_BAABWG010000003.1_202	LIPO	319
GCF_040426375.1|NZ_JBEOTD010000059.1_18	SP	423
GCF_040427945.1|NZ_JBEPDR010000010.1_224	SP	327
GCF_040446465.1|NZ_JBEAAJ010000012.1_250	SP	326
GCF_040446465.1|NZ_JBEAAJ010000014.1_94	SP	439
GCF_040500525.1|NZ_CP159402.1_707	SP	371
GCF_040514055.1|NZ_JBEVDL010000011.1_59	SP	284
GCF_040518285.1|NZ_CP155449.1_2371	SP	407
GCF_040529335.1|NZ_CP159534.1_7238	SP	330
GCF_040530035.1|NZ_JBEWCD010000002.1_684	SP	339
GCF_040547115.1|NZ_JBEPPC010000009.1_103	SP	396
GCF_040548375.1|NZ_JBEPRN010000008.1_131	SP	302
GCF_040548735.1|NZ_JBEPSD010000001.1_247	LIPO	346
GCF_040548875.1|NZ_JBEPSJ010000001.1_470	LIPO	310
GCF_040560175.1|NZ_JARJHW010000307.1_2	SP	503
GCF_040581415.1|NZ_CP114014.1_633	SP	291
GCF_040581415.1|NZ_CP114014.1_1955	SP	424
GCF_040605375.1|NZ_JBEXCR010000011.1_248	SP	430
GCF_040605375.1|NZ_JBEXCR010000023.1_76	SP	328
GCF_040605395.1|NZ_JBEXCS010000017.1_31	SP	440
GCF_040605415.1|NZ_JBEXCU010000003.1_535	SP	444
GCF_040605435.1|NZ_JBEXCW010000017.1_58	SP	439
GCF_040605435.1|NZ_JBEXCW010000031.1_1	SP	327
GCF_040605515.1|NZ_JBEXCY010000005.1_13	SP	407
GCF_040605515.1|NZ_JBEXCY010000049.1_39	SP	433
GCF_040605515.1|NZ_JBEXCY010000106.1_37	LIPO	271
GCF_040605575.1|NZ_JBEXDB010000001.1_240	SP	494
GCF_040605575.1|NZ_JBEXDB010000003.1_247	SP	441
GCF_040605635.1|NZ_JBEXDG010000014.1_122	SP	405
GCF_040605635.1|NZ_JBEXDG010000033.1_78	SP	444
GCF_040605635.1|NZ_JBEXDG010000095.1_18	SP	344
GCF_040605815.1|NZ_JBEXDN010000037.1_30	SP	493
GCF_040606035.1|NZ_JBEXEA010000084.1_2	SP	435
GCF_040606075.1|NZ_JBEXEC010000001.1_52	SP	327
GCF_040606075.1|NZ_JBEXEC010000018.1_119	SP	437
GCF_040606085.1|NZ_JBEXDZ010000059.1_32	SP	426
GCF_040606085.1|NZ_JBEXDZ010000084.1_8	SP	327
GCF_040606315.1|NZ_JBEXEP010000005.1_47	TAT	353
GCF_040606445.1|NZ_JBEXEX010000008.1_170	SP	487
GCF_040606575.1|NZ_JBEXFB010000001.1_418	SP	431
GCF_040606575.1|NZ_JBEXFB010000001.1_492	SP	506
GCF_040606825.1|NZ_JBEXFP010000010.1_107	LIPO	295
GCF_040606825.1|NZ_JBEXFP010000082.1_11	SP	403
GCF_040607125.1|NZ_JBEXGC010000002.1_212	SP	434
GCF_040607335.1|NZ_JBEXGM010000019.1_9	SP	431
GCF_040607345.1|NZ_JBEXGN010000008.1_62	SP	489
GCF_040607375.1|NZ_JBEXGP010000021.1_102	SP	416
GCF_040607415.1|NZ_JBEXGR010000004.1_137	LIPO	297
GCF_040607415.1|NZ_JBEXGR010000018.1_115	SP	416
GCF_040607635.1|NZ_JBEXHD010000022.1_16	SP	329
GCF_040607635.1|NZ_JBEXHD010000162.1_3	SP	437
GCF_040607775.1|NZ_JBEXHJ010000003.1_354	SP	412
GCF_040607775.1|NZ_JBEXHJ010000009.1_256	SP	447
GCF_040607895.1|NZ_JBEXHP010000009.1_118	SP	445
GCF_040607895.1|NZ_JBEXHP010000096.1_9	SP	412
GCF_040607915.1|NZ_JBEXHQ010000029.1_85	SP	452
GCF_040607915.1|NZ_JBEXHQ010000050.1_34	SP	418
GCF_040608175.1|NZ_JBEXHU010000002.1_132	LIPO	314
GCF_040608175.1|NZ_JBEXHU010000009.1_257	SP	406
GCF_040608395.1|NZ_JBEXID010000020.1_43	SP	492
GCF_040608495.1|NZ_JBEXIJ010000015.1_149	SP	418
GCF_040608495.1|NZ_JBEXIJ010000048.1_31	SP	450
GCF_040608575.1|NZ_JBEXIM010000009.1_170	SP	412
GCF_040608575.1|NZ_JBEXIM010000028.1_4	SP	445
GCF_040609015.1|NZ_JBEXJI010000025.1_48	LIPO	315
GCF_040609095.1|NZ_JBEXJK010000263.1_4	SP	491
GCF_040609115.1|NZ_JBEXJN010000069.1_16	SP	450
GCF_040609115.1|NZ_JBEXJN010000103.1_12	SP	405
GCF_040609235.1|NZ_JBEXJR010000001.1_874	LIPO	308
GCF_040609555.1|NZ_JBEXKG010000126.1_19	SP	415
GCF_040609695.1|NZ_JBEXKX010000005.1_234	SP	460
GCF_040609695.1|NZ_JBEXKX010000015.1_81	SP	399
GCF_040609695.1|NZ_JBEXKX010000015.1_136	SP	744
GCF_040609975.1|NZ_JBEXLM010000002.1_14	SP	409
GCF_040610035.1|NZ_JBEXLP010000017.1_82	SP	435
GCF_040610055.1|NZ_JBEXLS010000005.1_390	SP	429
GCF_040610055.1|NZ_JBEXLS010000009.1_149	SP	323
GCF_040610095.1|NZ_JBEXLR010000052.1_41	SP	345
GCF_040610095.1|NZ_JBEXLR010000089.1_9	SP	403
GCF_040610675.1|NZ_JBEXMT010000032.1_67	SP	318
GCF_040610735.1|NZ_JBEXMV010000013.1_102	SP	456
GCF_040610935.1|NZ_JBEXNC010000001.1_211	SP	738
GCF_040610935.1|NZ_JBEXNC010000008.1_283	SP	409
GCF_040610935.1|NZ_JBEXNC010000016.1_26	SP	443
GCF_040611155.1|NZ_JBEXNQ010000010.1_171	LIPO	339
GCF_040611155.1|NZ_JBEXNQ010000017.1_32	SP	516
GCF_040611155.1|NZ_JBEXNQ010000026.1_2	LIPO	306
GCF_040611175.1|NZ_JBEXNO010000051.1_25	SP	421
GCF_040611295.1|NZ_JBEXNW010000003.1_33	SP	492
GCF_040611475.1|NZ_JBEXOH010000005.1_181	SP	507
GCF_040611535.1|NZ_JBEXON010000009.1_39	SP	439
GCF_040611535.1|NZ_JBEXON010000032.1_37	SP	488
GCF_040611555.1|NZ_JBEXOM010000017.1_35	SP	439
GCF_040611555.1|NZ_JBEXOM010000020.1_105	SP	495
GCF_040611575.1|NZ_JBEXOP010000014.1_98	SP	444
GCF_040611655.1|NZ_JBEXOS010000024.1_56	SP	329
GCF_040611735.1|NZ_JBEXOW010000006.1_262	SP	443
GCF_040611735.1|NZ_JBEXOW010000021.1_19	SP	499
GCF_040611875.1|NZ_JBEXPD010000001.1_645	SP	490
GCF_040611955.1|NZ_JBEXPH010000076.1_6	SP	490
GCF_040611995.1|NZ_JBEXPJ010000024.1_79	SP	405
GCF_040612515.1|NZ_JBEXQJ010000021.1_120	SP	495
GCF_040612535.1|NZ_JBEXQK010000008.1_77	SP	410
GCF_040612795.1|NZ_JBEXQX010000005.1_11	SP	432
GCF_040612795.1|NZ_JBEXQX010000020.1_72	SP	495
GCF_040612855.1|NZ_JBEXRA010000021.1_34	SP	436
GCF_040613055.1|NZ_JBEXRI010000004.1_192	SP	427
GCF_040613075.1|NZ_JBEXRL010000007.1_112	SP	414
GCF_040613175.1|NZ_JBEXRR010000034.1_16	SP	420
GCF_040613235.1|NZ_JBEXRT010000001.1_137	SP	496
GCF_040613255.1|NZ_JBEXRU010000073.1_26	SP	492
GCF_040613275.1|NZ_JBEXRV010000011.1_121	SP	499
GCF_040613325.1|NZ_JBEXRZ010000023.1_20	SP	506
GCF_040613355.1|NZ_JBEXRY010000007.1_111	SP	513
GCF_040613435.1|NZ_JBEXSC010000033.1_38	SP	440
GCF_040613495.1|NZ_JBEXSD010000030.1_21	SP	420
GCF_040613535.1|NZ_JBEXSJ010000005.1_249	SP	446
GCF_040614455.1|NZ_JBEXUS010000112.1_15	SP	354
GCF_040628575.1|NZ_JBEXZD010000015.1_76	SP	437
GCF_040628575.1|NZ_JBEXZD010000077.1_25	SP	489
GCF_040628695.1|NZ_JBEXTL010000014.1_149	SP	440
GCF_040628835.1|NZ_JBEXTV010000027.1_41	SP	505
GCF_040629195.1|NZ_JBEXUZ010000154.1_3	SP	289
GCF_040629405.1|NZ_JBEXVQ010000011.1_139	SP	405
GCF_040629405.1|NZ_JBEXVQ010000013.1_121	SP	309
GCF_040629555.1|NZ_JBEXVX010000036.1_37	SP	327
GCF_040629555.1|NZ_JBEXVX010000091.1_26	SP	445
GCF_040629635.1|NZ_JBEXWC010000028.1_32	SP	332
GCF_040629635.1|NZ_JBEXWC010000029.1_28	SP	348
GCF_040629645.1|NZ_JBEXWB010000311.1_3	SP	497
GCF_040629715.1|NZ_JBEXWF010000004.1_37	SP	418
GCF_040629715.1|NZ_JBEXWF010000033.1_39	SP	438
GCF_040629795.1|NZ_JBEXWM010000015.1_98	SP	443
GCF_040629895.1|NZ_JBEXWP010000009.1_80	SP	489
GCF_040629945.1|NZ_JBEXWT010000024.1_84	SP	488
GCF_040629975.1|NZ_JBEXWS010000009.1_10	SP	434
GCF_040630175.1|NZ_JBEXXC010000001.1_436	LIPO	315
GCF_040630255.1|NZ_JBEXXE010000006.1_215	SP	434
GCF_040630405.1|NZ_JBEXXK010000014.1_83	SP	331
GCF_040630405.1|NZ_JBEXXK010000022.1_149	SP	347
GCF_040630405.1|NZ_JBEXXK010000032.1_96	SP	434
GCF_040630435.1|NZ_JBEXXO010000027.1_33	SP	501
GCF_040630445.1|NZ_JBEXXN010000052.1_47	SP	501
GCF_040630495.1|NZ_JBEXXT010000006.1_146	SP	496
GCF_040630615.1|NZ_JBEXXY010000001.1_84	SP	431
GCF_040630635.1|NZ_JBEXXX010000005.1_204	SP	494
GCF_040630635.1|NZ_JBEXXX010000012.1_86	SP	451
GCF_040630995.1|NZ_JBEXYP010000007.1_215	SP	415
GCF_040630995.1|NZ_JBEXYP010000010.1_63	SP	445
GCF_040631615.1|NZ_JBEYAJ010000014.1_112	SP	449
GCF_040632905.1|NZ_JBEYCQ010000001.1_190	SP	418
GCF_040632975.1|NZ_JBEYCX010000006.1_123	SP	418
GCF_040633255.1|NZ_JBEYDI010000002.1_59	SP	437
GCF_040633715.1|NZ_JBEYEA010000010.1_47	SP	511
GCF_040634005.1|NZ_JBEYER010000001.1_155	SP	438
GCF_040634005.1|NZ_JBEYER010000020.1_67	SP	398
GCF_040634175.1|NZ_JBEYFC010000035.1_10	SP	424
GCF_040635175.1|NZ_JBEYHH010000015.1_107	SP	436
GCF_040635175.1|NZ_JBEYHH010000036.1_39	SP	324
GCF_040635655.1|NZ_JBEYIF010000008.1_69	SP	524
GCF_040635885.1|NZ_JBEYLC010000020.1_3	SP	410
GCF_040636055.1|NZ_JBEYIX010000004.1_77	SP	334
GCF_040636055.1|NZ_JBEYIX010000008.1_8	SP	402
GCF_040636055.1|NZ_JBEYIX010000045.1_14	SP	443
GCF_040636055.1|NZ_JBEYIX010000052.1_28	LIPO	314
GCF_040636125.1|NZ_JBEYJD010000011.1_78	SP	784
GCF_040636125.1|NZ_JBEYJD010000032.1_63	SP	485
GCF_040636485.1|NZ_JBEZUP010000014.1_198	SP	451
GCF_040636485.1|NZ_JBEZUP010000029.1_28	SP	432
GCF_040636595.1|NZ_JBEZUT010000287.1_6	SP	493
GCF_040636795.1|NZ_JBEZVC010000006.1_96	SP	441
GCF_040636935.1|NZ_JBEZVJ010000006.1_266	SP	497
GCF_040636935.1|NZ_JBEZVJ010000016.1_93	LIPO	345
GCF_040637405.1|NZ_JBEZWE010000016.1_49	SP	512
GCF_040637495.1|NZ_JBEZWN010000008.1_69	SP	454
GCF_040638135.1|NZ_JBEZXR010000045.1_18	SP	332
GCF_040638175.1|NZ_JBEZXU010000015.1_147	SP	443
GCF_040638175.1|NZ_JBEZXU010000047.1_31	LIPO	305
GCF_040638275.1|NZ_JBEZXZ010000096.1_33	SP	437
GCF_040638275.1|NZ_JBEZXZ010000121.1_18	SP	467
GCF_040638285.1|NZ_JBEZYB010000012.1_99	SP	748
GCF_040638285.1|NZ_JBEZYB010000029.1_27	SP	401
GCF_040638295.1|NZ_JBEZYA010000046.1_37	SP	451
GCF_040638805.1|NZ_JBEXVL010000003.1_273	SP	328
GCF_040638955.1|NZ_JBEZZB010000074.1_18	SP	404
GCF_040638955.1|NZ_JBEZZB010000079.1_26	LIPO	282
GCF_040639095.1|NZ_JBEZZJ010000006.1_107	SP	405
GCF_040639095.1|NZ_JBEZZJ010000008.1_142	SP	445
GCF_040639135.1|NZ_JBEZZK010000002.1_2	SP	408
GCF_040639135.1|NZ_JBEZZK010000023.1_36	SP	451
GCF_040639195.1|NZ_JBEZZN010000002.1_6	SP	361
GCF_040639195.1|NZ_JBEZZN010000004.1_220	SP	408
GCF_040639195.1|NZ_JBEZZN010000006.1_266	SP	438
GCF_040639195.1|NZ_JBEZZN010000016.1_11	SP	345
GCF_040639325.1|NZ_JBEZZR010000071.1_10	SP	436
GCF_040639415.1|NZ_JBEZZW010000002.1_50	SP	291
GCF_040639415.1|NZ_JBEZZW010000010.1_21	SP	452
GCF_040639415.1|NZ_JBEZZW010000061.1_14	SP	410
GCF_040639495.1|NZ_JBEZZZ010000005.1_196	SP	289
GCF_040639495.1|NZ_JBEZZZ010000012.1_95	SP	347
GCF_040639495.1|NZ_JBEZZZ010000017.1_6	SP	405
GCF_040639555.1|NZ_JBFAAD010000001.1_157	SP	351
GCF_040639655.1|NZ_JBFAAI010000009.1_11	LIPO	292
GCF_040639655.1|NZ_JBFAAI010000016.1_130	SP	400
GCF_040639655.1|NZ_JBFAAI010000020.1_144	SP	443
GCF_040639695.1|NZ_JBFAAJ010000019.1_72	SP	318
GCF_040639815.1|NZ_JBFAAP010000005.1_178	SP	358
GCF_040639855.1|NZ_JBFAAR010000010.1_95	SP	441
GCF_040639995.1|NZ_JBFAAX010000011.1_12	SP	445
GCF_040640115.1|NZ_JBFABA010000008.1_172	LIPO	300
GCF_040640115.1|NZ_JBFABA010000051.1_8	SP	410
GCF_040640995.1|NZ_JBFACT010000022.1_117	SP	754
GCF_040640995.1|NZ_JBFACT010000113.1_7	SP	395
GCF_040641015.1|NZ_JBFACU010000051.1_34	SP	492
GCF_040641195.1|NZ_JBFADC010000001.1_315	SP	437
GCF_040641195.1|NZ_JBFADC010000006.1_102	SP	441
GCF_040641195.1|NZ_JBFADC010000013.1_1	SP	451
GCF_040641575.1|NZ_JBFADU010000005.1_110	SP	492
GCF_040641595.1|NZ_JBFADW010000040.1_43	SP	466
GCF_040642015.1|NZ_JBFAEO010000007.1_60	LIPO	322
GCF_040642065.1|NZ_JBFAER010000010.1_170	SP	495
GCF_040642235.1|NZ_JBFAEX010000001.1_365	SP	439
GCF_040642235.1|NZ_JBFAEX010000026.1_86	SP	312
GCF_040642975.1|NZ_JBEYTI010000011.1_94	SP	411
GCF_040642975.1|NZ_JBEYTI010000016.1_93	SP	334
GCF_040643015.1|NZ_JBEYTK010000007.1_11	SP	412
GCF_040643055.1|NZ_JBEYTM010000009.1_71	SP	491
GCF_040643285.1|NZ_JBEYUA010000031.1_28	SP	354
GCF_040643475.1|NZ_JBEYUK010000003.1_132	SP	440
GCF_040643475.1|NZ_JBEYUK010000026.1_68	SP	494
GCF_040643575.1|NZ_JBEYUP010000027.1_35	SP	350
GCF_040643685.1|NZ_JBEYUV010000041.1_2	SP	424
GCF_040643735.1|NZ_JBEYUW010000012.1_163	SP	323
GCF_040643755.1|NZ_JBEYUZ010000001.1_53	SP	329
GCF_040643815.1|NZ_JBEYVB010000007.1_229	SP	417
GCF_040643815.1|NZ_JBEYVB010000027.1_62	SP	433
GCF_040644015.1|NZ_JBEYVN010000002.1_310	SP	490
GCF_040644055.1|NZ_JBEYVO010000010.1_241	SP	438
GCF_040644055.1|NZ_JBEYVO010000025.1_51	SP	329
GCF_040644055.1|NZ_JBEYVO010000065.1_14	SP	327
GCF_040644155.1|NZ_JBEYVV010000011.1_14	SP	341
GCF_040644205.1|NZ_JBEYVY010000012.1_187	SP	434
GCF_040644455.1|NZ_JBEYWO010000007.1_173	SP	332
GCF_040644495.1|NZ_JBEYWQ010000005.1_198	SP	422
GCF_040644495.1|NZ_JBEYWQ010000037.1_26	SP	789
GCF_040644495.1|NZ_JBEYWQ010000047.1_38	SP	452
GCF_040644575.1|NZ_JBEYWV010000005.1_218	SP	420
GCF_040644575.1|NZ_JBEYWV010000012.1_130	SP	327
GCF_040644635.1|NZ_JBEYWW010000003.1_168	SP	433
GCF_040644635.1|NZ_JBEYWW010000011.1_30	SP	785
GCF_040644635.1|NZ_JBEYWW010000040.1_31	SP	455
GCF_040644655.1|NZ_JBEYWX010000013.1_124	SP	329
GCF_040644695.1|NZ_JBEYXC010000009.1_99	SP	440
GCF_040644695.1|NZ_JBEYXC010000030.1_49	SP	322
GCF_040644915.1|NZ_JBEYWZ010000002.1_261	SP	346
GCF_040644915.1|NZ_JBEYWZ010000002.1_635	SP	510
GCF_040644935.1|NZ_JBEYXB010000005.1_214	SP	439
GCF_040645015.1|NZ_JBEYXJ010000027.1_20	SP	438
GCF_040645015.1|NZ_JBEYXJ010000067.1_15	SP	418
GCF_040645135.1|NZ_JBEYXR010000027.1_22	SP	314
GCF_040645305.1|NZ_JBEYXZ010000057.1_15	SP	328
GCF_040645475.1|NZ_JBEYYJ010000003.1_283	SP	339
GCF_040645475.1|NZ_JBEYYJ010000008.1_128	SP	484
GCF_040645755.1|NZ_JBEYYU010000022.1_98	SP	330
GCF_040645755.1|NZ_JBEYYU010000090.1_10	SP	330
GCF_040645895.1|NZ_JBEYZD010000014.1_137	SP	439
GCF_040645895.1|NZ_JBEYZD010000041.1_46	SP	458
GCF_040645995.1|NZ_JBEYZJ010000013.1_32	SP	341
GCF_040646035.1|NZ_JBEYZK010000023.1_2	LIPO	305
GCF_040646655.1|NZ_JBEZAQ010000009.1_54	SP	435
GCF_040647275.1|NZ_JBEZBX010000004.1_362	SP	448
GCF_040647275.1|NZ_JBEZBX010000031.1_7	SP	407
GCF_040647335.1|NZ_JBEZBY010000001.1_752	SP	331
GCF_040647455.1|NZ_JBEZCG010000036.1_20	LIPO	305
GCF_040647715.1|NZ_JBEZCR010000009.1_319	SP	451
GCF_040648015.1|NZ_JBEZWL010000002.1_119	SP	474
GCF_040648415.1|NZ_JBEZDR010000016.1_88	SP	430
GCF_040648555.1|NZ_JBEZDY010000030.1_74	SP	437
GCF_040648555.1|NZ_JBEZDY010000035.1_35	SP	332
GCF_040648655.1|NZ_JBEZEE010000272.1_1	SP	413
GCF_040648675.1|NZ_JBEZED010000001.1_406	SP	452
GCF_040648675.1|NZ_JBEZED010000018.1_73	LIPO	341
GCF_040648675.1|NZ_JBEZED010000021.1_83	SP	418
GCF_040648675.1|NZ_JBEZED010000036.1_8	LIPO	291
GCF_040648855.1|NZ_JBEZEL010000003.1_60	SP	459
GCF_040649215.1|NZ_JBEZFA010000001.1_23	SP	452
GCF_040649215.1|NZ_JBEZFA010000004.1_111	LIPO	308
GCF_040649215.1|NZ_JBEZFA010000032.1_57	SP	412
GCF_040649295.1|NZ_JBEZFI010000010.1_141	SP	453
GCF_040649295.1|NZ_JBEZFI010000018.1_35	SP	404
GCF_040649415.1|NZ_JBEZFL010000001.1_348	SP	444
GCF_040649415.1|NZ_JBEZFL010000012.1_4	LIPO	288
GCF_040649635.1|NZ_JBEZFU010000002.1_290	SP	404
GCF_040649635.1|NZ_JBEZFU010000014.1_119	SP	429
GCF_040649675.1|NZ_JBEZFX010000004.1_245	SP	414
GCF_040649675.1|NZ_JBEZFX010000007.1_160	LIPO	297
GCF_040649715.1|NZ_JBEZGA010000002.1_287	SP	414
GCF_040649875.1|NZ_JBEZGG010000483.1_4	SP	407
GCF_040649875.1|NZ_JBEZGG010000829.1_1	SP	456
GCF_040649995.1|NZ_JBEZGM010000007.1_35	SP	445
GCF_040649995.1|NZ_JBEZGM010000050.1_12	SP	414
GCF_040650035.1|NZ_JBEZGO010000007.1_24	SP	435
GCF_040650035.1|NZ_JBEZGO010000012.1_89	SP	455
GCF_040650055.1|NZ_JBEZGN010000001.1_605	SP	416
GCF_040650055.1|NZ_JBEZGN010000012.1_60	SP	407
GCF_040650055.1|NZ_JBEZGN010000028.1_84	SP	295
GCF_040650055.1|NZ_JBEZGN010000035.1_81	LIPO	311
GCF_040650205.1|NZ_JBEZGV010000015.1_76	SP	438
GCF_040650235.1|NZ_JBEZGX010000107.1_4	SP	505
GCF_040650495.1|NZ_JBEZHJ010000002.1_170	SP	489
GCF_040650555.1|NZ_JBEZHK010000002.1_198	LIPO	338
GCF_040650635.1|NZ_JBEZHP010000015.1_127	SP	332
GCF_040650695.1|NZ_JBEZHS010000024.1_43	SP	400
GCF_040650695.1|NZ_JBEZHS010000024.1_128	SP	426
GCF_040650755.1|NZ_JBEZHV010000004.1_150	SP	517
GCF_040650755.1|NZ_JBEZHV010000015.1_1	SP	339
GCF_040650755.1|NZ_JBEZHV010000015.1_16	SP	322
GCF_040650755.1|NZ_JBEZHV010000015.1_18	SP	495
GCF_040650955.1|NZ_JBEZIJ010000005.1_130	SP	506
GCF_040651415.1|NZ_JBEZJY010000088.1_11	SP	458
GCF_040651495.1|NZ_JBEZKD010000002.1_272	SP	494
GCF_040651535.1|NZ_JBEZKG010000001.1_199	SP	435
GCF_040651615.1|NZ_JBEZKI010000041.1_73	SP	351
GCF_040651695.1|NZ_JBEZKN010000036.1_3	SP	492
GCF_040652055.1|NZ_JBEZLE010000008.1_141	SP	426
GCF_040652055.1|NZ_JBEZLE010000032.1_19	SP	493
GCF_040652135.1|NZ_JBEZLL010000007.1_221	SP	489
GCF_040652275.1|NZ_JBEZLR010000023.1_36	SP	465
GCF_040652275.1|NZ_JBEZLR010000090.1_6	SP	496
GCF_040652655.1|NZ_JBEZMO010000018.1_132	SP	414
GCF_040652735.1|NZ_JBEZMN010000001.1_304	LIPO	328
GCF_040652735.1|NZ_JBEZMN010000054.1_8	SP	499
GCF_040652795.1|NZ_JBEZMR010000001.1_349	LIPO	300
GCF_040652795.1|NZ_JBEZMR010000021.1_24	SP	433
GCF_040652795.1|NZ_JBEZMR010000033.1_45	SP	415
GCF_040652845.1|NZ_JBEZMT010000002.1_343	SP	490
GCF_040652845.1|NZ_JBEZMT010000023.1_38	SP	338
GCF_040653115.1|NZ_JBEZNH010000011.1_97	SP	424
GCF_040653115.1|NZ_JBEZNH010000065.1_20	SP	453
GCF_040653275.1|NZ_JBEZNL010000050.1_55	SP	442
GCF_040653295.1|NZ_JBEZNP010000008.1_105	SP	497
GCF_040653835.1|NZ_JBFAGS010000002.1_460	SP	448
GCF_040653835.1|NZ_JBFAGS010000033.1_10	SP	413
GCF_040653975.1|NZ_JBFAHB010000017.1_55	SP	486
GCF_040654065.1|NZ_JBFAHG010000001.1_579	LIPO	307
GCF_040654065.1|NZ_JBFAHG010000003.1_171	SP	334
GCF_040654115.1|NZ_JBFAHJ010000014.1_59	SP	445
GCF_040654115.1|NZ_JBFAHJ010000044.1_29	SP	456
GCF_040654175.1|NZ_JBFAHN010000022.1_60	SP	487
GCF_040654195.1|NZ_JBFAHM010000001.1_536	LIPO	302
GCF_040654195.1|NZ_JBFAHM010000002.1_605	SP	417
GCF_040654195.1|NZ_JBFAHM010000010.1_331	SP	447
GCF_040654195.1|NZ_JBFAHM010000011.1_335	SP	316
GCF_040654255.1|NZ_JBFAHP010000014.1_2	LIPO	306
GCF_040654255.1|NZ_JBFAHP010000018.1_79	SP	353
GCF_040654295.1|NZ_JBFAHT010000002.1_540	SP	345
GCF_040654295.1|NZ_JBFAHT010000002.1_1646	SP	341
GCF_040654295.1|NZ_JBFAHT010000004.1_770	LIPO	290
GCF_040654315.1|NZ_JBFAHS010000004.1_49	LIPO	307
GCF_040654315.1|NZ_JBFAHS010000004.1_291	SP	333
GCF_040654355.1|NZ_JBFAHW010000002.1_164	SP	462
GCF_040654375.1|NZ_JBFAHV010000019.1_126	SP	332
GCF_040654435.1|NZ_JBFAHX010000002.1_2	LIPO	307
GCF_040654435.1|NZ_JBFAHX010000002.1_188	SP	338
GCF_040654475.1|NZ_JBFAID010000017.1_15	SP	334
GCF_040654475.1|NZ_JBFAID010000045.1_61	SP	399
GCF_040654515.1|NZ_JBFAIC010000035.1_55	LIPO	303
GCF_040654515.1|NZ_JBFAIC010000042.1_34	SP	449
GCF_040654515.1|NZ_JBFAIC010000045.1_73	SP	407
GCF_040654515.1|NZ_JBFAIC010000046.1_23	LIPO	294
GCF_040654555.1|NZ_JBFAIF010000004.1_559	SP	397
GCF_040654555.1|NZ_JBFAIF010000006.1_3	SP	433
GCF_040654575.1|NZ_JBFAIG010000003.1_48	SP	447
GCF_040654575.1|NZ_JBFAIG010000022.1_3	SP	449
GCF_040654655.1|NZ_JBFAIK010000020.1_112	SP	358
GCF_040654655.1|NZ_JBFAIK010000036.1_2	LIPO	300
GCF_040654715.1|NZ_JBFAIM010000015.1_182	SP	444
GCF_040654715.1|NZ_JBFAIM010000022.1_144	SP	429
GCF_040654755.1|NZ_JBFAIQ010000029.1_34	SP	489
GCF_040654815.1|NZ_JBFAIR010000014.1_100	SP	441
GCF_040654855.1|NZ_JBFAIU010000075.1_14	SP	417
GCF_040654855.1|NZ_JBFAIU010000168.1_2	SP	396
GCF_040655075.1|NZ_JBFAJC010000092.1_5	SP	424
GCF_040655075.1|NZ_JBFAJC010000100.1_5	SP	423
GCF_040655115.1|NZ_JBFAJH010000008.1_40	SP	492
GCF_040655155.1|NZ_JBFAJJ010000001.1_196	SP	441
GCF_040655295.1|NZ_JBFAJR010000063.1_22	LIPO	344
GCF_040655335.1|NZ_JBFAJT010000001.1_544	SP	508
GCF_040655335.1|NZ_JBFAJT010000005.1_666	LIPO	298
GCF_040655355.1|NZ_JBFAJS010000015.1_97	SP	306
GCF_040655395.1|NZ_JBFAJW010000011.1_129	LIPO	309
GCF_040655445.1|NZ_JBFAJY010000005.1_65	SP	497
GCF_040655495.1|NZ_JBFAKB010000016.1_142	SP	427
GCF_040655595.1|NZ_JBFAKG010000109.1_11	SP	317
GCF_040655735.1|NZ_JBFAKK010000001.1_303	SP	421
GCF_040655735.1|NZ_JBFAKK010000004.1_460	SP	321
GCF_040655735.1|NZ_JBFAKK010000004.1_491	SP	393
GCF_040655895.1|NZ_JBFAKV010000005.1_318	SP	326
GCF_040656115.1|NZ_JBFALF010000002.1_127	SP	433
GCF_040656115.1|NZ_JBFALF010000038.1_56	SP	399
GCF_040656115.1|NZ_JBFALF010000041.1_70	SP	443
GCF_040656135.1|NZ_JBFALG010000016.1_13	SP	401
GCF_040656135.1|NZ_JBFALG010000054.1_20	SP	334
GCF_040656475.1|NZ_JBFAMH010000034.1_1	SP	328
GCF_040656555.1|NZ_JBFAMN010000003.1_306	SP	438
GCF_040656595.1|NZ_JBFAMR010000003.1_250	SP	433
GCF_040656655.1|NZ_JBFAMU010000010.1_19	LIPO	299
GCF_040656655.1|NZ_JBFAMU010000141.1_5	SP	409
GCF_040656655.1|NZ_JBFAMU010000171.1_4	LIPO	300
GCF_040659625.1|NZ_JBFANB010000016.1_3	SP	433
GCF_040659625.1|NZ_JBFANB010000032.1_98	SP	395
GCF_040659735.1|NZ_JBFANZ010000031.1_2	SP	394
GCF_040659735.1|NZ_JBFANZ010000038.1_52	SP	430
GCF_040660135.1|NZ_JBFAGK010000007.1_277	SP	436
GCF_040660195.1|NZ_JBFALJ010000014.1_186	SP	517
GCF_040660195.1|NZ_JBFALJ010000045.1_22	LIPO	298
GCF_040660275.1|NZ_JBFAME010000015.1_128	SP	336
GCF_040660295.1|NZ_JBFAML010000014.1_19	SP	410
GCF_040673975.1|NZ_JBFAQZ010000004.1_70	SP	449
GCF_040673975.1|NZ_JBFAQZ010000022.1_96	SP	402
GCF_040674255.1|NZ_JBFALL010000003.1_181	SP	451
GCF_040674255.1|NZ_JBFALL010000043.1_26	SP	327
GCF_040674575.1|NZ_JBFAMO010000010.1_232	SP	429
GCF_040674635.1|NZ_JBFAMZ010000018.1_48	SP	444
GCF_040674815.1|NZ_JBFANM010000004.1_96	SP	428
GCF_040674815.1|NZ_JBFANM010000028.1_110	SP	444
GCF_040674815.1|NZ_JBFANM010000160.1_3	SP	385
GCF_040674975.1|NZ_JBFANY010000010.1_132	SP	741
GCF_040674975.1|NZ_JBFANY010000010.1_190	SP	399
GCF_040674975.1|NZ_JBFANY010000014.1_10	SP	448
GCF_040675005.1|NZ_JBFANX010000018.1_27	SP	743
GCF_040675005.1|NZ_JBFANX010000018.1_118	SP	444
GCF_040675005.1|NZ_JBFANX010000026.1_42	SP	405
GCF_040675155.1|NZ_JBFAOI010000001.1_989	LIPO	297
GCF_040675155.1|NZ_JBFAOI010000002.1_540	SP	445
GCF_040675155.1|NZ_JBFAOI010000008.1_258	SP	420
GCF_040675175.1|NZ_JBFAOH010000001.1_156	LIPO	449
GCF_040675365.1|NZ_JBFAOU010000015.1_41	LIPO	290
GCF_040675365.1|NZ_JBFAOU010000171.1_10	SP	473
GCF_040675365.1|NZ_JBFAOU010000267.1_3	LIPO	297
GCF_040675365.1|NZ_JBFAOU010000299.1_1	SP	444
GCF_040675375.1|NZ_JBFAOV010000009.1_297	SP	435
GCF_040675375.1|NZ_JBFAOV010000101.1_2	SP	364
GCF_040675435.1|NZ_JBFAOX010000035.1_63	SP	447
GCF_040675435.1|NZ_JBFAOX010000037.1_25	SP	455
GCF_040675435.1|NZ_JBFAOX010000038.1_56	SP	383
GCF_040675435.1|NZ_JBFAOX010000043.1_25	SP	313
GCF_040675465.1|NZ_JBFAPA010000005.1_204	SP	457
GCF_040675465.1|NZ_JBFAPA010000012.1_186	SP	288
GCF_040675505.1|NZ_JBFAOY010000068.1_3	SP	488
GCF_040675635.1|NZ_JBFAPH010000312.1_1	SP	508
GCF_040675865.1|NZ_JBEGHG010000023.1_11	LIPO	579
GCF_040676615.1|NZ_JBFAPI010000019.1_54	SP	428
GCF_040676615.1|NZ_JBFAPI010000028.1_2	SP	395
GCF_040676675.1|NZ_JBFAPK010000034.1_71	SP	479
GCF_040676695.1|NZ_JBFAPM010000001.1_469	LIPO	342
GCF_040676755.1|NZ_JBFAPO010000012.1_155	SP	344
GCF_040676755.1|NZ_JBFAPO010000022.1_110	SP	409
GCF_040676755.1|NZ_JBFAPO010000055.1_9	SP	454
GCF_040676755.1|NZ_JBFAPO010000093.1_7	SP	420
GCF_040676755.1|NZ_JBFAPO010000099.1_14	LIPO	309
GCF_040676775.1|NZ_JBFAPP010000006.1_221	SP	345
GCF_040676775.1|NZ_JBFAPP010000013.1_71	SP	452
GCF_040676775.1|NZ_JBFAPP010000016.1_5	LIPO	340
GCF_040676775.1|NZ_JBFAPP010000035.1_14	SP	486
GCF_040676915.1|NZ_JBFAPY010000006.1_391	SP	419
GCF_040676915.1|NZ_JBFAPY010000008.1_241	SP	396
GCF_040677165.1|NZ_JBFAQH010000010.1_217	SP	408
GCF_040677315.1|NZ_JBFAQM010000004.1_317	SP	317
GCF_040677315.1|NZ_JBFAQM010000038.1_3	SP	436
GCF_040677405.1|NZ_JBFARX010000105.1_12	SP	435
GCF_040677445.1|NZ_JBFARZ010000003.1_30	SP	459
GCF_040677565.1|NZ_JBFASD010000010.1_74	SP	398
GCF_040677565.1|NZ_JBFASD010000022.1_71	LIPO	295
GCF_040678315.1|NZ_JBFATL010000038.1_63	SP	419
GCF_040678355.1|NZ_JBFATO010000006.1_47	SP	327
GCF_040678355.1|NZ_JBFATO010000018.1_79	SP	438
GCF_040678375.1|NZ_JBFATP010000023.1_19	SP	495
GCF_040678375.1|NZ_JBFATP010000036.1_83	SP	439
GCF_040678435.1|NZ_JBFATS010000009.1_122	SP	435
GCF_040678455.1|NZ_JBFATT010000175.1_3	SP	445
GCF_040678455.1|NZ_JBFATT010000179.1_11	SP	492
GCF_040678715.1|NZ_JBFAQO010000005.1_258	SP	402
GCF_040678875.1|NZ_JBFAQS010000006.1_154	SP	416
GCF_040678875.1|NZ_JBFAQS010000007.1_299	SP	455
GCF_040678995.1|NZ_JBFAQX010000017.1_109	SP	318
GCF_040679335.1|NZ_JBFAUP010000005.1_143	SP	414
GCF_040679615.1|NZ_JBFAVD010000016.1_42	SP	499
GCF_040680155.1|NZ_JBFAWC010000018.1_2	LIPO	308
GCF_040680195.1|NZ_JBFAWF010000008.1_130	SP	414
GCF_040680215.1|NZ_JBFAWG010000072.1_10	SP	419
GCF_040680235.1|NZ_JBFAWH010000006.1_113	SP	388
GCF_040680275.1|NZ_JBFAWL010000020.1_51	SP	327
GCF_040680455.1|NZ_JBFAWU010000016.1_46	SP	499
GCF_040680575.1|NZ_JBFAWY010000003.1_210	SP	327
GCF_040680795.1|NZ_JBFAXL010000071.1_10	LIPO	498
GCF_040680875.1|NZ_JBFAXO010000001.1_572	SP	423
GCF_040680875.1|NZ_JBFAXO010000013.1_258	SP	328
GCF_040680895.1|NZ_JBFAXR010000268.1_3	LIPO	310
GCF_040681015.1|NZ_JBFAXV010000006.1_277	SP	494
GCF_040681075.1|NZ_JBFAYB010000084.1_28	LIPO	304
GCF_040681095.1|NZ_JBFAYA010000008.1_111	SP	499
GCF_040681145.1|NZ_JBFAYE010000004.1_94	SP	446
GCF_040681145.1|NZ_JBFAYE010000009.1_202	SP	378
GCF_040681145.1|NZ_JBFAYE010000009.1_245	LIPO	281
GCF_040681165.1|NZ_JBFAYF010000018.1_40	SP	437
GCF_040681205.1|NZ_JBFAYH010000001.1_438	SP	445
GCF_040681205.1|NZ_JBFAYH010000015.1_178	SP	492
GCF_040681245.1|NZ_JBFAYI010000003.1_34	SP	406
GCF_040681245.1|NZ_JBFAYI010000004.1_329	SP	428
GCF_040681285.1|NZ_JBFAYL010000004.1_694	LIPO	314
GCF_040681495.1|NZ_JBFAYV010000009.1_102	SP	321
GCF_040681495.1|NZ_JBFAYV010000016.1_23	SP	308
GCF_040681575.1|NZ_JBFAZB010000017.1_40	SP	480
GCF_040681715.1|NZ_JBFAZJ010000031.1_54	LIPO	346
GCF_040681835.1|NZ_JBFAZO010000005.1_280	SP	442
GCF_040682015.1|NZ_JBFAZW010000071.1_49	LIPO	345
GCF_040682075.1|NZ_JBFBAD010000126.1_24	SP	383
GCF_040682155.1|NZ_JBFBAG010000016.1_76	SP	401
GCF_040682155.1|NZ_JBFBAG010000016.1_158	SP	737
GCF_040682175.1|NZ_JBFBAL010000006.1_159	SP	491
GCF_040682215.1|NZ_JBFBAJ010000003.1_575	LIPO	340
GCF_040682395.1|NZ_JBFBAX010000008.1_30	SP	328
GCF_040682395.1|NZ_JBFBAX010000071.1_1	SP	442
GCF_040682415.1|NZ_JBFBAY010000004.1_182	SP	447
GCF_040682415.1|NZ_JBFBAY010000007.1_249	LIPO	298
GCF_040682415.1|NZ_JBFBAY010000011.1_102	SP	409
GCF_040682555.1|NZ_JBFBBE010000021.1_46	SP	329
GCF_040682635.1|NZ_JBFBBK010000017.1_55	SP	417
GCF_040682695.1|NZ_JBFBBM010000009.1_4	SP	438
GCF_040682695.1|NZ_JBFBBM010000020.1_27	SP	438
GCF_040682715.1|NZ_JBFBBN010000064.1_36	SP	396
GCF_040682775.1|NZ_JBFBBQ010000013.1_121	SP	424
GCF_040682775.1|NZ_JBFBBQ010000088.1_31	SP	400
GCF_040682775.1|NZ_JBFBBQ010000115.1_5	SP	442
GCF_040682815.1|NZ_JBFBBT010000013.1_107	SP	455
GCF_040682815.1|NZ_JBFBBT010000033.1_47	SP	401
GCF_040682815.1|NZ_JBFBBT010000035.1_38	SP	428
GCF_040682875.1|NZ_JBFBBY010000006.1_19	SP	409
GCF_040682935.1|NZ_JBFBBZ010000005.1_42	SP	727
GCF_040682935.1|NZ_JBFBBZ010000030.1_35	SP	400
GCF_040682955.1|NZ_JBFBCC010000018.1_77	SP	746
GCF_040682955.1|NZ_JBFBCC010000018.1_140	SP	398
GCF_040683015.1|NZ_JBFBCD010000003.1_67	SP	285
GCF_040683095.1|NZ_JBFBCI010000015.1_7	SP	490
GCF_040683335.1|NZ_JBFBDO010000088.1_25	SP	483
GCF_040683555.1|NZ_JBFBEE010000018.1_131	LIPO	305
GCF_040683695.1|NZ_JBFBEO010000001.1_345	SP	412
GCF_040683735.1|NZ_JBFBEN010000018.1_101	SP	492
GCF_040684095.1|NZ_JBFBFI010000002.1_1215	LIPO	320
GCF_040684275.1|NZ_JBFBFP010000004.1_115	SP	506
GCF_040684635.1|NZ_JBFBGL010000086.1_2	SP	285
GCF_040684795.1|NZ_JBFBGS010000015.1_37	SP	506
GCF_040685555.1|NZ_JBFBIK010000057.1_5	SP	441
GCF_040685555.1|NZ_JBFBIK010000089.1_11	SP	408
GCF_040685855.1|NZ_JBFBJA010000001.1_129	SP	491
GCF_040685895.1|NZ_JBFBJB010000053.1_62	SP	455
GCF_040685935.1|NZ_JBFBJG010000002.1_207	SP	490
GCF_040686035.1|NZ_JBFBJN010000053.1_39	SP	483
GCF_040686095.1|NZ_JBFBJK010000019.1_153	SP	353
GCF_040686175.1|NZ_JBFBJT010000096.1_10	SP	328
GCF_040686315.1|NZ_JBFBJW010000001.1_428	LIPO	291
GCF_040686315.1|NZ_JBFBJW010000008.1_12	SP	425
GCF_040686315.1|NZ_JBFBJW010000010.1_104	SP	452
GCF_040686775.1|NZ_JBFBLP010000001.1_778	SP	496
GCF_040686775.1|NZ_JBFBLP010000003.1_376	SP	436
GCF_040686775.1|NZ_JBFBLP010000027.1_2	LIPO	311
GCF_040687335.1|NZ_JBFBNE010000002.1_382	SP	509
GCF_040687575.1|NZ_JBFBNQ010000002.1_1142	SP	343
GCF_040689265.1|NZ_JBFAXA010000019.1_81	SP	334
GCF_040689395.1|NZ_JBFAZX010000003.1_291	LIPO	345
GCF_040689425.1|NZ_JBFAZZ010000009.1_226	SP	323
GCF_040689425.1|NZ_JBFAZZ010000010.1_255	LIPO	338
GCF_040689485.1|NZ_JBFBAK010000002.1_586	SP	491
GCF_040701605.1|NZ_JBFBDT010000042.1_19	SP	360
GCF_040701725.1|NZ_JBFBEZ010000011.1_94	SP	425
GCF_040701825.1|NZ_JBFBFY010000008.1_258	SP	415
GCF_040702905.1|NZ_JBFBND010000001.1_351	LIPO	323
GCF_040702905.1|NZ_JBFBND010000022.1_57	SP	346
GCF_040703635.1|NZ_JBEYEY010000004.1_483	SP	421
GCF_040703715.1|NZ_JBEYHQ010000055.1_28	SP	330
GCF_040703975.1|NZ_JBEZWH010000001.1_209	SP	354
GCF_040703975.1|NZ_JBEZWH010000007.1_106	SP	294
GCF_040704065.1|NZ_JBEYRK010000025.1_67	SP	492
GCF_040704315.1|NZ_JBEYSY010000007.1_166	SP	412
GCF_040704315.1|NZ_JBEYSY010000008.1_233	SP	445
GCF_040704615.1|NZ_JBEYXP010000026.1_54	SP	465
GCF_040704695.1|NZ_JBEZKL010000144.1_3	SP	289
GCF_040706415.1|NZ_JBEZND010000002.1_229	SP	490
GCF_040706515.1|NZ_JBEZOK010000038.1_29	SP	349
GCF_040706515.1|NZ_JBEZOK010000042.1_27	SP	447
GCF_040730185.1|NZ_CP160402.1_358	SP	480
GCF_040744945.1|NZ_CP160453.1_264	SP	438
GCF_040779325.2|NZ_JBFONT020000002.1_696	SP	348
GCF_040782645.1|NZ_CP160403.1_5254	SP	328
GCF_040790145.1|NZ_JBFMMP010000003.1_126	SP	414
GCF_040796495.1|NZ_JBFNQN010000002.1_256	SP	341
GCF_040802045.1|NZ_JBEZDW010000064.1_19	SP	472
GCF_040802095.1|NZ_JBFAHK010000011.1_167	SP	436
GCF_040802095.1|NZ_JBFAHK010000014.1_30	SP	428
GCF_040812025.1|NZ_JBFNPK010000008.1_104	SP	339
GCF_040812055.1|NZ_JBFOAH010000033.1_7	LIPO	389
GCF_040881935.1|NZ_JBBECH010000095.1_33	SP	570
GCF_040882185.1|NZ_JBBEBW010000002.1_111	SP	591
GCF_040900725.1|NZ_JAEUYM010000006.1_122	SP	254
GCF_040907265.1|NZ_JBFOHP010000002.1_2907	SP	314
GCF_040930515.1|NZ_JBFQEG010000002.1_22	SP	468
GCF_040965635.1|NZ_JBFRCH010000030.1_39	SP	388
GCF_041008525.1|NZ_JBFLUG010000004.1_46	LIPO	348
GCF_041018925.1|NZ_JBFNXQ010000011.1_35	SP	334
GCF_041021105.1|NZ_JBFBOR010000004.1_29	SP	441
GCF_041021105.1|NZ_JBFBOR010000097.1_29	SP	441
GCF_041023745.1|NZ_JBFTEF010000018.1_57	SP	298
GCF_041028145.1|NZ_JASHLV010000001.1_204	SP	498
GCF_041028215.1|NZ_JASKYR010000182.1_2	SP	349
GCF_041028215.1|NZ_JASKYR010000688.1_2	LIPO	272
GCF_041051975.1|NZ_CP163435.1_1157	SP	448
GCF_041051975.1|NZ_CP163435.1_5368	SP	327
GCF_041052385.1|NZ_CP163439.1_852	SP	444
GCF_041052385.1|NZ_CP163439.1_3673	SP	330
GCF_041053055.1|NZ_CP163443.1_183	SP	482
GCF_041053105.1|NZ_CP163444.1_290	SP	500
GCF_041080625.1|NZ_CP163518.1_1299	SP	417
GCF_041080655.1|NZ_CP163525.1_7972	SP	416
GCF_041083635.1|NZ_JBFPHB010000002.1_72	SP	348
GCF_041083715.1|NZ_JBFPGY010000118.1_3	SP	346
GCF_041154505.1|NZ_AP028672.1_4751	SP	491
GCF_041154655.1|NZ_BAAFGR010000131.1_16	SP	438
GCF_041154655.1|NZ_BAAFGR010000173.1_8	LIPO	315
GCF_041224435.1|NZ_JBGFFD010000005.1_220	SP	382
GCF_041260665.1|NZ_JBGCCT010000006.1_221	SP	437
GCF_041260665.1|NZ_JBGCCT010000038.1_21	LIPO	311
GCF_041261205.1|NZ_JBGCCH010000008.1_251	TAT	446
GCF_041261205.1|NZ_JBGCCH010000040.1_32	SP	435
GCF_041261225.1|NZ_JBGCCN010000001.1_1360	SP	444
GCF_041261225.1|NZ_JBGCCN010000001.1_3706	SP	328
GCF_041261265.1|NZ_JBGCCA010000037.1_33	SP	442
GCF_041261265.1|NZ_JBGCCA010000051.1_41	LIPO	312
GCF_041261445.1|NZ_JBGCCU010000029.1_97	SP	432
GCF_041262085.1|NZ_JBGCCM010000078.1_10	SP	429
GCF_041262505.1|NZ_JBGCCL010000024.1_66	SP	423
GCF_041262525.1|NZ_JBGCCK010000011.1_72	SP	422
GCF_041270065.1|NZ_CP065958.1_6566	SP	498
GCF_041300785.1|NZ_JBFWIB010000003.1_302	SP	278
GCF_041320705.1|NZ_JBGGTQ010000002.1_482	SP	341
GCF_041321145.1|NZ_JBGGWA010000001.1_331	LIPO	388
GCF_041346945.1|NZ_CP166850.1_8094	SP	444
GCF_041346945.1|NZ_CP166850.1_8575	SP	743
GCF_041346945.1|NZ_CP166850.1_8660	SP	401
GCF_041346955.1|NZ_CP166849.1_6724	SP	311
GCF_041360655.1|NZ_JBFUPQ010000006.1_52	SP	340
GCF_041361345.1|NZ_JBGKAD010000001.1_2611	TAT	324
GCF_041361465.1|NZ_JBGKAC010000001.1_244	TAT	321
GCF_041365895.1|NZ_JBGDLZ010000013.1_10	SP	305
GCF_041365895.1|NZ_JBGDLZ010000037.1_15	SP	343
GCF_041379045.1|NZ_CP166871.1_1519	SP	316
GCF_041379765.1|NZ_CP166919.1_2719	SP	308
GCF_041379945.2|NZ_JBFTXJ020000003.1_149	SP	336
GCF_041380235.1|NZ_JBGIYY010000021.1_38	SP	342
GCF_041395345.1|NZ_JAWLAR010000012.1_46	LIPO	350
GCF_041398385.1|NZ_JAWKUW010000002.1_72	SP	309
GCF_041435015.1|NZ_CP107989.1_7938	SP	496
GCF_041435015.1|NZ_CP107989.1_8021	SP	431
GCF_041435095.1|NZ_CP108025.1_2081	SP	462
GCF_041435095.1|NZ_CP108025.1_6468	SP	490
GCF_041435115.1|NZ_CP108046.1_7661	SP	434
GCF_041435115.1|NZ_CP108046.1_8321	SP	493
GCF_041435195.1|NZ_CP108106.1_7327	SP	502
GCF_041435215.1|NZ_CP108394.1_8664	SP	442
GCF_041435235.1|NZ_CP108408.1_491	SP	489
GCF_041435335.1|NZ_CP108430.1_7809	SP	508
GCF_041435435.1|NZ_CP108494.1_2103	SP	492
GCF_041438805.1|NZ_CP109190.1_6051	SP	492
GCF_041463655.1|NZ_JAXCEI010000005.1_461	LIPO	311
GCF_041463655.1|NZ_JAXCEI010000033.1_7	SP	418
GCF_041463665.1|NZ_JAXCEJ010000023.1_107	SP	288
GCF_041463665.1|NZ_JAXCEJ010000024.1_122	SP	421
GCF_041463665.1|NZ_JAXCEJ010000025.1_66	LIPO	314
GCF_041496605.1|NZ_JBGQEX010000002.1_60	SP	307
GCF_041499725.1|NZ_JBGQKW010000021.1_16	SP	338
GCF_041538045.1|NZ_JBGOSE010000012.1_27	SP	340
GCF_041538145.1|NZ_JBGORK010000011.1_356	LIPO	359
GCF_041555395.1|NZ_JBFFKM010000036.1_9	SP	322
GCF_041584495.1|NZ_JBFHDY010000027.1_4	LIPO	352
GCF_041587335.1|NZ_JBFGYP010000064.1_3	SP	313
GCF_041601375.1|NZ_JBFIIG010000014.1_2	SP	286
GCF_041616895.1|NZ_JBFJPY010000028.1_16	SP	649
GCF_041616895.1|NZ_JBFJPY010000038.1_12	SP	333
GCF_041624275.1|NZ_JBFJVE010000228.1_4	LIPO	329
GCF_041624475.1|NZ_JBFJUX010000005.1_173	LIPO	386
GCF_041625495.1|NZ_JBFJTH010000008.1_14	LIPO	383
GCF_041633695.1|NZ_JBFJMY010000066.1_8	SP	351
GCF_041650655.1|NZ_JBAZKR010000011.1_32	SP	318
GCF_041659645.1|NZ_JBAZXX010000001.1_56	LIPO	368
GCF_041659925.1|NZ_JBAZXI010000014.1_62	LIPO	332
GCF_041679295.1|NZ_JBGDMD010000004.1_88	SP	402
GCF_041679295.1|NZ_JBGDMD010000004.1_173	SP	426
GCF_041679295.1|NZ_JBGDMD010000004.1_391	SP	440
GCF_041689495.1|NZ_JBDNGD010000216.1_1	SP	344
GCF_041725775.1|NZ_JBEUEL010000057.1_4	SP	714
GCF_041729615.1|NZ_CP154874.1_2314	SP	277
GCF_041729615.1|NZ_CP154874.1_3159	SP	300
GCF_041740695.1|NZ_JBGSLK010000036.1_15	SP	737
GCF_041862005.1|NZ_JBGVSN010000001.1_246	SP	414
GCF_041862005.1|NZ_JBGVSN010000016.1_162	SP	436
GCF_041874725.1|NZ_CP097466.1_1305	SP	292
GCF_041888015.1|NZ_CP168968.1_2375	SP	329
GCF_041888755.1|NZ_CP168974.1_2175	SP	335
GCF_041890355.1|NZ_CP169059.1_4241	LIPO	306
GCF_041890355.1|NZ_CP169059.1_4518	LIPO	277
GCF_041890355.1|NZ_CP169059.1_5278	LIPO	316
GCF_041892135.1|NZ_CP169067.1_2104	SP	303
GCF_041905885.1|NZ_JAYRKD010000007.1_70	SP	288
GCF_041909095.1|NZ_JAYREB010000002.1_196	SP	319
GCF_041909475.1|NZ_JAYRDJ010000018.1_34	LIPO	334
GCF_041911615.1|NZ_JAYROR010000105.1_7	SP	338
GCF_041912895.1|NZ_JAYSGI010000002.1_610	SP	304
GCF_041914305.1|NZ_JAYSDQ010000003.1_308	SP	303
GCF_041914865.1|NZ_JAYSCO010000005.1_67	SP	294
GCF_041916735.1|NZ_JAYRYY010000005.1_138	SP	337
GCF_041919455.1|NZ_JAYRTQ010000004.1_176	LIPO	266
GCF_041938625.1|NZ_CP169427.1_3592	SP	418
GCF_041941685.1|NZ_CP130958.1_430	SP	591
GCF_041949975.1|NZ_JBHFQG010000001.1_9	SP	336
GCF_041951345.1|NZ_JBGNUR010000026.1_25	SP	294
GCF_042230915.1|NZ_CP102578.1_1724	LIPO	628
GCF_042231735.1|NZ_CP102577.1_776	LIPO	628
GCF_042237075.1|NZ_JBCGDC010000029.1_67	LIPO	309
GCF_042237075.1|NZ_JBCGDC010000090.1_23	SP	482
GCF_042258955.1|NZ_CP170156.1_7758	SP	308
GCF_042261735.1|NZ_JBHJRC010000036.1_20	SP	530
GCF_042262425.1|NZ_JBHJPX010000015.1_106	SP	436
GCF_042262625.1|NZ_JBHJQP010000005.1_20	SP	491
GCF_042262745.1|NZ_JBHJQQ010000016.1_61	SP	446
GCF_042263485.1|NZ_JBHLEX010000005.1_48	SP	307
GCF_042264145.1|NZ_JBHJVF010000001.1_1037	SP	492
GCF_042266885.1|NZ_JBHJWQ010000002.1_43	SP	506
GCF_042269845.1|NZ_JBHJYJ010000002.1_249	SP	498
GCF_042270185.1|NZ_JBHJYN010000002.1_685	SP	495
GCF_042270205.1|NZ_JBHJYU010000010.1_124	SP	500
GCF_042270245.1|NZ_JBHJYS010000004.1_324	SP	502
GCF_042408735.1|NZ_JBHOQV010000047.1_82	SP	345
GCF_042408735.1|NZ_JBHOQV010000142.1_34	SP	481
GCF_042428775.1|NZ_JBHMBS010000016.1_98	SP	453
GCF_042428775.1|NZ_JBHMBS010000019.1_2	SP	446
GCF_042428775.1|NZ_JBHMBS010000002.1_63	SP	403
GCF_042429665.1|NZ_JBHMAC010000013.1_190	SP	362
GCF_042430365.1|NZ_JBHMET010000087.1_31	SP	585
GCF_042430365.1|NZ_JBHMET010000232.1_14	SP	327
GCF_042430725.1|NZ_JBHMCY010000026.1_40	SP	328
GCF_042430785.1|NZ_JBHMCU010000004.1_91	SP	455
GCF_042431345.1|NZ_JBHMDI010000005.1_20	SP	431
GCF_042432165.1|NZ_JBHLXP010000001.1_1657	SP	336
GCF_042432755.1|NZ_JBHLWP010000010.1_155	SP	579
GCF_042432805.1|NZ_JBHLWO010000001.1_318	LIPO	323
GCF_042432805.1|NZ_JBHLWO010000002.1_1441	SP	286
GCF_042433955.1|NZ_JBHLUH010000089.1_55	SP	447
GCF_042433955.1|NZ_JBHLUH010000089.1_110	LIPO	296
GCF_042434095.1|NZ_JBHLUE010000016.1_416	SP	410
GCF_042434095.1|NZ_JBHLUE010000028.1_2	SP	353
GCF_042434745.1|NZ_JBHLSS010000039.1_41	SP	502
GCF_042434905.1|NZ_CP170199.1_2710	SP	392
GCF_042466515.1|NZ_CP136563.1_8902	SP	328
GCF_042466515.1|NZ_CP136563.1_9535	SP	340
GCF_042466665.1|NZ_CP162102.1_3471	SP	545
GCF_042466665.1|NZ_CP162102.1_5039	SP	477
GCF_042466685.1|NZ_CP170448.1_4120	SP	365
GCF_042510955.1|NZ_JBHFAB010000010.1_112	SP	614
GCF_042511045.1|NZ_JBHEZX010000002.1_30	SP	484
GCF_042511045.1|NZ_JBHEZX010000004.1_335	SP	442
GCF_042604635.1|NZ_CP170473.1_1304	SP	359
GCF_042643535.1|NZ_JBHRSQ010000009.1_53	SP	355
GCF_042646205.1|NZ_JBHRTF010000004.1_147	SP	349
GCF_042646605.1|NZ_JBHRUG010000037.1_107	SP	353
GCF_042647275.1|NZ_JBHRVJ010000001.1_2050	SP	362
GCF_042647645.1|NZ_JBHRVV010000001.1_3773	SP	585
GCF_042647865.1|NZ_JBHRWO010000004.1_650	SP	437
GCF_042647865.1|NZ_JBHRWO010000008.1_158	SP	441
GCF_042647865.1|NZ_JBHRWO010000008.1_183	SP	327
GCF_042647865.1|NZ_JBHRWO010000010.1_188	SP	440
GCF_042647865.1|NZ_JBHRWO010000010.1_190	SP	440
GCF_042647925.1|NZ_JBHRWK010000077.1_30	SP	285
GCF_042648585.1|NZ_JBHRXX010000001.1_149	SP	326
GCF_042649245.1|NZ_JBHRYT010000001.1_29	LIPO	259
GCF_042650085.1|NZ_JBHSAO010000008.1_172	SP	590
GCF_042650325.1|NZ_JBHSBB010000026.1_5	SP	471
GCF_042650365.1|NZ_JBHSBA010000007.1_58	LIPO	287
GCF_042650565.1|NZ_JBHSBH010000004.1_507	SP	334
GCF_042650585.1|NZ_JBHSBL010000006.1_499	LIPO	303
GCF_042650585.1|NZ_JBHSBL010000025.1_75	SP	438
GCF_042650585.1|NZ_JBHSBL010000028.1_483	SP	395
GCF_042650605.1|NZ_JBHSBN010000021.1_90	LIPO	314
GCF_042650605.1|NZ_JBHSBN010000073.1_1	SP	411
GCF_042650625.1|NZ_JBHSBM010000017.1_323	SP	425
GCF_042650625.1|NZ_JBHSBM010000023.1_142	SP	450
GCF_042650645.1|NZ_JBHSBI010000002.1_31	SP	426
GCF_042650685.1|NZ_JBHSBO010000011.1_31	SP	344
GCF_042650685.1|NZ_JBHSBO010000059.1_85	SP	398
GCF_042650825.1|NZ_JBHSBT010000009.1_11	SP	411
GCF_042651245.1|NZ_JBHSCJ010000004.1_113	SP	347
GCF_042651805.1|NZ_JBHSDU010000015.1_1265	SP	276
GCF_042652185.1|NZ_JBHSIX010000011.1_150	SP	485
GCF_042652605.1|NZ_JBHSJY010000001.1_8511	SP	752
GCF_042652605.1|NZ_JBHSJY010000001.1_8574	SP	399
GCF_042652645.1|NZ_JBHSGU010000002.1_923	SP	351
GCF_042652785.1|NZ_JBHSHD010000006.1_187	SP	342
GCF_042652925.1|NZ_JBHSHC010000096.1_43	SP	336
GCF_042653325.1|NZ_JBHSIB010000009.1_132	SP	578
GCF_042653545.1|NZ_JBHSIS010000026.1_27	SP	318
GCF_042653625.1|NZ_JBHSIU010000008.1_67	LIPO	299
GCF_042653625.1|NZ_JBHSIU010000014.1_56	SP	442
GCF_042653625.1|NZ_JBHSIU010000019.1_568	SP	407
GCF_042653785.1|NZ_JBHSEI010000005.1_76	LIPO	342
GCF_042653785.1|NZ_JBHSEI010000010.1_610	LIPO	612
GCF_042653885.1|NZ_JBHSFH010000005.1_465	SP	338
GCF_042653905.1|NZ_JBHSEH010000004.1_286	LIPO	345
GCF_042653925.1|NZ_JBHSFQ010000040.1_27	SP	334
GCF_042654005.1|NZ_JBHSFR010000004.1_230	SP	434
GCF_042654065.1|NZ_JBHSFP010000005.1_2	SP	472
GCF_042654065.1|NZ_JBHSFP010000012.1_137	SP	790
GCF_042654265.1|NZ_JBHSFZ010000015.1_2	SP	369
GCF_042654345.1|NZ_JBHSGB010000010.1_510	SP	327
GCF_042654885.1|NZ_JBHSFE010000005.1_120	SP	484
GCF_042654925.1|NZ_JBHSFG010000087.1_57	SP	328
GCF_042654985.1|NZ_JBHSMT010000029.1_17	SP	583
GCF_042655085.1|NZ_JBHSMU010000009.1_121	SP	579
GCF_042655385.1|NZ_JBHSMA010000001.1_972	LIPO	308
GCF_042655435.1|NZ_JBHSMG010000001.1_489	LIPO	305
GCF_042655665.1|NZ_JBHSMR010000008.1_109	SP	579
GCF_042655885.1|NZ_JBHSOA010000034.1_35	SP	513
GCF_042655885.1|NZ_JBHSOA010000035.1_86	SP	447
GCF_042655885.1|NZ_JBHSOA010000042.1_38	SP	349
GCF_042656125.1|NZ_JBHSOC010000049.1_11	SP	489
GCF_042656285.1|NZ_JBHSON010000043.1_81	SP	298
GCF_042656345.1|NZ_JBHSPC010000038.1_28	SP	349
GCF_042656345.1|NZ_JBHSPC010000164.1_43	SP	447
GCF_042656345.1|NZ_JBHSPC010000165.1_37	SP	511
GCF_042656795.1|NZ_JBHSMS010000023.1_39	SP	579
GCF_042657065.1|NZ_JBHSNF010000001.1_1594	LIPO	347
GCF_042657145.1|NZ_JBHSNY010000002.1_384	SP	447
GCF_042657145.1|NZ_JBHSNY010000009.1_328	SP	450
GCF_042657165.1|NZ_JBHSNJ010000012.1_380	LIPO	275
GCF_042657465.1|NZ_JBHSLC010000036.1_67	SP	378
GCF_042657845.1|NZ_JBHSKF010000001.1_460	SP	306
GCF_042657965.1|NZ_JBHSKM010000019.1_789	SP	328
GCF_042657965.1|NZ_JBHSKM010000024.1_378	SP	438
GCF_042658085.1|NZ_JBHSPR010000007.1_181	LIPO	350
GCF_042658085.1|NZ_JBHSPR010000018.1_221	LIPO	300
GCF_042658085.1|NZ_JBHSPR010000037.1_62	SP	398
GCF_042658085.1|NZ_JBHSPR010000037.1_199	LIPO	311
GCF_042658445.1|NZ_JBHSQO010000001.1_360	SP	390
GCF_042658445.1|NZ_JBHSQO010000011.1_181	SP	382
GCF_042658445.1|NZ_JBHSQO010000033.1_33	SP	434
GCF_042658505.1|NZ_JBHSQJ010000002.1_26	SP	488
GCF_042658605.1|NZ_JBHSQS010000002.1_211	SP	405
GCF_042658925.1|NZ_JBHSRF010000002.1_17	SP	418
GCF_042658925.1|NZ_JBHSRF010000002.1_147	SP	451
GCF_042658925.1|NZ_JBHSRF010000039.1_34	SP	311
GCF_042658925.1|NZ_JBHSRF010000093.1_8	SP	467
GCF_042659985.1|NZ_JBHSVE010000004.1_4626	SP	434
GCF_042660405.1|NZ_JBHSTX010000076.1_98	SP	579
GCF_042661045.1|NZ_JBHSVL010000002.1_513	SP	436
GCF_042661465.1|NZ_JBHSWE010000001.1_4247	SP	367
GCF_042661845.1|NZ_JBHSXE010000001.1_3886	SP	301
GCF_042662685.1|NZ_JBHSYO010000007.1_123	SP	329
GCF_042663325.1|NZ_JBHTAC010000045.1_54	SP	450
GCF_042663325.1|NZ_JBHTAC010000074.1_14	SP	559
GCF_042664765.1|NZ_JBHTBJ010000001.1_633	SP	401
GCF_042664765.1|NZ_JBHTBJ010000024.1_91	SP	464
GCF_042664765.1|NZ_JBHTBJ010000031.1_14	LIPO	294
GCF_042664895.1|NZ_JBHTBQ010000011.1_46	SP	362
GCF_042664915.1|NZ_JBHTBH010000002.1_304	SP	335
GCF_042665075.1|NZ_JBHTBR010000004.1_195	LIPO	335
GCF_042665135.1|NZ_JBHTBX010000002.1_358	SP	331
GCF_042665155.1|NZ_JBHTCG010000009.1_144	SP	779
GCF_042665155.1|NZ_JBHTCG010000034.1_8	SP	418
GCF_042665155.1|NZ_JBHTCG010000055.1_1	SP	321
GCF_042665155.1|NZ_JBHTCG010000074.1_1	SP	373
GCF_042665195.1|NZ_JBHTBW010000019.1_56	SP	333
GCF_042665235.1|NZ_JBHTBZ010000014.1_5	SP	311
GCF_042665355.1|NZ_JBHTCF010000025.1_20	SP	326
GCF_042665405.1|NZ_JBHTCK010000003.1_21	SP	441
GCF_042665875.1|NZ_JBHTEE010000001.1_2956	SP	424
GCF_042666295.1|NZ_JBHTFJ010000001.1_983	SP	309
GCF_042666395.1|NZ_JBHTDJ010000004.1_142	SP	409
GCF_042666505.1|NZ_JBHTDN010000012.1_72	LIPO	323
GCF_042666555.1|NZ_JBHTDH010000007.1_8	SP	342
GCF_042666575.1|NZ_JBHTDO010000014.1_122	LIPO	288
GCF_042666575.1|NZ_JBHTDO010000042.1_21	SP	449
GCF_042666615.1|NZ_JBHTDD010000004.1_225	SP	487
GCF_042666615.1|NZ_JBHTDD010000004.1_232	LIPO	340
GCF_042666615.1|NZ_JBHTDD010000026.1_41	SP	618
GCF_042666655.1|NZ_JBHTDE010000011.1_55	SP	365
GCF_042667685.1|NZ_JBHUZJ010000012.1_80	SP	477
GCF_042667685.1|NZ_JBHUZJ010000085.1_17	SP	344
GCF_042667905.1|NZ_JBHUYV010000007.1_39	SP	495
GCF_042668605.1|NZ_JBHUYR010000002.1_45	SP	322
GCF_042668605.1|NZ_JBHUYR010000004.1_331	SP	438
GCF_042668615.1|NZ_JBHUYK010000016.1_128	SP	290
GCF_042669125.1|NZ_JBHUXV010000307.1_1	SP	317
GCF_042669245.1|NZ_JBHUXS010000015.1_190	SP	421
GCF_042669755.1|NZ_JBHUWW010000010.1_78	SP	463
GCF_042669755.1|NZ_JBHUWW010000046.1_9	SP	335
GCF_042669755.1|NZ_JBHUWW010000234.1_7	SP	492
GCF_042670125.1|NZ_JBHUWH010000666.1_1	SP	577
GCF_042670805.1|NZ_JBHUVA010000009.1_100	SP	452
GCF_042670805.1|NZ_JBHUVA010000009.1_108	LIPO	336
GCF_042670805.1|NZ_JBHUVA010000017.1_11	SP	416
GCF_042670805.1|NZ_JBHUVA010000021.1_14	SP	431
GCF_042670805.1|NZ_JBHUVA010000042.1_29	SP	454
GCF_042670825.1|NZ_JBHUUW010000038.1_65	SP	509
GCF_042670845.1|NZ_JBHUUX010000039.1_20	SP	417
GCF_042670885.1|NZ_JBHUUV010000042.1_9	SP	488
GCF_042672005.1|NZ_JBHXVZ010000009.1_108	LIPO	287
GCF_042672265.1|NZ_JBHXVO010000006.1_245	LIPO	299
GCF_042672265.1|NZ_JBHXVO010000012.1_54	SP	285
GCF_042672475.1|NZ_JBHXUW010000003.1_15	SP	492
GCF_042672505.1|NZ_JBHXVE010000003.1_277	SP	418
GCF_042673745.1|NZ_JBHUSG010000026.1_19	SP	490
GCF_042674625.1|NZ_JBHTEB010000001.1_766	SP	437
GCF_042674625.1|NZ_JBHTEB010000001.1_2771	SP	324
GCF_042674645.1|NZ_JBHTEC010000001.1_7460	SP	482
GCF_042674645.1|NZ_JBHTEC010000008.1_596	SP	445
GCF_042674885.1|NZ_JBHTFB010000002.1_2551	LIPO	299
GCF_042674885.1|NZ_JBHTFB010000002.1_8446	SP	488
GCF_042675075.1|NZ_JBHTDL010000009.1_172	LIPO	301
GCF_042675405.1|NZ_JBHTGP010000013.1_842	LIPO	312
GCF_042675405.1|NZ_JBHTGP010000016.1_137	SP	718
GCF_042675405.1|NZ_JBHTGP010000017.1_117	SP	307
GCF_042675525.1|NZ_JBHTJA010000001.1_205	SP	479
GCF_042675525.1|NZ_JBHTJA010000076.1_12	SP	324
GCF_042676145.1|NZ_JBHTJW010000002.1_373	SP	307
GCF_042676245.1|NZ_JBHTKA010000007.1_446	LIPO	308
GCF_042676765.1|NZ_JBHTHU010000001.1_596	SP	299
GCF_042677005.1|NZ_JBHTIF010000001.1_90	SP	599
GCF_042677325.1|NZ_JBHXTM010000003.1_227	SP	490
GCF_042677425.1|NZ_JBHXTO010000031.1_57	SP	475
GCF_042677545.1|NZ_JBHXTE010000034.1_68	LIPO	350
GCF_042678205.1|NZ_JBHUDE010000130.1_17	SP	592
GCF_042678285.1|NZ_JBHUDX010000011.1_120	SP	495
GCF_042678885.1|NZ_JBHTLK010000001.1_51	SP	309
GCF_042678885.1|NZ_JBHTLK010000095.1_6	SP	437
GCF_042678885.1|NZ_JBHTLK010000336.1_5	SP	397
GCF_042679305.1|NZ_JBHTMP010000048.1_33	LIPO	288
GCF_042680645.1|NZ_JBHUEG010000019.1_87	SP	296
GCF_042681365.1|NZ_JBHUFU010000003.1_308	SP	402
GCF_042681425.1|NZ_JBHUFV010000083.1_77	SP	318
GCF_042682565.1|NZ_JBHUIC010000008.1_152	SP	517
GCF_042682565.1|NZ_JBHUIC010000011.1_128	SP	370
GCF_042682785.1|NZ_JBHUIB010000012.1_124	SP	317
GCF_042684305.1|NZ_JBHULE010000022.1_66	SP	392
GCF_042686155.1|NZ_JBHUON010000024.1_51	SP	294
GCF_042686265.1|NZ_JBHUPD010000001.1_987	SP	293
GCF_042686315.1|NZ_JBHUOY010000001.1_4337	LIPO	297
GCF_042691665.1|NZ_CP170504.1_7565	SP	307
GCF_042691675.1|NZ_CP170507.1_2404	SP	327
GCF_042691675.1|NZ_CP170507.1_4614	SP	431
GCF_042701255.1|NZ_CP170554.1_3560	SP	603
GCF_042714775.1|NZ_JBHXSO010000026.1_72	SP	332
GCF_042714835.1|NZ_JBHXSG010000017.1_69	SP	332
GCF_042714835.1|NZ_JBHXSG010000044.1_58	SP	444
GCF_042716895.1|NZ_JBHXRM010000027.1_33	SP	503
GCF_042717135.1|NZ_JBHXQO010000036.1_30	SP	499
GCF_042717365.1|NZ_JBHXNW010000007.1_56	LIPO	333
GCF_042717365.1|NZ_JBHXNW010000019.1_68	LIPO	304
GCF_042717365.1|NZ_JBHXNW010000092.1_9	SP	524
GCF_042718795.1|NZ_JBHXOX010000006.1_92	SP	440
GCF_042719275.1|NZ_JBHXNY010000048.1_34	SP	420
GCF_042720695.1|NZ_JBHXLU010000099.1_35	SP	331
GCF_042721125.1|NZ_JBHXME010000005.1_72	SP	442
GCF_042721395.1|NZ_JBHXLO010000002.1_200	SP	428
GCF_042721395.1|NZ_JBHXLO010000042.1_22	SP	407
GCF_042721515.1|NZ_JBHXLF010000001.1_27	SP	441
GCF_042721515.1|NZ_JBHXLF010000002.1_142	SP	407
GCF_042723275.1|NZ_JBHXJE010000015.1_11	SP	521
GCF_042723955.1|NZ_JBHXIC010000071.1_2	SP	494
GCF_042724095.1|NZ_JBHXFL010000001.1_283	LIPO	328
GCF_042724095.1|NZ_JBHXFL010000009.1_134	SP	498
GCF_042724175.1|NZ_JBHXFA010000006.1_40	SP	333
GCF_042724935.1|NZ_JBHXEG010000036.1_57	SP	510
GCF_042725135.1|NZ_JBHXDC010000008.1_205	SP	503
GCF_042725365.1|NZ_JBHXCW010000323.1_6	SP	405
GCF_042725365.1|NZ_JBHXCW010000350.1_2	SP	450
GCF_042726755.1|NZ_JBHXBG010000068.1_3	SP	438
GCF_042727395.1|NZ_JBHXAU010000011.1_229	SP	321
GCF_042727395.1|NZ_JBHXAU010000017.1_16	SP	327
GCF_042728155.1|NZ_JBHWZS010000191.1_16	SP	497
GCF_042728285.1|NZ_JBHWZH010000018.1_26	SP	507
GCF_042728395.1|NZ_JBHWZP010000031.1_33	SP	459
GCF_042728755.1|NZ_JBHXAQ010000002.1_712	SP	290
GCF_042728795.1|NZ_JBHWYX010000006.1_121	SP	492
GCF_042730435.1|NZ_JBHWLY010000001.1_105	SP	424
GCF_042730435.1|NZ_JBHWLY010000046.1_32	SP	355
GCF_042730865.1|NZ_JBHWKQ010000006.1_187	SP	501
GCF_042731035.1|NZ_JBHWKO010000012.1_78	SP	346
GCF_042731085.1|NZ_JBHWJZ010000001.1_61	SP	449
GCF_042731495.1|NZ_JBHWJL010000103.1_3	SP	441
GCF_042731755.1|NZ_JBHWLR010000003.1_93	SP	421
GCF_042732375.1|NZ_JBHWHV010000004.1_114	SP	428
GCF_042732695.1|NZ_JBHWIP010000179.1_1	SP	478
GCF_042733155.1|NZ_JBHWGP010000023.1_47	SP	321
GCF_042733155.1|NZ_JBHWGP010000039.1_35	SP	500
GCF_042733745.1|NZ_JBHWFG010000004.1_149	SP	447
GCF_042733745.1|NZ_JBHWFG010000010.1_32	SP	342
GCF_042733785.1|NZ_JBHWFF010000001.1_182	SP	498
GCF_042734215.1|NZ_JBHWEN010000028.1_35	SP	498
GCF_042734395.1|NZ_JBHWEB010000092.1_26	SP	311
GCF_042734395.1|NZ_JBHWEB010000109.1_26	SP	299
GCF_042734615.1|NZ_JBHWDS010000020.1_50	SP	494
GCF_042735675.1|NZ_JBHWBW010000302.1_7	SP	339
GCF_042735675.1|NZ_JBHWBW010000743.1_1	SP	620
GCF_042735715.1|NZ_JBHWCC010000022.1_31	SP	491
GCF_042736635.1|NZ_JBHWVO010000005.1_119	SP	441
GCF_042736635.1|NZ_JBHWVO010000008.1_152	SP	494
GCF_042736715.1|NZ_JBHWVV010000007.1_193	SP	506
GCF_042738015.1|NZ_JBHYGW010000005.1_274	SP	449
GCF_042738015.1|NZ_JBHYGW010000006.1_386	SP	412
GCF_042738955.1|NZ_JBHYHC010000046.1_12	SP	309
GCF_042738955.1|NZ_JBHYHC010000139.1_13	SP	450
GCF_042740175.1|NZ_JBHYJB010000041.1_51	SP	365
GCF_042740355.1|NZ_JBHYJA010000005.1_26	SP	442
GCF_042740355.1|NZ_JBHYJA010000036.1_60	SP	329
GCF_042740435.1|NZ_JBHYJI010000034.1_88	SP	340
GCF_042740435.1|NZ_JBHYJI010000056.1_2	LIPO	308
GCF_042740445.1|NZ_JBHYJH010000028.1_35	SP	357
GCF_042741245.1|NZ_JBHYKG010000240.1_1	LIPO	297
GCF_042741275.1|NZ_JBHYKH010000112.1_6	SP	496
GCF_042741275.1|NZ_JBHYKH010000281.1_12	SP	357
GCF_042743185.1|NZ_JBHYMS010000010.1_61	SP	305
GCF_042750105.1|NZ_JBHYVM010000036.1_76	SP	499
GCF_042751225.1|NZ_CP170570.1_868	SP	426
GCF_042751225.1|NZ_CP170570.1_7207	SP	437
GCF_042752395.1|NZ_JBHYXZ010000072.1_17	SP	403
GCF_042752395.1|NZ_JBHYXZ010000104.1_34	SP	439
GCF_042753865.1|NZ_JBHZAC010000003.1_554	SP	336
GCF_042753865.1|NZ_JBHZAC010000005.1_261	SP	442
GCF_042753865.1|NZ_JBHZAC010000010.1_120	LIPO	315
GCF_042754285.1|NZ_JBHZAN010000027.1_3	SP	486
GCF_042754585.1|NZ_JBHZBB010000001.1_366	SP	579
GCF_042756365.1|NZ_JBHZEJ010000078.1_17	SP	457
GCF_042788075.1|NZ_JBHZPJ010000046.1_2636	SP	421
GCF_042789485.1|NZ_JBHUBB010000007.1_161	SP	530
GCF_042790125.1|NZ_JBHTZS010000015.1_77	SP	500
GCF_042790435.1|NZ_JBHTZF010000005.1_142	SP	494
GCF_042792155.1|NZ_JBHTWX010000020.1_43	SP	350
GCF_042792155.1|NZ_JBHTWX010000046.1_52	SP	505
GCF_042793755.1|NZ_JBHTUR010000013.1_133	SP	326
GCF_042793755.1|NZ_JBHTUR010000015.1_24	SP	321
GCF_042795295.1|NZ_JBHTSF010000003.1_134	SP	509
GCF_042795335.1|NZ_JBHTRZ010000002.1_1034	SP	442
GCF_042795335.1|NZ_JBHTRZ010000012.1_248	SP	328
GCF_042796115.1|NZ_JBHTRF010000026.1_38	SP	494
GCF_042796855.1|NZ_JBHVMS010000001.1_492	SP	438
GCF_042796855.1|NZ_JBHVMS010000004.1_42	SP	330
GCF_042797905.1|NZ_JBHVKW010000027.1_29	SP	285
GCF_042798435.1|NZ_JBHVKG010000024.1_29	SP	420
GCF_042799335.1|NZ_JBHVJA010000001.1_544	SP	490
GCF_042799335.1|NZ_JBHVJA010000012.1_44	SP	338
GCF_042799415.1|NZ_JBHVIX010000002.1_195	SP	330
GCF_042799415.1|NZ_JBHVIX010000007.1_69	SP	330
GCF_042799575.1|NZ_JBHVIN010000002.1_193	SP	494
GCF_042800355.1|NZ_JBHVGZ010000027.1_38	SP	328
GCF_042800355.1|NZ_JBHVGZ010000062.1_5	SP	442
GCF_042800555.1|NZ_JBHVGV010000009.1_27	SP	529
GCF_042800575.1|NZ_JBHVGU010000002.1_284	SP	330
GCF_042801895.1|NZ_JBHVFF010000003.1_39	SP	490
GCF_042801945.1|NZ_JBHVFE010000101.1_2	SP	493
GCF_042802395.1|NZ_JBHVEG010000082.1_6	SP	415
GCF_042802855.1|NZ_JBHVDH010000005.1_126	SP	344
GCF_042803195.1|NZ_JBHVCT010000001.1_104	SP	496
GCF_042803315.1|NZ_JBHVCP010000018.1_120	SP	444
GCF_042850945.1|NZ_AP031496.1_268	SP	339
GCF_042852885.1|NZ_AP031424.1_1755	SP	286
GCF_042853465.1|NZ_AP031497.1_2506	SP	713
GCF_042853465.1|NZ_AP031497.1_3497	SP	328
GCF_042854845.1|NZ_AP031498.1_2813	SP	663
GCF_042865285.1|NZ_JBIACK010000001.1_391	SP	349
GCF_042868225.1|NZ_JBIAEC010000018.1_61	SP	421
GCF_042868655.1|NZ_JBIAEQ010000001.1_997	SP	449
GCF_042868655.1|NZ_JBIAEQ010000002.1_1075	SP	328
GCF_042869095.1|NZ_JBIAFD010000010.1_211	SP	331
GCF_042869935.1|NZ_JBIAGU010000011.1_52	SP	486
GCF_042870385.1|NZ_JBIAHG010000002.1_419	SP	441
GCF_042871115.1|NZ_JBIAID010000005.1_112	SP	321
GCF_042871185.1|NZ_JBIAIE010000017.1_136	SP	489
GCF_042871425.1|NZ_JBIAIL010000002.1_154	LIPO	298
GCF_042871425.1|NZ_JBIAIL010000023.1_100	SP	345
GCF_042871425.1|NZ_JBIAIL010000024.1_59	SP	405
GCF_042872345.1|NZ_JBIAKG010000009.1_265	SP	407
GCF_042872345.1|NZ_JBIAKG010000013.1_66	SP	380
GCF_042872425.1|NZ_JBIAKK010000002.1_587	SP	492
GCF_042872445.1|NZ_JBIAKL010000006.1_12	SP	420
GCF_042873115.1|NZ_JBIALD010000017.1_149	TAT	496
GCF_042873545.1|NZ_JBIALQ010000017.1_90	SP	487
GCF_042873595.1|NZ_JBIALO010000010.1_35	SP	491
GCF_042873595.1|NZ_JBIALO010000044.1_16	SP	357
GCF_042874075.1|NZ_JBIAML010000007.1_130	SP	339
GCF_042874215.1|NZ_JBIAMU010000008.1_299	LIPO	310
GCF_042874215.1|NZ_JBIAMU010000010.1_191	LIPO	350
GCF_042879855.1|NZ_JBHVZO010000013.1_176	SP	450
GCF_042880275.1|NZ_JBHVZA010000040.1_2	LIPO	305
GCF_042880295.1|NZ_JBHVYZ010000078.1_32	SP	432
GCF_042880855.1|NZ_JBHVYK010000067.1_37	SP	434
GCF_042881375.1|NZ_JBHVXW010000015.1_18	SP	327
GCF_042882185.1|NZ_JBHVWS010000010.1_131	SP	490
GCF_042882605.1|NZ_JBHVVP010000007.1_123	SP	515
GCF_042883525.1|NZ_JBHVVM010000005.1_270	SP	491
GCF_042883905.1|NZ_JBHVUV010000021.1_119	SP	538
GCF_042884855.1|NZ_JBHVTC010000006.1_78	SP	442
GCF_042884855.1|NZ_JBHVTC010000017.1_114	SP	491
GCF_042884935.1|NZ_JBHVSY010000008.1_160	SP	490
GCF_042885355.1|NZ_JBHVSA010000001.1_1428	SP	346
GCF_042885635.1|NZ_JBHVRR010000008.1_122	SP	336
GCF_042886395.1|NZ_JBHVQX010000007.1_54	SP	497
GCF_042887015.1|NZ_JBHVQB010000002.1_85	SP	824
GCF_042888135.1|NZ_JBIAPF010000027.1_8	SP	346
GCF_042888225.1|NZ_JBIAPL010000004.1_316	SP	445
GCF_042888465.1|NZ_JBIAPU010000011.1_54	SP	442
GCF_042888505.1|NZ_JBIAPW010000009.1_142	SP	484
GCF_042888685.1|NZ_JBIAQC010000002.1_43	SP	324
GCF_042888905.1|NZ_JBIAQI010000010.1_223	SP	450
GCF_042888905.1|NZ_JBIAQI010000027.1_61	SP	408
GCF_042889045.1|NZ_JBIAQL010000001.1_653	SP	426
GCF_042889545.1|NZ_JBIARB010000004.1_184	SP	332
GCF_042890065.1|NZ_JBIARQ010000020.1_94	SP	438
GCF_042890865.1|NZ_JBIASO010000013.1_23	SP	525
GCF_042891345.1|NZ_JBIASZ010000009.1_168	LIPO	345
GCF_042891915.1|NZ_JBIATP010000022.1_38	SP	344
GCF_042891955.1|NZ_JBIATQ010000004.1_355	SP	436
GCF_042892135.1|NZ_JBIATW010000010.1_154	SP	496
GCF_042893475.1|NZ_JBIAUY010000001.1_948	SP	329
GCF_042894505.1|NZ_JBIAVQ010000001.1_983	SP	322
GCF_042894505.1|NZ_JBIAVQ010000013.1_35	SP	439
GCF_042894545.1|NZ_JBIAVS010000014.1_277	SP	482
GCF_042894725.1|NZ_JBIAVX010000002.1_386	SP	439
GCF_042895385.1|NZ_JBIAWI010000001.1_1464	SP	329
GCF_042895385.1|NZ_JBIAWI010000013.1_240	SP	438
GCF_042895705.1|NZ_JBIAWL010000003.1_411	SP	434
GCF_042896045.1|NZ_JBIAWS010000019.1_137	SP	329
GCF_042896175.1|NZ_JBIAWZ010000009.1_130	SP	493
GCF_042898305.1|NZ_JBIAYW010000003.1_123	SP	404
GCF_042898305.1|NZ_JBIAYW010000005.1_425	SP	445
GCF_042898655.1|NZ_JBIAZA010000015.1_154	SP	340
GCF_042898655.1|NZ_JBIAZA010000017.1_103	SP	401
GCF_042898885.1|NZ_JBIAZG010000003.1_301	SP	420
GCF_042899365.1|NZ_JBIAZT010000002.1_301	SP	409
GCF_042899365.1|NZ_JBIAZT010000003.1_319	LIPO	333
GCF_042900345.1|NZ_JBIBBC010000008.1_54	SP	328
GCF_042901205.1|NZ_JBIBCP010000003.1_196	SP	455
GCF_042902585.1|NZ_JBIBEG010000002.1_612	SP	494
GCF_042955065.1|NZ_JBIBEN010000001.1_35	SP	452
GCF_042955065.1|NZ_JBIBEN010000010.1_160	SP	444
GCF_042956125.1|NZ_JBIBFR010000032.1_45	SP	345
GCF_042956945.1|NZ_JBIBHJ010000012.1_71	SP	509
GCF_042957035.1|NZ_JBIBHN010000012.1_58	SP	447
GCF_042957325.1|NZ_JBIBIA010000001.1_1159	SP	472
GCF_042957325.1|NZ_JBIBIA010000004.1_68	SP	329
GCF_042957325.1|NZ_JBIBIA010000005.1_414	SP	441
GCF_042958445.1|NZ_JBIBJD010000006.1_70	SP	432
GCF_042958445.1|NZ_JBIBJD010000009.1_41	SP	449
GCF_042958885.1|NZ_JBIBJV010000010.1_164	SP	449
GCF_042959065.1|NZ_JBIBKD010000001.1_314	SP	446
GCF_042959225.1|NZ_JBIBKM010000009.1_46	SP	322
GCF_042959325.1|NZ_JBIBKT010000005.1_343	SP	328
GCF_042959345.1|NZ_JBIBKS010000024.1_119	SP	323
GCF_043077765.1|NZ_JBIBST010000006.1_14	SP	499
GCF_043079345.1|NZ_JBIBUK010000016.1_20	SP	487
GCF_043079345.1|NZ_JBIBUK010000035.1_27	SP	436
GCF_043080095.1|NZ_JBIBVE010000015.1_148	SP	488
GCF_043080425.1|NZ_JBIBVN010000003.1_251	SP	338
GCF_043080665.1|NZ_JBIBVY010000011.1_114	SP	418
GCF_043080745.1|NZ_JBIBVX010000016.1_87	SP	437
GCF_043081205.1|NZ_JBIBWH010000016.1_29	SP	489
GCF_043081205.1|NZ_JBIBWH010000031.1_13	SP	435
GCF_043081745.1|NZ_JBIBWY010000012.1_242	SP	492
GCF_043083325.1|NZ_JBIBYN010000004.1_133	SP	497
GCF_043083385.1|NZ_JBIBYO010000004.1_248	SP	332
GCF_043099735.1|NZ_CP170991.1_302	LIPO	339
GCF_043194295.1|NZ_JBAFVK010000005.1_19	SP	362
GCF_043194675.1|NZ_JBAFVU010000009.1_64	SP	343
GCF_043194755.1|NZ_JBAFVV010000003.1_241	SP	389
GCF_043194795.1|NZ_JBAFVY010000010.1_101	SP	390
GCF_043195065.1|NZ_JBAFWM010000002.1_62	LIPO	372
GCF_043195125.1|NZ_JBAFWR010000013.1_18	SP	381
GCF_043195135.1|NZ_JBAFWP010000002.1_16	SP	384
GCF_043195415.1|NZ_JBIDDQ010000027.1_39	SP	459
GCF_043195415.1|NZ_JBIDDQ010000037.1_11	SP	328
GCF_043196505.1|NZ_JBEBMM010000001.1_605	SP	327
GCF_043196995.1|NZ_JBEBNA010000001.1_335	SP	327
GCF_043197025.1|NZ_JBICRM010000013.1_110	SP	432
GCF_043197025.1|NZ_JBICRM010000002.1_463	SP	395
GCF_043197045.1|NZ_JBICSL010000002.1_507	SP	462
GCF_043197045.1|NZ_JBICSL010000005.1_44	SP	410
GCF_043197345.1|NZ_JBICSY010000001.1_36	SP	459
GCF_043197345.1|NZ_JBICSY010000001.1_1065	SP	428
GCF_043197345.1|NZ_JBICSY010000002.1_1096	SP	292
GCF_043197365.1|NZ_JBICSZ010000006.1_104	SP	327
GCF_043197455.1|NZ_JBICTD010000005.1_715	SP	324
GCF_043197455.1|NZ_JBICTD010000016.1_153	SP	338
GCF_043197575.1|NZ_JBICTL010000001.1_1126	LIPO	300
GCF_043197575.1|NZ_JBICTL010000003.1_563	SP	443
GCF_043197575.1|NZ_JBICTL010000005.1_242	SP	416
GCF_043197715.1|NZ_JBICTO010000001.1_725	SP	512
GCF_043197715.1|NZ_JBICTO010000003.1_129	SP	502
GCF_043197795.1|NZ_JBICTU010000005.1_82	SP	453
GCF_043197855.1|NZ_JBICTV010000012.1_2	LIPO	339
GCF_043197855.1|NZ_JBICTV010000032.1_65	SP	433
GCF_043197855.1|NZ_JBICTV010000035.1_25	SP	406
GCF_043197855.1|NZ_JBICTV010000052.1_12	LIPO	315
GCF_043197875.1|NZ_JBICTZ010000002.1_81	LIPO	291
GCF_043197875.1|NZ_JBICTZ010000006.1_280	LIPO	341
GCF_043197875.1|NZ_JBICTZ010000010.1_199	SP	452
GCF_043197875.1|NZ_JBICTZ010000016.1_19	SP	412
GCF_043197935.1|NZ_JBICUB010000001.1_236	SP	451
GCF_043197935.1|NZ_JBICUB010000002.1_400	SP	345
GCF_043197935.1|NZ_JBICUB010000030.1_24	SP	401
GCF_043198015.1|NZ_JBICUD010000002.1_1165	SP	408
GCF_043198015.1|NZ_JBICUD010000006.1_551	SP	339
GCF_043198225.1|NZ_JBICUQ010000002.1_47	LIPO	302
GCF_043198225.1|NZ_JBICUQ010000003.1_527	SP	432
GCF_043198455.1|NZ_JBICUS010000011.1_116	SP	301
GCF_043198455.1|NZ_JBICUS010000017.1_125	SP	413
GCF_043198455.1|NZ_JBICUS010000021.1_73	LIPO	312
GCF_043198595.1|NZ_JBICUX010000004.1_360	SP	442
GCF_043198885.1|NZ_JBICVI010000001.1_698	SP	496
GCF_043199075.1|NZ_JBICVP010000012.1_155	SP	353
GCF_043199435.1|NZ_JBICVX010000006.1_187	SP	491
GCF_043199735.1|NZ_JBICWL010000012.1_41	SP	487
GCF_043199855.1|NZ_JBICWR010000001.1_275	SP	430
GCF_043199955.1|NZ_JBICWT010000001.1_509	SP	423
GCF_043200235.1|NZ_JBICXM010000007.1_265	SP	371
GCF_043200355.1|NZ_JBICXP010000006.1_333	SP	345
GCF_043200415.1|NZ_JBICXT010000005.1_419	SP	334
GCF_043201875.1|NZ_JBICZL010000025.1_48	SP	333
GCF_043202315.1|NZ_JBIDAD010000004.1_358	SP	494
GCF_043202415.1|NZ_JBIDAL010000021.1_90	SP	489
GCF_043202595.1|NZ_JBIDAT010000002.1_768	SP	323
GCF_043202775.1|NZ_JBIDBB010000005.1_109	SP	440
GCF_043202775.1|NZ_JBIDBB010000011.1_41	SP	438
GCF_043203755.1|NZ_JAZHRM010000001.1_2378	SP	491
GCF_043203805.1|NZ_JAZHRI010000002.1_2226	SP	495
GCF_043203805.1|NZ_JAZHRI010000002.1_3700	SP	451
GCF_043204415.1|NZ_JBIDCC010000018.1_95	SP	444
GCF_043204435.1|NZ_JBIDCF010000005.1_468	SP	515
GCF_043204915.1|NZ_JBIDDA010000001.1_746	LIPO	313
GCF_043204915.1|NZ_JBIDDA010000002.1_174	SP	403
GCF_043496855.1|NZ_JBIEIS010000021.1_37	SP	432
GCF_043496985.1|NZ_JBIEKH010000003.1_104	SP	349
GCF_043555835.1|NZ_JBIGHV010000009.1_268	SP	327
GCF_043555865.1|NZ_JBIGHY010000007.1_243	SP	320
GCF_043555875.1|NZ_JBIGHW010000010.1_135	SP	321
GCF_043555885.1|NZ_JBIGHX010000001.1_514	SP	327
GCF_043555935.1|NZ_JBIGIB010000003.1_507	SP	337
GCF_043555985.1|NZ_JBIGIC010000028.1_11	SP	326
GCF_043558675.1|NZ_JBIFXR010000005.1_203	SP	344
GCF_043575855.1|NZ_CP144375.1_8527	LIPO	266
GCF_043632865.1|NZ_CP171635.1_762	SP	432
GCF_043632865.1|NZ_CP171635.1_3283	SP	414
GCF_043641555.1|NZ_JBHZRJ010000003.1_457	SP	570
GCF_043642145.1|NZ_JBHZRZ010000001.1_616	SP	360
GCF_043642205.1|NZ_JBHZSG010000004.1_32	LIPO	365
GCF_043643685.1|NZ_JBHZSN010000006.1_1	SP	727
GCF_043643685.1|NZ_JBHZSN010000020.1_14	SP	318
GCF_043660855.1|NZ_JBIHML010000001.1_4863	SP	396
GCF_043673425.1|NZ_JBIMKE010000011.1_51	SP	328
GCF_043673995.1|NZ_JBIMEN010000013.1_11	SP	326
GCF_043726505.1|NZ_JAYSKH010000186.1_9	SP	373
GCF_043770645.1|NZ_JAYVHZ010000193.1_4	SP	313
GCF_043779715.1|NZ_JAYWDT010000241.1_11	SP	381
GCF_043950205.1|NZ_CP171642.1_6669	SP	518
GCF_043974665.1|NZ_CP146371.1_3124	SP	299
GCF_044005705.1|NZ_JBIPKE010000010.1_26	SP	742
GCF_044029435.1|NZ_CP147005.1_1901	SP	352
GCF_044224985.1|NZ_JBGAJJ010000001.1_716	SP	591
GCF_044227025.1|NZ_JBGAFX010000001.1_480	SP	341
GCF_044239695.1|NZ_JBIIAW010000053.1_24	LIPO	298
GCF_044326315.1|NZ_JBIRAW010000021.1_131	SP	296
GCF_044326315.1|NZ_JBIRAW010000062.1_4	SP	299
GCF_044326415.1|NZ_JBIRAZ010000002.1_587	SP	414
GCF_044326415.1|NZ_JBIRAZ010000006.1_201	LIPO	315
GCF_044326795.1|NZ_JBIQWH010000018.1_54	SP	518
GCF_044326795.1|NZ_JBIQWH010000008.1_20	SP	432
GCF_044327625.1|NZ_JBIRFT010000014.1_129	SP	344
GCF_044327655.1|NZ_JBIRFV010000007.1_2	LIPO	291
GCF_044327805.1|NZ_JBIRGD010000022.1_150	SP	358
GCF_044328065.1|NZ_JBIRGO010000032.1_29	SP	333
GCF_044328485.1|NZ_JBIRHK010000018.1_136	SP	437
GCF_044332585.1|NZ_JBIRPI010000007.1_96	SP	331
GCF_044332905.1|NZ_JBIRPW010000001.1_302	SP	488
GCF_044332905.1|NZ_JBIRPW010000007.1_130	SP	784
GCF_044332905.1|NZ_JBIRPW010000007.1_280	SP	500
GCF_044333135.1|NZ_JBIRQJ010000016.1_166	LIPO	310
GCF_044333225.1|NZ_JBIRQM010000003.1_120	SP	338
GCF_044333225.1|NZ_JBIRQM010000028.1_8	SP	482
GCF_044333285.1|NZ_JBIRQQ010000006.1_512	SP	480
GCF_044333485.1|NZ_JBIRRA010000001.1_674	SP	480
GCF_044333795.1|NZ_JBIRRR010000023.1_141	SP	463
GCF_044333935.1|NZ_JBIRRY010000004.1_14	SP	506
GCF_044334705.1|NZ_JBIRTN010000020.1_95	SP	327
GCF_044334895.1|NZ_JBIRTX010000004.1_507	SP	481
GCF_044336245.1|NZ_CP172346.1_1721	SP	339
GCF_044344315.1|NZ_JBIJDC010000042.1_1	SP	337
GCF_044357305.1|NZ_JBIKPS010000010.1_55	LIPO	315
GCF_044358365.1|NZ_JBIKNZ010000037.1_20	SP	305
GCF_044360475.1|NZ_CP043494.1_6627	SP	516
GCF_044360475.1|NZ_CP043494.1_8857	LIPO	348
GCF_044360685.1|NZ_CP043491.1_8180	LIPO	591
GCF_044360715.1|NZ_JBIKJY010000008.1_4	LIPO	316
GCF_044361065.1|NZ_JBIKJI010000123.1_5	LIPO	316
GCF_044372605.1|NZ_JBILRO010000218.1_7	SP	305
GCF_044377035.1|NZ_JBILJW010000010.1_99	LIPO	341
GCF_044377145.1|NZ_JBILJQ010000004.1_99	LIPO	338
GCF_044385685.1|NZ_JBISCE010000039.1_30	SP	497
GCF_044386705.1|NZ_JBIRVJ010000001.1_151	SP	496
GCF_044388125.1|NZ_JBIRWQ010000002.1_691	SP	449
GCF_044388125.1|NZ_JBIRWQ010000013.1_87	SP	450
GCF_044388685.1|NZ_JBIRXG010000021.1_36	SP	492
GCF_044389365.1|NZ_JBIRXX010000001.1_1337	SP	421
GCF_044391385.1|NZ_JBIRZZ010000013.1_110	SP	443
GCF_044391385.1|NZ_JBIRZZ010000015.1_153	SP	449
GCF_044391475.1|NZ_JBISAC010000003.1_314	SP	439
GCF_044391475.1|NZ_JBISAC010000007.1_347	SP	410
GCF_044391605.1|NZ_JBISAI010000009.1_192	SP	498
GCF_044391765.1|NZ_JBISAL010000013.1_40	SP	492
GCF_044452505.1|NZ_JBITBT010000034.1_67	SP	318
GCF_044452665.1|NZ_JBITBY010000015.1_183	SP	520
GCF_044452725.1|NZ_JBITBX010000004.1_4	LIPO	336
GCF_044452905.1|NZ_JBITCD010000002.1_805	SP	302
GCF_044453095.1|NZ_JBITCJ010000002.1_1042	SP	441
GCF_044453095.1|NZ_JBITCJ010000008.1_319	SP	745
GCF_044453095.1|NZ_JBITCJ010000008.1_416	SP	404
GCF_044453205.1|NZ_JBITCM010000002.1_592	SP	333
GCF_044453205.1|NZ_JBITCM010000005.1_313	SP	448
GCF_044453205.1|NZ_JBITCM010000037.1_27	SP	449
GCF_044453405.1|NZ_JBITCR010000002.1_926	SP	420
GCF_044453465.1|NZ_JBITCT010000016.1_88	SP	434
GCF_044453765.1|NZ_JBITDA010000022.1_103	SP	323
GCF_044454085.1|NZ_JBITDJ010000004.1_274	SP	499
GCF_044454195.1|NZ_JBITDM010000024.1_1	LIPO	310
GCF_044454505.1|NZ_JBITDU010000002.1_958	SP	459
GCF_044454505.1|NZ_JBITDU010000004.1_677	SP	428
GCF_044454505.1|NZ_JBITDU010000006.1_523	SP	401
GCF_044454505.1|NZ_JBITDU010000024.1_68	SP	444
GCF_044454545.1|NZ_JBITDV010000002.1_410	LIPO	305
GCF_044454585.1|NZ_JBITDX010000007.1_167	LIPO	288
GCF_044454585.1|NZ_JBITDX010000039.1_38	SP	440
GCF_044454685.1|NZ_JBITDW010000002.1_347	SP	400
GCF_044454685.1|NZ_JBITDW010000004.1_138	LIPO	304
GCF_044454685.1|NZ_JBITDW010000004.1_636	SP	452
GCF_044454705.1|NZ_JBITDZ010000003.1_207	SP	457
GCF_044455125.1|NZ_JBITEL010000002.1_93	SP	452
GCF_044455165.1|NZ_JBITEN010000002.1_223	SP	438
GCF_044455165.1|NZ_JBITEN010000028.1_62	SP	515
GCF_044455225.1|NZ_JBITEM010000029.1_56	SP	311
GCF_044455245.1|NZ_JBITEO010000006.1_6	SP	407
GCF_044455385.1|NZ_JBITET010000001.1_567	SP	445
GCF_044455385.1|NZ_JBITET010000011.1_193	SP	408
GCF_044455405.1|NZ_JBITES010000001.1_539	SP	442
GCF_044455405.1|NZ_JBITES010000026.1_36	SP	330
GCF_044455465.1|NZ_JBITEV010000002.1_543	SP	503
GCF_044455885.1|NZ_JBITFF010000002.1_390	LIPO	349
GCF_044456045.1|NZ_JBITFL010000001.1_676	SP	315
GCF_044456225.1|NZ_JBITFQ010000015.1_9	SP	466
GCF_044456945.1|NZ_JBITGI010000006.1_300	SP	495
GCF_044456985.1|NZ_JBITGL010000013.1_199	SP	433
GCF_044457285.1|NZ_JBITGT010000017.1_44	SP	321
GCF_044457425.1|NZ_JBITGX010000001.1_641	SP	447
GCF_044457745.1|NZ_JBITHF010000001.1_385	SP	489
GCF_044457745.1|NZ_JBITHF010000015.1_110	SP	357
GCF_044457925.1|NZ_JBITHK010000020.1_9	SP	336
GCF_044458665.1|NZ_JBITIE010000003.1_281	SP	494
GCF_044458745.1|NZ_JBITIG010000001.1_122	SP	496
GCF_044458745.1|NZ_JBITIG010000010.1_296	LIPO	305
GCF_044458865.1|NZ_JBITIH010000001.1_413	SP	486
GCF_044458865.1|NZ_JBITIH010000007.1_197	SP	345
GCF_044458865.1|NZ_JBITIH010000020.1_18	SP	445
GCF_044459385.1|NZ_JBITIY010000005.1_349	SP	450
GCF_044459425.1|NZ_JBITIX010000004.1_374	SP	447
GCF_044459545.1|NZ_JBITJA010000005.1_244	SP	406
GCF_044459745.1|NZ_JBITJH010000003.1_311	SP	403
GCF_044459745.1|NZ_JBITJH010000004.1_309	SP	432
GCF_044459745.1|NZ_JBITJH010000014.1_30	LIPO	345
GCF_044459745.1|NZ_JBITJH010000023.1_44	SP	318
GCF_044459745.1|NZ_JBITJH010000028.1_54	SP	363
GCF_044459885.1|NZ_JBITJI010000002.1_622	SP	321
GCF_044459885.1|NZ_JBITJI010000026.1_4	SP	327
GCF_044460025.1|NZ_JBITJM010000016.1_95	SP	350
GCF_044460245.1|NZ_JBITJS010000001.1_532	SP	497
GCF_044460355.1|NZ_JBITJU010000018.1_112	SP	492
GCF_044461365.1|NZ_JBITKV010000002.1_374	SP	285
GCF_044465085.1|NZ_JBITLI010000002.1_167	SP	336
GCF_044465265.1|NZ_JBITLP010000001.1_835	LIPO	336
GCF_044465265.1|NZ_JBITLP010000002.1_665	SP	322
GCF_044465285.1|NZ_JBITLN010000006.1_191	SP	434
GCF_044465295.1|NZ_JBITLM010000003.1_155	SP	444
GCF_044465625.1|NZ_JBITLX010000031.1_3	SP	442
GCF_044465645.1|NZ_JBITLW010000002.1_514	SP	450
GCF_044465645.1|NZ_JBITLW010000025.1_55	SP	319
GCF_044465725.1|NZ_JBITLY010000001.1_22	SP	329
GCF_044465905.1|NZ_JBITMD010000002.1_797	SP	424
GCF_044465905.1|NZ_JBITMD010000008.1_40	SP	420
GCF_044465905.1|NZ_JBITMD010000019.1_211	SP	425
GCF_044466355.1|NZ_JBITMQ010000001.1_412	SP	419
GCF_044466355.1|NZ_JBITMQ010000019.1_167	SP	316
GCF_044466625.1|NZ_JBITMV010000004.1_11	SP	406
GCF_044540485.1|NZ_JBITSF010000014.1_24	SP	331
GCF_044541755.1|NZ_JBITTH010000012.1_57	TAT	505
GCF_044541845.1|NZ_JBITTJ010000015.1_143	LIPO	306
GCF_044544445.1|NZ_JBITXD010000002.1_614	SP	490
GCF_044544445.1|NZ_JBITXD010000031.1_14	SP	338
GCF_044544685.1|NZ_JBITXL010000015.1_79	SP	325
GCF_044544865.1|NZ_JBITXT010000004.1_1	SP	403
GCF_044545925.1|NZ_JBITYN010000001.1_1237	SP	323
GCF_044545925.1|NZ_JBITYN010000004.1_236	SP	452
GCF_044546845.1|NZ_JBITZL010000003.1_39	SP	424
GCF_044547285.1|NZ_JBIUAF010000002.1_170	LIPO	300
GCF_044547285.1|NZ_JBIUAF010000003.1_614	SP	318
GCF_044547285.1|NZ_JBIUAF010000005.1_379	LIPO	291
GCF_044547285.1|NZ_JBIUAF010000009.1_31	SP	313
GCF_044547795.1|NZ_JBIUBB010000001.1_862	SP	439
GCF_044547795.1|NZ_JBIUBB010000003.1_891	SP	312
GCF_044547795.1|NZ_JBIUBB010000006.1_332	SP	321
GCF_044547985.1|NZ_JBIUBJ010000006.1_60	SP	444
GCF_044548015.1|NZ_JBIUBL010000001.1_353	SP	436
GCF_044548235.1|NZ_JBIUBT010000003.1_172	SP	492
GCF_044548345.1|NZ_JBIUBU010000001.1_500	SP	512
GCF_044548465.1|NZ_JBIUBW010000008.1_221	SP	328
GCF_044548625.1|NZ_JBIUCH010000023.1_1	SP	454
GCF_044548625.1|NZ_JBIUCH010000028.1_45	SP	455
GCF_044593395.1|NZ_JBIUBE010000002.1_121	SP	414
GCF_044598075.1|NZ_CP139004.1_2704	SP	304
GCF_044741685.1|NZ_JBIUTB010000012.1_90	SP	404
GCF_044741685.1|NZ_JBIUTB010000012.1_178	SP	743
GCF_044741705.1|NZ_JBIUTD010000005.1_15	SP	508
GCF_044741965.1|NZ_JBIUTQ010000026.1_64	SP	412
GCF_044742785.1|NZ_JBIUVD010000003.1_570	SP	435
GCF_044743325.1|NZ_JBIUWG010000022.1_54	SP	446
GCF_044744425.1|NZ_JBIUYI010000010.1_2	LIPO	308
GCF_044745245.1|NZ_JBIUZW010000001.1_412	SP	376
GCF_044745865.1|NZ_JBIVBC010000011.1_65	SP	323
GCF_044745865.1|NZ_JBIVBC010000014.1_61	LIPO	339
GCF_044746205.1|NZ_JBIVBS010000023.1_28	SP	443
GCF_044746965.1|NZ_JBIVCZ010000012.1_118	SP	421
GCF_044747265.1|NZ_JBIVDS010000017.1_238	SP	439
GCF_044747365.1|NZ_JBIVDY010000013.1_75	SP	507
GCF_044748125.1|NZ_JBIVFL010000007.1_296	SP	345
GCF_044748965.1|NZ_JBIVHB010000027.1_11	SP	358
GCF_044749345.1|NZ_JBIVHU010000010.1_318	SP	328
GCF_044750905.1|NZ_JBIVKT010000003.1_348	SP	510
GCF_044753345.1|NZ_JBIVNB010000016.1_46	SP	507
GCF_044753545.1|NZ_JBIVNL010000005.1_346	SP	442
GCF_044753645.1|NZ_JBIVNO010000001.1_1197	SP	329
GCF_044753645.1|NZ_JBIVNO010000007.1_280	SP	339
GCF_044754585.1|NZ_JBIVPJ010000009.1_178	SP	488
GCF_044754805.1|NZ_JBIVPU010000015.1_84	SP	504
GCF_044755265.1|NZ_JBIVQO010000002.1_880	SP	448
GCF_044755465.1|NZ_JBIVRB010000003.1_71	SP	580
GCF_044755465.1|NZ_JBIVRB010000021.1_53	SP	453
GCF_044755745.1|NZ_JBIVRQ010000001.1_244	SP	450
GCF_044755745.1|NZ_JBIVRQ010000003.1_108	SP	406
GCF_044755745.1|NZ_JBIVRQ010000011.1_45	SP	339
GCF_044756065.1|NZ_JBIVSD010000017.1_79	SP	499
GCF_044757465.1|NZ_JBIVVA010000001.1_323	SP	439
GCF_044757485.1|NZ_JBIVVC010000007.1_31	SP	504
GCF_044757555.1|NZ_JBIVVF010000005.1_46	SP	330
GCF_044757595.1|NZ_JBIVVE010000001.1_1009	SP	511
GCF_044759735.1|NZ_JBIVZV010000011.1_112	SP	424
GCF_044759945.1|NZ_JBIWAI010000011.1_39	SP	400
GCF_044759945.1|NZ_JBIWAI010000014.1_47	SP	739
GCF_044759995.1|NZ_JBIWAK010000011.1_182	SP	329
GCF_044762655.1|NZ_JBIWER010000003.1_396	SP	592
GCF_044763205.1|NZ_JBIWFT010000043.1_52	SP	493
GCF_044763225.1|NZ_JBIWFX010000002.1_770	SP	526
GCF_044763255.1|NZ_JBIWFV010000003.1_405	SP	506
GCF_044763345.1|NZ_JBIWGA010000011.1_259	SP	434
GCF_044763345.1|NZ_JBIWGA010000018.1_160	SP	331
GCF_044763415.1|NZ_JBIWGG010000015.1_158	SP	499
GCF_044764505.1|NZ_JBIWIF010000003.1_342	SP	508
GCF_044764825.1|NZ_JBIWIV010000007.1_20	SP	447
GCF_044764825.1|NZ_JBIWIV010000011.1_60	SP	450
GCF_044764885.1|NZ_JBIWIY010000001.1_196	SP	441
GCF_044764885.1|NZ_JBIWIY010000003.1_44	SP	332
GCF_044764885.1|NZ_JBIWIY010000004.1_293	SP	449
GCF_044764945.1|NZ_JBIWJD010000002.1_875	SP	322
GCF_044764985.1|NZ_JBIWJF010000007.1_225	SP	497
GCF_044765245.1|NZ_JBIWJO010000002.1_277	SP	444
GCF_044765245.1|NZ_JBIWJO010000003.1_141	SP	420
GCF_044765425.1|NZ_JBIWKB010000001.1_45	SP	491
GCF_044765445.1|NZ_JBIWKA010000003.1_516	SP	323
GCF_044765485.1|NZ_JBIWKD010000001.1_307	SP	494
GCF_044765725.1|NZ_JBIWKP010000001.1_521	SP	331
GCF_044765725.1|NZ_JBIWKP010000002.1_110	SP	443
GCF_044765765.1|NZ_JBIWKR010000003.1_601	SP	497
GCF_044765765.1|NZ_JBIWKR010000007.1_38	SP	346
GCF_044765885.1|NZ_JBIWKX010000011.1_183	SP	285
GCF_044766845.1|NZ_JBIWMV010000003.1_644	SP	442
GCF_044767545.1|NZ_JBIWOD010000022.1_42	SP	345
GCF_044767585.1|NZ_JBIWOE010000023.1_19	SP	489
GCF_044768185.1|NZ_JBIWPI010000001.1_1320	SP	444
GCF_044768185.1|NZ_JBIWPI010000003.1_86	SP	401
GCF_044768185.1|NZ_JBIWPI010000003.1_177	SP	735
GCF_044768205.1|NZ_JBIWPJ010000003.1_246	SP	496
GCF_044768255.1|NZ_JBIWPL010000005.1_372	SP	505
GCF_044768335.1|NZ_JBIWPP010000009.1_62	SP	323
GCF_044769285.1|NZ_JBIVXR010000006.1_439	SP	339
GCF_044791665.1|NZ_CP085265.1_3272	SP	357
GCF_044792175.1|NZ_CP172866.1_6437	SP	334
GCF_044793955.1|NZ_CP084995.1_3912	SP	423
GCF_044797855.1|NZ_CP085210.1_2582	SP	364
GCF_044805175.1|NZ_CP085232.1_3078	SP	359
GCF_044809155.1|NZ_CP085241.1_3150	SP	360
GCF_044810985.1|NZ_CP085242.1_1731	LIPO	341
GCF_044881185.1|NZ_CP173254.1_3439	SP	300
GCF_044901685.1|NZ_JBJDPS010000001.1_640	SP	349
GCF_044901685.1|NZ_JBJDPS010000002.1_559	SP	451
GCF_044901685.1|NZ_JBJDPS010000004.1_172	SP	486
GCF_044901715.1|NZ_JBJCIU010000003.1_130	SP	494
GCF_044903205.1|NZ_JBJDPY010000003.1_89	SP	351
GCF_044903205.1|NZ_JBJDPY010000021.1_2	LIPO	292
GCF_044903305.1|NZ_JBJDQL010000038.1_29	SP	435
GCF_044903565.1|NZ_JBJDQT010000021.1_74	SP	332
GCF_044904565.1|NZ_JADIKD010000012.1_1186	SP	342
GCF_044904605.1|NZ_JADIKI010000023.1_1269	SP	343
GCF_044904665.1|NZ_JADIKM010000002.1_27	LIPO	347
GCF_044962685.1|NZ_JBBKTX010000013.1_96	LIPO	371
GCF_044987405.1|NZ_JBJDRK010000001.1_80	SP	417
GCF_045016065.1|NZ_CP051166.1_132	SP	578
GCF_045016065.1|NZ_CP051166.1_5348	SP	292
GCF_045039535.1|NZ_CP108659.1_3852	SP	336
GCF_045039765.1|NZ_CP108613.1_2353	SP	494
GCF_045040105.1|NZ_CP109551.1_702	SP	444
GCF_045040125.1|NZ_CP109549.1_3878	SP	449
GCF_045040125.1|NZ_CP109549.1_4750	SP	411
GCF_045040155.1|NZ_CP109532.1_4886	SP	432
GCF_045040275.1|NZ_CP109426.1_7874	SP	308
GCF_045040285.1|NZ_CP109425.1_8377	SP	338
GCF_045040375.1|NZ_CP109404.1_2110	SP	494
GCF_045040445.1|NZ_CP109392.1_8444	SP	424
GCF_045040525.1|NZ_CP109390.1_2124	SP	457
GCF_045040525.1|NZ_CP109390.1_4267	SP	527
GCF_045040525.1|NZ_CP109390.1_6548	SP	458
GCF_045041065.1|NZ_CP108293.1_5445	SP	322
GCF_045041165.1|NZ_CP108256.1_418	SP	338
GCF_045041205.1|NZ_CP108247.1_2783	SP	556
GCF_045055285.1|NZ_CP159328.1_4692	SP	392
GCF_045055655.1|NZ_JBANFI010000002.1_103	LIPO	335
GCF_045112255.1|NZ_JBGUHR010000074.1_11	SP	498
GCF_045131395.1|NZ_JBGUQY010000024.1_170	SP	493
GCF_045160215.1|NZ_CP108316.1_5908	SP	327
GCF_045160215.1|NZ_CP108316.1_8662	SP	439
GCF_045160855.1|NZ_CP108183.1_1177	SP	812
GCF_045161545.1|NZ_CP109046.1_6564	SP	434
GCF_045161745.1|NZ_CP108981.1_1637	SP	418
GCF_045161915.1|NZ_CP108806.1_7040	SP	528
GCF_045162475.1|NZ_CP108734.1_5556	SP	490
GCF_045162475.1|NZ_CP108734.1_6888	SP	338
GCF_045162565.1|NZ_CP108733.1_8881	SP	415
GCF_045162645.1|NZ_CP108730.1_1763	SP	441
GCF_045162655.1|NZ_CP108728.1_8945	SP	454
GCF_045162675.1|NZ_CP108723.1_652	SP	483
GCF_045162725.1|NZ_CP108700.1_7161	LIPO	333
GCF_045162755.1|NZ_CP108688.1_4970	SP	414
GCF_045162765.1|NZ_CP108687.1_5056	SP	492
GCF_045206305.1|NZ_CP108130.1_6093	SP	491
GCF_045207235.1|NZ_CP109041.1_1719	SP	492
GCF_045207435.1|NZ_CP108800.1_2093	SP	493
GCF_045207895.1|NZ_CP108775.1_337	SP	408
GCF_045208535.1|NZ_CP109330.1_5582	SP	490
GCF_045209435.1|NZ_CP109297.1_2078	SP	490
GCF_045209635.1|NZ_CP109293.1_1262	SP	442
GCF_045209745.1|NZ_CP109273.1_527	SP	416
GCF_045209745.1|NZ_CP109273.1_5832	SP	451
GCF_045290345.1|NZ_CP155447.1_5054	SP	305
GCF_045291515.1|NZ_CP149447.1_1764	SP	512
GCF_045291515.1|NZ_CP149447.1_2044	SP	349
GCF_045343915.1|NZ_CP174280.1_1812	LIPO	308
GCF_045348655.1|NZ_CP160404.1_6154	SP	495
GCF_045446735.1|NZ_JBJJBV010000427.1_1	SP	412
GCF_045446735.1|NZ_JBJJBV010000062.1_3	SP	316
GCF_045519255.1|NZ_CP169548.1_2762	SP	332
GCF_045571415.1|NZ_CP120691.1_7825	SP	344
GCF_045571495.1|NZ_CP120703.1_6841	SP	306
GCF_045601785.1|NZ_JAZSAF010000003.1_19	SP	503
GCF_045689605.1|NZ_CP141262.1_3271	SP	282
GCF_045781775.1|NZ_CP123230.1_2767	SP	337
GCF_045782725.1|NZ_CP127172.1_4492	SP	330
GCF_045800645.1|NZ_JBJLZX010000001.1_4556	SP	329
GCF_045800665.1|NZ_JBJLZY010000001.1_367	SP	490
GCF_045802625.1|NZ_JBJMQP010000166.1_7	LIPO	315
GCF_045802675.1|NZ_JBJMQO010000133.1_1	LIPO	767
GCF_045807065.1|NZ_JBJMIE010000038.1_13	SP	429
GCF_045807065.1|NZ_JBJMIE010000131.1_4	SP	447
GCF_045822005.1|NZ_CP169550.1_7696	SP	505
GCF_045866025.2|NZ_AP035881.2_1546	SP	491
GCF_045866565.1|NZ_BAAFZV010000002.1_71	SP	339
GCF_045984285.3|NZ_JBJQIK030000004.1_269	SP	348
GCF_045999315.1|NZ_CP174607.1_2121	SP	326
GCF_046026895.1|NZ_JAQQEU010000002.1_101	SP	513
GCF_046027075.1|NZ_JARESU010000039.1_30	SP	367
GCF_046098215.1|NZ_JBJURH010000001.1_521	SP	352
GCF_046103685.1|NZ_CP122310.1_753	SP	509
GCF_046153165.1|NZ_JBJXEN010000011.1_9	SP	321
GCF_046267975.1|NZ_CP176503.1_5685	SP	330
GCF_046267985.1|NZ_CP176530.1_389	SP	288
GCF_046267985.1|NZ_CP176530.1_1836	SP	304
GCF_046293095.1|NZ_JBKBPN010000007.1_70	LIPO	320
GCF_046293535.1|NZ_JBKBOV010000006.1_28	SP	579
GCF_046293535.1|NZ_JBKBOV010000038.1_44	SP	292
GCF_046295075.1|NZ_JBKBOC010000014.1_47	SP	306
GCF_046295235.1|NZ_JBKBLV010000009.1_12	SP	289
GCF_046297615.1|NZ_JBKBHM010000006.1_197	SP	314
GCF_046299695.1|NZ_JBKBHP010000001.1_188	SP	338
GCF_046349115.1|NZ_JAXMCX010000001.1_207	SP	352
GCF_046463815.1|NZ_JBKBRO010000024.1_11	LIPO	311
GCF_046506645.1|NZ_JBKFFO010000002.1_367	SP	490
GCF_046507805.1|NZ_JBKFTK010000003.1_537	SP	639
GCF_046535245.1|NZ_JAWRXB010000037.1_19	LIPO	389
GCF_046548775.1|NZ_JAEBEI010000003.1_152	SP	453
GCF_046548775.1|NZ_JAEBEI010000016.1_113	SP	766
GCF_046548775.1|NZ_JAEBEI010000016.1_160	SP	405
GCF_046548795.1|NZ_JAEBEH010000010.1_178	SP	451
GCF_046548795.1|NZ_JAEBEH010000041.1_14	SP	405
GCF_046548795.1|NZ_JAEBEH010000043.1_40	SP	430
GCF_046548895.1|NZ_JAEBEJ010000002.1_856	SP	286
GCF_046548975.1|NZ_JAJPWT010000002.1_183	SP	442
GCF_046548975.1|NZ_JAJPWT010000006.1_79	SP	396
GCF_046548975.1|NZ_JAJPWT010000006.1_144	SP	741
GCF_046548995.1|NZ_JAJPWR010000004.1_170	SP	446
GCF_046548995.1|NZ_JAJPWR010000020.1_84	SP	396
GCF_046548995.1|NZ_JAJPWR010000020.1_149	SP	746
GCF_046549055.1|NZ_JAJPWS010000009.1_192	SP	410
GCF_046549135.1|NZ_JAJPWN010000001.1_217	SP	451
GCF_046549135.1|NZ_JAJPWN010000021.1_80	SP	402
GCF_046549135.1|NZ_JAJPWN010000021.1_129	SP	770
GCF_046549215.1|NZ_JAJPWE010000005.1_248	SP	289
GCF_046549295.1|NZ_JAJPWB010000002.1_241	LIPO	300
GCF_046549295.1|NZ_JAJPWB010000004.1_262	SP	403
GCF_046604225.1|NZ_JBKIXC010000006.1_11	SP	305
GCF_046714715.1|NZ_JBKKAD010000166.1_72	LIPO	311
GCF_046718965.1|NZ_JAUJLW010000104.1_34	SP	489
GCF_046723295.1|NZ_JAXQPR010000006.1_333	SP	345
GCF_046736075.1|NZ_CP177163.1_2	SP	335
GCF_046766015.1|NZ_JBKOUF010000001.1_69	SP	307
GCF_046844695.1|NZ_CP177354.1_64	SP	375
GCF_046895345.1|NZ_CP160096.1_778	LIPO	333
GCF_047049295.1|NZ_JBJWOT010000001.1_178	SP	489
GCF_047121295.1|NZ_CP139447.1_2706	SP	394
GCF_047121295.1|NZ_CP139447.1_2754	LIPO	308
GCF_047130825.1|NZ_CP083237.1_2789	SP	335
GCF_047130825.1|NZ_CP083237.1_7663	LIPO	310
GCF_047159385.1|NZ_AP038333.1_717	SP	640
GCF_047159485.1|NZ_AP038773.1_1380	SP	326
GCF_047159485.1|NZ_AP038773.1_3558	SP	343
GCF_047159485.1|NZ_AP038773.1_3631	SP	425
GCF_047159535.1|NZ_BAAGAJ010000002.1_2522	SP	324
GCF_047159595.1|NZ_BAAGAK010000001.1_5289	SP	325
GCF_047200535.1|NZ_JBJZOG010000011.1_94	SP	345
GCF_047200535.1|NZ_JBJZOG010000028.1_46	SP	440
GCF_047200535.1|NZ_JBJZOG010000047.1_13	SP	409
GCF_047200655.1|NZ_JBJZOJ010000025.1_90	SP	495
GCF_047200695.1|NZ_JBJZOM010000007.1_16	SP	528
GCF_047229345.1|NZ_JBFTER010000018.1_12	SP	455
GCF_047238345.1|NZ_JBDFMQ010000001.1_304	SP	576
GCF_047250385.1|NZ_JBLBVM010000055.1_249	LIPO	349
GCF_047263945.1|NZ_JBLAVB010000005.1_161	LIPO	362
GCF_047289955.1|NZ_JBLBUB010000023.1_43	SP	366
GCF_047300815.1|NZ_CP178608.1_2727	SP	370
GCF_047302815.1|NZ_JBKBFD010000001.1_3693	SP	292
GCF_047305915.1|NZ_CP178622.1_2165	SP	335
GCF_047306065.1|NZ_CP178618.1_3217	SP	339
GCF_047314965.1|NZ_JBLBVK010000015.1_14	SP	339
GCF_047323225.1|NZ_CP178750.1_1360	SP	306
GCF_047323225.1|NZ_CP178750.1_2511	SP	348
GCF_047340315.1|NZ_JBLEBI010000026.1_41	SP	489
GCF_047344985.1|NZ_CP178861.1_1222	SP	302
GCF_047344985.1|NZ_CP178861.1_2354	SP	329
GCF_047345505.1|NZ_JBLFEO010000034.1_13	LIPO	310
GCF_047444035.1|NZ_JBLAOA010000001.1_525	SP	382
GCF_047445655.1|NZ_JAJAEG010000005.1_158	SP	621
GCF_047445655.1|NZ_JAJAEG010000006.1_244	SP	407
GCF_047556435.1|NZ_CP180210.1_1436	SP	360
GCF_047556435.1|NZ_CP180210.1_3574	SP	636
GCF_047600445.1|NZ_JASGKT010000001.1_35	SP	317
GCF_047600905.1|NZ_JASGKD010000001.1_3405	SP	366
GCF_047605465.1|NZ_JASGFS010000015.1_85	SP	306
GCF_047608665.1|NZ_JADNQO010000017.1_121	SP	406
GCF_047633235.1|NZ_JBLIET010000084.1_7	SP	380
GCF_047636915.1|NZ_JBLIGN010000027.1_4	SP	380
GCF_047654805.1|NZ_JASGIV010000001.1_4148	SP	321
GCF_047730175.1|NZ_CP159833.1_2146	SP	380
GCF_047778045.1|NZ_CP180545.1_3305	SP	363
GCF_047778085.1|NZ_CP180550.1_3200	SP	364
GCF_047778125.1|NZ_CP180556.1_3096	SP	367
GCF_047782825.1|NZ_CP180589.1_758	SP	335
GCF_047795635.1|NZ_CP181044.1_3957	SP	356
GCF_047921475.1|NZ_JBLROB010000003.1_60	SP	433
GCF_047921505.1|NZ_JBLROA010000004.1_142	SP	404
GCF_047921505.1|NZ_JBLROA010000026.1_66	SP	345
GCF_047922965.1|NZ_CP150481.1_2437	SP	329
GCF_047922965.1|NZ_CP150481.1_3391	SP	638
GCF_047946665.1|NZ_CP172312.1_2613	SP	564
GCF_047946815.1|NZ_JBKKQY010000001.1_4153	SP	332
GCF_047972865.1|NZ_JBKEAY010000109.1_25	SP	354
GCF_047975355.1|NZ_JBKEDJ010000008.1_13	SP	684
GCF_047975355.1|NZ_JBKEDJ010000008.1_21	SP	309
GCF_048060415.1|NZ_JBHMIS010000006.1_103	SP	415
GCF_048081605.1|NZ_CP182288.1_3722	SP	427
GCF_048146105.1|NZ_JBKJAD010000006.1_15	SP	316
GCF_048159485.1|NZ_JBLRVY010000006.1_30	SP	333
GCF_048159485.1|NZ_JBLRVY010000012.1_7	SP	435
GCF_048159505.1|NZ_JBLRVZ010000013.1_195	SP	328
GCF_048159505.1|NZ_JBLRVZ010000057.1_105	SP	434
GCF_048265165.1|NZ_JBLXCD010000002.1_548	LIPO	345
GCF_048266785.1|NZ_JBLWYX010000002.1_136	SP	573
GCF_048267425.1|NZ_JBLWXN010000017.1_35	SP	341
GCF_048268085.1|NZ_JBLWWF010000002.1_145	SP	329
GCF_048282545.1|NZ_CP182485.1_1926	SP	342
GCF_048288285.1|NZ_CP102608.1_185	SP	329
GCF_048302415.1|NZ_CP157616.1_3537	SP	278
GCF_048320135.1|NZ_CP182947.1_638	SP	419
GCF_048323715.1|NZ_JBLWFL010000014.1_6	SP	681
GCF_048323715.1|NZ_JBLWFL010000025.1_6	SP	321
GCF_048565275.1|NZ_CP159846.1_5183	LIPO	323
GCF_048565275.1|NZ_CP159846.1_6746	LIPO	323
GCF_048572725.1|NZ_CP183837.1_535	SP	322
GCF_048585405.1|NZ_CP183921.1_3227	SP	330
GCF_048585405.1|NZ_CP183921.1_7597	TAT	330
GCF_048585405.1|NZ_CP183921.1_7919	SP	330
GCF_048590325.1|NZ_JBMBRA010000002.1_797	SP	337
GCF_048595525.1|NZ_JAFMZJ010000001.1_3916	SP	350
GCF_048606415.1|NZ_JBMBWF010000004.1_116	SP	420
GCF_048606455.1|NZ_JBMBWE010000003.1_122	SP	409
GCF_048656465.1|NZ_JBMDLF010000002.1_534	SP	321
GCF_048799745.1|NZ_JBLWFR010000001.1_502	SP	414
GCF_048957715.1|NZ_JARVXN010000040.1_8	SP	417
GCF_048987005.1|NZ_CP185261.1_1399	SP	378
GCF_049117195.1|NZ_CP185260.1_1261	SP	335
GCF_049166755.1|NZ_JBMHFZ010000031.1_4	SP	350
GCF_049179015.1|NZ_JBMHMI010000001.1_362	SP	344
GCF_049179015.1|NZ_JBMHMI010000001.1_1691	LIPO	319
GCF_049179015.1|NZ_JBMHMI010000001.1_2276	SP	413
GCF_049179015.1|NZ_JBMHMI010000001.1_5779	SP	450
GCF_049179075.1|NZ_JBMHMF010000001.1_1913	SP	461
GCF_049179095.1|NZ_JBMHME010000002.1_1942	SP	406
GCF_049179095.1|NZ_JBMHME010000002.1_2394	LIPO	316
GCF_049179095.1|NZ_JBMHME010000002.1_4563	SP	450
GCF_049179095.1|NZ_JBMHME010000002.1_6030	LIPO	297
GCF_049179135.1|NZ_JBMHMC010000007.1_3168	LIPO	348
GCF_049179135.1|NZ_JBMHMC010000007.1_3903	SP	458
GCF_049179135.1|NZ_JBMHMC010000007.1_5210	SP	403
GCF_049200395.1|NZ_CP185860.1_1131	SP	682
GCF_049239045.1|NZ_JBMKKZ010000001.1_8403	SP	434
GCF_049239225.1|NZ_JBMKLA010000001.1_540	SP	444
GCF_049278535.1|NZ_JBAPMI010000309.1_3	LIPO	276
GCF_049280035.1|NZ_JBAPPI010000141.1_2	LIPO	292
GCF_049280035.1|NZ_JBAPPI010000155.1_3	LIPO	284
GCF_049281135.1|NZ_JBAPRN010000619.1_7	LIPO	297
GCF_049309825.1|NZ_JBMHXW010000004.1_335	SP	502
GCF_049310345.1|NZ_JBMOWY010000026.1_25	SP	337
GCF_049315195.1|NZ_CP186055.1_2337	SP	452
GCF_049315195.1|NZ_CP186055.1_4421	LIPO	315
GCF_049315195.1|NZ_CP186055.1_4918	SP	406
GCF_049315225.1|NZ_CP186059.1_1635	SP	450
GCF_049315225.1|NZ_CP186059.1_2409	SP	344
GCF_049315225.1|NZ_CP186059.1_4280	SP	413
GCF_049316285.1|NZ_JBMOXA010000006.1_10	SP	343
GCF_049319705.1|NZ_JBMOUF010000007.1_171	SP	332
GCF_049319705.1|NZ_JBMOUF010000009.1_137	SP	388
GCF_049339405.1|NZ_JBMPPK010000031.1_14	SP	579
GCF_049339865.1|NZ_JBMPPJ010000035.1_21	SP	579
GCF_049339885.1|NZ_JBMPPM010000003.1_23	SP	585
GCF_049340385.1|NZ_JBMPOZ010000011.1_74	SP	579
GCF_049340405.1|NZ_JBMPOV010000007.1_27	SP	579
GCF_049445795.1|NZ_JBMSDT010000006.1_291	LIPO	322
GCF_049445995.1|NZ_JBMSDZ010000011.1_96	LIPO	347
GCF_049532885.1|NZ_CP064029.1_1229	SP	345
GCF_049532895.1|NZ_CP064031.1_2913	SP	342
GCF_049532895.1|NZ_CP064031.1_4326	SP	340
GCF_049532905.1|NZ_CP064032.1_557	SP	340
GCF_049532905.1|NZ_CP064032.1_3787	SP	344
GCF_049532965.1|NZ_CP186694.1_2877	SP	408
GCF_049542075.1|NZ_JBMUZT010000002.1_1675	LIPO	306
GCF_049585075.1|NZ_JBAUZA010000425.1_9	SP	258
GCF_049585075.1|NZ_JBAUZA010000468.1_4	LIPO	282
GCF_049587115.1|NZ_JBAVDI010000122.1_11	LIPO	314
GCF_049587675.1|NZ_JBAVEJ010000258.1_8	SP	330
GCF_049590335.1|NZ_JBAWCQ010000135.1_5	SP	363
GCF_049593775.1|NZ_JBAWHJ010000244.1_6	LIPO	350
GCF_049629545.1|NZ_JBNADX010000001.1_232	SP	447
GCF_049629545.1|NZ_JBNADX010000010.1_129	SP	407
GCF_049629545.1|NZ_JBNADX010000020.1_81	SP	345
GCF_049647105.1|NZ_JBARWZ010000015.1_5	SP	318
GCF_049647105.1|NZ_JBARWZ010000217.1_21	SP	419
GCF_049651805.1|NZ_JBASCU010000024.1_49	LIPO	297
GCF_049673265.1|NZ_JBATXN010000270.1_11	LIPO	282
GCF_049674955.1|NZ_CP187232.1_2848	SP	433
GCF_049674955.1|NZ_CP187232.1_3115	SP	411
GCF_049739565.1|NZ_JBMGQD010000001.1_4609	SP	323
GCF_049739565.1|NZ_JBMGQD010000001.1_6559	SP	426
GCF_049790275.1|NZ_JBAQYR010000106.1_11	SP	317
GCF_049800915.1|NZ_JBNAFY010000001.1_98	SP	349
GCF_049800975.1|NZ_JBNAGB010000009.1_79	SP	329
GCF_049802695.1|NZ_JBARMY010000280.1_6	LIPO	314
GCF_049808615.1|NZ_JBNCAN010000001.1_183	SP	514
GCF_049808615.1|NZ_JBNCAN010000015.1_47	SP	359
GCF_049840635.1|NZ_JASGKL010000004.1_187	LIPO	304
GCF_049841535.1|NZ_JBNCKM010000001.1_358	SP	400
GCF_049841535.1|NZ_JBNCKM010000002.1_44	LIPO	297
GCF_049841535.1|NZ_JBNCKM010000003.1_164	SP	438
GCF_049841575.1|NZ_JBNCKP010000006.1_6	SP	450
GCF_049841575.1|NZ_JBNCKP010000022.1_13	SP	406
GCF_049841795.1|NZ_JBNCKZ010000019.1_12	SP	417
GCF_049841815.1|NZ_JBNCLB010000003.1_17	SP	435
GCF_049841815.1|NZ_JBNCLB010000007.1_33	SP	449
GCF_049844475.1|NZ_JBNCLC010000003.1_336	SP	404
GCF_049846985.1|NZ_JBNCNM010000008.1_217	SP	423
GCF_049846985.1|NZ_JBNCNM010000018.1_132	SP	495
GCF_049895905.1|NZ_JAFCTH010000028.1_17	SP	486
GCF_049896085.1|NZ_JAFCTP010000001.1_10	SP	308
GCF_049896225.1|NZ_JAFCTW010000010.1_75	SP	412
GCF_049896725.1|NZ_JAFCUW010000006.1_80	LIPO	579
GCF_049897645.1|NZ_JAFCWR010000001.1_232	SP	308
GCF_049897805.1|NZ_JAFCWX010000011.1_142	SP	581
GCF_049898325.1|NZ_JAFCXL010000006.1_87	SP	579
GCF_049913095.1|NZ_CP183971.1_594	SP	498
GCF_049913115.1|NZ_CP183974.1_1339	SP	498
GCF_049913125.1|NZ_CP183975.1_2400	SP	340
GCF_049913175.1|NZ_CP183978.1_7430	SP	498
GCF_049913185.1|NZ_CP183981.1_2273	SP	335
GCF_049913345.1|NZ_CP184377.1_1095	SP	374
GCF_049949105.1|NZ_CP188184.1_724	SP	513
GCF_049949205.1|NZ_CP188172.1_3046	SP	389
GCF_049949275.1|NZ_CP188196.1_7477	SP	306
GCF_049974585.1|NZ_JBNGGG010000002.1_143	SP	438
GCF_049974585.1|NZ_JBNGGG010000012.1_37	SP	452
GCF_049991885.1|NZ_CP178916.1_1957	SP	334
GCF_049993385.1|NZ_CP188255.1_7973	SP	302
GCF_049995355.1|NZ_CP188259.1_4598	LIPO	345
GCF_049995355.1|NZ_CP188259.1_8114	SP	427
GCF_049995355.1|NZ_CP188259.1_10178	SP	410
GCF_049999945.1|NZ_JBLYUB010000001.1_288	SP	443
GCF_049999945.1|NZ_JBLYUB010000009.1_141	SP	338
GCF_050026795.1|NZ_JALBWP010000011.1_530	SP	327
GCF_050026815.1|NZ_JALBWO010000056.1_248	SP	346
GCF_050038885.1|NZ_CP143624.1_2931	LIPO	647
GCF_050107595.1|NZ_JBNILH010000003.1_331	SP	593
GCF_050182545.1|NZ_JBFXCD010000005.1_35	LIPO	315
GCF_050205645.1|NZ_JBNMQT010000015.1_19	LIPO	306
GCF_050269715.1|NZ_JBNNIW010000004.1_132	SP	348
GCF_050299255.1|NZ_JBNKVP010000072.1_13	SP	321
GCF_050303215.1|NZ_JBNLBH010000078.1_11	LIPO	435
GCF_050303215.1|NZ_JBNLBH010000078.1_12	TATLIPO	457
GCF_050325825.1|NZ_JBNQTI010000057.1_10	SP	509
GCF_050336885.1|NZ_JAKJSH010000004.1_569	SP	374
GCF_050336885.1|NZ_JAKJSH010000005.1_512	SP	326
GCF_050368945.1|NZ_CP185959.1_2297	SP	327
GCF_050410835.1|NZ_CP191268.1_71	SP	331
GCF_050410835.1|NZ_CP191268.1_4904	SP	326
GCF_050434805.1|NZ_JBNDJE010000001.1_114	SP	498
GCF_050434905.1|NZ_JBNDJJ010000001.1_3324	SP	340
GCF_050434925.1|NZ_JBNDJK010000001.1_4055	SP	305
GCF_050435725.1|NZ_JBNDKU010000001.1_313	SP	335
GCF_050470685.1|NZ_JBFLUK010000011.1_1364	SP	489
GCF_050471125.1|NZ_JBMPPQ010000003.1_633	SP	352
GCF_050483325.1|NZ_JBCMYF010000040.1_22	SP	641
GCF_050496545.1|NZ_JBNVZV010000020.1_65	SP	419
GCF_050500345.1|NZ_CP142842.1_1331	SP	359
GCF_050507135.1|NZ_CP191483.1_2289	SP	342
GCF_050507655.1|NZ_CP191496.1_3618	SP	572
GCF_050586525.1|NZ_JBOBRE010000006.1_140	SP	578
GCF_050586525.1|NZ_JBOBRE010000014.1_109	SP	295
GCF_050591105.1|NZ_JBNHES010000010.1_69	SP	318
GCF_050613155.1|NZ_CP192512.1_3047	LIPO	331
GCF_050632145.1|NZ_CP192577.1_541	SP	424
GCF_050632215.1|NZ_CP192587.1_2463	LIPO	277
GCF_050632215.1|NZ_CP192587.1_5544	SP	286
GCF_050632235.1|NZ_CP192584.1_1367	SP	427
GCF_050632245.1|NZ_CP192583.1_2375	SP	361
GCF_050698815.1|NZ_JBOHCV010000258.1_4	SP	332
GCF_050699375.1|NZ_JBOHDN010000126.1_46	SP	423
GCF_050699915.1|NZ_JBOHGA010000177.1_11	SP	321
GCF_050699935.1|NZ_JBOHGB010000151.1_6	SP	322
GCF_050699995.1|NZ_JBOHGC010000332.1_4	SP	385
GCF_050737575.1|NZ_JBOHXW010000008.1_1	SP	335
GCF_050749075.1|NZ_CP192749.1_771	SP	454
GCF_050749075.1|NZ_CP192749.1_3145	SP	527
GCF_050749805.1|NZ_CP192738.1_4223	SP	409
GCF_050749815.1|NZ_CP192735.1_1824	LIPO	347
GCF_050780145.1|NZ_CP192240.1_2433	SP	443
GCF_050849305.1|NZ_JBOZPS010000004.1_31	SP	329
GCF_050859025.1|NZ_CP138200.1_5127	SP	666
GCF_050859475.1|NZ_CP193936.1_4835	SP	287
GCF_050908845.1|NZ_CP194171.1_1366	SP	358
GCF_050916385.1|NZ_CP139038.1_838	SP	369
GCF_050936175.1|NZ_JBNJNH010000001.1_605	SP	403
GCF_050936175.1|NZ_JBNJNH010000001.1_1436	LIPO	345
GCF_050936175.1|NZ_JBNJNH010000001.1_3812	SP	456
GCF_050936175.1|NZ_JBNJNH010000001.1_6332	SP	427
GCF_050936215.1|NZ_JBNJNF010000001.1_3020	SP	416
GCF_050936215.1|NZ_JBNJNF010000001.1_4802	SP	791
GCF_050936215.1|NZ_JBNJNF010000001.1_4890	SP	457
GCF_050936255.1|NZ_JBNJND010000001.1_71	SP	406
GCF_050936255.1|NZ_JBNJND010000001.1_1912	SP	344
GCF_050936255.1|NZ_JBNJND010000002.1_2470	LIPO	300
GCF_050936315.1|NZ_JBNJNA010000002.1_1040	LIPO	266
GCF_050936375.1|NZ_JBNJMX010000029.1_29	SP	437
GCF_050936375.1|NZ_JBNJMX010000006.1_94	SP	401
GCF_050936555.1|NZ_JBNJMM010000002.1_2412	SP	817
GCF_050936595.1|NZ_JBNJMK010000001.1_11	SP	436
GCF_050936595.1|NZ_JBNJMK010000001.1_2220	SP	427
GCF_050936625.1|NZ_JBNJMJ010000001.1_50	LIPO	297
GCF_050936625.1|NZ_JBNJMJ010000001.1_908	SP	441
GCF_050936625.1|NZ_JBNJMJ010000001.1_3288	SP	329
GCF_050936705.1|NZ_JBNJMI010000002.1_3118	SP	331
GCF_050936785.1|NZ_JBNJMG010000001.1_995	SP	439
GCF_050937045.1|NZ_JBNJLZ010000001.1_1058	SP	439
GCF_050941805.1|NZ_CP194567.1_2638	SP	444
GCF_050942165.1|NZ_CP194566.1_4215	SP	308
GCF_050942175.1|NZ_CP192061.1_4947	LIPO	315
GCF_050942175.1|NZ_CP192061.1_6245	SP	293
GCF_050942185.1|NZ_CP192015.1_5738	SP	447
GCF_050942185.1|NZ_CP192015.1_6430	SP	347
GCF_050942185.1|NZ_CP192015.1_7068	SP	427
GCF_050942185.1|NZ_CP192015.1_8818	SP	413
GCF_050942195.1|NZ_CP192076.1_4419	SP	448
GCF_050942195.1|NZ_CP192076.1_6345	SP	392
GCF_050942215.1|NZ_CP192056.1_691	SP	773
GCF_050942215.1|NZ_CP192056.1_3228	SP	458
GCF_050942215.1|NZ_CP192056.1_4726	SP	438
GCF_050942255.1|NZ_CP192059.1_5313	SP	318
GCF_050942325.1|NZ_CP192077.1_3954	SP	287
GCF_050942325.1|NZ_CP192077.1_6202	SP	335
GCF_050942325.1|NZ_CP192077.1_7028	LIPO	309
GCF_050942385.1|NZ_CP192068.1_5069	SP	443
GCF_050942425.1|NZ_CP192063.1_8963	SP	423
GCF_050942455.1|NZ_CP192031.1_2795	SP	444
GCF_050942455.1|NZ_CP192031.1_4693	SP	409
GCF_050942475.1|NZ_CP192032.1_6112	SP	337
GCF_050942475.1|NZ_CP192032.1_6763	SP	427
GCF_050942475.1|NZ_CP192032.1_8576	SP	412
GCF_050942905.1|NZ_CP192040.1_1992	SP	450
GCF_050942905.1|NZ_CP192040.1_2822	SP	344
GCF_050942905.1|NZ_CP192040.1_4250	LIPO	342
GCF_050942905.1|NZ_CP192040.1_4848	SP	413
GCF_050942935.1|NZ_CP192030.1_7233	SP	411
GCF_050942935.1|NZ_CP192030.1_7425	LIPO	345
GCF_050942935.1|NZ_CP192030.1_7624	SP	417
GCF_050944675.1|NZ_CP191982.1_1656	SP	445
GCF_050944675.1|NZ_CP191982.1_4608	SP	429
GCF_050944675.1|NZ_CP191982.1_8609	SP	429
GCF_050944745.1|NZ_CP191984.1_2200	SP	425
GCF_050944745.1|NZ_CP191984.1_5996	SP	291
GCF_050946365.1|NZ_CP191992.1_4739	SP	300
GCF_050947355.1|NZ_CP192008.1_879	SP	490
GCF_050947365.1|NZ_CP192001.1_999	SP	452
GCF_050947365.1|NZ_CP192001.1_3578	SP	787
GCF_050947365.1|NZ_CP192001.1_4443	SP	462
GCF_050947935.1|NZ_CP192010.1_4173	LIPO	345
GCF_050947935.1|NZ_CP192010.1_6110	SP	431
GCF_050947935.1|NZ_CP192010.1_6443	SP	457
GCF_050947935.1|NZ_CP192010.1_7882	SP	410
GCF_050948395.1|NZ_CP192019.1_857	LIPO	303
GCF_050948395.1|NZ_CP192019.1_2637	SP	444
GCF_050948395.1|NZ_CP192019.1_4981	SP	406
GCF_050948465.1|NZ_CP192044.1_4707	LIPO	316
GCF_050948465.1|NZ_CP192044.1_6525	SP	428
GCF_050948465.1|NZ_CP192044.1_9128	SP	412
GCF_050948505.1|NZ_CP192014.1_890	LIPO	297
GCF_050948505.1|NZ_CP192014.1_2684	SP	344
GCF_050948505.1|NZ_CP192014.1_4837	SP	408
GCF_050950185.1|NZ_CP192020.1_2622	SP	344
GCF_050950185.1|NZ_CP192020.1_4594	SP	413
GCF_050951115.1|NZ_CP192038.1_4924	SP	452
GCF_050951115.1|NZ_CP192038.1_6177	SP	387
GCF_050955855.1|NZ_CP192087.1_1026	SP	318
GCF_050955855.1|NZ_CP192087.1_3171	SP	311
GCF_050955995.1|NZ_CP192091.1_4126	LIPO	313
GCF_050956125.1|NZ_CP191846.1_888	SP	433
GCF_050956125.1|NZ_CP191846.1_4315	SP	464
GCF_050956125.1|NZ_CP191846.1_5272	LIPO	291
GCF_050956125.1|NZ_CP191846.1_7692	LIPO	303
GCF_050956485.1|NZ_CP191204.1_3130	LIPO	315
GCF_050956485.1|NZ_CP191204.1_5720	SP	351
GCF_050971785.1|NZ_JBPCCU010000003.1_15	SP	406
GCF_050990745.1|NZ_CP158847.1_806	SP	342
GCF_051011775.1|NZ_JBPCHX010000001.1_213	SP	383
GCF_051016555.1|NZ_JBPEJF010000003.1_425	SP	356
GCF_051027545.1|NZ_CP194902.1_807	SP	356
GCF_051061285.1|NZ_JBPFEA010000024.1_166	SP	354
GCF_051062815.1|NZ_JBPFDU010000021.1_10	SP	354
GCF_051094245.1|NZ_CP194934.1_2543	SP	443
GCF_051094245.1|NZ_CP194934.1_4320	SP	411
GCF_051122705.1|NZ_CP182305.1_959	SP	449
GCF_051124815.1|NZ_CP118487.1_550	SP	355
GCF_051129845.1|NZ_CP150453.1_677	SP	370
GCF_051132485.1|NZ_CP148049.1_3310	LIPO	346
GCF_051172975.1|NZ_JBPJFT010000001.1_817	SP	444
GCF_051192615.1|NZ_JBPJUQ010000007.1_184	SP	443
GCF_051192615.1|NZ_JBPJUQ010000040.1_18	SP	408
GCF_051195215.1|NZ_JBNAZM010000005.1_141	SP	408
GCF_051201665.1|NZ_CP179210.1_3094	SP	317
GCF_051207375.1|NZ_JBPJZD010000001.1_52	TAT	332
GCF_051207395.1|NZ_JBPJZC010000003.1_944	TAT	327
GCF_051208015.1|NZ_JBPKGF010000003.1_57	TAT	325
GCF_051216375.1|NZ_JBPJZT010000006.1_309	SP	425
GCF_051216905.1|NZ_JBPKAR010000006.1_103	SP	355
GCF_051217035.1|NZ_JBPKJP010000003.1_81	SP	609
GCF_051233485.1|NZ_JBKFGF010000038.1_3	LIPO	380
GCF_051233485.1|NZ_JBKFGF010000040.1_29	SP	405
GCF_051262535.1|NZ_JBIMES010000009.1_146	SP	579
GCF_051306395.1|NZ_JBPPND010000182.1_5	SP	348
GCF_051364635.1|NZ_CP195645.1_3933	SP	382
GCF_051380535.1|NZ_CP195646.1_3467	SP	394
GCF_051380535.1|NZ_CP195646.1_4511	SP	449
GCF_051380665.1|NZ_JBNYXM010000001.1_224	SP	375
GCF_051380665.1|NZ_JBNYXM010000002.1_278	SP	329
GCF_051380665.1|NZ_JBNYXM010000005.1_146	SP	294
GCF_051380715.1|NZ_JBNYXO010000001.1_470	SP	294
GCF_051380715.1|NZ_JBNYXO010000025.1_17	SP	332
GCF_051380715.1|NZ_JBNYXO010000006.1_108	SP	376
GCF_051380725.1|NZ_JBNYXP010000001.1_124	SP	294
GCF_051380725.1|NZ_JBNYXP010000005.1_177	SP	340
GCF_051380725.1|NZ_JBNYXP010000006.1_228	SP	376
GCF_051380735.1|NZ_JBNYXQ010000013.1_12	SP	293
GCF_051380735.1|NZ_JBNYXQ010000008.1_174	SP	368
GCF_051380775.1|NZ_JBNYXS010000010.1_3	SP	376
GCF_051380775.1|NZ_JBNYXS010000003.1_236	SP	332
GCF_051380795.1|NZ_JBNYXT010000018.1_14	SP	372
GCF_051380795.1|NZ_JBNYXT010000002.1_258	SP	291
GCF_051380795.1|NZ_JBNYXT010000046.1_11	SP	332
GCF_051380875.1|NZ_JBNYXW010000003.1_147	SP	372
GCF_051380875.1|NZ_JBNYXW010000004.1_164	SP	338
GCF_051380895.1|NZ_JBNYXY010000011.1_75	SP	376
GCF_051380895.1|NZ_JBNYXY010000012.1_237	SP	294
GCF_051380895.1|NZ_JBNYXY010000002.1_281	SP	332
GCF_051380935.1|NZ_JBNYXZ010000003.1_183	SP	375
GCF_051380935.1|NZ_JBNYXZ010000011.1_62	SP	332
GCF_051380935.1|NZ_JBNYXZ010000012.1_196	SP	294
GCF_051386375.1|NZ_JBPQTO010000007.1_16	SP	436
GCF_051386375.1|NZ_JBPQTO010000011.1_1548	SP	319
GCF_051386435.1|NZ_JBPQTR010000005.1_2230	SP	399
GCF_051386515.1|NZ_JBPQTV010000515.1_2	SP	406
GCF_051390675.1|NZ_JBPJSR010000004.1_57	SP	408
GCF_051390675.1|NZ_JBPJSR010000008.1_79	SP	444
GCF_051400855.1|NZ_JBLFFN010000006.1_215	SP	430
GCF_051473855.1|NZ_CP150335.1_2794	SP	440
GCF_051473855.1|NZ_CP150335.1_5201	LIPO	328
GCF_051487185.1|NZ_JAHVDK010000020.1_113	SP	306
GCF_051521405.1|NZ_CP150349.1_4630	SP	428
GCF_051521495.1|NZ_CP150355.1_4410	SP	422
GCF_051550175.1|NZ_CP196175.1_7063	SP	493
GCF_051645465.1|NZ_JBOFBI010000133.1_21	SP	289
GCF_051659245.1|NZ_JBOFOC010000113.1_24	SP	582
GCF_051710265.1|NZ_JASVEN010000004.1_32	SP	306
GCF_051756985.1|NZ_JBPKJK010000153.1_14	SP	448
GCF_051783885.1|NZ_JBPVZD010000003.1_702	SP	493
GCF_051853005.1|NZ_CP182469.1_7400	SP	306
GCF_051853195.1|NZ_CP196667.1_6324	SP	446
GCF_051853195.1|NZ_CP196667.1_9058	SP	413
GCF_051857475.1|NZ_JBPZGZ010000002.1_1570	SP	325
GCF_051857515.1|NZ_JBPZHA010000001.1_215	SP	305
GCF_051857535.1|NZ_JBPZGY010000007.1_50	SP	349
GCF_051857595.1|NZ_JBPZHD010000002.1_179	SP	322
GCF_051861805.1|NZ_CP146520.1_980	SP	538
GCF_051900415.1|NZ_JBHZGL010000013.1_90	SP	342
GCF_051900535.1|NZ_JBHZGI010000001.1_632	SP	341
GCF_051903925.1|NZ_CP173678.1_77	SP	314
GCF_051903925.1|NZ_CP173678.1_3503	SP	316
GCF_051904805.1|NZ_CP196737.1_3193	SP	374
GCF_051940335.1|NZ_CP196933.1_3049	SP	335
GCF_051953575.1|NZ_JBQCIP010000061.1_18	SP	429
GCF_051954495.1|NZ_JBQCHR010000128.1_18	SP	356
GCF_051955275.1|NZ_JBQCGW010000273.1_46	LIPO	311
GCF_051958935.1|NZ_JBQCFP010000197.1_78	SP	340
GCF_051961495.1|NZ_JBQCDF010000207.1_13	SP	302
GCF_051962185.1|NZ_JBQCCN010000072.1_4	SP	301
GCF_051962475.1|NZ_JBQCCF010000005.1_25	LIPO	347
GCF_052030545.1|NZ_JBPDIH010000003.1_127	SP	718
GCF_052043945.1|NZ_CP197207.1_3666	SP	306
GCF_052044345.1|NZ_JBQEMX010000003.1_123	SP	299
GCF_052044405.1|NZ_JBQEMV010000001.1_686	LIPO	310
GCF_052060055.1|NZ_JBPPFR010000002.1_325	TAT	339
GCF_052068095.1|NZ_JBQHDG010000004.1_307	SP	570
GCF_052068095.1|NZ_JBQHDG010000006.1_142	LIPO	301
GCF_052068095.1|NZ_JBQHDG010000006.1_217	SP	443
GCF_052068135.1|NZ_JBQHDB010000001.1_283	LIPO	300
GCF_052068135.1|NZ_JBQHDB010000002.1_310	SP	408
GCF_052068135.1|NZ_JBQHDB010000018.1_48	LIPO	299
GCF_052068155.1|NZ_JBQHCZ010000004.1_310	SP	443
GCF_052068155.1|NZ_JBQHCZ010000007.1_183	SP	499
GCF_052068215.1|NZ_JBQHCV010000033.1_42	SP	444
GCF_052068215.1|NZ_JBQHCV010000035.1_61	SP	423
GCF_052068455.1|NZ_JBQHDE010000001.1_111	LIPO	299
GCF_052068455.1|NZ_JBQHDE010000002.1_290	SP	401
GCF_052068455.1|NZ_JBQHDE010000012.1_106	LIPO	292
GCF_052076015.1|NZ_CP197236.1_6654	SP	306
GCF_052078665.1|NZ_JBQJIK010000036.1_55	SP	306
GCF_052078695.1|NZ_JBQJIN010000013.1_35	SP	609
GCF_052078695.1|NZ_JBQJIN010000008.1_51	SP	316
GCF_052094685.1|NZ_JBQDKB010000088.1_17	SP	578
GCF_052095695.1|NZ_JBQDLQ010000029.1_20	SP	365
GCF_052095695.1|NZ_JBQDLQ010000098.1_5	SP	361
GCF_052095765.1|NZ_JBQDJZ010000063.1_16	SP	367
GCF_052113205.1|NZ_JBFRCU010000009.1_94	SP	303
GCF_052114565.1|NZ_JBFREZ010000002.1_492	SP	292
GCF_052114865.1|NZ_JBFRFO010000001.1_340	LIPO	369
GCF_052115265.1|NZ_JBFRGJ010000002.1_1063	SP	409
GCF_052115385.1|NZ_JBFRGP010000001.1_190	SP	345
GCF_052119645.1|NZ_JBGQOM010000005.1_15	SP	333
GCF_052119645.1|NZ_JBGQOM010000005.1_129	SP	298
GCF_052143115.1|NZ_JBKQTQ010000175.1_29	LIPO	292
GCF_052143115.1|NZ_JBKQTQ010000175.1_30	LIPO	292
GCF_052143115.1|NZ_JBKQTQ010000346.1_13	LIPO	282
GCF_052144515.1|NZ_JBKQQD010000092.1_44	LIPO	315
GCF_052144515.1|NZ_JBKQQD010000368.1_5	LIPO	281
GCF_052145595.1|NZ_JBKQOI010000133.1_29	LIPO	314
GCF_052145595.1|NZ_JBKQOI010000213.1_12	LIPO	282
GCF_052161745.1|NZ_CP197403.1_144	SP	349
GCF_052180205.1|NZ_CP197473.1_1019	LIPO	260
GCF_052245875.1|NZ_JBQQBP010000001.1_515	LIPO	312
GCF_052245875.1|NZ_JBQQBP010000002.1_116	SP	413
GCF_052245875.1|NZ_JBQQBP010000007.1_85	SP	290
GCF_900002405.1|NZ_LK995497.1_6	LIPO	364
GCF_900019265.1|NZ_CYGX02000045.1_41	SP	368
GCF_900046455.1|NZ_FCOT01000009.1_266	SP	454
GCF_900046455.1|NZ_FCOT01000009.1_305	SP	454
GCF_900070365.1|NZ_LN850107.1_4740	SP	390
GCF_900078675.2|NZ_LT546236.1_125	LIPO	279
GCF_900078675.2|NZ_LT546237.1_4144	LIPO	314
GCF_900078675.2|NZ_LT546253.1_2	LIPO	314
GCF_900086985.1|NZ_LT593974.1_36	SP	351
GCF_900089585.1|NZ_FLRH01000003.1_2077	SP	409
GCF_900089595.1|NZ_LT594323.1_2278	SP	455
GCF_900089595.1|NZ_LT594323.1_2877	SP	409
GCF_900089605.1|NZ_LT594324.1_1374	SP	444
GCF_900089605.1|NZ_LT594324.1_1808	SP	334
GCF_900089605.1|NZ_LT594324.1_3227	SP	411
GCF_900090105.1|NZ_FMDM01000001.1_98	SP	441
GCF_900090105.1|NZ_FMDM01000003.1_203	SP	409
GCF_900090105.1|NZ_FMDM01000006.1_35	SP	345
GCF_900090145.1|NZ_FMHI01000001.1_87	SP	346
GCF_900090225.1|NZ_FMHY01000002.1_2427	SP	438
GCF_900090225.1|NZ_FMHY01000002.1_4613	SP	418
GCF_900090235.1|NZ_LT607750.1_930	SP	401
GCF_900090235.1|NZ_LT607750.1_2063	SP	344
GCF_900090245.1|NZ_FMDN01000013.1_16	SP	437
GCF_900090245.1|NZ_FMDN01000002.1_300	SP	413
GCF_900090245.1|NZ_FMDN01000034.1_24	SP	345
GCF_900090265.1|NZ_LT607752.1_1232	SP	442
GCF_900090265.1|NZ_LT607752.1_1259	LIPO	357
GCF_900090265.1|NZ_LT607752.1_3944	SP	464
GCF_900090275.1|NZ_LT607755.1_3170	SP	441
GCF_900090275.1|NZ_LT607755.1_4004	SP	416
GCF_900090285.1|NZ_LT607754.1_921	LIPO	300
GCF_900090285.1|NZ_LT607754.1_3427	SP	408
GCF_900090295.1|NZ_LT607753.1_1083	SP	437
GCF_900090295.1|NZ_LT607753.1_1621	SP	409
GCF_900090305.1|NZ_LT607751.1_4637	SP	410
GCF_900090315.1|NZ_FMHZ01000002.1_70	SP	434
GCF_900090315.1|NZ_FMHZ01000002.1_2213	LIPO	301
GCF_900090315.1|NZ_FMHZ01000002.1_4714	SP	412
GCF_900090325.1|NZ_FMHW01000002.1_202	SP	399
GCF_900090325.1|NZ_FMHW01000002.1_1058	SP	345
GCF_900090325.1|NZ_FMHW01000002.1_2509	SP	317
GCF_900091415.1|NZ_FMHU01000002.1_480	SP	400
GCF_900091415.1|NZ_FMHU01000002.1_1176	LIPO	345
GCF_900091415.1|NZ_FMHU01000001.1_2243	LIPO	362
GCF_900091425.1|NZ_LT598496.1_2401	SP	429
GCF_900091425.1|NZ_LT598496.1_5910	SP	406
GCF_900091435.1|NZ_FMCS01000002.1_165	LIPO	304
GCF_900091435.1|NZ_FMCS01000009.1_266	SP	406
GCF_900091445.1|NZ_LT607733.1_1238	SP	420
GCF_900091445.1|NZ_LT607733.1_2948	SP	443
GCF_900091445.1|NZ_LT607733.1_4607	LIPO	300
GCF_900091455.1|NZ_LT607412.1_1659	LIPO	293
GCF_900091455.1|NZ_LT607412.1_4070	SP	406
GCF_900091465.1|NZ_FMHV01000002.1_5937	SP	401
GCF_900091475.1|NZ_FMIB01000002.1_1299	SP	445
GCF_900091475.1|NZ_FMIB01000002.1_5564	SP	407
GCF_900091495.1|NZ_LT607413.1_1293	SP	363
GCF_900091495.1|NZ_LT607413.1_3678	SP	403
GCF_900091495.1|NZ_LT607413.1_4519	SP	317
GCF_900091495.1|NZ_LT607413.1_5157	LIPO	345
GCF_900091495.1|NZ_LT607413.1_5828	SP	437
GCF_900091505.1|NZ_LT607409.1_2774	SP	425
GCF_900091505.1|NZ_LT607409.1_3653	SP	445
GCF_900091515.1|NZ_LT607410.1_2179	SP	398
GCF_900091525.1|NZ_FMCU01000004.1_239	SP	440
GCF_900091535.1|NZ_FMCT01000005.1_321	SP	416
GCF_900091535.1|NZ_FMCT01000005.1_424	SP	461
GCF_900091535.1|NZ_FMCT01000023.1_5	LIPO	359
GCF_900091535.1|NZ_FMCT01000023.1_14	SP	452
GCF_900091535.1|NZ_FMCT01000045.1_2	SP	374
GCF_900091545.1|NZ_LT607411.1_1857	SP	402
GCF_900091545.1|NZ_LT607411.1_6303	SP	345
GCF_900091555.1|NZ_FMCX01000013.1_86	SP	405
GCF_900091555.1|NZ_FMCX01000004.1_492	SP	444
GCF_900091565.1|NZ_FMCV01000026.1_79	SP	412
GCF_900091575.1|NZ_FMCR01000002.1_772	SP	445
GCF_900091575.1|NZ_FMCR01000008.1_14	SP	406
GCF_900091585.1|NZ_FMHT01000003.1_41	SP	468
GCF_900091585.1|NZ_FMHT01000003.1_867	SP	412
GCF_900091595.1|NZ_FMCW01000038.1_51	SP	454
GCF_900091595.1|NZ_FMCW01000031.1_64	SP	442
GCF_900091595.1|NZ_FMCW01000031.1_72	LIPO	358
GCF_900091595.1|NZ_FMCW01000002.1_345	SP	414
GCF_900091595.1|NZ_FMCW01000017.1_27	SP	433
GCF_900091605.1|NZ_FMCQ01000004.1_349	SP	406
GCF_900091615.1|NZ_FMIA01000002.1_708	SP	447
GCF_900091615.1|NZ_FMIA01000002.1_3601	SP	435
GCF_900091625.1|NZ_FMIC01000002.1_955	LIPO	300
GCF_900091625.1|NZ_FMIC01000002.1_3439	SP	416
GCF_900091625.1|NZ_FMIC01000002.1_5110	SP	443
GCF_900091955.1|NZ_FMDF01000145.1_204	SP	489
GCF_900091995.1|NZ_FMDK01000417.1_7	SP	519
GCF_900092335.1|NZ_LT596208.1_848	LIPO	364
GCF_900092655.1|NZ_FLUY01000534.1_5	SP	446
GCF_900093605.1|NZ_FLYE01000023.1_11	SP	342
GCF_900094565.1|NZ_FMAF01000026.1_78	SP	362
GCF_900094575.1|NZ_FMAE01000006.1_378	SP	306
GCF_900094595.1|NZ_FMAD01000004.1_507	SP	494
GCF_900094605.1|NZ_FMAI01000026.1_10	SP	302
GCF_900095265.1|NZ_LT607663.1_165	SP	375
GCF_900095265.1|NZ_LT607664.1_144	SP	332
GCF_900095795.1|NZ_LT608328.1_332	SP	294
GCF_900098745.1|NZ_FQTT01000014.1_99	LIPO	364
GCF_900099785.1|NZ_FNDS01000003.1_442	SP	314
GCF_900099965.1|NZ_FNDJ01000002.1_580	SP	432
GCF_900099965.1|NZ_FNDJ01000004.1_419	SP	392
GCF_900099965.1|NZ_FNDJ01000009.1_275	SP	431
GCF_900099985.1|NZ_FNKK01000002.1_718	SP	438
GCF_900100195.1|NZ_FNES01000010.1_85	SP	350
GCF_900100205.1|NZ_FNEQ01000002.1_402	SP	282
GCF_900100275.1|NZ_FNET01000004.1_136	SP	404
GCF_900100275.1|NZ_FNET01000001.1_176	SP	443
GCF_900100315.1|NZ_FNFF01000006.1_316	LIPO	308
GCF_900100315.1|NZ_FNFF01000001.1_488	SP	330
GCF_900100355.1|NZ_FNFH01000002.1_37	SP	317
GCF_900100605.1|NZ_FNCN01000006.1_54	SP	411
GCF_900100765.1|NZ_FNFO01000006.1_228	SP	386
GCF_900100955.1|NZ_FNCC01000009.1_231	SP	446
GCF_900100955.1|NZ_FNCC01000005.1_120	SP	401
GCF_900101045.1|NZ_FNFN01000004.1_275	SP	427
GCF_900101545.1|NZ_FMZU01000009.1_251	SP	421
GCF_900101625.1|NZ_FMYZ01000003.1_328	SP	490
GCF_900101685.1|NZ_FMZZ01000001.1_539	SP	341
GCF_900101745.1|NZ_FNAD01000018.1_116	SP	438
GCF_900101825.1|NZ_FNAG01000007.1_61	LIPO	342
GCF_900101905.1|NZ_FNAJ01000006.1_272	LIPO	630
GCF_900101905.1|NZ_FNAJ01000025.1_37	SP	329
GCF_900102075.1|NZ_FNAV01000009.1_5	SP	347
GCF_900102795.1|NZ_FMWG01000002.1_382	SP	286
GCF_900102815.1|NZ_FNGF01000009.1_31	SP	434
GCF_900102875.1|NZ_FNGH01000013.1_37	SP	355
GCF_900102945.1|NZ_FNGI01000008.1_133	SP	354
GCF_900103365.1|NZ_LT629703.1_4032	SP	304
GCF_900103365.1|NZ_LT629703.1_5448	SP	475
GCF_900103455.1|NZ_FNHI01000009.1_112	SP	499
GCF_900103585.1|NZ_FNHV01000001.1_314	SP	449
GCF_900103585.1|NZ_FNHV01000023.1_55	SP	333
GCF_900103665.1|NZ_FNGY01000004.1_392	SP	292
GCF_900103885.1|NZ_FNIM01000001.1_97	LIPO	362
GCF_900103985.1|NZ_FNIE01000003.1_449	SP	485
GCF_900104025.1|NZ_FNIQ01000006.1_214	SP	360
GCF_900104035.1|NZ_FNIT01000008.1_102	TAT	325
GCF_900104085.1|NZ_FNLD01000001.1_348	SP	613
GCF_900104175.1|NZ_FNIX01000002.1_235	SP	449
GCF_900104175.1|NZ_FNIX01000005.1_464	SP	410
GCF_900104265.1|NZ_FNJJ01000004.1_304	SP	577
GCF_900104695.1|NZ_FNSW01000001.1_243	SP	337
GCF_900104705.1|NZ_LT629734.1_1438	SP	445
GCF_900104725.1|NZ_LT629758.1_8420	SP	435
GCF_900104725.1|NZ_LT629758.1_8767	LIPO	304
GCF_900104815.1|NZ_FNTD01000004.1_5780	SP	437
GCF_900104815.1|NZ_FNTD01000004.1_6350	SP	489
GCF_900105055.1|NZ_FNTA01000004.1_4332	SP	285
GCF_900105395.1|NZ_LT629775.1_7092	SP	527
GCF_900105415.1|NZ_FNSM01000001.1_7003	SP	498
GCF_900105755.1|NZ_FNTQ01000001.1_2249	SP	489
GCF_900105945.1|NZ_FNSO01000004.1_1729	SP	442
GCF_900105945.1|NZ_FNSO01000004.1_4457	SP	732
GCF_900105945.1|NZ_FNSO01000004.1_4513	SP	394
GCF_900106075.1|NZ_LT629794.1_1753	SP	377
GCF_900106525.1|NZ_FNOG01000004.1_153	SP	605
GCF_900106535.1|NZ_FNOH01000001.1_27	SP	329
GCF_900106535.1|NZ_FNOH01000007.1_301	LIPO	632
GCF_900106565.1|NZ_FNNJ01000001.1_493	SP	282
GCF_900106995.1|NZ_FNOK01000084.1_17	SP	314
GCF_900107045.1|NZ_FNON01000003.1_345	SP	311
GCF_900107135.1|NZ_FNOV01000009.1_143	SP	404
GCF_900107175.1|NZ_FNOZ01000023.1_50	SP	367
GCF_900107255.1|NZ_FNPH01000006.1_95	SP	344
GCF_900107415.1|NZ_FNPX01000031.1_3	SP	339
GCF_900107435.1|NZ_FNPZ01000001.1_401	SP	418
GCF_900107455.1|NZ_FNQB01000001.1_1607	SP	423
GCF_900107455.1|NZ_FNQB01000001.1_2385	SP	392
GCF_900107675.1|NZ_FNRI01000007.1_66	SP	284
GCF_900107725.1|NZ_FNQO01000003.1_144	SP	324
GCF_900107745.1|NZ_FNRO01000015.1_105	SP	342
GCF_900107845.1|NZ_FNRM01000010.1_3	SP	643
GCF_900107925.1|NZ_FNUJ01000002.1_946	SP	741
GCF_900107925.1|NZ_FNUJ01000002.1_1029	SP	403
GCF_900107965.1|NZ_FNVU01000003.1_423	SP	509
GCF_900108065.1|NZ_FNVQ01000002.1_147	SP	358
GCF_900108175.1|NZ_FNVO01000002.1_414	LIPO	312
GCF_900108175.1|NZ_FNVO01000010.1_189	SP	451
GCF_900108295.1|NZ_FNWK01000001.1_954	SP	315
GCF_900108315.1|NZ_FNVB01000004.1_19	SP	321
GCF_900108335.1|NZ_FNVT01000002.1_1012	SP	435
GCF_900108335.1|NZ_FNVT01000042.1_4	SP	444
GCF_900108485.1|NZ_FNXF01000009.1_122	SP	332
GCF_900108915.1|NZ_FNYH01000003.1_136	LIPO	347
GCF_900109115.1|NZ_FNYV01000002.1_578	SP	442
GCF_900109115.1|NZ_FNYV01000011.1_9	SP	413
GCF_900109265.1|NZ_FNZM01000001.1_197	SP	376
GCF_900109375.1|NZ_FOAB01000009.1_153	SP	392
GCF_900109465.1|NZ_FOAZ01000023.1_83	SP	448
GCF_900109545.1|NZ_FOAP01000004.1_276	LIPO	688
GCF_900109565.1|NZ_FNZZ01000004.1_13	SP	315
GCF_900109645.1|NZ_FOBG01000001.1_160	SP	344
GCF_900109685.1|NZ_FOBB01000003.1_211	SP	308
GCF_900109725.1|NZ_FOBC01000013.1_16	SP	350
GCF_900109735.1|NZ_FOAS01000001.1_100	SP	277
GCF_900109915.1|NZ_FOBU01000003.1_8	SP	337
GCF_900109945.1|NZ_FOBX01000019.1_17	SP	306
GCF_900110165.1|NZ_FOCQ01000018.1_23	SP	333
GCF_900110245.1|NZ_FOCZ01000021.1_17	LIPO	309
GCF_900110265.1|NZ_FODB01000005.1_4	SP	356
GCF_900110275.1|NZ_FODC01000002.1_770	SP	292
GCF_900110275.1|NZ_FODC01000001.1_751	LIPO	579
GCF_900110735.1|NZ_FOET01000007.1_59	SP	399
GCF_900110735.1|NZ_FOET01000001.1_623	SP	448
GCF_900110755.1|NZ_FOFF01000020.1_45	SP	424
GCF_900110775.1|NZ_FOEP01000003.1_225	SP	296
GCF_900110885.1|NZ_FOFJ01000013.1_68	SP	502
GCF_900110955.1|NZ_FOFR01000008.1_3	SP	448
GCF_900110955.1|NZ_FOFR01000005.1_176	SP	415
GCF_900111005.1|NZ_FOFV01000010.1_254	SP	446
GCF_900111005.1|NZ_FOFV01000002.1_418	SP	412
GCF_900111015.1|NZ_FOFS01000003.1_240	LIPO	304
GCF_900111305.1|NZ_FOGS01000001.1_397	SP	354
GCF_900111515.1|NZ_FOHS01000003.1_493	SP	392
GCF_900111685.1|NZ_FOHX01000025.1_97	SP	434
GCF_900111685.1|NZ_FOHX01000002.1_171	SP	441
GCF_900111745.1|NZ_FOIJ01000001.1_144	LIPO	684
GCF_900111765.1|NZ_FOIB01000004.1_21	LIPO	340
GCF_900111765.1|NZ_FOIB01000014.1_196	LIPO	623
GCF_900111765.1|NZ_FOIB01000016.1_123	SP	334
GCF_900112025.1|NZ_FOKL01000006.1_217	SP	379
GCF_900112025.1|NZ_FOKL01000001.1_124	SP	294
GCF_900112025.1|NZ_FOKL01000002.1_483	SP	332
GCF_900112225.1|NZ_FOLD01000005.1_114	SP	292
GCF_900112235.1|NZ_FOLH01000004.1_11	LIPO	343
GCF_900112265.1|NZ_FOLO01000041.1_17	SP	310
GCF_900112305.1|NZ_FOKT01000006.1_47	SP	377
GCF_900112315.1|NZ_FOLL01000002.1_169	LIPO	322
GCF_900112355.1|NZ_FOLM01000002.1_448	SP	425
GCF_900112355.1|NZ_FOLM01000003.1_293	SP	464
GCF_900112765.1|NZ_FOMZ01000006.1_241	SP	326
GCF_900112845.1|NZ_FONG01000003.1_18	SP	510
GCF_900112845.1|NZ_FONG01000003.1_445	SP	471
GCF_900112865.1|NZ_FONH01000004.1_132	SP	344
GCF_900112865.1|NZ_FONH01000002.1_150	SP	526
GCF_900113015.1|NZ_FONV01000025.1_45	LIPO	304
GCF_900113015.1|NZ_FONV01000004.1_573	SP	450
GCF_900113015.1|NZ_FONV01000010.1_4	SP	438
GCF_900113115.1|NZ_FOOF01000029.1_12	SP	361
GCF_900113175.1|NZ_FOOK01000012.1_31	SP	329
GCF_900113225.1|NZ_FOZE01000001.1_252	SP	427
GCF_900113285.1|NZ_FOOT01000006.1_118	SP	295
GCF_900113605.1|NZ_FOPY01000006.1_158	SP	344
GCF_900114035.1|NZ_FORP01000002.1_154	SP	314
GCF_900114055.1|NZ_FORR01000004.1_211	SP	333
GCF_900114185.1|NZ_FOSE01000001.1_1159	SP	478
GCF_900114355.1|NZ_FOSS01000002.1_201	SP	609
GCF_900114495.1|NZ_FOZI01000002.1_424	SP	342
GCF_900114705.1|NZ_FOTW01000016.1_56	SP	350
GCF_900114705.1|NZ_FOTW01000031.1_10	SP	363
GCF_900114705.1|NZ_FOTW01000053.1_7	LIPO	319
GCF_900114775.1|NZ_FOUE01000003.1_82	SP	578
GCF_900114915.1|NZ_FOUS01000001.1_573	SP	307
GCF_900115085.1|NZ_FOVF01000001.1_255	LIPO	346
GCF_900115085.1|NZ_FOVF01000006.1_26	SP	319
GCF_900115365.1|NZ_FOWD01000001.1_165	SP	424
GCF_900115555.1|NZ_FOWX01000012.1_104	SP	286
GCF_900115565.1|NZ_FOWW01000001.1_900	SP	424
GCF_900115845.1|NZ_FOXX01000006.1_235	SP	339
GCF_900115955.1|NZ_FOYL01000002.1_823	SP	438
GCF_900115955.1|NZ_FOYL01000001.1_195	SP	415
GCF_900116175.1|NZ_FPCH01000001.1_54	LIPO	368
GCF_900116385.1|NZ_FPCI01000001.1_524	SP	610
GCF_900116405.1|NZ_FPAQ01000006.1_83	SP	352
GCF_900116705.1|NZ_FPBP01000025.1_3	SP	483
GCF_900116705.1|NZ_FPBP01000015.1_38	SP	349
GCF_900119165.1|NZ_FPJG01000006.1_5937	SP	444
GCF_900119165.1|NZ_FPJG01000006.1_6413	SP	743
GCF_900119165.1|NZ_FPJG01000006.1_6467	SP	404
GCF_900119315.1|NZ_LT827010.1_6644	SP	440
GCF_900128925.1|NZ_FQUJ01000009.1_64	SP	348
GCF_900129095.1|NZ_FQVA01000009.1_9	SP	372
GCF_900129215.1|NZ_FQUQ01000001.1_1248	SP	292
GCF_900129465.1|NZ_FSRA01000001.1_2574	LIPO	301
GCF_900129565.1|NZ_FQWD01000003.1_523	LIPO	334
GCF_900129565.1|NZ_FQWD01000004.1_402	LIPO	643
GCF_900129635.1|NZ_FSRB01000001.1_3253	SP	316
GCF_900129765.1|NZ_FQWU01000001.1_683	SP	359
GCF_900129765.1|NZ_FQWU01000006.1_39	SP	580
GCF_900129905.1|NZ_FQXG01000002.1_50	SP	252
GCF_900141705.1|NZ_FQYM01000023.1_21	SP	487
GCF_900141745.1|NZ_FSRM01000002.1_1805	SP	354
GCF_900141805.1|NZ_FQYN01000004.1_427	SP	391
GCF_900141985.1|NZ_FQZK01000026.1_58	SP	415
GCF_900142465.1|NZ_FRAX01000016.1_48	SP	486
GCF_900142475.1|NZ_FRAY01000003.1_218	SP	371
GCF_900142475.1|NZ_FRAY01000007.1_16	SP	503
GCF_900142535.1|NZ_FRBE01000007.1_30	SP	501
GCF_900142535.1|NZ_FRBE01000001.1_130	SP	495
GCF_900142545.1|NZ_FRBF01000003.1_128	SP	500
GCF_900142575.1|NZ_FRBI01000070.1_1	SP	347
GCF_900142575.1|NZ_FRBI01000004.1_106	SP	503
GCF_900142595.1|NZ_FRBK01000011.1_59	SP	335
GCF_900142625.1|NZ_FRBN01000002.1_7	SP	367
GCF_900142825.1|NZ_FRCH01000002.1_489	SP	345
GCF_900142895.1|NZ_LT670847.1_1770	SP	325
GCF_900142965.1|NZ_FRCQ01000004.1_25	SP	313
GCF_900143005.1|NZ_FRCS01000003.1_626	LIPO	301
GCF_900143015.1|NZ_FSRT01000002.1_287	SP	499
GCF_900143055.1|NZ_FRCW01000011.1_43	SP	504
GCF_900143065.1|NZ_FRCX01000005.1_218	SP	356
GCF_900143065.1|NZ_FRCX01000002.1_15	SP	354
GCF_900143515.1|NZ_FSQT01000002.1_389	SP	404
GCF_900143515.1|NZ_FSQT01000002.1_2824	LIPO	294
GCF_900143625.1|NZ_FRFF01000196.1_53	SP	418
GCF_900155385.1|NZ_LT699745.1_517	SP	362
GCF_900155535.1|NZ_LT706965.1_131	SP	291
GCF_900155735.1|NZ_LT707059.1_479	SP	804
GCF_900155865.1|NZ_LT707006.1_525	SP	299
GCF_900156065.1|NZ_FTNF01000002.1_397	SP	398
GCF_900156065.1|NZ_FTNF01000009.1_128	LIPO	308
GCF_900156135.1|NZ_FTMP01000007.1_97	SP	299
GCF_900156135.1|NZ_FTMP01000001.1_260	SP	277
GCF_900156165.1|NZ_FTMY01000002.1_69	SP	484
GCF_900156175.1|NZ_FTMV01000001.1_175	SP	375
GCF_900156175.1|NZ_FTMV01000019.1_97	SP	294
GCF_900156175.1|NZ_FTMV01000004.1_17	SP	332
GCF_900156315.1|NZ_FTNI01000060.1_1	SP	530
GCF_900156315.1|NZ_FTNI01000003.1_96	SP	420
GCF_900156315.1|NZ_FTNI01000030.1_28	SP	462
GCF_900156425.1|NZ_FTNO01000001.1_1855	TAT	332
GCF_900156495.1|NZ_FTNT01000009.1_107	SP	327
GCF_900156725.1|NZ_FTOI01000004.1_215	SP	283
GCF_900157365.1|NZ_FUEZ01000003.1_1506	SP	331
GCF_900157375.1|NZ_LT721901.1_680	LIPO	276
GCF_900157375.1|NZ_LT721901.1_1372	LIPO	315
GCF_900157385.1|NZ_LT717700.1_794	LIPO	279
GCF_900157385.1|NZ_LT717701.1_235	LIPO	314
GCF_900163815.1|NZ_FUKO01000018.1_10	SP	447
GCF_900166585.1|NZ_FVZC01000007.1_715	SP	682
GCF_900166655.1|NZ_FVZB01000006.1_1348	SP	590
GCF_900167095.1|NZ_FUXG01000022.1_30	LIPO	347
GCF_900168165.1|NZ_FUYV01000001.1_203	SP	795
GCF_900172295.1|NZ_FWFL01000022.1_6	SP	339
GCF_900172365.1|NZ_FWFJ01000088.1_3	SP	339
GCF_900176375.1|NZ_FWYF01000002.1_491	SP	742
GCF_900176515.1|NZ_FWXV01000001.1_306	SP	281
GCF_900176535.1|NZ_FWXT01000001.1_455	LIPO	308
GCF_900176645.1|NZ_FXAN01000042.1_42	SP	494
GCF_900177515.1|NZ_FXAK01000002.1_408	SP	355
GCF_900177535.1|NZ_FXAJ01000001.1_1124	SP	339
GCF_900177535.1|NZ_FXAJ01000002.1_1260	SP	327
GCF_900177705.1|NZ_FXBA01000007.1_24	SP	500
GCF_900177805.1|NZ_FXAX01000002.1_197	SP	496
GCF_900182785.1|NZ_FXTS01000009.1_3	LIPO	345
GCF_900182935.1|NZ_FXUE01000004.1_102	SP	500
GCF_900184795.1|NZ_FXXN01000027.1_473	SP	341
GCF_900184895.1|NZ_FXZK01000008.1_52	SP	340
GCF_900186865.1|NZ_LT906480.1_2511	SP	335
GCF_900187365.1|NZ_FYDG01000020.1_10	SP	369
GCF_900188005.1|NZ_FZNR01000005.1_154	SP	429
GCF_900188005.1|NZ_FZNR01000005.1_163	SP	396
GCF_900188025.1|NZ_FZNO01000002.1_263	SP	365
GCF_900188105.1|NZ_FZNP01000001.1_650	LIPO	314
GCF_900188105.1|NZ_FZNP01000020.1_65	SP	288
GCF_900188105.1|NZ_FZNP01000008.1_379	SP	334
GCF_900188345.1|NZ_FZOD01000005.1_217	SP	440
GCF_900188345.1|NZ_FZOD01000067.1_26	SP	413
GCF_900188375.1|NZ_FZOO01000008.1_46	SP	359
GCF_900188375.1|NZ_FZOO01000012.1_57	TAT	361
GCF_900188405.1|NZ_FZOF01000003.1_359	SP	332
GCF_900188445.1|NZ_FZOR01000012.1_105	LIPO	310
GCF_900188485.1|NZ_FZPH01000008.1_69	SP	401
GCF_900188485.1|NZ_FZPH01000002.1_683	SP	424
GCF_900197875.1|NZ_FZMO01000028.1_6	LIPO	359
GCF_900199205.1|NZ_OBMJ01000001.1_557	SP	310
GCF_900199205.1|NZ_OBMJ01000001.1_6145	SP	499
GCF_900215205.1|NZ_OBDY01000009.1_28	SP	434
GCF_900215205.1|NZ_OBDY01000020.1_2	SP	450
GCF_900215315.1|NZ_OBEB01000002.1_337	SP	652
GCF_900215315.1|NZ_OBEB01000001.1_138	SP	327
GCF_900215325.1|NZ_OCMS01000003.1_311	SP	499
GCF_900215535.1|NZ_OCND01000006.1_116	SP	335
GCF_900215535.1|NZ_OCND01000001.1_351	SP	622
GCF_900217905.1|NZ_OBMO01000004.1_64	SP	634
GCF_900230195.1|NZ_OCNE01000005.1_193	SP	320
GCF_900230285.1|NZ_OCNK01000003.1_1	LIPO	294
GCF_900232995.1|NZ_OCVX01000003.1_223	LIPO	282
GCF_900236475.1|NZ_LT963352.1_176	SP	449
GCF_900236475.1|NZ_LT963352.1_7135	SP	432
GCF_900240975.1|NZ_LT968776.1_1328	LIPO	277
GCF_900250075.1|NZ_LT977072.1_379	SP	489
GCF_900250115.1|NZ_LT984803.1_1401	SP	368
GCF_900250115.1|NZ_LT984805.1_479	SP	489
GCF_900269665.1|NZ_LT985361.1_1140	SP	320
GCF_900269665.1|NZ_LT985361.1_2486	SP	312
GCF_900269665.1|NZ_LT985361.1_7532	SP	434
GCF_900290235.1|NZ_OLMK01000061.1_160	SP	348
GCF_900292015.1|NZ_LR130759.1_822	LIPO	282
GCF_900316465.1|NZ_ONDD01000005.1_22	SP	500
GCF_900445985.1|NZ_UAQP01000005.1_618	SP	306
GCF_900451195.1|NZ_UGHR01000001.1_1664	SP	362
GCF_900460065.1|NZ_UAVD01000024.1_235	SP	447
GCF_900566055.1|NZ_UPHQ01000033.1_47	LIPO	282
GCF_900566055.1|NZ_UPHQ01000001.1_8	LIPO	314
GCF_900566075.1|NZ_UPHU01000001.1_105	LIPO	314
GCF_900566075.1|NZ_UPHU01000001.1_914	LIPO	282
GCF_900566085.1|NZ_UPHT01000030.1_47	LIPO	282
GCF_900566085.1|NZ_UPHT01000042.1_31	LIPO	306
GCF_900604385.1|NZ_LR027382.1_561	SP	288
GCF_900637205.1|NZ_LR134355.1_1477	SP	327
GCF_900696085.1|NZ_CAADFC020000016.1_1108	SP	309
GCF_901827175.1|NZ_LR594662.1_5870	SP	431
GCF_902168065.1|NZ_LR655690.1_299	LIPO	323
GCF_902168135.1|NZ_CABHOL010000024.1_147	SP	382
GCF_902168135.1|NZ_CABHOL010000043.1_79	SP	369
GCF_902168135.1|NZ_CABHOL010000046.1_2	SP	320
GCF_902388705.1|NZ_CABMQJ010000049.1_8	SP	295
GCF_902497555.1|NZ_CABVGP010000001.1_2474	SP	443
GCF_902497555.1|NZ_CABVGP010000002.1_2013	SP	400
GCF_902497555.1|NZ_CABVGP010000002.1_2092	SP	751
GCF_902500215.1|NZ_CABVOU010000016.1_49	SP	350
GCF_902500695.1|NZ_CABVRQ010000062.1_6	SP	332
GCF_902506105.1|NZ_LR733304.1_625	LIPO	313
GCF_902506145.1|NZ_LR733519.1_1938	LIPO	388
GCF_902506415.1|NZ_LR733275.1_716	SP	292
GCF_902506415.1|NZ_LR733275.1_3155	SP	578
GCF_902506505.1|NZ_LR733406.1_1407	SP	305
GCF_902652685.1|NZ_CACRUY010000001.1_247	LIPO	311
GCF_902652685.1|NZ_CACRUY010000003.1_82	LIPO	311
GCF_902652685.1|NZ_CACRUY010000055.1_8	LIPO	278
GCF_902706195.1|NZ_CACSJO010000005.1_116	SP	361
GCF_902712875.1|NZ_LR743509.1_44	LIPO	368
GCF_902726645.1|NZ_CACVAO010000001.1_2159	SP	590
GCF_902771595.1|NZ_CACXXH010000015.1_14	SP	390
GCF_902779965.1|NZ_CACZDK010000025.1_8	SP	483
GCF_902832865.1|NZ_CADFDL010000010.1_111	SP	341
GCF_902833085.1|NZ_CADFEB010000006.1_197	SP	354
GCF_902833085.1|NZ_CADFEB010000017.1_19	SP	354
GCF_902859895.1|NZ_CADIKM010000039.1_18	SP	375
GCF_902859915.1|NZ_CADIKK010000132.1_2	SP	401
GCF_903645295.1|NZ_CAHJXM010000001.1_711	SP	586
GCF_903772925.1|NZ_LR812090.1_1310	SP	359
GCF_904424705.1|NZ_CAJGBF010000012.1_9	SP	593
GCF_904848585.1|NZ_CAJHCR010000040.1_10	SP	493
GCF_905220265.1|NZ_CAJMZK010000001.1_722	SP	364
GCF_905250085.1|NZ_CAJNOB010000023.1_142	SP	317
GCF_905397275.1|NZ_CAJPUY010000005.1_105	SP	340
GCF_907163085.1|NZ_CAJQTX010000007.1_409	SP	365
GCF_907165045.1|NZ_CAJRAU010000006.1_123	SP	807
GCF_907165195.1|NZ_OU015584.1_2524	SP	388
GCF_907165195.1|NZ_OU015584.1_2870	SP	374
GCF_910589745.1|NZ_OU342399.1_1185	LIPO	294
GCF_913020055.1|NZ_CAJWCF010000109.1_10	LIPO	304
GCF_913055755.1|NZ_CAJXKH010000010.1_3	SP	676
GCF_913055755.1|NZ_CAJXKH010000010.1_4	SP	324
GCF_913058315.1|NZ_CAJXQY010000002.1_51	SP	300
GCF_913058315.1|NZ_CAJXQY010000009.1_24	SP	638
GCF_913058315.1|NZ_CAJXQY010000140.1_8	SP	333
GCF_913062585.1|NZ_CAJXWX010000017.1_54	SP	319
GCF_913773995.1|NZ_CAJYES010000210.1_2	SP	484
GCF_913775725.1|NZ_CAJYNG010000008.1_369	SP	335
GCF_913777625.1|NZ_CAJYTI010000010.1_412	SP	333
GCF_913777625.1|NZ_CAJYTI010000037.1_43	SP	311
GCF_913778135.1|NZ_CAJYVU010000004.1_15	SP	315
GCF_913919575.1|NZ_CAJYZZ010000004.1_30	SP	493
GCF_914271485.1|NZ_CAJZAG010000002.1_129	SP	340
GCF_914484835.1|NZ_CAJZAR010000046.1_103	SP	370
GCF_916619195.1|NZ_CAKAKL010000002.1_961	SP	297
GCF_918698005.1|NZ_CAKKLJ010000010.1_53	SP	450
GCF_923079645.1|NZ_CAKLPY010000002.1_24	SP	306
GCF_923868895.1|NZ_OV350343.1_1235	SP	350
GCF_936928535.1|NZ_CAKZHY010000171.1_136	SP	306
GCF_936943645.1|NZ_CAKZJO010000116.1_9	SP	306
GCF_937138205.1|NZ_CAKZOT010000112.1_143	SP	316
GCF_937425535.1|NZ_OW485601.1_2398	SP	376
GCF_937425535.1|NZ_OW485601.1_3265	LIPO	291
GCF_937863485.1|NZ_CALMFY010000165.1_2	LIPO	330
GCF_937863595.1|NZ_CALMGQ010000078.1_31	SP	308
GCF_937863595.1|NZ_CALMGQ010000131.1_5	SP	299
GCF_937876535.1|NZ_CALFHZ010000019.1_216	SP	368
GCF_937877005.1|NZ_CALEFV010000159.1_4	SP	503
GCF_937888285.1|NZ_CALART010000011.1_316	SP	517
GCF_937898475.1|NZ_CALEJS010000011.1_7	LIPO	306
GCF_937926365.1|NZ_CALAOH010000192.1_3	SP	431
GCF_937982035.1|NZ_CALJNI010000001.1_318	SP	317
GCF_937999985.1|NZ_CALLDG010000145.1_10	SP	329
GCF_942548115.1|NZ_OW824151.1_3050	SP	335
GCF_943371865.1|NZ_CALRWL010000011.1_24	SP	357
GCF_943372375.1|NZ_CALRYJ010000002.1_492	SP	319
GCF_943913955.1|NZ_CALUAE010000033.1_36	SP	299
GCF_946062555.1|NZ_CAMGVQ010000032.1_6	SP	494
GCF_946223165.1|NZ_CAMIBP010000016.1_9	SP	323
GCF_947090785.1|NZ_OX352320.1_3174	SP	331
GCF_947166265.1|NZ_CAMVDO010000017.1_32	SP	499
GCF_947301925.1|NZ_CAMYUE010000002.1_317	LIPO	300
GCF_947387515.1|NZ_CANDOB010000003.1_161	SP	586
GCF_947387555.1|NZ_CANDNZ010000001.1_1066	LIPO	326
GCF_947487515.1|NZ_CANKWO010000006.1_13	SP	284
GCF_947488945.1|NZ_CANLBS010000030.1_41	SP	513
GCF_947490095.1|NZ_CANLFS010000005.1_63	SP	362
GCF_947492965.1|NZ_CANLOZ010000003.1_193	SP	392
GCF_947500065.1|NZ_CANMQT010000003.1_160	SP	734
GCF_947500065.1|NZ_CANMQT010000009.1_160	SP	392
GCF_947504145.1|NZ_CANNGQ010000002.1_393	SP	422
GCF_947504145.1|NZ_CANNGQ010000008.1_6	SP	656
GCF_948472415.1|NZ_OX419519.1_129	SP	447
GCF_958405655.1|NZ_CATYWO010000001.1_775	SP	367
GCF_958415495.1|NZ_CATZLL010000002.1_414	SP	493
GCF_958415495.1|NZ_CATZLL010000019.1_14	SP	371
GCF_963527515.1|NZ_CAURTV010000105.1_10	SP	445
GCF_963555915.1|NZ_CAUVXL010000128.1_34	LIPO	310
GCF_963675585.2|NZ_CAXXWU010000001.1_238	SP	309
GCF_963678875.2|NZ_CAXXRR010000002.1_204	SP	312
GCF_963853665.1|NZ_OY970459.1_827	LIPO	282
GCF_963877135.1|NZ_CAWNSW010000032.1_21	LIPO	316
GCF_963920915.1|NZ_CAWUDN010000013.1_13	LIPO	314
GCF_963924895.1|NZ_CAWURG010000029.1_36	SP	341
GCF_963970915.1|NZ_CAXAOO010000008.1_133	SP	287
GCF_963976025.1|NZ_CAXBJS010000237.1_2	LIPO	353
GCF_963976075.1|NZ_CAXBJH010000016.1_48	LIPO	300
GCF_963977085.1|NZ_CAXBNC010000003.1_97	SP	640
GCF_963977385.1|NZ_CAXBOU010000009.1_16	LIPO	287
GCF_964031785.1|NZ_CAXIRE010000021.1_360	SP	339
GCF_964229375.1|NZ_CAXREH010000139.1_19	SP	290
GCF_964243305.1|NZ_CAXTEF010000018.1_50	SP	410
GCF_964244285.1|NZ_CAXTHT010000001.1_261	SP	354
GCF_964245445.1|NZ_CAXTNE010000480.1_2	LIPO	314
GCF_964245575.1|NZ_CAXTNP010000316.1_7	LIPO	314
GCF_964247315.1|NZ_CAXTTT010000062.1_18	LIPO	314
GCF_964252725.1|NZ_CAXUPB020000001.1_134	SP	579
GCF_964252745.1|NZ_CAXUPC020000006.1_184	SP	321
GCF_964253795.1|NZ_CAXURU020000001.1_1603	SP	610
GCF_964272895.1|NZ_OZ186832.1_5078	SP	526
GCF_964273065.1|NZ_OZ186815.1_233	SP	336
GCF_964273065.1|NZ_OZ186815.1_3241	SP	413
GCF_964273255.1|NZ_OZ186835.1_5927	SP	512
GCF_964273285.1|NZ_OZ186928.1_396	SP	495
GCF_965137155.1|NZ_CBCRZX010000003.1_112	SP	322
GCF_965137155.1|NZ_CBCRZX010000029.1_42	SP	329
GCF_965137885.1|NZ_CBCSCA010000002.1_231	SP	371
GCF_965203655.1|NZ_CBDBDD010000009.1_259	LIPO	372
GCF_965204125.1|NZ_OZ241968.1_663	LIPO	372
GCF_965208555.1|NZ_OZ242342.1_1087	LIPO	342
GCF_965208925.1|NZ_OZ242364.1_463	LIPO	342
GCF_965216485.1|NZ_OZ244162.1_1706	LIPO	306
GCF_965216805.1|NZ_CBDCGN010000003.1_119	LIPO	305
GCF_965223285.1|NZ_OZ244997.1_3589	LIPO	317
GCF_965223525.1|NZ_CBDCWX010000005.1_1254	LIPO	317
GCF_965225875.1|NZ_CBDDBS010000002.1_1439	SP	737
GCF_965229315.1|NZ_CBDDJA010000002.1_3550	SP	326
GCF_965229465.1|NZ_OZ245882.1_563	SP	457
GCF_965229515.1|NZ_OZ245884.1_276	SP	580
GCF_965232925.1|NZ_CBDDRA010000001.1_281	SP	317
GCF_965249985.1|NZ_OZ252280.1_2748	LIPO	306
GCF_965262435.1|NZ_OZ253537.1_502	SP	337
GCF_965277065.1|NZ_CBDIBT010000019.1_847	LIPO	282
GCF_965279055.1|NZ_OZ257125.1_7	SP	317
GCF_965279055.1|NZ_OZ257125.1_726	SP	343
GCF_965279055.1|NZ_OZ257125.1_1335	SP	299
GCF_965279465.1|NZ_OZ257242.1_7763	SP	373
GCF_965279545.1|NZ_OZ257250.1_2764	SP	341
GCF_965283995.1|NZ_CBDIQG010000001.1_603	SP	336
GCF_965284475.1|NZ_OZ260087.1_1259	LIPO	324
GCF_965341775.1|NZ_CBDQZH010000017.1_62	SP	442
GCF_965341775.1|NZ_CBDQZH010000019.1_70	SP	498
GCF_965341865.1|NZ_CBDQZP010000019.1_146	LIPO	313
GCF_965341865.1|NZ_CBDQZP010000021.1_32	SP	308
GCF_965342435.1|NZ_CBDRCM010000021.1_52	SP	332
GCF_965342435.1|NZ_CBDRCM010000072.1_7	SP	480
