genome	patatin_copies
GCA_000013625.1	1
GCA_000016765.1	1
GCA_000017645.1	4
GCA_000023185.1	1
GCA_000026125.1	1
GCA_000152145.1	2
GCA_000155715.1	1
GCA_000158135.1	1
GCA_000161775.1	1
GCA_000169075.1	1
GCA_000169995.1	1
GCA_000171835.1	2
GCA_000173575.1	9
GCA_000195205.2	2
GCA_000198515.1	2
GCA_000209515.2	3
GCA_000230935.2	1
GCA_000242815.2	2
GCA_000244995.1	2
GCA_000245075.1	2
GCA_000318405.1	1
GCA_000332255.1	1
GCA_000333335.1	1
GCA_000335715.1	3
GCA_000335735.1	1
GCA_000378025.1	1
GCA_000381565.1	3
GCA_000416085.1	1
GCA_000418555.1	1
GCA_000471925.1	8
GCA_000496475.1	1
GCA_000497835.1	1
GCA_000502395.1	3
GCA_000503195.1	2
GCA_000504425.1	1
GCA_000517005.1	5
GCA_000585015.1	1
GCA_000585075.1	1
GCA_000620185.1	2
GCA_000620205.1	2
GCA_000632805.1	2
GCA_000648925.1	4
GCA_000681355.2	1
GCA_000685825.1	2
GCA_000695745.1	1
GCA_000720375.1	2
GCA_000733415.1	1
GCA_000733915.1	1
GCA_000743035.1	2
GCA_000746585.2	1
GCA_000751295.2	2
GCA_000751355.1	2
GCA_000755425.1	2
GCA_000775715.1	1
GCA_000783395.1	1
GCA_000799755.1	2
GCA_000824785.1	2
GCA_000824805.1	2
GCA_000824825.2	3
GCA_000824845.1	3
GCA_000828975.1	1
GCA_000831005.1	1
GCA_000940995.1	4
GCA_000955785.1	9
GCA_000961635.1	1
GCA_000961655.1	1
GCA_000961695.1	1
GCA_000961725.1	1
GCA_000967895.1	2
GCA_000974665.1	1
GCA_000987445.1	1
GCA_001015195.1	1
GCA_001023535.1	1
GCA_001045575.1	1
GCA_001048675.1	1
GCA_001184395.1	1
GCA_001184405.1	2
GCA_001189335.2	1
GCA_001189345.1	2
GCA_001192655.1	1
GCA_001263235.1	2
GCA_001274695.2	4
GCA_001281695.1	3
GCA_001295775.1	2
GCA_001295865.1	3
GCA_001295905.1	3
GCA_001295935.1	1
GCA_001296005.1	2
GCA_001299455.1	1
GCA_001303415.1	2
GCA_001303585.1	1
GCA_001310455.1	1
GCA_001312645.1	1
GCA_001314625.1	1
GCA_001314655.1	1
GCA_001314685.1	1
GCA_001314705.1	1
GCA_001314805.1	1
GCA_001314845.1	1
GCA_001314875.1	1
GCA_001399705.1	1
GCA_001404055.1	2
GCA_001443045.1	7
GCA_001443495.1	1
GCA_001449105.1	1
GCA_001464035.1	2
GCA_001464055.1	2
GCA_001464195.1	2
GCA_001464215.1	1
GCA_001464235.1	1
GCA_001464355.1	1
GCA_001464375.1	4
GCA_001464385.1	1
GCA_001464425.1	1
GCA_001464545.1	1
GCA_001464615.1	2
GCA_001464695.1	2
GCA_001464715.1	2
GCA_001464755.1	2
GCA_001464765.1	1
GCA_001464815.1	2
GCA_001464835.1	1
GCA_001464865.1	2
GCA_001464895.1	1
GCA_001464955.1	2
GCA_001465015.1	2
GCA_001499735.1	1
GCA_001507855.1	1
GCA_001510895.1	2
GCA_001513025.1	2
GCA_001516065.1	1
GCA_001516125.1	1
GCA_001527685.1	6
GCA_001544595.2	4
GCA_001544655.2	4
GCA_001556025.1	4
GCA_001557035.1	3
GCA_001563805.1	1
GCA_001564115.1	1
GCA_001564135.1	1
GCA_001564255.1	1
GCA_001577635.1	2
GCA_001580565.1	4
GCA_001602415.1	1
GCA_001602435.1	1
GCA_001602455.1	1
GCA_001603845.1	1
GCA_001626925.1	2
GCA_001627335.1	3
GCA_001636495.1	1
GCA_001643475.1	1
GCA_001644455.1	2
GCA_001648575.1	1
GCA_001657295.1	1
GCA_001657385.1	2
GCA_001657395.1	3
GCA_001664005.1	1
GCA_001665255.1	1
GCA_001665295.1	1
GCA_001683845.1	1
GCA_001724355.1	1
GCA_001724715.1	1
GCA_001724785.1	2
GCA_001724855.1	1
GCA_001724995.1	3
GCA_001725155.1	1
GCA_001725355.1	1
GCA_001725505.1	3
GCA_001725945.1	6
GCA_001767915.1	2
GCA_001767925.1	2
GCA_001767945.1	2
GCA_001770285.1	1
GCA_001770355.1	1
GCA_001770425.1	2
GCA_001770475.1	1
GCA_001770575.1	1
GCA_001770655.1	1
GCA_001770705.1	2
GCA_001770725.1	3
GCA_001770775.1	4
GCA_001770785.1	1
GCA_001770815.1	1
GCA_001770855.1	4
GCA_001770935.1	3
GCA_001770955.1	2
GCA_001771065.1	2
GCA_001771935.1	1
GCA_001771975.1	1
GCA_001771985.1	3
GCA_001772005.1	1
GCA_001772055.1	1
GCA_001775255.1	1
GCA_001780275.1	1
GCA_001784555.1	2
GCA_001784585.1	2
GCA_001788395.1	1
GCA_001795455.1	3
GCA_001796045.1	1
GCA_001796995.1	1
GCA_001797315.1	3
GCA_001801495.1	1
GCA_001801575.1	1
GCA_001801635.1	1
GCA_001801665.1	1
GCA_001801885.1	1
GCA_001828935.1	1
GCA_001829085.1	1
GCA_001830395.1	1
GCA_001854405.1	1
GCA_001871515.1	3
GCA_001871905.1	2
GCA_001872285.1	2
GCA_001874255.1	1
GCA_001890965.1	5
GCA_001896555.1	1
GCA_001897445.1	1
GCA_001897475.1	2
GCA_001897525.1	1
GCA_001897615.1	3
GCA_001897745.1	2
GCA_001897755.1	1
GCA_001897795.1	2
GCA_001897835.1	1
GCA_001897995.1	2
GCA_001898235.1	3
GCA_001898625.1	2
GCA_001898645.1	5
GCA_001898705.1	2
GCA_001898725.1	2
GCA_001898965.1	1
GCA_001899255.1	2
GCA_001899285.1	1
GCA_001899525.1	2
GCA_001899585.1	1
GCA_001899635.1	1
GCA_001899715.1	1
GCA_001899855.1	3
GCA_001917995.1	1
GCA_001931535.1	4
GCA_001941865.1	1
GCA_001953215.1	3
GCA_001971685.1	3
GCA_002007425.1	1
GCA_002013415.1	1
GCA_002013465.1	1
GCA_002013775.1	1
GCA_002050235.1	4
GCA_002067855.1	1
GCA_002068015.1	1
GCA_002070455.1	1
GCA_002083435.1	1
GCA_002083475.1	2
GCA_002083525.1	3
GCA_002083645.1	3
GCA_002083655.1	2
GCA_002083775.1	2
GCA_002083825.1	1
GCA_002102225.1	2
GCA_002149965.1	2
GCA_002162675.1	1
GCA_002162755.1	1
GCA_002162815.1	1
GCA_002162955.1	2
GCA_002162985.1	1
GCA_002163005.1	1
GCA_002163245.1	1
GCA_002163975.1	1
GCA_002166865.1	2
GCA_002167715.1	1
GCA_002168225.1	2
GCA_002173095.1	1
GCA_002205125.1	3
GCA_002213445.1	1
GCA_002239025.1	1
GCA_002240395.1	1
GCA_002255495.1	3
GCA_002255575.1	3
GCA_002255905.1	2
GCA_002255935.1	2
GCA_002255955.1	4
GCA_002256055.1	2
GCA_002256115.1	3
GCA_002256145.1	1
GCA_002256205.1	1
GCA_002256245.1	1
GCA_002256345.1	2
GCA_002256395.1	1
GCA_002256925.1	2
GCA_002257525.1	1
GCA_002279355.1	3
GCA_002279705.1	3
GCA_002279855.1	2
GCA_002279935.1	4
GCA_002280275.1	1
GCA_002280405.1	1
GCA_002280515.1	2
GCA_002280565.1	1
GCA_002280725.1	1
GCA_002280855.1	2
GCA_002280875.1	1
GCA_002281005.1	1
GCA_002281415.1	1
GCA_002281485.1	1
GCA_002281855.1	4
GCA_002282445.1	1
GCA_002282555.1	1
GCA_002282565.1	1
GCA_002287035.1	1
GCA_002291845.1	1
GCA_002291855.1	1
GCA_002291875.1	1
GCA_002291925.1	1
GCA_002291945.1	2
GCA_002291955.1	1
GCA_002292165.1	1
GCA_002296975.1	1
GCA_002297645.1	1
GCA_002298165.1	1
GCA_002298925.1	1
GCA_002298995.1	1
GCA_002299125.1	3
GCA_002304505.1	3
GCA_002304995.1	1
GCA_002307135.1	1
GCA_002307175.1	1
GCA_002307375.1	2
GCA_002307905.1	1
GCA_002308075.1	1
GCA_002314145.1	2
GCA_002319075.1	2
GCA_002320665.1	1
GCA_002320815.1	2
GCA_002324875.1	2
GCA_002327235.1	1
GCA_002327315.1	3
GCA_002327945.1	1
GCA_002329445.1	1
GCA_002331385.1	2
GCA_002333125.1	1
GCA_002333145.1	1
GCA_002333425.1	1
GCA_002336845.1	1
GCA_002336915.1	1
GCA_002336985.1	1
GCA_002337055.1	1
GCA_002337385.1	1
GCA_002337525.1	3
GCA_002339015.1	4
GCA_002339125.1	1
GCA_002340325.1	1
GCA_002340345.1	1
GCA_002340355.1	2
GCA_002340515.1	1
GCA_002341345.1	2
GCA_002342025.1	2
GCA_002342035.1	1
GCA_002342065.1	2
GCA_002342365.1	1
GCA_002343265.1	2
GCA_002343455.1	1
GCA_002344075.1	1
GCA_002344355.1	1
GCA_002344565.1	1
GCA_002344785.1	2
GCA_002344885.1	2
GCA_002344975.1	1
GCA_002345025.1	1
GCA_002345205.1	1
GCA_002346425.1	1
GCA_002347405.1	2
GCA_002347685.1	1
GCA_002347815.1	2
GCA_002348535.1	1
GCA_002352055.1	3
GCA_002352635.1	1
GCA_002354135.1	1
GCA_002354205.1	1
GCA_002356515.1	3
GCA_002356635.1	1
GCA_002359635.1	1
GCA_002359735.1	2
GCA_002360535.1	1
GCA_002363385.1	1
GCA_002364755.1	1
GCA_002365175.1	1
GCA_002366715.1	1
GCA_002366795.1	1
GCA_002366835.1	1
GCA_002375465.1	1
GCA_002377855.1	3
GCA_002381045.1	2
GCA_002382045.1	1
GCA_002383105.1	1
GCA_002384815.1	1
GCA_002384855.1	1
GCA_002386465.1	1
GCA_002387845.1	1
GCA_002389045.1	2
GCA_002389055.1	1
GCA_002390285.1	1
GCA_002390675.1	1
GCA_002390745.1	2
GCA_002390825.1	3
GCA_002391525.1	2
GCA_002397315.1	1
GCA_002401295.1	2
GCA_002401365.1	1
GCA_002402125.1	1
GCA_002403385.1	1
GCA_002403415.1	2
GCA_002403635.1	1
GCA_002405475.1	2
GCA_002408125.1	1
GCA_002412495.1	1
GCA_002413395.1	3
GCA_002413865.1	1
GCA_002415025.1	1
GCA_002415335.1	5
GCA_002418885.1	1
GCA_002419215.1	1
GCA_002420015.1	2
GCA_002420145.1	1
GCA_002421865.1	2
GCA_002421905.1	2
GCA_002421985.1	1
GCA_002422085.1	2
GCA_002422205.1	1
GCA_002422345.1	1
GCA_002422455.1	1
GCA_002422685.1	1
GCA_002422845.1	1
GCA_002422985.1	1
GCA_002422995.1	2
GCA_002423025.1	1
GCA_002423155.1	1
GCA_002423185.1	1
GCA_002423245.1	2
GCA_002424865.1	1
GCA_002425245.1	2
GCA_002425405.1	2
GCA_002425415.1	1
GCA_002427815.1	1
GCA_002428015.1	4
GCA_002428225.1	1
GCA_002428935.1	1
GCA_002431545.1	1
GCA_002432095.1	1
GCA_002433485.1	1
GCA_002434305.1	1
GCA_002435595.1	1
GCA_002435715.1	2
GCA_002440665.1	3
GCA_002441205.1	1
GCA_002441445.1	1
GCA_002448235.1	1
GCA_002448815.1	1
GCA_002451175.1	1
GCA_002454975.1	2
GCA_002455755.1	1
GCA_002469865.1	1
GCA_002471665.1	2
GCA_002482645.1	1
GCA_002482715.1	2
GCA_002482765.1	1
GCA_002482805.1	1
GCA_002483135.1	1
GCA_002494895.1	1
GCA_002501845.1	1
GCA_002551005.1	2
GCA_002578045.1	2
GCA_002582035.1	2
GCA_002632325.1	2
GCA_002633085.1	2
GCA_002686255.1	1
GCA_002687495.1	2
GCA_002689605.1	2
GCA_002690045.1	1
GCA_002695005.1	1
GCA_002695035.1	1
GCA_002699085.1	2
GCA_002699325.1	1
GCA_002700095.1	1
GCA_002701555.1	1
GCA_002701845.1	2
GCA_002702725.1	1
GCA_002704915.1	1
GCA_002706025.1	1
GCA_002706085.1	3
GCA_002706335.1	1
GCA_002706445.1	1
GCA_002706605.1	1
GCA_002707605.1	1
GCA_002707785.1	1
GCA_002707985.1	1
GCA_002708905.1	2
GCA_002709005.1	1
GCA_002709085.1	1
GCA_002709405.1	1
GCA_002709505.1	1
GCA_002709955.1	1
GCA_002710725.1	2
GCA_002710775.1	1
GCA_002718255.1	1
GCA_002720935.1	1
GCA_002721365.1	1
GCA_002723385.1	3
GCA_002724925.1	2
GCA_002725445.1	1
GCA_002729885.1	1
GCA_002730875.1	1
GCA_002731275.1	1
GCA_002731825.1	2
GCA_002731875.1	1
GCA_002733125.1	1
GCA_002733605.1	1
GCA_002733645.1	2
GCA_002733765.1	1
GCA_002746985.1	1
GCA_002747055.1	1
GCA_002747395.1	1
GCA_002748265.1	1
GCA_002748575.1	1
GCA_002753185.1	1
GCA_002753495.1	1
GCA_002753515.1	1
GCA_002753615.1	1
GCA_002753725.1	1
GCA_002753735.1	1
GCA_002781745.1	1
GCA_002782905.1	1
GCA_002783145.1	3
GCA_002783205.1	1
GCA_002783385.1	1
GCA_002783405.1	1
GCA_002785585.1	1
GCA_002786165.1	1
GCA_002786205.1	3
GCA_002786225.1	1
GCA_002786915.1	2
GCA_002789675.1	1
GCA_002789915.1	3
GCA_002791835.1	1
GCA_002798175.1	1
GCA_002798195.1	1
GCA_002798255.1	1
GCA_002798275.1	1
GCA_002798295.1	2
GCA_002835545.1	1
GCA_002839995.1	1
GCA_002840015.1	2
GCA_002840115.1	1
GCA_002840245.1	1
GCA_002840435.1	1
GCA_002840555.1	1
GCA_002840565.1	1
GCA_002840635.1	1
GCA_002840765.1	4
GCA_002840785.1	2
GCA_002840835.1	3
GCA_002840845.1	2
GCA_002841115.1	1
GCA_002841155.1	1
GCA_002841945.1	2
GCA_002842145.1	2
GCA_002842205.1	2
GCA_002842215.1	3
GCA_002842345.1	4
GCA_002842395.1	1
GCA_002842835.1	1
GCA_002842855.1	1
GCA_002842985.1	2
GCA_002858745.1	1
GCA_002861585.1	1
GCA_002862095.1	1
GCA_002863045.1	1
GCA_002863155.1	2
GCA_002890675.1	4
GCA_002898795.1	2
GCA_002919265.1	1
GCA_002928515.1	1
GCA_002928735.1	1
GCA_002928875.1	2
GCA_002928955.1	3
GCA_002929055.1	3
GCA_002966495.1	1
GCA_002968015.1	2
GCA_002995625.1	1
GCA_003003615.1	2
GCA_003021015.1	1
GCA_003021045.1	1
GCA_003021175.1	1
GCA_003021305.1	1
GCA_003021655.1	1
GCA_003021705.1	1
GCA_003021975.1	1
GCA_003022845.1	1
GCA_003022925.1	1
GCA_003023185.1	1
GCA_003030785.1	1
GCA_003056425.1	1
GCA_003105015.1	1
GCA_003105185.1	1
GCA_003105245.1	2
GCA_003105285.1	2
GCA_003131635.1	1
GCA_003131705.1	1
GCA_003132085.1	3
GCA_003132405.1	1
GCA_003132425.1	1
GCA_003133025.1	1
GCA_003133225.1	4
GCA_003133245.1	3
GCA_003133345.1	1
GCA_003134035.1	2
GCA_003134075.1	1
GCA_003135315.1	1
GCA_003135415.1	1
GCA_003136185.1	1
GCA_003136255.1	1
GCA_003136595.1	5
GCA_003136615.1	1
GCA_003136895.1	1
GCA_003136935.1	1
GCA_003137135.1	5
GCA_003139415.1	2
GCA_003139615.1	1
GCA_003140135.1	1
GCA_003140315.1	1
GCA_003141815.1	1
GCA_003142535.1	2
GCA_003151155.1	1
GCA_003151415.1	1
GCA_003151425.1	2
GCA_003152055.1	3
GCA_003153195.1	1
GCA_003153235.1	1
GCA_003153315.1	2
GCA_003153415.1	1
GCA_003153435.1	1
GCA_003153455.1	2
GCA_003153675.1	2
GCA_003155135.1	1
GCA_003155175.1	1
GCA_003155415.1	1
GCA_003156695.1	1
GCA_003156715.1	2
GCA_003157035.1	1
GCA_003158255.1	2
GCA_003160635.1	3
GCA_003161435.1	1
GCA_003161555.1	1
GCA_003161855.1	1
GCA_003162555.1	1
GCA_003162995.1	4
GCA_003164135.1	3
GCA_003164375.1	3
GCA_003164495.1	3
GCA_003164825.1	4
GCA_003164855.1	1
GCA_003164925.1	2
GCA_003164955.1	1
GCA_003165155.1	2
GCA_003165275.1	1
GCA_003165495.1	1
GCA_003165655.1	2
GCA_003165795.1	1
GCA_003167055.1	1
GCA_003168215.1	2
GCA_003168255.1	2
GCA_003169835.1	1
GCA_003170275.1	1
GCA_003176995.1	8
GCA_003217735.2	2
GCA_003220195.1	1
GCA_003220225.1	1
GCA_003220265.1	1
GCA_003220315.1	2
GCA_003220335.1	1
GCA_003220345.1	1
GCA_003220435.1	1
GCA_003220475.1	1
GCA_003220495.1	1
GCA_003220535.1	1
GCA_003220615.1	1
GCA_003220675.1	1
GCA_003220685.1	1
GCA_003221515.1	1
GCA_003221595.1	1
GCA_003221615.1	1
GCA_003221695.1	2
GCA_003223165.1	1
GCA_003228685.1	2
GCA_003228965.1	1
GCA_003229095.1	2
GCA_003230015.1	1
GCA_003233115.1	1
GCA_003235325.1	1
GCA_003240735.1	1
GCA_003240795.1	1
GCA_003240855.1	1
GCA_003241055.1	3
GCA_003241285.1	1
GCA_003241385.1	2
GCA_003241475.1	1
GCA_003241485.1	2
GCA_003241685.1	1
GCA_003241785.1	2
GCA_003241815.1	1
GCA_003241825.1	1
GCA_003241875.1	1
GCA_003241965.1	4
GCA_003242075.1	1
GCA_003242355.2	2
GCA_003242495.1	1
GCA_003242955.1	1
GCA_003243195.1	1
GCA_003243425.1	1
GCA_003243455.1	2
GCA_003244015.1	4
GCA_003244055.1	1
GCA_003244205.1	1
GCA_003245575.1	2
GCA_003246795.1	2
GCA_003248805.1	4
GCA_003248865.1	2
GCA_003249035.1	1
GCA_003249215.1	1
GCA_003249315.1	1
GCA_003250135.1	1
GCA_003250495.1	1
GCA_003250865.1	1
GCA_003250975.1	1
GCA_003251795.1	1
GCA_003252145.1	1
GCA_003255745.1	1
GCA_003265685.1	3
GCA_003268905.1	4
GCA_003335585.1	2
GCA_003353855.1	1
GCA_003388555.1	1
GCA_003400185.1	1
GCA_003417655.1	1
GCA_003446655.1	2
GCA_003449595.1	1
GCA_003452275.1	1
GCA_003452655.1	1
GCA_003482555.1	4
GCA_003483885.1	5
GCA_003484545.1	1
GCA_003484805.1	2
GCA_003485325.1	1
GCA_003485715.1	3
GCA_003500165.1	1
GCA_003506895.1	2
GCA_003509785.1	1
GCA_003511825.1	1
GCA_003520545.1	1
GCA_003521815.1	1
GCA_003524365.1	2
GCA_003525885.1	1
GCA_003526465.1	1
GCA_003537575.1	4
GCA_003538525.1	1
GCA_003543245.1	1
GCA_003550665.1	2
GCA_003550945.1	1
GCA_003551265.1	1
GCA_003551745.1	2
GCA_003551805.1	1
GCA_003551925.1	1
GCA_003552345.1	1
GCA_003552625.1	1
GCA_003552795.1	2
GCA_003552885.1	1
GCA_003556225.1	1
GCA_003558415.1	1
GCA_003558625.1	1
GCA_003559215.1	1
GCA_003560175.1	1
GCA_003560975.1	1
GCA_003561495.1	1
GCA_003561595.1	1
GCA_003562535.1	2
GCA_003563455.1	1
GCA_003564655.1	1
GCA_003565055.1	1
GCA_003565625.1	1
GCA_003565775.1	1
GCA_003567315.1	1
GCA_003567475.1	2
GCA_003567855.1	2
GCA_003569705.1	1
GCA_003569915.1	3
GCA_003574685.1	1
GCA_003576765.1	2
GCA_003576795.1	1
GCA_003577315.1	1
GCA_003583745.1	3
GCA_003586445.1	1
GCA_003597945.1	2
GCA_003599455.1	4
GCA_003599575.1	2
GCA_003605175.1	1
GCA_003645535.1	1
GCA_003646405.1	1
GCA_003646415.1	1
GCA_003646715.1	1
GCA_003647035.1	1
GCA_003667865.1	1
GCA_003694325.1	2
GCA_003695135.1	2
GCA_003695455.1	1
GCA_003695505.1	1
GCA_003695705.1	1
GCA_003696105.1	2
GCA_003696865.1	1
GCA_003697125.1	2
GCA_003818285.1	1
GCA_003818495.1	2
GCA_003819815.1	1
GCA_003820645.1	1
GCA_003859965.1	2
GCA_003962985.1	3
GCA_003963005.1	4
GCA_003963075.1	5
GCA_003963115.1	5
GCA_003963125.1	3
GCA_003963145.1	5
GCA_003963245.1	3
GCA_003963435.1	4
GCA_003963455.1	3
GCA_003970805.2	1
GCA_003987795.1	2
GCA_004005435.1	1
GCA_004017275.1	2
GCA_004020315.1	1
GCA_004020645.1	2
GCA_004134995.1	2
GCA_004138175.2	1
GCA_004143945.1	1
GCA_004144595.1	1
GCA_004144865.1	3
GCA_004153385.1	1
GCA_004173185.1	1
GCA_004173455.1	1
GCA_004193205.1	1
GCA_004193325.1	2
GCA_004195305.1	1
GCA_004210915.1	1
GCA_004211245.1	2
GCA_004283055.1	1
GCA_004292675.1	1
GCA_004292755.1	2
GCA_004292785.1	1
GCA_004292795.1	2
GCA_004293295.1	1
GCA_004293725.1	1
GCA_004293815.1	1
GCA_004293905.1	2
GCA_004293935.1	1
GCA_004295005.1	4
GCA_004295105.1	2
GCA_004295565.1	1
GCA_004296815.1	2
GCA_004297005.1	1
GCA_004297335.1	1
GCA_004297465.1	3
GCA_004297485.1	2
GCA_004297545.1	1
GCA_004297625.1	3
GCA_004297725.1	2
GCA_004297865.1	1
GCA_004297945.1	2
GCA_004298015.1	4
GCA_004298045.1	3
GCA_004298295.1	1
GCA_004298325.1	2
GCA_004298385.1	2
GCA_004298435.1	1
GCA_004298505.1	3
GCA_004298545.1	2
GCA_004298905.1	3
GCA_004299095.1	3
GCA_004299555.1	1
GCA_004299665.1	1
GCA_004322005.1	1
GCA_004322045.1	4
GCA_004322085.1	4
GCA_004322135.1	2
GCA_004322345.1	6
GCA_004322435.1	1
GCA_004322465.1	1
GCA_004322535.1	3
GCA_004323695.1	3
GCA_004343775.1	6
GCA_004345325.1	1
GCA_004359425.1	2
GCA_004366205.1	1
GCA_004367505.1	1
GCA_004369025.1	1
GCA_004376055.2	1
GCA_004379165.1	2
GCA_004551485.1	1
GCA_004555545.1	1
GCA_004563715.1	2
GCA_004564215.1	4
GCA_004570315.1	2
GCA_004570425.1	2
GCA_004769085.1	1
GCA_004791255.1	2
GCA_004796365.1	2
GCA_004796385.1	3
GCA_004799435.1	2
GCA_004827385.1	3
GCA_005239165.1	1
GCA_005239635.1	1
GCA_005239745.1	1
GCA_005240015.1	3
GCA_005240145.1	1
GCA_005473895.2	1
GCA_005502805.1	2
GCA_005502875.1	3
GCA_005502915.1	1
GCA_005502925.1	2
GCA_005503065.1	3
GCA_005503165.1	2
GCA_005503215.1	2
GCA_005503335.1	5
GCA_005768755.1	1
GCA_005773165.1	1
GCA_005776585.1	1
GCA_005776725.1	1
GCA_005777185.1	2
GCA_005777205.1	1
GCA_005778355.1	1
GCA_005779305.1	2
GCA_005786815.1	1
GCA_005788065.1	3
GCA_005789685.1	2
GCA_005789825.1	1
GCA_005792635.1	1
GCA_005793295.1	2
GCA_005793345.1	1
GCA_005797785.1	1
GCA_005799745.1	1
GCA_005800325.1	1
GCA_005800405.1	1
GCA_005800795.1	1
GCA_005800865.1	2
GCA_005804885.1	1
GCA_005877075.1	2
GCA_005877205.1	2
GCA_005877305.1	1
GCA_005877345.1	4
GCA_005877675.1	3
GCA_005877705.1	1
GCA_005877965.1	2
GCA_005878095.1	2
GCA_005878835.1	1
GCA_005879535.1	1
GCA_005879805.1	1
GCA_005880055.1	1
GCA_005880075.1	1
GCA_005881575.1	1
GCA_005881595.1	3
GCA_005881895.1	3
GCA_005882155.1	2
GCA_005882215.1	7
GCA_005882235.1	1
GCA_005882715.1	1
GCA_005882985.1	1
GCA_005882995.1	3
GCA_005883115.1	2
GCA_005883135.1	3
GCA_005883445.1	5
GCA_005883655.1	4
GCA_005883665.1	1
GCA_005883675.1	4
GCA_005884255.1	3
GCA_005884335.1	1
GCA_005884455.1	1
GCA_005884465.1	3
GCA_005884685.1	1
GCA_005884705.1	1
GCA_005884745.1	1
GCA_005884765.1	5
GCA_005884855.1	2
GCA_005885285.1	5
GCA_005885555.1	2
GCA_005887895.1	1
GCA_005887925.1	1
GCA_005888515.1	1
GCA_005888525.1	4
GCA_005888865.1	3
GCA_005888925.1	2
GCA_005888955.1	2
GCA_005889025.1	2
GCA_005889515.1	3
GCA_006212045.1	1
GCA_006218025.1	1
GCA_006218035.1	1
GCA_006218045.1	1
GCA_006218065.1	1
GCA_006226225.1	3
GCA_006226265.1	1
GCA_006226375.1	1
GCA_006226565.1	1
GCA_006226595.1	1
GCA_006226685.1	2
GCA_006226775.1	3
GCA_006227775.1	1
GCA_006227785.1	3
GCA_006227805.1	1
GCA_006227825.1	2
GCA_006438735.1	1
GCA_006438845.1	1
GCA_006514895.1	4
GCA_006543605.1	1
GCA_006546595.1	2
GCA_006738865.1	2
GCA_006739055.1	1
GCA_006844665.1	1
GCA_006969625.1	1
GCA_007050995.1	1
GCA_007095475.1	1
GCA_007095785.1	1
GCA_007096045.1	1
GCA_007096525.1	1
GCA_007116035.1	1
GCA_007116135.1	2
GCA_007116445.1	2
GCA_007116755.1	2
GCA_007116835.1	1
GCA_007117005.1	1
GCA_007117255.1	1
GCA_007117515.1	1
GCA_007117665.1	3
GCA_007117785.1	1
GCA_007118075.1	1
GCA_007118295.1	1
GCA_007118445.1	1
GCA_007118805.1	2
GCA_007118895.1	2
GCA_007119095.1	1
GCA_007119175.1	1
GCA_007119595.1	1
GCA_007119835.1	3
GCA_007120035.1	1
GCA_007120685.1	1
GCA_007121055.1	1
GCA_007121115.1	1
GCA_007121485.1	2
GCA_007121755.1	2
GCA_007122455.1	2
GCA_007122885.1	3
GCA_007123015.1	1
GCA_007123575.1	1
GCA_007123625.1	2
GCA_007125005.1	1
GCA_007125415.1	2
GCA_007125475.1	1
GCA_007125745.1	2
GCA_007125985.1	2
GCA_007126375.1	2
GCA_007127165.1	2
GCA_007127175.1	2
GCA_007127235.1	2
GCA_007127625.1	4
GCA_007127715.1	1
GCA_007127935.1	2
GCA_007128135.1	1
GCA_007128995.1	2
GCA_007129135.1	1
GCA_007129145.1	1
GCA_007129225.1	2
GCA_007130525.1	4
GCA_007131045.1	1
GCA_007131235.1	2
GCA_007131465.1	1
GCA_007131685.1	2
GCA_007131945.1	1
GCA_007133115.1	1
GCA_007133195.1	1
GCA_007134055.1	3
GCA_007134485.1	1
GCA_007134805.1	1
GCA_007134865.1	2
GCA_007135015.1	1
GCA_007135085.1	1
GCA_007135355.1	1
GCA_007135395.1	2
GCA_007135435.1	1
GCA_007135745.1	1
GCA_007135795.1	1
GCA_007136145.1	1
GCA_007279715.1	2
GCA_007280205.1	3
GCA_007280315.1	1
GCA_007280335.1	1
GCA_007280465.1	2
GCA_007556525.1	1
GCA_007677875.1	4
GCA_007692435.1	1
GCA_007692485.1	1
GCA_007692585.1	1
GCA_007692655.1	1
GCA_007693435.1	1
GCA_007693535.1	1
GCA_007693685.1	2
GCA_007693835.1	1
GCA_007693855.1	2
GCA_007694015.1	3
GCA_007694055.1	2
GCA_007694885.1	1
GCA_007694935.1	1
GCA_007694945.1	1
GCA_007695005.1	2
GCA_007695045.1	1
GCA_007695145.1	1
GCA_007695245.1	1
GCA_007695345.1	1
GCA_007827375.1	2
GCA_007829435.1	2
GCA_007994965.1	3
GCA_008011715.2	4
GCA_008012115.1	1
GCA_008012315.1	4
GCA_008015235.1	2
GCA_008015455.1	1
GCA_008015835.1	1
GCA_008017155.1	3
GCA_008017315.1	1
GCA_008080565.1	2
GCA_008080595.1	2
GCA_008107755.1	1
GCA_008123405.1	1
GCA_008180335.1	1
GCA_008501585.1	3
GCA_008711135.1	2
GCA_008727115.1	2
GCA_008933495.1	1
GCA_008933675.1	3
GCA_008933705.1	1
GCA_008933825.1	1
GCA_009360345.1	2
GCA_009360885.1	1
GCA_009377385.1	1
GCA_009377395.1	1
GCA_009377445.1	2
GCA_009377475.1	1
GCA_009377525.1	3
GCA_009377535.1	1
GCA_009377575.1	6
GCA_009377585.1	1
GCA_009377695.1	2
GCA_009377755.1	1
GCA_009377865.1	1
GCA_009379735.1	1
GCA_009379815.1	1
GCA_009379865.1	7
GCA_009379975.1	1
GCA_009469585.1	4
GCA_009469675.1	1
GCA_009649675.1	1
GCA_009665115.1	5
GCA_009692245.1	1
GCA_009692275.1	1
GCA_009692345.1	1
GCA_009692485.1	1
GCA_009692555.1	1
GCA_009693225.1	1
GCA_009693235.1	1
GCA_009693245.1	1
GCA_009693305.1	1
GCA_009693325.1	1
GCA_009693345.1	1
GCA_009693505.1	2
GCA_009693835.1	1
GCA_009693995.1	1
GCA_009694045.1	3
GCA_009694125.1	1
GCA_009694185.1	2
GCA_009694265.1	1
GCA_009699505.1	1
GCA_009701885.1	1
GCA_009712185.1	1
GCA_009733745.1	2
GCA_009765735.1	3
GCA_009772935.1	4
GCA_009773335.1	1
GCA_009777245.1	1
GCA_009777925.1	1
GCA_009778355.1	1
GCA_009779135.1	1
GCA_009779355.1	1
GCA_009780885.1	1
GCA_009781045.1	1
GCA_009781085.1	1
GCA_009781175.1	1
GCA_009782825.1	1
GCA_009783315.1	1
GCA_009784565.1	1
GCA_009789175.1	1
GCA_009836625.1	1
GCA_009837085.1	1
GCA_009837885.1	1
GCA_009838525.1	1
GCA_009845425.1	1
GCA_009849585.1	1
GCA_009861545.1	1
GCA_009867135.1	1
GCA_009885595.1	1
GCA_009885825.1	3
GCA_009886115.1	2
GCA_009908405.1	1
GCA_009908425.1	3
GCA_009908505.1	1
GCA_009908745.1	4
GCA_009909005.1	1
GCA_009909065.1	1
GCA_009912235.1	1
GCA_009912575.1	2
GCA_009914575.1	1
GCA_009914615.1	3
GCA_009922295.1	1
GCA_009922405.1	3
GCA_009923315.1	1
GCA_009923345.1	1
GCA_009923505.1	1
GCA_009923755.1	2
GCA_009924455.1	1
GCA_009925585.1	1
GCA_009925925.1	3
GCA_009925955.1	1
GCA_009925965.1	2
GCA_009926845.1	2
GCA_009927445.1	3
GCA_009927495.1	1
GCA_009927815.1	2
GCA_009928125.1	1
GCA_009928645.1	1
GCA_009936995.1	1
GCA_009937425.1	1
GCA_009937505.1	1
GCA_009937525.1	1
GCA_009991425.1	1
GCA_009992505.1	2
GCA_009992615.1	1
GCA_009993005.1	1
GCA_009995045.1	1
GCA_009995705.1	1
GCA_009996515.1	3
GCA_010024125.1	1
GCA_010024875.1	2
GCA_010028905.1	1
GCA_010030205.1	2
GCA_010031735.1	1
GCA_010031785.1	1
GCA_010032545.1	3
GCA_010365205.1	1
GCA_010645215.1	5
GCA_011046135.1	2
GCA_011050415.1	1
GCA_011050525.1	1
GCA_011050655.1	1
GCA_011053055.1	1
GCA_011090425.1	1
GCA_011250595.1	1
GCA_011376105.1	1
GCA_011389515.1	1
GCA_011389655.1	1
GCA_011389685.1	1
GCA_011389735.1	2
GCA_011389745.1	1
GCA_011389855.1	1
GCA_011389895.1	1
GCA_011390035.1	1
GCA_011390055.1	2
GCA_011390065.1	1
GCA_011390135.1	1
GCA_011390205.1	3
GCA_011390315.1	1
GCA_011390475.1	2
GCA_011390755.1	1
GCA_011390855.1	1
GCA_011391125.1	1
GCA_011391155.1	1
GCA_011391255.1	1
GCA_011391275.1	1
GCA_011391295.1	1
GCA_011391495.1	3
GCA_011391545.1	2
GCA_011391595.1	2
GCA_011391745.1	1
GCA_011391855.1	3
GCA_011523825.1	1
GCA_011524605.1	2
GCA_011525365.1	1
GCA_011525945.1	2
GCA_011526095.1	1
GCA_011526105.1	1
GCA_011526165.1	1
GCA_011526585.1	2
GCA_011620215.1	3
GCA_011620245.1	1
GCA_011620265.1	2
GCA_012026675.1	1
GCA_012026795.1	2
GCA_012026835.1	2
GCA_012026885.1	2
GCA_012031035.1	1
GCA_012031215.1	4
GCA_012031225.1	2
GCA_012032215.1	2
GCA_012032275.1	1
GCA_012032555.1	1
GCA_012032775.1	2
GCA_012033195.1	3
GCA_012034075.1	2
GCA_012103475.1	1
GCA_012103505.1	1
GCA_012270995.1	1
GCA_012274205.1	1
GCA_012274225.1	2
GCA_012510865.1	1
GCA_012512545.1	2
GCA_012513825.1	4
GCA_012514535.1	3
GCA_012515985.1	1
GCA_012516015.1	1
GCA_012517025.1	1
GCA_012518835.1	3
GCA_012520095.1	1
GCA_012520935.1	1
GCA_012522805.1	1
GCA_012523465.1	1
GCA_012719355.1	1
GCA_012719655.1	1
GCA_012719955.1	1
GCA_012727555.1	1
GCA_012728915.1	2
GCA_012729835.1	1
GCA_012735395.1	2
GCA_012797505.1	2
GCA_012798435.1	1
GCA_012838445.1	1
GCA_012839035.1	3
GCA_012841045.1	2
GCA_012927585.1	4
GCA_012927625.1	3
GCA_012959805.1	1
GCA_012960155.1	1
GCA_012974435.1	1
GCA_012974475.1	1
GCA_013001295.1	1
GCA_013001575.1	1
GCA_013001595.1	2
GCA_013001805.1	1
GCA_013002165.1	1
GCA_013002405.1	2
GCA_013002535.1	1
GCA_013002645.1	1
GCA_013003075.1	1
GCA_013003155.1	1
GCA_013003245.1	1
GCA_013003285.1	1
GCA_013003675.1	2
GCA_013032095.1	1
GCA_013041835.1	1
GCA_013041995.1	1
GCA_013042105.1	1
GCA_013042605.1	1
GCA_013042895.1	1
GCA_013043915.1	3
GCA_013044035.1	2
GCA_013044085.1	1
GCA_013044305.1	1
GCA_013044415.1	1
GCA_013044475.1	1
GCA_013114715.1	2
GCA_013140975.1	1
GCA_013140995.1	2
GCA_013141015.1	1
GCA_013141175.1	1
GCA_013141255.1	2
GCA_013141295.1	1
GCA_013151335.1	1
GCA_013151435.1	1
GCA_013151535.1	1
GCA_013151695.1	1
GCA_013151775.1	2
GCA_013151835.1	2
GCA_013152105.1	2
GCA_013177795.1	1
GCA_013177825.1	2
GCA_013178375.1	2
GCA_013200995.1	1
GCA_013203465.1	1
GCA_013205335.1	3
GCA_013205525.1	1
GCA_013205565.1	2
GCA_013205645.1	2
GCA_013213785.1	1
GCA_013213825.1	1
GCA_013214025.1	1
GCA_013214525.1	2
GCA_013214545.1	1
GCA_013214635.1	1
GCA_013214665.1	1
GCA_013214695.1	1
GCA_013214715.1	1
GCA_013214885.1	1
GCA_013214945.1	1
GCA_013214965.1	1
GCA_013215175.1	2
GCA_013215465.1	2
GCA_013284265.1	3
GCA_013285465.1	3
GCA_013285995.1	2
GCA_013286285.1	1
GCA_013286365.1	2
GCA_013287275.1	1
GCA_013287545.1	1
GCA_013287665.1	3
GCA_013288015.1	1
GCA_013288335.1	2
GCA_013288345.1	2
GCA_013288545.1	1
GCA_013288565.1	2
GCA_013288985.1	1
GCA_013289265.1	1
GCA_013289615.1	1
GCA_013289985.1	4
GCA_013290035.1	2
GCA_013290125.1	2
GCA_013297545.1	2
GCA_013297655.1	1
GCA_013297695.1	2
GCA_013297775.1	2
GCA_013297865.1	3
GCA_013297875.1	1
GCA_013297885.1	1
GCA_013297925.1	3
GCA_013297985.1	2
GCA_013298105.1	2
GCA_013298245.1	1
GCA_013298325.1	1
GCA_013298375.1	1
GCA_013298415.1	2
GCA_013298485.1	2
GCA_013298545.1	2
GCA_013298625.1	2
GCA_013298715.1	2
GCA_013298745.1	2
GCA_013298815.1	2
GCA_013298895.1	1
GCA_013298945.1	2
GCA_013299045.1	2
GCA_013299055.1	2
GCA_013299115.1	2
GCA_013335535.1	2
GCA_013336035.1	3
GCA_013347225.1	1
GCA_013349735.1	1
GCA_013359135.1	1
GCA_013360485.1	2
GCA_013361525.1	4
GCA_013361955.1	2
GCA_013362725.1	5
GCA_013363835.1	1
GCA_013373085.1	1
GCA_013373125.1	1
GCA_013373205.1	1
GCA_013373265.1	1
GCA_013373325.1	2
GCA_013373375.1	1
GCA_013373445.1	1
GCA_013373515.1	1
GCA_013373545.1	1
GCA_013373625.1	2
GCA_013376735.1	1
GCA_013388755.1	1
GCA_013388805.1	2
GCA_013388965.1	4
GCA_013389075.1	2
GCA_013389105.1	2
GCA_013389125.1	1
GCA_013414705.1	1
GCA_013414765.1	2
GCA_013416395.1	1
GCA_013416405.1	2
GCA_013416445.1	2
GCA_013416455.1	2
GCA_013416485.1	2
GCA_013426805.1	1
GCA_013519935.1	4
GCA_013538675.1	1
GCA_013538805.1	1
GCA_013693735.1	1
GCA_013693815.1	1
GCA_013693835.1	1
GCA_013693875.1	1
GCA_013693915.1	1
GCA_013694585.1	4
GCA_013695435.1	2
GCA_013695565.1	1
GCA_013695665.1	1
GCA_013695685.1	1
GCA_013695705.1	2
GCA_013695765.1	3
GCA_013695885.1	2
GCA_013696315.1	3
GCA_013696365.1	1
GCA_013696665.1	1
GCA_013696695.1	1
GCA_013696785.1	1
GCA_013697045.1	1
GCA_013697055.1	1
GCA_013697245.1	3
GCA_013697585.1	1
GCA_013697645.1	2
GCA_013697725.1	2
GCA_013697825.1	1
GCA_013697955.1	1
GCA_013698395.1	1
GCA_013698435.1	1
GCA_013791905.1	1
GCA_013812145.1	2
GCA_013812245.1	2
GCA_013812655.1	1
GCA_013812775.1	2
GCA_013812955.1	1
GCA_013813615.1	1
GCA_013813765.1	1
GCA_013813945.1	1
GCA_013813955.1	2
GCA_013815405.1	1
GCA_013815485.1	1
GCA_013816615.1	2
GCA_013816895.1	2
GCA_013817595.1	1
GCA_013821245.1	6
GCA_013821585.1	1
GCA_013821825.1	1
GCA_013821865.1	1
GCA_013821905.1	3
GCA_013822015.1	3
GCA_013822125.1	1
GCA_013822265.1	2
GCA_013822275.1	1
GCA_013822685.1	5
GCA_013822765.1	3
GCA_013822885.1	3
GCA_013822915.1	2
GCA_013823245.1	1
GCA_013823485.1	2
GCA_013823565.1	3
GCA_013823635.1	2
GCA_013823655.1	1
GCA_013823725.1	1
GCA_013823855.1	1
GCA_013824015.1	2
GCA_013824045.1	1
GCA_013824055.1	1
GCA_013824165.1	2
GCA_013911135.1	1
GCA_013911595.1	1
GCA_013911655.1	3
GCA_013911715.1	1
GCA_013911885.1	1
GCA_013911975.1	3
GCA_014116815.1	1
GCA_014189435.1	2
GCA_014190675.1	1
GCA_014191855.1	1
GCA_014204625.1	1
GCA_014237465.1	1
GCA_014239625.1	1
GCA_014268975.2	1
GCA_014304965.1	1
GCA_014305025.1	1
GCA_014359765.1	1
GCA_014376425.1	1
GCA_014376525.1	1
GCA_014376645.1	2
GCA_014376765.1	2
GCA_014376805.1	1
GCA_014377055.1	1
GCA_014377705.1	1
GCA_014377845.1	2
GCA_014378345.1	1
GCA_014378485.1	2
GCA_014378555.1	1
GCA_014378805.1	1
GCA_014378995.1	3
GCA_014379045.1	2
GCA_014379395.1	2
GCA_014379805.1	3
GCA_014379915.1	2
GCA_014380005.1	2
GCA_014380115.1	2
GCA_014380205.1	2
GCA_014380485.1	2
GCA_014382715.1	1
GCA_014444615.1	1
GCA_014523485.1	1
GCA_014523495.1	2
GCA_014523525.1	1
GCA_014523625.1	5
GCA_014523665.1	16
GCA_014523685.1	3
GCA_014523695.1	10
GCA_014595895.1	1
GCA_014637085.1	3
GCA_014647715.1	1
GCA_014648495.1	1
GCA_014654775.1	1
GCA_014656495.1	1
GCA_014763715.1	1
GCA_014763785.1	1
GCA_014822185.1	2
GCA_014859445.1	1
GCA_014859905.1	1
GCA_014859945.1	1
GCA_014860355.1	1
GCA_014860395.1	1
GCA_014860445.1	1
GCA_014872815.1	1
GCA_014872875.1	1
GCA_014879375.1	2
GCA_014879745.1	3
GCA_014879945.1	2
GCA_014932895.1	2
GCA_015062335.1	1
GCA_015075105.1	1
GCA_015075165.1	4
GCA_015075425.1	1
GCA_015075545.1	3
GCA_015075635.1	3
GCA_015075645.1	3
GCA_015222795.1	1
GCA_015223225.1	1
GCA_015228815.1	1
GCA_015228925.1	1
GCA_015228935.1	1
GCA_015231395.1	1
GCA_015231615.1	1
GCA_015231705.1	1
GCA_015231915.1	2
GCA_015232025.1	1
GCA_015232455.1	1
GCA_015232465.1	1
GCA_015232485.1	2
GCA_015232555.1	1
GCA_015232645.1	1
GCA_015232935.1	1
GCA_015233035.1	1
GCA_015233245.1	1
GCA_015233295.1	1
GCA_015233355.1	1
GCA_015233465.1	1
GCA_015233615.1	1
GCA_015233755.1	1
GCA_015233895.1	1
GCA_015272195.1	2
GCA_015295905.1	1
GCA_015296065.1	1
GCA_015478825.1	1
GCA_015478895.1	1
GCA_015485375.1	1
GCA_015487305.1	1
GCA_015494375.1	1
GCA_015654615.1	2
GCA_015654675.1	1
GCA_015654725.1	1
GCA_015654825.1	1
GCA_015654855.1	1
GCA_015655225.1	1
GCA_015655335.1	1
GCA_015657575.1	2
GCA_015657635.1	2
GCA_015657735.1	4
GCA_015661095.1	1
GCA_015665455.1	1
GCA_015686845.1	1
GCA_015689645.1	1
GCA_015689685.1	1
GCA_015689705.1	1
GCA_015689745.1	1
GCA_015999985.1	2
GCA_016000085.1	1
GCA_016000195.1	3
GCA_016000265.1	3
GCA_016008875.1	1
GCA_016124195.1	1
GCA_016124255.1	1
GCA_016124315.1	2
GCA_016124335.1	1
GCA_016124385.1	1
GCA_016124495.1	1
GCA_016124615.1	2
GCA_016124635.1	3
GCA_016124645.1	1
GCA_016124655.1	2
GCA_016124675.1	1
GCA_016124795.1	1
GCA_016124805.1	1
GCA_016124905.1	1
GCA_016125045.1	2
GCA_016125135.1	1
GCA_016125375.1	1
GCA_016125405.1	1
GCA_016125425.1	1
GCA_016125455.1	1
GCA_016125475.1	1
GCA_016125495.1	2
GCA_016125585.1	2
GCA_016177575.1	1
GCA_016177705.1	1
GCA_016177765.1	2
GCA_016177805.1	1
GCA_016177865.1	1
GCA_016177875.1	5
GCA_016178015.1	2
GCA_016178265.1	2
GCA_016179165.1	3
GCA_016179965.1	1
GCA_016182845.1	1
GCA_016182965.1	2
GCA_016183235.1	2
GCA_016183615.1	4
GCA_016183655.1	2
GCA_016183675.1	2
GCA_016183985.1	4
GCA_016184045.1	1
GCA_016185015.1	3
GCA_016185075.1	4
GCA_016185125.1	2
GCA_016185145.1	3
GCA_016185205.1	1
GCA_016187325.1	1
GCA_016187835.1	1
GCA_016188575.1	4
GCA_016190375.1	2
GCA_016191205.1	1
GCA_016191245.1	3
GCA_016191305.1	3
GCA_016191525.1	3
GCA_016191685.1	2
GCA_016191785.1	3
GCA_016191995.1	1
GCA_016192025.1	1
GCA_016192065.1	2
GCA_016192425.1	3
GCA_016192435.1	1
GCA_016192825.1	2
GCA_016192835.1	1
GCA_016193045.1	1
GCA_016193285.1	2
GCA_016193395.1	1
GCA_016193465.1	1
GCA_016194905.1	2
GCA_016194935.1	2
GCA_016194975.1	2
GCA_016194985.1	3
GCA_016195085.1	1
GCA_016195095.1	2
GCA_016195115.1	7
GCA_016195125.1	2
GCA_016195145.1	3
GCA_016195205.1	1
GCA_016195825.1	5
GCA_016195915.1	2
GCA_016196925.1	1
GCA_016197345.1	1
GCA_016198885.1	1
GCA_016199745.1	2
GCA_016200085.1	1
GCA_016200385.1	1
GCA_016200585.1	3
GCA_016200845.1	1
GCA_016200895.1	3
GCA_016201015.1	3
GCA_016201045.1	4
GCA_016201085.1	1
GCA_016201435.1	3
GCA_016201575.1	1
GCA_016201645.1	1
GCA_016201905.1	2
GCA_016202395.1	2
GCA_016202565.1	3
GCA_016202605.1	2
GCA_016207685.1	1
GCA_016208415.1	1
GCA_016208425.1	1
GCA_016209145.1	1
GCA_016209385.1	1
GCA_016209425.1	1
GCA_016209635.1	1
GCA_016210005.1	1
GCA_016210055.1	1
GCA_016210745.1	3
GCA_016212565.1	3
GCA_016212965.1	2
GCA_016213205.1	1
GCA_016213265.1	1
GCA_016213325.1	4
GCA_016213575.1	1
GCA_016213785.1	1
GCA_016213845.1	1
GCA_016214145.1	3
GCA_016214175.1	1
GCA_016214955.1	1
GCA_016215085.1	1
GCA_016215465.1	1
GCA_016215605.1	1
GCA_016215645.1	2
GCA_016218725.1	1
GCA_016218805.1	1
GCA_016218825.1	2
GCA_016218865.1	1
GCA_016218925.1	1
GCA_016219375.1	4
GCA_016223165.1	3
GCA_016234445.1	1
GCA_016234705.1	2
GCA_016234745.1	2
GCA_016235025.1	1
GCA_016235165.1	1
GCA_016235765.1	2
GCA_016235805.1	1
GCA_016278295.1	1
GCA_016278325.1	1
GCA_016342325.1	2
GCA_016428805.1	2
GCA_016428875.1	2
GCA_016428905.1	2
GCA_016428915.1	3
GCA_016429015.1	2
GCA_016429195.1	1
GCA_016429215.1	3
GCA_016463045.1	2
GCA_016463225.1	3
GCA_016463455.1	2
GCA_016463765.1	2
GCA_016464775.1	1
GCA_016471375.1	1
GCA_016521575.1	1
GCA_016522385.1	1
GCA_016599855.1	5
GCA_016616425.1	3
GCA_016617495.1	3
GCA_016649475.1	1
GCA_016650315.1	1
GCA_016699855.1	1
GCA_016702335.1	1
GCA_016702555.1	3
GCA_016702605.1	3
GCA_016702655.1	2
GCA_016702705.1	3
GCA_016703325.1	3
GCA_016703425.1	3
GCA_016703665.1	3
GCA_016703765.1	1
GCA_016703785.1	2
GCA_016703895.1	1
GCA_016703945.1	2
GCA_016704145.1	1
GCA_016704435.1	1
GCA_016704535.1	2
GCA_016704655.1	1
GCA_016704895.1	2
GCA_016705325.1	2
GCA_016705475.1	3
GCA_016705575.1	2
GCA_016705695.1	2
GCA_016706225.1	3
GCA_016706545.1	2
GCA_016706685.1	2
GCA_016707075.1	2
GCA_016707445.1	3
GCA_016707485.1	3
GCA_016707895.1	2
GCA_016708345.1	2
GCA_016708435.1	1
GCA_016708585.1	2
GCA_016708725.1	1
GCA_016708825.1	1
GCA_016708845.1	1
GCA_016708905.1	2
GCA_016708925.1	1
GCA_016709225.1	1
GCA_016709335.1	1
GCA_016709385.1	3
GCA_016709495.1	3
GCA_016709545.1	2
GCA_016709575.1	2
GCA_016709665.1	3
GCA_016709675.1	1
GCA_016709965.1	4
GCA_016710065.1	4
GCA_016710235.1	1
GCA_016710265.1	1
GCA_016710465.1	2
GCA_016710525.1	2
GCA_016710585.1	1
GCA_016710885.1	1
GCA_016711045.1	2
GCA_016711125.1	1
GCA_016711285.1	1
GCA_016711485.1	1
GCA_016711805.1	2
GCA_016711825.1	1
GCA_016711875.1	2
GCA_016712105.1	1
GCA_016712145.1	1
GCA_016712225.1	1
GCA_016712315.1	1
GCA_016712345.1	1
GCA_016712445.1	1
GCA_016712525.1	3
GCA_016712595.1	1
GCA_016712625.1	1
GCA_016712715.1	2
GCA_016712745.1	2
GCA_016713005.1	1
GCA_016713125.1	1
GCA_016713225.1	1
GCA_016713235.1	1
GCA_016713335.1	2
GCA_016713405.1	1
GCA_016713535.1	2
GCA_016713625.1	2
GCA_016713725.1	3
GCA_016713885.1	2
GCA_016713905.1	1
GCA_016714025.1	1
GCA_016714225.1	1
GCA_016714365.1	1
GCA_016714495.1	1
GCA_016714645.1	2
GCA_016714795.1	1
GCA_016714935.1	2
GCA_016714975.1	3
GCA_016715885.1	1
GCA_016715905.1	3
GCA_016715965.1	1
GCA_016716085.1	3
GCA_016716185.1	1
GCA_016716275.1	2
GCA_016716425.1	3
GCA_016716535.1	1
GCA_016716675.1	2
GCA_016716745.1	1
GCA_016716835.1	1
GCA_016716965.1	2
GCA_016717005.1	2
GCA_016717265.1	1
GCA_016717335.1	2
GCA_016717855.1	1
GCA_016718155.1	2
GCA_016718405.1	2
GCA_016718525.1	2
GCA_016719135.1	2
GCA_016719385.1	4
GCA_016719405.1	2
GCA_016719535.1	2
GCA_016719615.1	1
GCA_016719885.1	1
GCA_016719945.1	1
GCA_016720065.1	3
GCA_016720425.1	1
GCA_016720545.1	2
GCA_016720595.1	1
GCA_016720685.1	2
GCA_016720855.1	1
GCA_016720925.1	4
GCA_016721015.1	4
GCA_016721185.1	3
GCA_016721465.1	2
GCA_016721505.1	1
GCA_016721925.1	1
GCA_016722075.1	2
GCA_016722295.1	1
GCA_016722705.1	1
GCA_016722945.1	1
GCA_016741995.1	2
GCA_016742295.1	4
GCA_016744355.1	1
GCA_016744695.1	1
GCA_016745215.1	1
GCA_016763155.1	1
GCA_016763395.1	1
GCA_016763475.1	1
GCA_016764415.1	1
GCA_016764775.1	1
GCA_016765295.1	2
GCA_016779585.1	1
GCA_016779605.1	1
GCA_016780605.1	5
GCA_016781555.1	1
GCA_016782225.1	3
GCA_016782315.1	5
GCA_016783965.1	1
GCA_016785015.1	2
GCA_016785955.1	1
GCA_016787365.1	2
GCA_016787445.1	2
GCA_016787525.1	1
GCA_016787575.1	1
GCA_016787705.1	3
GCA_016787785.1	2
GCA_016787895.1	2
GCA_016788025.1	2
GCA_016788495.1	2
GCA_016788525.1	2
GCA_016788865.1	1
GCA_016789125.1	2
GCA_016789295.1	1
GCA_016789405.1	1
GCA_016789495.1	2
GCA_016789845.1	1
GCA_016789865.1	3
GCA_016789885.1	2
GCA_016789955.1	2
GCA_016790005.1	1
GCA_016790045.1	1
GCA_016790165.1	1
GCA_016790175.1	4
GCA_016790285.1	3
GCA_016790365.1	2
GCA_016790395.1	2
GCA_016790425.1	1
GCA_016790435.1	1
GCA_016790475.1	4
GCA_016790515.1	3
GCA_016790575.1	1
GCA_016790625.1	3
GCA_016790635.1	3
GCA_016790695.1	3
GCA_016790705.1	1
GCA_016790765.1	1
GCA_016790815.1	2
GCA_016790845.1	3
GCA_016790885.1	1
GCA_016790965.1	3
GCA_016791005.1	4
GCA_016791025.1	4
GCA_016791045.1	1
GCA_016791065.1	3
GCA_016791085.1	4
GCA_016791105.1	3
GCA_016791115.1	1
GCA_016791145.1	1
GCA_016791205.1	1
GCA_016791265.1	4
GCA_016791325.1	1
GCA_016791345.1	2
GCA_016791365.1	1
GCA_016791425.1	2
GCA_016791445.1	1
GCA_016791465.1	2
GCA_016792585.1	1
GCA_016792605.1	3
GCA_016792625.1	1
GCA_016792665.1	1
GCA_016792765.1	1
GCA_016792845.1	1
GCA_016792935.1	2
GCA_016793045.1	3
GCA_016793085.1	1
GCA_016793095.1	2
GCA_016793165.1	3
GCA_016793325.1	2
GCA_016793355.1	1
GCA_016793445.1	3
GCA_016793485.1	1
GCA_016793505.1	1
GCA_016793565.1	1
GCA_016793635.1	1
GCA_016793775.1	1
GCA_016793875.1	1
GCA_016793925.1	1
GCA_016793965.1	4
GCA_016794005.1	2
GCA_016794025.1	1
GCA_016794075.1	2
GCA_016794145.1	1
GCA_016794165.1	3
GCA_016794245.1	1
GCA_016794305.1	1
GCA_016794325.1	2
GCA_016794345.1	2
GCA_016794365.1	1
GCA_016794445.1	2
GCA_016794465.1	1
GCA_016794505.1	1
GCA_016794525.1	2
GCA_016794545.1	1
GCA_016794595.1	2
GCA_016794615.1	2
GCA_016839165.1	4
GCA_016841675.1	1
GCA_016841875.1	1
GCA_016844605.1	1
GCA_016845585.1	1
GCA_016861105.1	1
GCA_016861165.1	1
GCA_016865015.1	1
GCA_016868015.1	1
GCA_016868035.1	2
GCA_016868055.1	1
GCA_016868175.1	1
GCA_016868205.1	1
GCA_016868295.1	2
GCA_016868355.1	1
GCA_016869075.1	1
GCA_016869145.1	1
GCA_016869175.1	4
GCA_016869215.1	2
GCA_016869285.1	1
GCA_016869375.1	1
GCA_016869415.1	1
GCA_016869435.1	1
GCA_016869515.1	2
GCA_016869535.1	1
GCA_016869555.1	1
GCA_016869595.1	1
GCA_016869645.1	2
GCA_016869675.1	2
GCA_016869715.1	1
GCA_016869735.1	1
GCA_016869765.1	1
GCA_016869875.1	2
GCA_016869895.1	1
GCA_016869975.1	2
GCA_016870055.1	1
GCA_016870095.1	1
GCA_016871255.1	1
GCA_016872535.1	1
GCA_016874095.1	1
GCA_016874135.1	2
GCA_016874295.1	1
GCA_016874835.1	1
GCA_016874845.1	1
GCA_016875315.1	1
GCA_016875405.1	1
GCA_016875995.1	1
GCA_016879935.1	2
GCA_016880375.1	2
GCA_016880655.1	2
GCA_016882265.1	1
GCA_016888885.1	1
GCA_016903655.1	1
GCA_016926755.1	1
GCA_016933215.1	1
GCA_016933675.1	1
GCA_016933965.1	2
GCA_016934455.1	1
GCA_016936035.1	1
GCA_016936395.1	1
GCA_016936875.1	2
GCA_016937195.1	1
GCA_016937575.1	3
GCA_016937725.1	1
GCA_017302035.1	1
GCA_017302045.1	1
GCA_017302135.1	1
GCA_017302295.1	2
GCA_017302335.1	1
GCA_017302435.1	1
GCA_017302485.1	1
GCA_017302495.1	1
GCA_017302505.1	1
GCA_017302575.1	1
GCA_017302635.1	1
GCA_017302655.1	3
GCA_017302755.1	1
GCA_017302795.1	2
GCA_017303355.1	1
GCA_017303485.1	1
GCA_017303575.1	1
GCA_017303715.1	1
GCA_017303905.1	3
GCA_017304105.1	1
GCA_017304125.1	1
GCA_017304275.1	1
GCA_017304475.1	2
GCA_017304505.1	1
GCA_017304655.1	1
GCA_017304685.1	1
GCA_017304945.1	3
GCA_017305055.1	1
GCA_017305455.1	1
GCA_017305515.1	3
GCA_017305535.1	2
GCA_017305555.1	2
GCA_017305595.1	2
GCA_017305635.1	1
GCA_017305665.1	5
GCA_017305715.1	3
GCA_017305835.1	1
GCA_017306715.1	4
GCA_017307065.1	2
GCA_017307205.1	1
GCA_017307275.1	3
GCA_017307285.1	3
GCA_017307335.1	2
GCA_017307355.1	1
GCA_017307785.1	2
GCA_017307855.1	2
GCA_017307915.1	2
GCA_017307955.1	1
GCA_017308115.1	1
GCA_017308135.1	1
GCA_017308235.1	2
GCA_017308345.1	2
GCA_017308575.1	4
GCA_017308595.1	4
GCA_017309145.1	4
GCA_017309275.1	1
GCA_017347485.1	1
GCA_017353815.1	4
GCA_017353825.1	2
GCA_017353855.1	2
GCA_017354095.1	2
GCA_017390475.1	2
GCA_017433825.1	3
GCA_017437605.1	1
GCA_017439665.1	1
GCA_017458185.1	1
GCA_017459605.1	1
GCA_017474385.1	3
GCA_017476405.1	1
GCA_017508845.1	1
GCA_017510335.1	1
GCA_017511185.1	2
GCA_017512425.1	1
GCA_017515565.1	2
GCA_017518845.1	1
GCA_017536965.1	2
GCA_017540565.1	1
GCA_017542965.1	1
GCA_017553165.1	1
GCA_017577615.2	1
GCA_017592665.1	1
GCA_017612585.1	2
GCA_017614525.1	1
GCA_017622135.1	1
GCA_017640505.1	1
GCA_017640615.1	1
GCA_017642885.1	1
GCA_017642895.1	2
GCA_017642935.1	1
GCA_017643025.1	1
GCA_017643215.1	1
GCA_017643325.1	1
GCA_017644005.1	1
GCA_017644045.1	2
GCA_017644105.1	1
GCA_017645365.1	1
GCA_017649895.1	1
GCA_017652745.1	1
GCA_017743475.1	2
GCA_017744285.1	3
GCA_017744355.1	1
GCA_017744365.1	1
GCA_017744495.1	1
GCA_017744935.1	3
GCA_017745175.1	2
GCA_017745195.1	2
GCA_017745235.1	1
GCA_017745295.1	2
GCA_017745595.1	2
GCA_017792345.1	1
GCA_017792365.1	1
GCA_017792405.1	1
GCA_017792445.1	1
GCA_017792465.1	3
GCA_017794825.1	1
GCA_017794925.1	1
GCA_017794945.1	1
GCA_017848855.1	1
GCA_017849325.1	3
GCA_017849395.1	1
GCA_017849615.1	1
GCA_017854585.1	1
GCA_017854675.1	1
GCA_017854855.1	1
GCA_017857895.1	1
GCA_017880705.1	2
GCA_017880745.1	1
GCA_017880775.1	2
GCA_017880805.1	3
GCA_017880985.1	1
GCA_017881025.1	3
GCA_017881055.1	2
GCA_017881265.1	1
GCA_017881345.1	1
GCA_017881795.1	1
GCA_017882465.1	4
GCA_017882585.1	1
GCA_017882715.1	1
GCA_017882835.1	1
GCA_017886375.1	1
GCA_017886405.1	2
GCA_017934045.1	1
GCA_017936345.1	1
GCA_017983445.1	1
GCA_017983615.1	3
GCA_017983635.1	2
GCA_017983755.1	1
GCA_017983955.1	2
GCA_017984755.1	1
GCA_017985015.1	2
GCA_017986055.1	1
GCA_017986065.1	2
GCA_017986605.1	2
GCA_017989135.1	1
GCA_017990865.1	2
GCA_017990895.1	3
GCA_017991555.1	1
GCA_017992055.1	2
GCA_017992885.1	2
GCA_017993335.1	4
GCA_017993615.1	2
GCA_017996055.1	1
GCA_017996175.1	1
GCA_017997455.1	1
GCA_017997715.1	3
GCA_017997795.1	2
GCA_017997975.1	2
GCA_017998735.1	1
GCA_017999135.1	1
GCA_018000995.1	2
GCA_018004935.1	1
GCA_018053845.1	1
GCA_018055005.1	1
GCA_018056045.1	2
GCA_018056685.1	1
GCA_018057015.1	2
GCA_018057165.1	1
GCA_018057345.1	2
GCA_018057605.1	1
GCA_018057825.1	2
GCA_018058035.1	1
GCA_018058095.1	2
GCA_018060215.1	2
GCA_018060485.1	2
GCA_018060625.1	1
GCA_018061005.1	2
GCA_018061465.1	1
GCA_018061565.1	1
GCA_018061965.1	2
GCA_018062105.1	3
GCA_018062345.1	1
GCA_018063505.1	4
GCA_018066715.1	2
GCA_018066865.1	1
GCA_018067045.1	1
GCA_018069465.1	1
GCA_018129965.1	4
GCA_018131015.1	4
GCA_018222405.1	1
GCA_018222585.1	1
GCA_018222605.1	1
GCA_018222805.1	1
GCA_018222825.1	2
GCA_018222865.1	1
GCA_018223035.1	1
GCA_018223125.1	1
GCA_018223185.1	1
GCA_018224455.1	1
GCA_018240245.1	1
GCA_018240265.1	1
GCA_018240295.1	5
GCA_018240325.1	4
GCA_018240405.1	3
GCA_018240425.1	3
GCA_018240435.1	1
GCA_018240465.1	2
GCA_018240505.1	2
GCA_018240545.1	1
GCA_018240565.1	2
GCA_018240585.1	3
GCA_018240595.1	1
GCA_018240625.1	2
GCA_018240635.1	4
GCA_018240685.1	2
GCA_018240765.1	1
GCA_018240785.1	3
GCA_018240865.1	1
GCA_018240985.1	4
GCA_018240995.1	3
GCA_018241025.1	1
GCA_018241125.1	1
GCA_018241165.1	1
GCA_018241185.1	3
GCA_018241225.1	2
GCA_018241265.1	3
GCA_018241325.1	5
GCA_018241335.1	2
GCA_018241365.1	1
GCA_018241405.1	3
GCA_018241425.1	1
GCA_018241445.1	1
GCA_018241525.1	2
GCA_018241545.1	2
GCA_018241645.1	3
GCA_018241665.1	5
GCA_018241685.1	4
GCA_018241695.1	2
GCA_018241725.1	4
GCA_018241745.1	3
GCA_018241765.1	2
GCA_018241785.1	6
GCA_018241895.1	3
GCA_018241905.1	2
GCA_018241965.1	2
GCA_018241985.1	5
GCA_018241995.1	1
GCA_018242005.1	3
GCA_018242045.1	2
GCA_018242165.1	1
GCA_018242205.1	2
GCA_018242215.1	3
GCA_018242255.1	5
GCA_018242295.1	3
GCA_018242365.1	1
GCA_018242405.1	1
GCA_018242425.1	1
GCA_018242505.1	1
GCA_018260425.1	1
GCA_018261735.1	2
GCA_018261895.1	3
GCA_018261905.1	3
GCA_018261935.1	2
GCA_018262095.1	2
GCA_018262135.1	1
GCA_018262195.1	3
GCA_018262235.1	3
GCA_018262245.1	3
GCA_018262285.1	2
GCA_018262315.1	1
GCA_018262705.1	1
GCA_018262775.1	1
GCA_018262975.1	1
GCA_018263405.1	1
GCA_018266075.1	2
GCA_018266095.1	1
GCA_018266105.1	2
GCA_018266315.1	2
GCA_018267475.1	1
GCA_018267655.1	2
GCA_018267825.1	2
GCA_018267915.1	1
GCA_018268465.1	3
GCA_018268595.1	1
GCA_018269075.1	1
GCA_018333525.1	1
GCA_018333605.1	1
GCA_018334995.1	1
GCA_018335895.1	1
GCA_018336035.1	2
GCA_018384835.1	1
GCA_018401435.1	2
GCA_018401465.1	1
GCA_018401495.1	2
GCA_018401555.1	1
GCA_018401965.1	1
GCA_018432315.1	1
GCA_018433085.1	1
GCA_018435665.1	1
GCA_018436855.1	1
GCA_018449595.1	1
GCA_018606805.1	2
GCA_018607725.1	1
GCA_018609755.1	1
GCA_018613035.1	1
GCA_018614875.1	2
GCA_018614915.1	2
GCA_018614955.1	1
GCA_018623515.1	1
GCA_018660405.1	1
GCA_018662305.1	1
GCA_018668695.1	1
GCA_018672315.1	2
GCA_018676275.1	1
GCA_018725565.1	1
GCA_018780145.1	3
GCA_018780185.1	2
GCA_018780265.1	1
GCA_018780365.1	3
GCA_018780415.1	5
GCA_018780435.1	1
GCA_018780645.1	2
GCA_018780805.1	2
GCA_018812395.1	1
GCA_018812945.1	2
GCA_018815245.1	4
GCA_018815325.1	4
GCA_018819265.1	1
GCA_018819515.1	2
GCA_018820205.1	1
GCA_018820275.1	1
GCA_018820395.1	1
GCA_018820665.1	1
GCA_018821435.1	1
GCA_018821715.1	1
GCA_018823325.1	1
GCA_018823415.1	1
GCA_018823905.1	1
GCA_018824085.1	1
GCA_018825305.1	2
GCA_018826885.1	1
GCA_018826895.1	1
GCA_018827375.1	1
GCA_018828125.1	2
GCA_018828385.1	2
GCA_018829385.1	1
GCA_018830285.1	1
GCA_018830415.1	1
GCA_018830445.1	2
GCA_018882485.1	1
GCA_018882635.1	1
GCA_018882785.1	1
GCA_018882935.1	1
GCA_018882975.1	1
GCA_018883305.1	1
GCA_018883385.1	1
GCA_018883455.1	1
GCA_018883865.1	1
GCA_018883945.1	3
GCA_018889975.1	1
GCA_018900975.1	1
GCA_018903185.1	2
GCA_018969015.1	2
GCA_018969935.1	1
GCA_018969975.1	1
GCA_018970865.1	1
GCA_018970895.1	1
GCA_018971105.1	3
GCA_018971155.1	4
GCA_018971195.1	1
GCA_018971215.1	1
GCA_018971405.1	1
GCA_018971565.1	2
GCA_018971625.1	2
GCA_018971675.1	2
GCA_018971725.1	2
GCA_018971835.1	1
GCA_018971905.1	1
GCA_019075865.1	1
GCA_019075905.1	2
GCA_019075925.1	7
GCA_019083985.1	1
GCA_019084025.1	2
GCA_019090225.1	1
GCA_019104905.1	2
GCA_019105045.1	1
GCA_019112875.1	4
GCA_019112965.1	1
GCA_019115725.1	2
GCA_019136105.1	1
GCA_019136545.1	1
GCA_019137195.1	2
GCA_019166125.1	1
GCA_019186965.1	2
GCA_019187085.1	1
GCA_019187185.1	1
GCA_019187365.1	1
GCA_019187495.1	1
GCA_019192455.1	3
GCA_019192585.1	1
GCA_019232665.1	3
GCA_019232735.1	1
GCA_019232795.1	1
GCA_019233055.1	4
GCA_019233085.1	4
GCA_019233165.1	1
GCA_019233695.1	1
GCA_019233975.1	1
GCA_019234295.1	3
GCA_019234745.1	2
GCA_019234815.1	3
GCA_019235245.1	1
GCA_019235415.1	9
GCA_019235445.1	1
GCA_019235715.1	2
GCA_019235885.1	1
GCA_019236395.1	5
GCA_019236485.1	1
GCA_019236495.1	1
GCA_019236735.1	3
GCA_019236975.1	1
GCA_019237095.1	3
GCA_019237135.1	2
GCA_019237175.1	5
GCA_019237205.1	3
GCA_019237215.1	8
GCA_019237355.1	10
GCA_019237415.1	1
GCA_019237595.1	1
GCA_019237945.1	1
GCA_019239375.1	2
GCA_019239415.1	1
GCA_019239445.1	2
GCA_019239835.1	1
GCA_019239875.1	2
GCA_019239915.1	2
GCA_019239975.1	1
GCA_019240125.1	1
GCA_019240215.1	1
GCA_019240305.1	1
GCA_019240395.1	1
GCA_019240635.1	2
GCA_019240655.1	2
GCA_019241285.1	6
GCA_019241425.1	4
GCA_019241525.1	1
GCA_019241915.1	1
GCA_019242385.1	3
GCA_019242395.1	1
GCA_019242655.1	1
GCA_019243075.1	2
GCA_019243195.1	2
GCA_019243895.1	2
GCA_019244395.1	2
GCA_019244535.1	2
GCA_019244955.1	2
GCA_019245455.1	2
GCA_019245555.1	1
GCA_019246625.1	11
GCA_019246665.1	3
GCA_019246795.1	1
GCA_019247195.1	2
GCA_019247245.1	3
GCA_019247255.1	2
GCA_019247605.1	3
GCA_019247715.1	1
GCA_019247755.1	1
GCA_019247795.1	1
GCA_019247925.1	1
GCA_019285715.1	1
GCA_019307065.1	1
GCA_019309605.1	1
GCA_019310535.1	1
GCA_019312665.1	1
GCA_019313105.1	2
GCA_019313915.1	1
GCA_019314375.1	1
GCA_019347595.1	1
GCA_019347695.1	1
GCA_019348195.1	1
GCA_019351895.1	3
GCA_019351955.1	1
GCA_019352115.1	4
GCA_019353055.1	1
GCA_019358875.1	1
GCA_019359015.1	1
GCA_019359075.1	1
GCA_019359215.1	1
GCA_019420525.1	1
GCA_019429405.1	1
GCA_019448215.1	1
GCA_019449455.1	1
GCA_019449555.1	2
GCA_019449595.1	3
GCA_019454205.1	1
GCA_019454225.1	1
GCA_019454835.1	1
GCA_019454865.1	1
GCA_019455155.1	3
GCA_019455325.1	1
GCA_019456345.1	1
GCA_019459505.1	2
GCA_019508105.1	1
GCA_019508225.1	1
GCA_019509985.1	5
GCA_019510125.1	2
GCA_019510195.1	1
GCA_019510435.1	3
GCA_019510465.1	7
GCA_019634145.1	1
GCA_019634165.1	1
GCA_019634405.1	1
GCA_019634415.1	1
GCA_019634715.1	1
GCA_019634735.1	1
GCA_019634795.1	4
GCA_019634835.1	2
GCA_019634895.1	1
GCA_019634955.1	2
GCA_019634975.1	1
GCA_019635015.1	1
GCA_019635275.1	3
GCA_019635285.1	2
GCA_019635315.1	2
GCA_019635355.1	3
GCA_019635415.1	3
GCA_019635435.1	3
GCA_019635485.1	3
GCA_019635535.1	1
GCA_019635575.1	1
GCA_019635585.1	1
GCA_019635635.1	1
GCA_019635715.1	1
GCA_019635735.1	1
GCA_019635875.1	2
GCA_019636035.1	2
GCA_019636055.1	2
GCA_019636175.1	1
GCA_019636275.1	1
GCA_019637095.1	2
GCA_019637105.1	1
GCA_019637115.1	1
GCA_019637155.1	1
GCA_019637175.1	2
GCA_019637195.1	1
GCA_019637225.1	1
GCA_019637265.1	2
GCA_019637295.1	2
GCA_019637375.1	1
GCA_019637395.1	1
GCA_019637795.1	3
GCA_019638385.1	1
GCA_019638705.1	1
GCA_019639255.1	1
GCA_019670725.1	1
GCA_019689515.1	3
GCA_019689555.1	1
GCA_019689675.1	2
GCA_019694255.1	1
GCA_019694315.1	1
GCA_019694335.1	1
GCA_019694555.1	1
GCA_019694655.1	1
GCA_019694685.1	1
GCA_019695155.1	1
GCA_019695455.1	1
GCA_019703815.1	4
GCA_019739215.1	1
GCA_019739225.1	1
GCA_019744885.1	3
GCA_019744975.1	3
GCA_019745005.1	1
GCA_019745195.1	3
GCA_019745275.1	1
GCA_019745555.1	3
GCA_019745565.1	2
GCA_019745575.1	3
GCA_019745615.1	1
GCA_019745755.1	1
GCA_019745775.1	2
GCA_019746135.1	3
GCA_019746155.1	3
GCA_019746225.1	1
GCA_019746735.1	2
GCA_019747015.1	3
GCA_019747075.1	1
GCA_019747095.1	1
GCA_019747155.1	1
GCA_019747165.1	1
GCA_019747315.1	3
GCA_019747795.1	1
GCA_019747815.1	2
GCA_019747905.1	1
GCA_019748065.1	1
GCA_019748095.1	1
GCA_019748135.1	1
GCA_019748155.1	2
GCA_019748215.1	2
GCA_019748335.1	4
GCA_019749805.1	1
GCA_019749855.1	2
GCA_019749915.1	1
GCA_019749935.1	1
GCA_019749945.1	3
GCA_019750035.1	1
GCA_019750135.1	5
GCA_019750465.1	6
GCA_019750475.1	1
GCA_019750575.1	1
GCA_019750915.1	2
GCA_019751125.1	1
GCA_019751575.1	1
GCA_019751635.1	1
GCA_019751755.1	2
GCA_019751875.1	4
GCA_019751935.1	1
GCA_019752515.1	1
GCA_019752575.1	1
GCA_019753105.1	2
GCA_019753285.1	2
GCA_019753375.1	3
GCA_019799905.1	1
GCA_019799925.1	2
GCA_019801015.1	1
GCA_019801415.1	1
GCA_019805165.1	2
GCA_019912685.1	2
GCA_019912745.1	3
GCA_020028375.1	2
GCA_020029455.1	1
GCA_020029545.1	1
GCA_020041925.1	1
GCA_020047875.1	2
GCA_020048405.1	2
GCA_020048435.1	2
GCA_020048895.1	3
GCA_020049775.1	2
GCA_020049805.1	1
GCA_020050435.1	2
GCA_020050595.1	1
GCA_020050695.1	2
GCA_020054105.1	2
GCA_020054175.1	1
GCA_020054325.1	4
GCA_020056155.1	5
GCA_020061105.1	1
GCA_020062665.1	2
GCA_020073305.1	2
GCA_020160755.1	2
GCA_020160875.1	1
GCA_020160955.1	2
GCA_020160995.1	3
GCA_020161065.1	3
GCA_020161145.1	3
GCA_020161215.1	3
GCA_020161335.1	3
GCA_020161365.1	1
GCA_020161475.1	1
GCA_020161545.1	2
GCA_020161615.1	1
GCA_020161655.1	1
GCA_020161695.1	1
GCA_020161725.1	2
GCA_020161775.1	3
GCA_020161965.1	1
GCA_020162035.1	2
GCA_020171285.1	2
GCA_020179385.1	1
GCA_020193575.1	1
GCA_020193655.1	2
GCA_020201075.1	1
GCA_020201095.1	1
GCA_020201155.1	1
GCA_020201235.1	1
GCA_020217035.1	2
GCA_020247085.1	1
GCA_020247395.1	1
GCA_020247545.1	1
GCA_020248405.1	1
GCA_020248665.1	1
GCA_020248865.1	2
GCA_020248905.1	2
GCA_020248915.1	1
GCA_020248945.1	2
GCA_020248985.1	1
GCA_020249045.1	1
GCA_020249125.1	2
GCA_020249145.1	2
GCA_020249265.1	2
GCA_020249285.1	2
GCA_020249415.1	2
GCA_020249435.1	2
GCA_020249465.1	2
GCA_020249505.1	2
GCA_020249775.1	2
GCA_020249825.1	2
GCA_020249865.1	2
GCA_020249925.1	2
GCA_020250005.1	2
GCA_020250125.1	2
GCA_020250175.1	2
GCA_020250445.1	2
GCA_020251025.1	2
GCA_020252485.1	2
GCA_020253445.1	1
GCA_020253595.1	1
GCA_020341735.1	1
GCA_020345745.1	1
GCA_020346185.1	2
GCA_020347605.1	1
GCA_020350905.1	1
GCA_020351445.1	1
GCA_020351875.1	1
GCA_020354125.1	4
GCA_020354665.1	1
GCA_020355165.1	1
GCA_020356105.1	1
GCA_020402865.1	2
GCA_020403265.1	2
GCA_020425085.1	1
GCA_020425105.1	2
GCA_020425125.1	2
GCA_020425485.1	1
GCA_020425635.1	1
GCA_020430585.1	3
GCA_020430775.1	2
GCA_020431135.1	1
GCA_020431405.1	1
GCA_020431985.1	1
GCA_020431995.1	1
GCA_020433805.1	2
GCA_020434085.1	1
GCA_020436535.1	4
GCA_020436785.1	1
GCA_020436835.1	1
GCA_020436865.1	1
GCA_020437045.1	1
GCA_020438795.1	3
GCA_020438905.1	1
GCA_020439405.1	1
GCA_020440825.1	1
GCA_020441005.1	1
GCA_020441025.1	1
GCA_020441135.1	1
GCA_020441165.1	3
GCA_020441385.1	2
GCA_020441545.1	2
GCA_020441805.1	1
GCA_020441905.1	1
GCA_020441995.1	1
GCA_020442165.1	2
GCA_020442185.1	1
GCA_020442235.1	1
GCA_020442275.1	3
GCA_020442425.1	1
GCA_020442475.1	1
GCA_020443075.1	1
GCA_020443225.1	1
GCA_020443245.1	1
GCA_020443295.1	1
GCA_020443345.1	1
GCA_020445005.1	1
GCA_020445145.1	1
GCA_020445605.1	1
GCA_020445665.1	2
GCA_020445745.1	5
GCA_020445765.1	6
GCA_020445785.1	3
GCA_020445805.1	3
GCA_020445945.1	1
GCA_020446005.1	1
GCA_020446525.1	2
GCA_020446725.1	1
GCA_020446815.1	1
GCA_020447005.1	2
GCA_020528935.1	3
GCA_020535565.1	4
GCA_020544565.1	4
GCA_020621405.1	1
GCA_020621865.1	4
GCA_020622085.1	2
GCA_020627605.1	1
GCA_020628035.1	1
GCA_020628545.1	1
GCA_020628775.1	1
GCA_020628815.1	1
GCA_020628895.1	3
GCA_020629115.1	1
GCA_020629175.1	1
GCA_020629955.1	3
GCA_020629995.1	1
GCA_020630595.1	1
GCA_020632695.1	1
GCA_020632715.1	1
GCA_020632795.1	1
GCA_020632875.1	1
GCA_020632925.1	2
GCA_020633055.1	1
GCA_020633075.1	2
GCA_020633125.1	1
GCA_020633195.1	3
GCA_020633205.1	2
GCA_020633235.1	2
GCA_020633295.1	2
GCA_020633315.1	2
GCA_020633335.1	1
GCA_020633435.1	2
GCA_020633465.1	2
GCA_020633495.1	2
GCA_020633555.1	1
GCA_020634515.1	1
GCA_020634815.1	2
GCA_020634855.1	1
GCA_020634935.1	2
GCA_020636095.1	6
GCA_020636135.1	1
GCA_020636215.1	3
GCA_020636255.1	3
GCA_020636275.1	1
GCA_020636315.1	4
GCA_020636375.1	3
GCA_020636405.1	3
GCA_020636435.1	4
GCA_020636895.1	1
GCA_020636915.1	1
GCA_020636995.1	3
GCA_020637295.1	2
GCA_020637515.1	1
GCA_020637555.1	1
GCA_020637615.1	2
GCA_020637635.1	2
GCA_020637675.1	1
GCA_020637755.1	1
GCA_020637795.1	1
GCA_020637805.1	1
GCA_020637815.1	2
GCA_020638035.1	3
GCA_020638055.1	2
GCA_020638135.1	3
GCA_020638155.1	1
GCA_020638195.1	3
GCA_020638285.1	1
GCA_020638295.1	1
GCA_020638335.1	1
GCA_020638465.1	1
GCA_020638495.1	1
GCA_020638525.1	2
GCA_020638555.1	1
GCA_020638575.1	1
GCA_020692215.1	2
GCA_020693225.1	2
GCA_020697025.1	1
GCA_020697135.1	1
GCA_020697255.1	1
GCA_020697295.1	1
GCA_020718185.1	2
GCA_020718785.1	1
GCA_020718905.1	2
GCA_020720045.1	1
GCA_020720385.1	2
GCA_020720785.1	2
GCA_020721865.1	2
GCA_020722545.1	1
GCA_020723305.1	1
GCA_020723325.1	1
GCA_020723425.1	2
GCA_020723855.1	2
GCA_020724415.1	1
GCA_020724465.1	1
GCA_020724545.1	2
GCA_020725025.1	3
GCA_020725465.1	1
GCA_020725705.1	1
GCA_020725805.1	1
GCA_020726185.1	1
GCA_020726405.1	1
GCA_020741775.1	2
GCA_020830965.2	3
GCA_020831715.1	1
GCA_020831845.1	3
GCA_020831865.1	3
GCA_020831885.1	4
GCA_020832005.1	2
GCA_020832045.1	2
GCA_020832445.1	1
GCA_020832465.1	3
GCA_020832515.1	1
GCA_020832545.1	1
GCA_020832565.1	1
GCA_020832585.1	1
GCA_020832655.1	1
GCA_020832665.1	1
GCA_020832705.1	1
GCA_020832725.1	1
GCA_020832805.1	1
GCA_020845635.1	2
GCA_020845705.1	1
GCA_020845855.1	4
GCA_020845995.1	4
GCA_020846005.1	2
GCA_020846275.1	3
GCA_020846295.1	1
GCA_020846335.1	2
GCA_020846575.1	1
GCA_020846875.1	2
GCA_020847115.1	1
GCA_020847675.1	3
GCA_020847765.1	1
GCA_020848075.1	3
GCA_020848095.1	1
GCA_020848455.1	1
GCA_020848545.1	1
GCA_020848665.1	1
GCA_020848695.1	1
GCA_020848905.1	1
GCA_020848935.1	2
GCA_020849155.1	1
GCA_020849175.1	2
GCA_020849425.1	1
GCA_020849475.1	1
GCA_020849655.1	2
GCA_020850015.1	1
GCA_020850995.1	1
GCA_020851235.1	1
GCA_020851255.1	4
GCA_020851615.1	1
GCA_020851955.1	1
GCA_020851975.1	1
GCA_020851995.1	1
GCA_020852215.1	1
GCA_020852355.1	1
GCA_020852555.1	2
GCA_020852595.1	1
GCA_020852655.1	1
GCA_020852865.1	3
GCA_020852925.1	1
GCA_020853215.1	2
GCA_020853405.1	5
GCA_020853455.1	1
GCA_020853585.1	2
GCA_020853705.1	3
GCA_020853755.1	1
GCA_020853885.1	1
GCA_020854035.1	1
GCA_020854145.1	1
GCA_021151485.1	1
GCA_021153565.1	2
GCA_021153985.1	3
GCA_021154785.1	1
GCA_021154985.1	3
GCA_021155205.1	1
GCA_021155905.1	2
GCA_021155915.1	1
GCA_021156175.1	1
GCA_021156365.1	3
GCA_021156385.1	1
GCA_021166725.1	2
GCA_021166775.1	2
GCA_021166815.1	1
GCA_021191635.1	1
GCA_021191705.1	2
GCA_021208565.1	1
GCA_021208685.1	1
GCA_021208885.1	1
GCA_021286835.1	2
GCA_021286855.1	1
GCA_021286965.1	1
GCA_021296535.1	1
GCA_021297975.1	1
GCA_021297985.1	2
GCA_021298085.1	1
GCA_021298555.1	2
GCA_021298595.1	3
GCA_021298815.1	1
GCA_021298875.1	1
GCA_021298975.1	2
GCA_021298995.1	2
GCA_021299465.1	2
GCA_021299555.1	1
GCA_021299735.1	2
GCA_021299855.1	1
GCA_021299875.1	1
GCA_021300055.1	1
GCA_021300075.1	1
GCA_021300475.1	3
GCA_021300495.1	2
GCA_021300575.1	1
GCA_021307325.1	1
GCA_021323265.1	1
GCA_021323335.1	3
GCA_021323455.1	1
GCA_021323535.1	2
GCA_021323705.1	2
GCA_021323775.1	2
GCA_021323795.1	1
GCA_021324305.1	3
GCA_021324335.1	1
GCA_021324465.1	2
GCA_021324535.1	1
GCA_021324575.1	1
GCA_021324675.1	1
GCA_021324715.1	4
GCA_021324815.1	2
GCA_021324875.1	1
GCA_021324915.1	3
GCA_021325075.1	1
GCA_021325145.1	2
GCA_021325215.1	4
GCA_021325295.1	3
GCA_021325315.1	2
GCA_021325385.1	2
GCA_021325455.1	1
GCA_021325475.1	1
GCA_021325525.1	2
GCA_021325595.1	1
GCA_021325615.1	2
GCA_021325695.1	1
GCA_021372355.1	2
GCA_021390615.1	2
GCA_021404785.1	1
GCA_021409285.1	1
GCA_021413465.1	3
GCA_021413665.1	2
GCA_021413675.1	3
GCA_021413825.1	1
GCA_021414305.1	4
GCA_021414365.1	1
GCA_021462805.2	1
GCA_021462865.1	2
GCA_021463505.1	1
GCA_021496925.1	2
GCA_021555075.1	1
GCA_021604525.1	2
GCA_021604545.1	1
GCA_021604605.1	1
GCA_021604625.1	1
GCA_021604665.1	1
GCA_021604765.1	1
GCA_021605415.1	1
GCA_021606685.1	2
GCA_021654635.1	1
GCA_021730785.1	3
GCA_021730825.1	1
GCA_021730905.1	1
GCA_021730985.1	1
GCA_021731005.1	2
GCA_021731085.1	2
GCA_021731215.1	2
GCA_021731285.1	2
GCA_021731425.1	1
GCA_021731565.1	1
GCA_021731585.1	1
GCA_021731815.1	2
GCA_021731965.1	2
GCA_021732005.1	1
GCA_021732145.1	1
GCA_021732175.1	6
GCA_021732215.1	3
GCA_021732285.1	2
GCA_021732385.1	2
GCA_021732445.1	2
GCA_021732465.1	2
GCA_021732605.1	3
GCA_021732625.1	2
GCA_021732645.1	1
GCA_021732665.1	3
GCA_021732805.1	2
GCA_021732895.1	3
GCA_021732965.1	2
GCA_021733645.1	1
GCA_021736745.1	1
GCA_021736785.1	1
GCA_021737405.1	1
GCA_021737865.1	2
GCA_021737875.1	2
GCA_021737945.1	1
GCA_021737975.1	1
GCA_021738065.1	1
GCA_021738245.1	3
GCA_021738345.1	2
GCA_021738385.1	2
GCA_021740825.1	1
GCA_021740845.1	1
GCA_021741145.1	1
GCA_021741195.1	1
GCA_021741245.1	1
GCA_021767525.1	1
GCA_021767845.1	1
GCA_021768485.1	2
GCA_021772655.1	2
GCA_021772705.1	2
GCA_021773395.1	1
GCA_021773405.1	2
GCA_021773435.1	1
GCA_021773555.1	1
GCA_021773655.1	1
GCA_021774335.1	2
GCA_021774355.1	1
GCA_021774445.1	1
GCA_021775095.1	1
GCA_021775195.1	1
GCA_021775255.1	1
GCA_021775315.1	1
GCA_021775455.1	1
GCA_021775475.1	2
GCA_021775495.1	1
GCA_021775575.1	1
GCA_021775615.1	2
GCA_021775625.1	2
GCA_021775655.1	1
GCA_021775715.1	2
GCA_021775735.1	2
GCA_021775755.1	1
GCA_021775805.1	2
GCA_021775965.1	1
GCA_021776075.1	1
GCA_021776095.1	2
GCA_021776115.1	2
GCA_021776135.1	2
GCA_021776145.1	1
GCA_021776215.1	4
GCA_021776245.1	2
GCA_021776315.1	1
GCA_021776335.1	1
GCA_021776345.1	2
GCA_021776395.1	1
GCA_021776435.1	1
GCA_021776465.1	1
GCA_021776475.1	3
GCA_021776705.1	3
GCA_021776755.1	2
GCA_021777765.1	3
GCA_021777795.1	1
GCA_021777915.1	3
GCA_021778125.1	2
GCA_021778415.1	1
GCA_021779835.1	1
GCA_021780435.1	4
GCA_021780475.1	1
GCA_021781515.1	2
GCA_021781575.1	2
GCA_021781815.1	2
GCA_021781835.1	2
GCA_021782315.1	4
GCA_021782815.1	1
GCA_021783385.1	1
GCA_021783695.1	1
GCA_021783935.1	1
GCA_021784125.1	1
GCA_021784255.1	2
GCA_021784515.1	1
GCA_021787175.1	1
GCA_021787665.1	1
GCA_021792335.1	1
GCA_021792365.1	4
GCA_021792835.1	1
GCA_021793055.1	2
GCA_021793155.1	4
GCA_021793195.1	2
GCA_021793575.1	2
GCA_021793835.1	1
GCA_021794575.1	1
GCA_021796385.1	1
GCA_021798375.1	2
GCA_021798395.1	1
GCA_021798485.1	1
GCA_021798575.1	2
GCA_021798915.1	1
GCA_021799015.1	1
GCA_021801255.1	3
GCA_021801465.1	1
GCA_021801525.1	2
GCA_021804355.1	2
GCA_021804455.1	1
GCA_021804485.1	2
GCA_021804565.1	1
GCA_021804785.1	1
GCA_021804825.1	1
GCA_021805245.1	1
GCA_021805545.1	1
GCA_021805565.1	2
GCA_021805665.1	1
GCA_021805685.1	1
GCA_021805805.1	1
GCA_021805825.1	1
GCA_021807445.1	1
GCA_021807465.1	2
GCA_021807785.1	2
GCA_021807975.1	2
GCA_021808185.1	1
GCA_021808285.1	2
GCA_021808315.1	2
GCA_021808405.1	1
GCA_021808445.1	1
GCA_021808525.1	1
GCA_021808545.1	2
GCA_021808785.1	1
GCA_021808925.1	1
GCA_021808985.1	2
GCA_021809105.1	1
GCA_021809435.1	2
GCA_021809545.1	1
GCA_021811085.1	2
GCA_021811225.1	3
GCA_021811945.1	4
GCA_021812165.1	2
GCA_021812315.1	1
GCA_021812845.1	1
GCA_021813275.1	1
GCA_021813805.1	2
GCA_021814605.1	1
GCA_021815695.1	1
GCA_021815805.1	1
GCA_021815825.1	2
GCA_021815835.1	2
GCA_021816155.1	3
GCA_021816505.1	2
GCA_021816585.1	1
GCA_021816925.1	3
GCA_021817045.1	1
GCA_021818065.1	1
GCA_021818185.1	2
GCA_021818335.1	1
GCA_021818425.1	2
GCA_021818505.1	1
GCA_021819435.1	3
GCA_021821195.1	1
GCA_021821365.1	3
GCA_021823635.1	2
GCA_021823875.1	2
GCA_021825225.1	1
GCA_021825505.1	3
GCA_021825945.1	1
GCA_021826225.1	2
GCA_021826425.1	2
GCA_021826485.1	1
GCA_021827205.1	1
GCA_021828105.1	2
GCA_021828685.1	1
GCA_021829055.1	1
GCA_021830925.1	2
GCA_021833365.1	1
GCA_021838305.1	1
GCA_021838445.1	1
GCA_021838715.1	1
GCA_021841865.1	1
GCA_021842145.1	1
GCA_021842465.1	1
GCA_021845505.1	2
GCA_021845555.1	3
GCA_021845595.1	2
GCA_021845805.1	1
GCA_021845905.1	1
GCA_021845965.1	2
GCA_021845985.1	1
GCA_021846025.1	1
GCA_021846225.1	2
GCA_021846265.1	1
GCA_021846965.1	1
GCA_021847015.1	2
GCA_021847175.1	2
GCA_021847345.1	2
GCA_021847605.1	2
GCA_021847645.1	1
GCA_021847995.1	1
GCA_021848345.1	1
GCA_021848545.1	1
GCA_021848605.1	2
GCA_021848865.1	2
GCA_021849075.1	1
GCA_021849295.1	1
GCA_021849425.1	1
GCA_021849905.1	2
GCA_021851325.1	1
GCA_021851785.1	1
GCA_021851865.1	1
GCA_022014155.1	2
GCA_022071965.1	4
GCA_022072045.1	2
GCA_022072095.1	1
GCA_022072255.1	4
GCA_022241605.1	1
GCA_022321325.1	1
GCA_022340185.1	1
GCA_022340285.1	1
GCA_022340315.1	1
GCA_022340405.1	1
GCA_022340425.1	1
GCA_022340705.1	2
GCA_022360155.1	2
GCA_022360175.1	4
GCA_022360315.1	1
GCA_022360535.1	1
GCA_022360555.1	1
GCA_022360615.1	2
GCA_022360815.1	1
GCA_022360855.1	1
GCA_022361215.1	4
GCA_022361275.1	3
GCA_022361455.1	1
GCA_022402465.1	1
GCA_022447365.1	1
GCA_022447495.1	1
GCA_022448245.1	1
GCA_022448365.1	1
GCA_022448925.1	1
GCA_022449455.1	1
GCA_022450665.1	1
GCA_022545805.1	1
GCA_022545875.1	3
GCA_022545895.1	3
GCA_022560735.1	1
GCA_022561355.1	3
GCA_022561895.1	1
GCA_022562155.1	3
GCA_022564515.1	1
GCA_022565025.1	1
GCA_022565075.1	1
GCA_022565155.1	2
GCA_022565265.1	1
GCA_022565395.1	1
GCA_022565695.1	1
GCA_022566735.1	3
GCA_022570885.1	1
GCA_022572885.1	1
GCA_022574655.1	1
GCA_022600255.1	1
GCA_022600335.1	1
GCA_022600345.1	2
GCA_022614965.1	1
GCA_022616275.1	2
GCA_022616515.1	1
GCA_022616595.1	1
GCA_022652485.1	1
GCA_022702015.1	1
GCA_022702125.1	2
GCA_022702195.1	1
GCA_022703175.1	2
GCA_022703375.1	1
GCA_022705135.1	2
GCA_022705165.1	1
GCA_022708865.1	1
GCA_022709365.1	1
GCA_022710585.1	3
GCA_022710975.1	2
GCA_022711575.1	1
GCA_022712235.1	1
GCA_022729575.1	1
GCA_022730075.1	1
GCA_022730375.1	2
GCA_022758925.1	6
GCA_022758935.1	1
GCA_022760335.1	1
GCA_022760355.1	1
GCA_022760435.1	1
GCA_022763105.1	1
GCA_022763115.1	2
GCA_022763145.1	2
GCA_022763485.1	1
GCA_022790955.1	1
GCA_022796875.1	1
GCA_022819855.1	1
GCA_022820505.1	1
GCA_022820675.1	1
GCA_022821235.1	1
GCA_022822365.1	1
GCA_022822525.1	1
GCA_022823665.1	1
GCA_022824525.1	1
GCA_022824725.1	1
GCA_022826245.1	1
GCA_022826385.1	1
GCA_022826745.1	1
GCA_022833215.1	1
GCA_022838525.1	1
GCA_022841375.1	1
GCA_022841465.1	2
GCA_022841525.1	1
GCA_022841545.1	3
GCA_022841565.1	1
GCA_022841625.1	1
GCA_022841665.1	1
GCA_022841885.1	4
GCA_022841905.1	1
GCA_022841915.1	1
GCA_022841965.1	1
GCA_022842165.1	1
GCA_022842185.1	4
GCA_022842285.1	2
GCA_022842305.1	2
GCA_022842325.1	2
GCA_022842465.1	3
GCA_022842595.1	2
GCA_022842625.1	3
GCA_022842785.1	3
GCA_022842825.1	3
GCA_022842905.1	2
GCA_022842935.1	1
GCA_022843085.1	2
GCA_022843145.1	3
GCA_022843165.1	2
GCA_022843175.1	3
GCA_022843325.1	1
GCA_022843345.1	1
GCA_022843405.1	3
GCA_022843505.1	1
GCA_022843525.1	1
GCA_022843905.1	2
GCA_022843925.1	1
GCA_022843945.1	3
GCA_022843955.1	2
GCA_022844005.1	4
GCA_022844015.1	3
GCA_022844045.1	2
GCA_022844105.1	4
GCA_022844205.1	1
GCA_022844225.1	4
GCA_022844275.1	5
GCA_022844345.1	2
GCA_022844405.1	1
GCA_022844525.1	2
GCA_022844545.1	1
GCA_022865595.1	2
GCA_022865725.1	3
GCA_022866645.1	3
GCA_023008585.1	1
GCA_023145215.1	1
GCA_023146255.1	1
GCA_023150055.1	1
GCA_023150095.1	4
GCA_023150125.1	2
GCA_023150195.1	1
GCA_023150215.1	2
GCA_023150235.1	1
GCA_023150275.1	1
GCA_023150295.1	2
GCA_023150345.1	1
GCA_023150375.1	3
GCA_023150455.1	3
GCA_023150775.1	1
GCA_023150845.1	1
GCA_023150875.1	1
GCA_023150895.1	1
GCA_023150915.1	3
GCA_023150935.1	2
GCA_023151275.1	1
GCA_023151315.1	3
GCA_023228425.1	2
GCA_023228705.1	4
GCA_023228845.1	1
GCA_023228945.1	3
GCA_023229545.1	2
GCA_023229685.1	2
GCA_023230455.1	2
GCA_023230755.1	2
GCA_023230855.1	1
GCA_023230905.1	1
GCA_023231075.1	2
GCA_023231165.1	1
GCA_023242925.1	1
GCA_023248635.1	1
GCA_023248745.1	3
GCA_023248815.1	1
GCA_023248855.1	2
GCA_023248875.1	1
GCA_023248995.1	1
GCA_023249095.1	1
GCA_023250155.1	2
GCA_023250195.1	2
GCA_023250885.1	1
GCA_023251115.1	1
GCA_023251695.1	2
GCA_023251725.1	2
GCA_023251755.1	1
GCA_023251775.1	3
GCA_023252015.1	1
GCA_023252115.1	2
GCA_023252195.1	1
GCA_023252235.1	1
GCA_023252275.1	1
GCA_023252335.1	1
GCA_023253415.1	2
GCA_023253795.1	2
GCA_023254115.1	1
GCA_023254435.1	1
GCA_023255435.1	1
GCA_023255445.1	2
GCA_023255715.1	1
GCA_023257325.1	1
GCA_023258935.1	1
GCA_023258955.1	1
GCA_023259135.1	1
GCA_023259175.1	1
GCA_023259235.1	2
GCA_023259355.1	4
GCA_023259685.1	1
GCA_023260355.1	1
GCA_023260735.1	1
GCA_023260935.1	1
GCA_023262645.1	1
GCA_023263825.1	2
GCA_023263855.1	1
GCA_023265045.1	1
GCA_023265625.1	3
GCA_023265875.1	1
GCA_023265895.1	1
GCA_023265995.1	2
GCA_023266235.1	2
GCA_023266245.1	1
GCA_023266695.1	1
GCA_023266715.1	1
GCA_023266845.1	5
GCA_023268425.1	1
GCA_023268575.1	2
GCA_023269635.1	1
GCA_023269645.1	1
GCA_023300365.1	1
GCA_023300375.1	1
GCA_023301505.1	1
GCA_023301725.1	1
GCA_023301795.1	1
GCA_023381995.1	1
GCA_023383705.1	1
GCA_023383735.1	2
GCA_023383795.1	1
GCA_023383815.1	1
GCA_023384005.1	3
GCA_023384095.1	2
GCA_023384105.1	1
GCA_023384415.1	1
GCA_023386115.1	5
GCA_023386155.1	2
GCA_023386455.1	1
GCA_023386635.1	1
GCA_023386765.1	2
GCA_023386865.1	3
GCA_023386885.1	2
GCA_023387085.1	1
GCA_023387235.1	3
GCA_023387335.1	2
GCA_023387555.1	4
GCA_023387695.1	5
GCA_023387735.1	4
GCA_023387815.1	2
GCA_023388075.1	2
GCA_023388675.1	1
GCA_023388835.1	2
GCA_023388935.1	7
GCA_023389055.1	1
GCA_023389135.1	1
GCA_023389155.1	2
GCA_023389175.1	2
GCA_023389535.1	2
GCA_023390245.1	1
GCA_023390485.1	2
GCA_023390675.1	1
GCA_023390705.1	3
GCA_023390905.1	1
GCA_023390955.1	4
GCA_023390985.1	2
GCA_023391175.1	2
GCA_023391335.1	1
GCA_023391395.1	2
GCA_023391815.1	1
GCA_023391905.1	1
GCA_023392035.1	1
GCA_023392135.1	2
GCA_023392205.1	2
GCA_023392225.1	2
GCA_023392975.1	2
GCA_023393575.1	1
GCA_023393635.1	2
GCA_023393655.1	1
GCA_023394015.1	3
GCA_023394655.1	1
GCA_023395465.1	1
GCA_023396465.1	1
GCA_023396625.1	3
GCA_023399105.1	1
GCA_023400405.1	1
GCA_023402175.1	3
GCA_023404095.1	2
GCA_023404675.1	2
GCA_023404705.1	3
GCA_023405565.1	1
GCA_023405815.1	3
GCA_023409795.1	1
GCA_023410905.1	3
GCA_023410975.1	6
GCA_023411035.1	1
GCA_023411405.1	1
GCA_023412745.1	3
GCA_023412805.1	3
GCA_023413605.1	2
GCA_023414975.1	1
GCA_023415035.1	1
GCA_023415395.1	1
GCA_023416135.1	2
GCA_023416195.1	1
GCA_023416315.1	2
GCA_023416415.1	3
GCA_023416455.1	1
GCA_023416575.1	2
GCA_023416965.1	2
GCA_023417315.1	1
GCA_023417665.1	1
GCA_023417735.1	1
GCA_023418355.1	3
GCA_023418595.1	1
GCA_023419315.1	1
GCA_023419535.1	1
GCA_023419995.1	1
GCA_023420795.1	3
GCA_023422485.1	2
GCA_023422555.1	2
GCA_023422695.1	2
GCA_023422775.1	3
GCA_023422975.1	2
GCA_023423065.1	1
GCA_023423235.1	2
GCA_023423275.1	4
GCA_023423415.1	2
GCA_023423535.1	1
GCA_023423655.1	2
GCA_023423695.1	2
GCA_023423855.1	3
GCA_023423895.1	1
GCA_023423935.1	1
GCA_023423975.1	2
GCA_023424275.1	2
GCA_023424475.1	5
GCA_023426225.1	1
GCA_023426365.1	2
GCA_023426505.1	3
GCA_023426545.1	1
GCA_023426855.1	1
GCA_023427085.1	2
GCA_023427125.1	1
GCA_023427355.1	1
GCA_023427945.1	1
GCA_023428035.1	1
GCA_023428295.1	2
GCA_023428645.1	1
GCA_023430045.1	1
GCA_023430065.1	1
GCA_023430145.1	1
GCA_023430245.1	2
GCA_023430315.1	5
GCA_023430625.1	1
GCA_023430685.1	1
GCA_023430775.1	1
GCA_023430845.1	1
GCA_023431725.1	2
GCA_023432075.1	3
GCA_023432845.1	1
GCA_023432885.1	5
GCA_023433205.1	1
GCA_023433445.1	1
GCA_023433465.1	1
GCA_023433515.1	1
GCA_023433585.1	1
GCA_023433705.1	1
GCA_023433835.1	2
GCA_023433965.1	5
GCA_023434095.1	1
GCA_023434425.1	1
GCA_023435265.1	1
GCA_023435325.1	1
GCA_023435335.1	1
GCA_023435545.1	1
GCA_023435725.1	5
GCA_023436025.1	1
GCA_023436945.1	1
GCA_023437255.1	2
GCA_023437865.1	2
GCA_023438115.1	3
GCA_023439305.1	3
GCA_023440825.1	2
GCA_023442085.1	3
GCA_023442215.1	2
GCA_023442755.1	2
GCA_023442945.1	3
GCA_023443095.1	1
GCA_023445495.1	2
GCA_023445955.1	1
GCA_023447635.1	1
GCA_023449855.1	2
GCA_023450615.1	2
GCA_023451375.1	1
GCA_023451825.1	1
GCA_023457475.1	1
GCA_023457495.1	1
GCA_023457895.1	1
GCA_023458055.1	2
GCA_023458315.1	1
GCA_023458595.1	2
GCA_023460175.1	1
GCA_023460875.1	3
GCA_023461075.1	1
GCA_023509035.1	3
GCA_023511585.1	1
GCA_023512145.1	1
GCA_023512415.1	1
GCA_023540835.1	1
GCA_023653025.1	2
GCA_023653055.1	1
GCA_023657425.1	1
GCA_023667525.1	2
GCA_023700805.1	1
GCA_023700985.1	1
GCA_023701085.1	1
GCA_023701125.1	2
GCA_023702235.1	2
GCA_023910605.1	1
GCA_023953775.1	1
GCA_023953835.1	1
GCA_023953905.1	1
GCA_023954015.1	1
GCA_023954035.1	2
GCA_023954045.1	1
GCA_023954095.1	2
GCA_023954135.1	2
GCA_023954175.1	1
GCA_023954195.1	2
GCA_023954305.1	1
GCA_023954375.1	1
GCA_023954745.1	1
GCA_023954795.1	1
GCA_023955335.1	1
GCA_023957975.1	2
GCA_024102725.1	2
GCA_024102975.1	2
GCA_024103175.1	3
GCA_024103195.1	1
GCA_024123915.1	4
GCA_024123955.1	4
GCA_024134725.1	1
GCA_024171525.1	1
GCA_024206355.1	1
GCA_024222395.1	1
GCA_024222895.1	1
GCA_024224295.1	1
GCA_024225275.1	2
GCA_024225445.1	1
GCA_024225895.1	1
GCA_024226235.1	2
GCA_024226555.1	1
GCA_024227135.1	1
GCA_024228115.1	1
GCA_024228495.1	1
GCA_024228935.1	1
GCA_024229515.1	1
GCA_024230315.1	1
GCA_024233865.1	2
GCA_024233875.1	1
GCA_024233935.1	2
GCA_024234075.1	1
GCA_024234265.1	1
GCA_024234505.1	3
GCA_024234595.1	1
GCA_024234615.1	1
GCA_024234635.1	2
GCA_024234735.1	2
GCA_024234815.1	2
GCA_024234855.1	1
GCA_024234875.1	1
GCA_024234935.1	1
GCA_024235015.1	1
GCA_024235135.1	1
GCA_024235595.1	3
GCA_024235635.1	5
GCA_024235675.1	2
GCA_024235855.1	1
GCA_024235875.1	1
GCA_024235935.1	4
GCA_024235955.1	3
GCA_024235995.1	3
GCA_024236015.1	3
GCA_024236035.1	1
GCA_024236075.1	1
GCA_024236235.1	1
GCA_024236395.1	1
GCA_024244705.1	1
GCA_024275095.1	1
GCA_024275435.1	1
GCA_024275915.1	1
GCA_024276095.1	1
GCA_024276375.1	1
GCA_024277755.1	1
GCA_024277815.1	1
GCA_024277915.1	1
GCA_024278055.1	1
GCA_024278855.1	1
GCA_024278915.1	1
GCA_024280375.1	2
GCA_024280875.1	2
GCA_024280945.1	3
GCA_024281145.1	4
GCA_024304875.1	1
GCA_024304885.1	4
GCA_024304995.1	1
GCA_024372625.1	3
GCA_024397875.1	1
GCA_024426085.1	1
GCA_024451105.1	1
GCA_024508675.1	4
GCA_024508855.1	3
GCA_024635625.1	1
GCA_024636355.1	2
GCA_024636395.1	2
GCA_024636445.1	1
GCA_024636475.1	1
GCA_024636495.1	1
GCA_024636515.1	1
GCA_024636555.1	1
GCA_024636635.1	1
GCA_024636645.1	1
GCA_024636705.1	1
GCA_024637135.1	1
GCA_024637155.1	1
GCA_024637305.1	1
GCA_024637315.1	1
GCA_024637395.1	2
GCA_024638385.1	1
GCA_024638475.1	1
GCA_024638505.1	1
GCA_024638815.1	3
GCA_024638855.1	1
GCA_024639065.1	2
GCA_024639325.1	1
GCA_024640085.1	1
GCA_024640405.1	1
GCA_024640505.1	1
GCA_024640665.1	1
GCA_024640765.1	1
GCA_024640845.1	2
GCA_024641185.1	3
GCA_024641625.1	2
GCA_024641655.1	1
GCA_024641725.1	1
GCA_024641805.1	1
GCA_024641925.1	2
GCA_024641945.1	1
GCA_024641965.1	2
GCA_024642025.1	3
GCA_024642045.1	1
GCA_024642065.1	1
GCA_024642115.1	1
GCA_024642215.1	2
GCA_024642265.1	1
GCA_024642465.1	1
GCA_024642505.1	1
GCA_024642545.1	1
GCA_024643785.1	1
GCA_024643985.1	1
GCA_024644005.1	1
GCA_024644045.1	2
GCA_024644185.1	1
GCA_024644515.1	1
GCA_024645065.1	2
GCA_024685315.1	1
GCA_024696365.1	1
GCA_024703855.1	4
GCA_024703915.1	1
GCA_024707075.1	4
GCA_024707145.1	4
GCA_024707225.1	2
GCA_024707255.1	1
GCA_024707365.1	1
GCA_024707385.1	1
GCA_024707405.1	2
GCA_024709845.1	2
GCA_024710165.1	2
GCA_024710765.1	1
GCA_024710845.1	1
GCA_024710905.1	2
GCA_024710925.1	1
GCA_024710965.1	1
GCA_024711265.1	2
GCA_024711345.1	2
GCA_024711405.1	3
GCA_024742275.1	1
GCA_024742285.1	1
GCA_024742355.1	1
GCA_024742405.1	2
GCA_024742455.1	1
GCA_024742475.1	1
GCA_024742485.1	1
GCA_024742575.1	1
GCA_024742605.1	1
GCA_024742695.1	1
GCA_024742705.1	1
GCA_024742755.1	2
GCA_024742765.1	1
GCA_024742995.1	3
GCA_024743015.1	1
GCA_024743055.1	1
GCA_024743175.1	1
GCA_024743195.1	1
GCA_024743215.1	1
GCA_024743275.1	2
GCA_024743315.1	1
GCA_024743435.1	1
GCA_024756235.1	2
GCA_024762925.1	1
GCA_025054575.1	2
GCA_025054775.1	3
GCA_025054855.1	2
GCA_025054975.1	2
GCA_025055265.1	1
GCA_025055335.1	1
GCA_025055385.1	1
GCA_025055765.1	2
GCA_025056095.1	1
GCA_025056355.1	1
GCA_025057015.1	1
GCA_025057055.1	1
GCA_025057155.1	3
GCA_025057195.1	2
GCA_025057345.1	2
GCA_025057395.1	1
GCA_025057675.1	1
GCA_025059995.1	1
GCA_025060505.1	1
GCA_025062325.1	2
GCA_025141675.1	1
GCA_025141835.1	1
GCA_025210265.1	1
GCA_025210345.1	1
GCA_025210455.1	1
GCA_025210525.1	1
GCA_025350055.1	1
GCA_025350145.1	2
GCA_025350175.1	1
GCA_025350245.1	1
GCA_025350265.1	3
GCA_025350345.1	2
GCA_025350465.1	3
GCA_025350505.1	3
GCA_025350525.1	1
GCA_025350685.1	1
GCA_025350945.1	3
GCA_025350965.1	3
GCA_025351005.1	2
GCA_025351025.1	1
GCA_025351125.1	1
GCA_025351165.1	1
GCA_025351355.1	3
GCA_025351405.1	1
GCA_025351425.1	4
GCA_025351455.1	1
GCA_025351615.1	1
GCA_025351745.1	7
GCA_025351875.1	2
GCA_025351925.1	1
GCA_025351985.1	2
GCA_025352085.1	1
GCA_025352105.1	4
GCA_025352145.1	2
GCA_025352165.1	1
GCA_025352265.1	1
GCA_025352345.1	1
GCA_025352365.1	2
GCA_025352375.1	1
GCA_025352405.1	2
GCA_025352665.1	1
GCA_025352685.1	1
GCA_025352885.1	2
GCA_025352965.1	1
GCA_025352995.1	1
GCA_025353015.1	2
GCA_025353085.1	3
GCA_025353195.1	2
GCA_025353585.1	1
GCA_025354075.1	2
GCA_025354165.1	3
GCA_025354615.1	1
GCA_025354965.1	3
GCA_025355005.1	2
GCA_025355085.1	1
GCA_025355105.1	3
GCA_025355165.1	1
GCA_025355245.1	3
GCA_025355345.1	1
GCA_025355395.1	1
GCA_025355545.1	2
GCA_025355745.1	2
GCA_025356075.1	3
GCA_025356085.1	1
GCA_025356155.1	4
GCA_025356175.1	1
GCA_025356395.1	1
GCA_025356415.1	2
GCA_025356445.1	3
GCA_025356545.1	2
GCA_025356655.1	1
GCA_025356665.1	1
GCA_025356735.1	2
GCA_025356765.1	1
GCA_025356815.1	1
GCA_025357235.1	2
GCA_025357635.1	2
GCA_025357755.1	1
GCA_025357915.1	1
GCA_025358155.1	2
GCA_025358485.1	1
GCA_025358555.1	4
GCA_025358705.1	1
GCA_025359005.1	4
GCA_025359045.1	2
GCA_025359085.1	1
GCA_025359105.1	1
GCA_025359165.1	3
GCA_025359185.1	3
GCA_025359205.1	1
GCA_025359215.1	2
GCA_025359245.1	3
GCA_025359285.1	2
GCA_025359355.1	2
GCA_025359585.1	2
GCA_025359635.1	3
GCA_025359665.1	1
GCA_025359685.1	1
GCA_025359805.1	1
GCA_025359985.1	2
GCA_025360045.1	3
GCA_025360185.1	1
GCA_025360285.1	1
GCA_025360345.1	2
GCA_025360355.1	2
GCA_025360385.1	4
GCA_025360425.1	2
GCA_025360445.1	2
GCA_025360565.1	2
GCA_025360605.1	2
GCA_025360705.1	5
GCA_025360815.1	5
GCA_025360945.1	2
GCA_025361065.1	2
GCA_025361105.1	2
GCA_025361185.1	1
GCA_025361305.1	4
GCA_025361845.1	3
GCA_025362115.1	1
GCA_025362135.1	5
GCA_025362165.1	2
GCA_025362295.1	1
GCA_025362315.1	1
GCA_025362395.1	2
GCA_025362415.1	3
GCA_025362435.1	1
GCA_025362495.1	2
GCA_025362535.1	1
GCA_025362575.1	2
GCA_025362655.1	3
GCA_025362705.1	6
GCA_025362735.1	4
GCA_025362815.1	2
GCA_025362825.1	3
GCA_025362975.1	3
GCA_025363015.1	2
GCA_025363155.1	1
GCA_025363275.1	4
GCA_025363315.1	1
GCA_025363375.1	3
GCA_025363435.1	2
GCA_025363655.1	1
GCA_025363755.1	2
GCA_025370055.1	2
GCA_025449485.1	2
GCA_025449515.1	5
GCA_025449675.1	1
GCA_025450405.1	2
GCA_025451075.1	1
GCA_025451095.1	1
GCA_025451275.1	1
GCA_025451315.1	8
GCA_025451355.1	3
GCA_025451955.1	1
GCA_025452005.1	1
GCA_025453555.1	1
GCA_025453595.1	2
GCA_025453995.1	1
GCA_025454095.1	1
GCA_025454175.1	1
GCA_025454425.1	1
GCA_025454695.1	2
GCA_025454875.1	1
GCA_025454915.1	4
GCA_025454955.1	2
GCA_025454975.1	1
GCA_025455045.1	4
GCA_025455485.1	2
GCA_025455795.1	1
GCA_025455895.1	1
GCA_025455985.1	4
GCA_025456425.1	1
GCA_025458025.1	1
GCA_025458035.1	1
GCA_025458045.1	1
GCA_025458105.1	1
GCA_025458125.1	3
GCA_025458245.1	1
GCA_025458335.1	3
GCA_025458385.1	1
GCA_025458415.1	2
GCA_025458465.1	1
GCA_025458665.1	2
GCA_025458755.1	1
GCA_025458805.1	2
GCA_025458865.1	1
GCA_025458905.1	1
GCA_025459035.1	1
GCA_025459195.1	1
GCA_025459425.1	2
GCA_025463985.1	1
GCA_025464045.1	2
GCA_025464625.1	1
GCA_025464795.1	2
GCA_025464915.1	1
GCA_025465355.1	1
GCA_025465385.1	2
GCA_025465405.1	1
GCA_025548565.1	3
GCA_025562455.1	2
GCA_025698895.1	1
GCA_025736915.1	2
GCA_025800205.1	1
GCA_025800215.1	1
GCA_025800345.1	1
GCA_025800365.1	1
GCA_025800435.1	1
GCA_025808875.1	2
GCA_025846845.2	3
GCA_025869365.1	2
GCA_025869435.1	1
GCA_025916135.1	1
GCA_025922715.1	2
GCA_025922735.1	1
GCA_025923175.1	1
GCA_025923455.1	1
GCA_025923975.1	1
GCA_025924135.1	5
GCA_025924655.1	1
GCA_025924715.1	1
GCA_025924775.1	1
GCA_025924815.1	3
GCA_025927515.1	1
GCA_025927665.1	1
GCA_025928125.1	1
GCA_025928265.1	3
GCA_025929185.1	2
GCA_025929745.1	2
GCA_025934105.1	2
GCA_025934495.1	9
GCA_025934595.1	2
GCA_025934695.1	1
GCA_025934895.1	1
GCA_025935105.1	6
GCA_025935235.1	1
GCA_025935435.1	1
GCA_025935675.1	1
GCA_025936275.1	1
GCA_025936915.1	1
GCA_025936955.1	4
GCA_025937665.1	2
GCA_025937895.1	4
GCA_025941565.1	3
GCA_025960445.1	2
GCA_025963425.1	1
GCA_025963735.1	2
GCA_025963875.1	3
GCA_025963905.1	1
GCA_025963955.1	1
GCA_025964065.1	1
GCA_025964075.1	3
GCA_025964155.1	1
GCA_025964635.1	1
GCA_025964695.1	3
GCA_025964775.1	1
GCA_025964795.1	2
GCA_025964835.1	2
GCA_025965195.1	1
GCA_025965215.1	1
GCA_025965275.1	1
GCA_025965295.1	2
GCA_025965495.1	2
GCA_025965515.1	2
GCA_025965615.1	1
GCA_025965695.1	1
GCA_025965755.1	1
GCA_025965775.1	2
GCA_025965795.1	2
GCA_025965875.1	1
GCA_025966225.1	1
GCA_025966255.1	1
GCA_025980325.1	3
GCA_025980465.1	2
GCA_025981645.1	5
GCA_025989215.1	7
GCA_025997045.1	1
GCA_025997095.1	1
GCA_025998735.1	1
GCA_025999455.1	1
GCA_026003255.1	3
GCA_026003995.1	1
GCA_026004215.1	2
GCA_026005035.1	1
GCA_026005135.1	1
GCA_026125385.1	2
GCA_026125445.1	1
GCA_026125585.1	1
GCA_026125595.1	1
GCA_026125625.1	1
GCA_026125665.1	5
GCA_026125795.1	5
GCA_026125895.1	1
GCA_026126105.1	5
GCA_026126165.1	1
GCA_026126205.1	1
GCA_026126215.1	2
GCA_026126245.1	3
GCA_026129095.1	1
GCA_026193295.1	1
GCA_026195905.1	1
GCA_026196225.1	1
GCA_026196475.1	1
GCA_026196795.1	1
GCA_026196875.1	1
GCA_026197195.1	1
GCA_026224805.1	2
GCA_026224825.1	2
GCA_026224875.1	2
GCA_026224975.1	1
GCA_026225015.1	2
GCA_026225115.1	3
GCA_026225215.1	1
GCA_026225235.1	2
GCA_026225295.1	1
GCA_026225415.1	1
GCA_026225435.1	1
GCA_026225455.1	2
GCA_026225475.1	3
GCA_026314275.1	4
GCA_026387715.1	1
GCA_026388515.1	2
GCA_026389895.1	1
GCA_026392455.1	2
GCA_026393175.1	1
GCA_026398785.1	1
GCA_026398815.1	1
GCA_026399375.1	2
GCA_026399415.1	2
GCA_026399445.1	1
GCA_026399475.1	2
GCA_026399515.1	3
GCA_026399755.1	3
GCA_026399835.1	1
GCA_026399875.1	1
GCA_026399895.1	1
GCA_026400075.1	1
GCA_026400105.1	2
GCA_026400155.1	2
GCA_026400275.1	3
GCA_026400325.1	2
GCA_026400355.1	1
GCA_026400395.1	4
GCA_026400415.1	3
GCA_026400425.1	1
GCA_026400535.1	1
GCA_026400565.1	2
GCA_026400595.1	1
GCA_026400645.1	1
GCA_026400695.1	1
GCA_026400735.1	2
GCA_026400755.1	1
GCA_026400775.1	1
GCA_026400795.1	2
GCA_026400815.1	1
GCA_026400845.1	1
GCA_026414605.1	3
GCA_026414745.1	1
GCA_026415195.1	2
GCA_026415395.1	2
GCA_026416295.1	1
GCA_026416535.1	1
GCA_026417035.1	2
GCA_026417815.1	1
GCA_026418015.1	1
GCA_026418315.1	2
GCA_026419405.1	1
GCA_026419705.1	2
GCA_026421135.1	1
GCA_026461645.1	1
GCA_026552855.1	2
GCA_026552975.1	1
GCA_026625625.1	2
GCA_026645375.1	2
GCA_026646875.1	1
GCA_026646885.1	2
GCA_026647025.1	3
GCA_026705105.1	1
GCA_026707325.1	1
GCA_026707545.1	1
GCA_026708285.1	1
GCA_026710325.1	1
GCA_026710425.1	1
GCA_026785765.1	3
GCA_026785815.1	1
GCA_026785885.1	2
GCA_026786045.1	1
GCA_026786225.1	4
GCA_026932235.1	2
GCA_026932425.1	4
GCA_026982515.1	1
GCA_026983715.1	1
GCA_026984275.1	1
GCA_026984595.1	1
GCA_026985075.1	2
GCA_027000565.1	1
GCA_027009115.1	1
GCA_027013095.1	1
GCA_027031935.1	1
GCA_027045875.1	1
GCA_027058255.1	1
GCA_027080545.1	1
GCA_027214125.1	3
GCA_027214145.1	1
GCA_027214255.1	1
GCA_027214345.1	4
GCA_027295145.1	1
GCA_027295305.1	1
GCA_027295555.1	1
GCA_027297435.1	1
GCA_027297685.1	1
GCA_027306955.1	2
GCA_027306995.1	1
GCA_027307065.1	2
GCA_027307095.1	1
GCA_027307195.1	3
GCA_027307325.1	1
GCA_027307405.1	3
GCA_027308685.1	3
GCA_027310225.1	2
GCA_027310305.1	4
GCA_027310465.1	1
GCA_027311065.1	2
GCA_027311165.1	2
GCA_027311205.1	2
GCA_027311485.1	2
GCA_027311945.1	1
GCA_027312185.1	1
GCA_027314165.1	1
GCA_027315065.1	1
GCA_027315105.1	1
GCA_027315365.1	5
GCA_027317055.1	1
GCA_027323595.1	2
GCA_027324645.1	1
GCA_027324795.1	1
GCA_027325905.1	1
GCA_027326105.1	2
GCA_027326225.1	1
GCA_027328625.1	1
GCA_027330745.1	3
GCA_027340195.1	1
GCA_027346205.1	1
GCA_027351005.1	1
GCA_027353465.1	2
GCA_027364695.1	2
GCA_027365955.1	1
GCA_027371515.1	1
GCA_027437055.1	5
GCA_027449105.1	1
GCA_027449525.1	1
GCA_027449745.1	1
GCA_027449905.1	2
GCA_027450005.1	1
GCA_027450125.1	1
GCA_027451225.1	2
GCA_027451525.1	1
GCA_027451705.1	1
GCA_027451915.1	1
GCA_027452265.1	1
GCA_027457185.1	2
GCA_027459765.1	1
GCA_027459785.1	2
GCA_027460465.1	1
GCA_027460525.1	1
GCA_027460535.1	1
GCA_027460585.1	1
GCA_027482195.1	2
GCA_027482245.1	2
GCA_027482985.1	1
GCA_027482995.1	5
GCA_027483085.1	4
GCA_027483125.1	1
GCA_027483505.1	1
GCA_027483625.1	3
GCA_027483665.1	2
GCA_027483705.1	2
GCA_027483795.1	1
GCA_027483805.1	2
GCA_027483845.1	1
GCA_027483885.1	1
GCA_027483895.1	1
GCA_027483945.1	1
GCA_027483995.1	1
GCA_027484105.1	2
GCA_027484145.1	1
GCA_027484265.1	1
GCA_027484285.1	2
GCA_027484315.1	2
GCA_027484385.1	3
GCA_027484405.1	2
GCA_027484575.1	3
GCA_027484605.1	1
GCA_027484685.1	1
GCA_027484825.1	4
GCA_027484835.1	1
GCA_027484885.1	2
GCA_027485005.1	1
GCA_027485145.1	3
GCA_027485165.1	1
GCA_027485235.1	1
GCA_027485285.1	1
GCA_027485485.1	1
GCA_027485535.1	1
GCA_027485735.1	3
GCA_027485795.1	1
GCA_027485855.1	3
GCA_027485915.1	1
GCA_027486255.1	1
GCA_027486405.1	1
GCA_027486495.1	2
GCA_027486555.1	2
GCA_027486615.1	3
GCA_027486725.1	1
GCA_027486755.1	1
GCA_027487245.1	1
GCA_027487385.1	3
GCA_027487575.1	1
GCA_027487585.1	2
GCA_027487625.1	1
GCA_027487675.1	4
GCA_027487815.1	1
GCA_027487905.1	4
GCA_027487945.1	1
GCA_027487995.1	1
GCA_027488115.1	2
GCA_027488155.1	1
GCA_027488195.1	3
GCA_027488215.1	2
GCA_027488255.1	2
GCA_027488735.1	1
GCA_027488815.1	2
GCA_027488965.1	2
GCA_027489135.1	4
GCA_027489175.1	1
GCA_027489195.1	1
GCA_027489245.1	3
GCA_027489275.1	1
GCA_027489355.1	1
GCA_027489365.1	1
GCA_027489455.1	1
GCA_027489535.1	1
GCA_027489695.1	2
GCA_027489835.1	2
GCA_027489915.1	1
GCA_027489955.1	1
GCA_027490095.1	2
GCA_027490215.1	2
GCA_027490255.1	1
GCA_027490465.1	2
GCA_027490485.1	1
GCA_027490555.1	2
GCA_027490725.1	2
GCA_027490755.1	1
GCA_027490925.1	3
GCA_027490975.1	1
GCA_027491035.1	2
GCA_027491085.1	1
GCA_027492485.1	1
GCA_027492655.1	1
GCA_027492775.1	3
GCA_027493095.1	1
GCA_027493375.1	1
GCA_027493405.1	1
GCA_027493935.1	3
GCA_027493945.1	1
GCA_027493995.1	2
GCA_027494165.1	1
GCA_027531145.1	1
GCA_027531255.1	1
GCA_027531565.1	1
GCA_027532775.1	1
GCA_027532905.1	1
GCA_027533385.1	1
GCA_027533425.1	1
GCA_027587225.1	3
GCA_027592105.1	1
GCA_027618305.1	1
GCA_027622495.1	1
GCA_027624175.1	1
GCA_027694045.1	3
GCA_027717645.1	2
GCA_027730885.1	2
GCA_027923965.1	3
GCA_027924025.1	3
GCA_028066055.1	2
GCA_028097405.1	2
GCA_028274765.1	2
GCA_028274885.1	1
GCA_028274925.1	1
GCA_028275005.1	1
GCA_028275145.1	1
GCA_028277185.1	1
GCA_028277265.1	1
GCA_028277285.1	1
GCA_028277325.1	1
GCA_028277405.1	1
GCA_028277795.1	1
GCA_028277965.1	1
GCA_028277985.1	1
GCA_028278065.1	2
GCA_028278105.1	1
GCA_028278265.1	1
GCA_028278345.1	2
GCA_028278525.1	2
GCA_028278665.1	1
GCA_028278755.1	1
GCA_028279245.1	1
GCA_028279265.1	1
GCA_028279305.1	1
GCA_028279315.1	1
GCA_028279345.1	1
GCA_028279365.1	2
GCA_028279445.1	1
GCA_028279475.1	1
GCA_028279885.1	1
GCA_028279985.1	1
GCA_028280065.1	1
GCA_028280105.1	1
GCA_028280165.1	1
GCA_028280195.1	1
GCA_028280455.1	1
GCA_028280505.1	1
GCA_028280515.1	2
GCA_028280715.1	1
GCA_028280885.1	1
GCA_028280905.1	1
GCA_028280915.1	3
GCA_028281005.1	1
GCA_028281075.1	1
GCA_028281105.1	1
GCA_028281235.1	1
GCA_028281265.1	1
GCA_028281325.1	2
GCA_028281365.1	1
GCA_028281385.1	1
GCA_028281465.1	1
GCA_028281665.1	1
GCA_028281795.1	1
GCA_028281885.1	1
GCA_028281925.1	2
GCA_028281985.1	1
GCA_028282025.1	1
GCA_028282065.1	1
GCA_028282095.1	1
GCA_028282245.1	1
GCA_028282295.1	3
GCA_028282325.1	2
GCA_028282405.1	1
GCA_028282445.1	2
GCA_028282505.1	1
GCA_028282825.1	1
GCA_028282935.1	3
GCA_028283745.1	1
GCA_028283765.1	1
GCA_028283825.1	3
GCA_028284025.1	1
GCA_028284045.1	1
GCA_028284065.1	1
GCA_028284225.1	1
GCA_028284295.1	1
GCA_028284325.1	1
GCA_028284345.1	1
GCA_028284525.1	2
GCA_028284605.1	1
GCA_028284625.1	1
GCA_028284705.1	1
GCA_028284945.1	1
GCA_028285145.1	1
GCA_028285165.1	2
GCA_028285185.1	2
GCA_028285245.1	1
GCA_028285265.1	2
GCA_028285305.1	1
GCA_028285485.1	1
GCA_028285495.1	3
GCA_028285525.1	1
GCA_028285595.1	1
GCA_028285625.1	2
GCA_028285645.1	1
GCA_028287065.1	1
GCA_028287105.1	2
GCA_028287115.1	1
GCA_028287525.1	1
GCA_028287565.1	1
GCA_028287625.1	4
GCA_028288725.1	5
GCA_028288745.1	1
GCA_028288775.1	1
GCA_028288785.1	2
GCA_028289305.1	1
GCA_028289325.1	2
GCA_028289365.1	2
GCA_028289445.1	1
GCA_028289545.1	1
GCA_028289605.1	2
GCA_028289645.1	1
GCA_028289885.1	2
GCA_028290085.1	2
GCA_028290125.1	1
GCA_028290285.1	2
GCA_028290325.1	1
GCA_028290355.1	1
GCA_028290385.1	1
GCA_028290465.1	2
GCA_028290545.1	1
GCA_028290695.1	2
GCA_028290705.1	2
GCA_028290825.1	1
GCA_028290905.1	3
GCA_028291055.1	1
GCA_028291125.1	1
GCA_028291305.1	1
GCA_028291365.1	2
GCA_028291405.1	2
GCA_028291445.1	2
GCA_028291455.1	2
GCA_028291485.1	3
GCA_028291505.1	2
GCA_028291705.1	1
GCA_028291765.1	3
GCA_028291845.1	4
GCA_028291885.1	3
GCA_028291905.1	2
GCA_028291945.1	5
GCA_028292045.1	2
GCA_028292065.1	2
GCA_028292105.1	2
GCA_028292185.1	2
GCA_028292195.1	4
GCA_028292225.1	2
GCA_028292245.1	3
GCA_028292265.1	4
GCA_028292285.1	4
GCA_028292305.1	3
GCA_028292315.1	2
GCA_028292405.1	3
GCA_028292435.1	3
GCA_028292485.1	2
GCA_028292505.1	3
GCA_028292625.1	2
GCA_028292665.1	3
GCA_028292745.1	2
GCA_028292825.1	1
GCA_028292925.1	1
GCA_028293825.1	1
GCA_028355575.1	1
GCA_028580875.1	4
GCA_028685665.1	1
GCA_028686565.1	1
GCA_028687035.1	2
GCA_028687415.1	3
GCA_028687585.1	1
GCA_028687645.1	2
GCA_028688905.1	1
GCA_028689015.1	2
GCA_028690035.1	1
GCA_028692635.1	1
GCA_028692885.1	1
GCA_028693285.1	2
GCA_028693355.1	3
GCA_028694545.1	1
GCA_028701435.1	2
GCA_028704195.1	1
GCA_028706735.1	3
GCA_028711355.1	1
GCA_028713555.1	2
GCA_028713915.1	3
GCA_028713995.1	1
GCA_028714035.1	1
GCA_028749255.1	1
GCA_028751055.1	2
GCA_028751075.1	1
GCA_028817895.1	1
GCA_028822535.1	1
GCA_028823855.1	1
GCA_028864885.1	4
GCA_028865155.1	1
GCA_028865375.1	1
GCA_028865845.1	2
GCA_028866275.1	1
GCA_028866435.1	3
GCA_028866445.1	2
GCA_028866655.1	1
GCA_028866895.1	1
GCA_028867235.1	1
GCA_028867275.1	2
GCA_028867395.1	1
GCA_028867595.1	2
GCA_028867615.1	1
GCA_028867675.1	1
GCA_028867735.1	2
GCA_028867755.1	1
GCA_028867785.1	3
GCA_028868235.1	1
GCA_028868255.1	1
GCA_028868305.1	2
GCA_028868455.1	3
GCA_028868515.1	1
GCA_028868535.1	1
GCA_028868695.1	1
GCA_028868735.1	2
GCA_028868825.1	3
GCA_028868855.1	3
GCA_028868875.1	4
GCA_028868895.1	3
GCA_028868995.1	2
GCA_028869005.1	2
GCA_028869035.1	3
GCA_028869095.1	2
GCA_028869135.1	1
GCA_028869185.1	1
GCA_028869255.1	1
GCA_028869315.1	6
GCA_028869595.1	1
GCA_028869995.1	2
GCA_028870665.1	1
GCA_028870705.1	2
GCA_028870715.1	2
GCA_028870815.1	3
GCA_028871055.1	2
GCA_028871195.1	2
GCA_028871455.1	1
GCA_028871475.1	1
GCA_028871555.1	2
GCA_028871575.1	2
GCA_028871675.1	5
GCA_028871705.1	1
GCA_028872015.1	3
GCA_028873095.1	2
GCA_028873275.1	4
GCA_028873525.1	1
GCA_028873535.1	3
GCA_028875725.1	1
GCA_028875855.1	1
GCA_028877275.1	1
GCA_029077775.1	2
GCA_029077825.1	2
GCA_029194465.1	10
GCA_029194665.1	1
GCA_029194675.1	1
GCA_029202385.1	1
GCA_029202525.1	1
GCA_029202665.1	1
GCA_029202845.1	1
GCA_029203105.1	2
GCA_029203145.1	1
GCA_029210325.1	1
GCA_029212745.1	1
GCA_029212785.1	1
GCA_029212835.1	1
GCA_029212965.1	1
GCA_029213045.1	1
GCA_029237505.1	1
GCA_029237515.1	5
GCA_029237735.1	3
GCA_029237815.1	1
GCA_029237825.1	2
GCA_029238175.1	1
GCA_029239875.1	1
GCA_029240435.1	5
GCA_029240475.1	2
GCA_029243485.1	1
GCA_029251165.1	1
GCA_029251265.1	1
GCA_029252045.1	1
GCA_029254215.1	1
GCA_029255105.1	1
GCA_029255525.1	1
GCA_029255645.1	1
GCA_029256085.1	1
GCA_029256785.1	1
GCA_029257065.1	1
GCA_029257245.1	1
GCA_029260735.1	1
GCA_029260755.1	1
GCA_029260765.1	3
GCA_029261955.1	1
GCA_029261965.1	4
GCA_029262355.1	1
GCA_029262455.1	2
GCA_029262675.1	1
GCA_029262695.1	1
GCA_029263055.1	1
GCA_029263415.1	1
GCA_029263615.1	2
GCA_029263635.1	1
GCA_029263715.1	2
GCA_029263795.1	2
GCA_029264635.1	1
GCA_029265335.1	1
GCA_029265455.1	3
GCA_029265795.1	2
GCA_029266415.1	1
GCA_029266425.1	1
GCA_029266525.1	1
GCA_029266575.1	1
GCA_029266775.1	1
GCA_029266815.1	2
GCA_029266835.1	1
GCA_029266935.1	1
GCA_029267315.1	1
GCA_029267415.1	2
GCA_029267445.1	3
GCA_029268145.1	1
GCA_029268265.1	2
GCA_029268285.1	1
GCA_029268325.1	1
GCA_029268595.1	1
GCA_029279925.1	4
GCA_029286945.1	2
GCA_029287375.1	1
GCA_029287455.1	2
GCA_029287535.1	2
GCA_029287595.1	1
GCA_029288195.1	1
GCA_029289265.1	2
GCA_029289325.1	2
GCA_029310945.1	1
GCA_029439495.1	1
GCA_029547185.1	1
GCA_029550525.1	1
GCA_029552945.1	1
GCA_029553375.1	1
GCA_029561145.1	2
GCA_029561195.1	2
GCA_029561505.1	2
GCA_029565465.1	1
GCA_029567145.1	1
GCA_029571025.1	1
GCA_029571495.1	2
GCA_029624675.1	1
GCA_029624735.1	1
GCA_029624765.1	1
GCA_029688825.1	1
GCA_029776225.1	1
GCA_029776255.1	1
GCA_029777855.1	3
GCA_029778105.1	1
GCA_029778535.1	5
GCA_029779435.1	1
GCA_029779475.1	1
GCA_029779755.1	2
GCA_029779845.1	4
GCA_029780075.1	2
GCA_029781135.1	1
GCA_029781595.1	1
GCA_029781795.1	2
GCA_029781865.1	1
GCA_029782335.1	1
GCA_029814935.1	1
GCA_029846755.1	3
GCA_029850515.1	2
GCA_029857655.1	1
GCA_029858545.1	1
GCA_029859085.1	1
GCA_029859805.1	1
GCA_029861345.1	1
GCA_029861785.1	2
GCA_029861845.1	1
GCA_029861865.1	2
GCA_029862185.1	1
GCA_029862205.1	1
GCA_029862885.1	1
GCA_029863065.1	1
GCA_029863385.1	3
GCA_029863605.1	2
GCA_029864095.1	1
GCA_029864335.1	1
GCA_029864385.1	1
GCA_029865385.1	1
GCA_029865465.1	2
GCA_029865675.1	2
GCA_029865825.1	1
GCA_029865885.1	1
GCA_029866125.1	3
GCA_029866155.1	1
GCA_029866205.1	1
GCA_029880625.1	2
GCA_029881055.1	1
GCA_029881615.1	1
GCA_029883565.1	1
GCA_029883965.1	2
GCA_029883975.1	1
GCA_029884035.1	3
GCA_029934695.1	1
GCA_029936705.1	1
GCA_029938135.1	1
GCA_029939895.1	1
GCA_029940035.1	1
GCA_029940115.1	1
GCA_029940345.1	1
GCA_029941785.1	1
GCA_029945495.1	4
GCA_029945625.1	2
GCA_029945725.1	1
GCA_029946045.1	1
GCA_029946075.1	3
GCA_029946105.1	2
GCA_029953615.1	1
GCA_029959555.1	2
GCA_029961105.1	2
GCA_029968055.1	3
GCA_029976905.1	1
GCA_029977705.1	1
GCA_029978705.1	3
GCA_029979245.1	1
GCA_029980465.1	1
GCA_029982755.1	2
GCA_029983555.1	1
GCA_030010215.1	1
GCA_030018675.1	2
GCA_030036975.1	3
GCA_030037065.1	1
GCA_030037175.1	4
GCA_030037645.1	2
GCA_030037665.1	1
GCA_030037885.1	2
GCA_030037895.1	5
GCA_030038015.1	1
GCA_030038215.1	1
GCA_030038415.1	2
GCA_030038445.1	1
GCA_030038495.1	1
GCA_030038595.1	1
GCA_030038695.1	9
GCA_030038875.1	2
GCA_030038995.1	2
GCA_030039105.1	1
GCA_030039165.1	1
GCA_030039615.1	1
GCA_030039775.1	1
GCA_030039815.1	1
GCA_030039975.1	6
GCA_030040015.1	2
GCA_030040095.1	1
GCA_030040155.1	1
GCA_030040195.1	1
GCA_030040495.1	4
GCA_030040655.1	1
GCA_030040825.1	4
GCA_030040955.1	3
GCA_030041005.1	2
GCA_030041135.1	1
GCA_030041215.1	1
GCA_030041255.1	5
GCA_030041275.1	1
GCA_030041335.1	4
GCA_030041375.1	5
GCA_030041385.1	1
GCA_030041415.1	1
GCA_030041535.1	1
GCA_030042035.1	1
GCA_030043285.1	1
GCA_030043335.1	3
GCA_030043575.1	1
GCA_030044345.1	4
GCA_030044485.1	3
GCA_030044555.1	3
GCA_030044595.1	1
GCA_030045175.1	2
GCA_030045935.1	1
GCA_030050035.1	1
GCA_030054095.1	2
GCA_030054145.1	2
GCA_030054175.1	2
GCA_030054245.1	1
GCA_030057915.1	1
GCA_030064755.1	2
GCA_030064845.1	3
GCA_030065075.1	1
GCA_030065095.1	1
GCA_030065115.1	1
GCA_030065125.1	2
GCA_030065235.1	2
GCA_030065275.1	1
GCA_030065585.1	3
GCA_030065655.1	1
GCA_030065815.1	1
GCA_030065855.1	2
GCA_030065975.1	1
GCA_030066015.1	2
GCA_030066085.1	1
GCA_030066135.1	2
GCA_030066155.1	1
GCA_030066175.1	1
GCA_030066215.1	1
GCA_030066595.1	3
GCA_030066655.1	1
GCA_030066665.1	1
GCA_030066685.1	2
GCA_030066785.1	2
GCA_030066795.1	2
GCA_030066885.1	3
GCA_030066905.1	1
GCA_030066975.1	1
GCA_030123465.1	2
GCA_030123545.1	6
GCA_030123585.1	1
GCA_030145105.1	1
GCA_030145245.1	2
GCA_030145385.1	2
GCA_030145525.1	1
GCA_030145715.1	1
GCA_030145845.1	1
GCA_030146285.1	1
GCA_030146505.1	2
GCA_030146605.1	2
GCA_030146615.1	2
GCA_030147065.1	2
GCA_030147505.1	3
GCA_030147645.1	3
GCA_030147745.1	1
GCA_030147945.1	1
GCA_030148225.1	1
GCA_030148425.1	4
GCA_030148505.1	1
GCA_030148665.1	1
GCA_030148725.1	2
GCA_030148745.1	2
GCA_030148985.1	1
GCA_030149245.1	1
GCA_030149295.1	2
GCA_030149365.1	1
GCA_030149525.1	2
GCA_030149815.1	2
GCA_030150085.1	1
GCA_030150135.1	1
GCA_030150305.1	3
GCA_030150505.1	1
GCA_030150585.1	1
GCA_030150595.1	1
GCA_030151005.1	2
GCA_030151145.1	2
GCA_030151225.1	2
GCA_030151365.1	1
GCA_030151665.1	1
GCA_030152125.1	2
GCA_030152405.1	1
GCA_030152425.1	1
GCA_030152605.1	1
GCA_030153205.1	2
GCA_030157545.1	2
GCA_030157565.1	1
GCA_030157655.1	1
GCA_030157755.1	2
GCA_030157785.1	3
GCA_030158115.1	1
GCA_030158125.1	2
GCA_030158305.1	1
GCA_030158675.1	2
GCA_030160035.1	1
GCA_030161055.1	1
GCA_030247725.1	1
GCA_030263275.1	5
GCA_030263295.1	2
GCA_030263385.1	1
GCA_030263535.1	1
GCA_030271595.1	1
GCA_030271615.1	2
GCA_030272785.1	2
GCA_030348385.1	1
GCA_030377965.1	1
GCA_030378005.1	2
GCA_030403585.1	6
GCA_030424595.1	1
GCA_030424645.1	1
GCA_030424665.1	2
GCA_030424705.1	1
GCA_030424865.1	1
GCA_030424955.1	3
GCA_030424975.1	1
GCA_030425145.1	1
GCA_030425185.1	1
GCA_030425545.1	2
GCA_030425615.1	1
GCA_030425645.1	1
GCA_030425785.1	2
GCA_030425925.1	1
GCA_030425945.1	1
GCA_030426085.1	2
GCA_030426145.1	1
GCA_030426465.1	1
GCA_030426505.1	1
GCA_030426685.1	1
GCA_030426845.1	3
GCA_030426925.1	1
GCA_030426945.1	1
GCA_030427205.1	2
GCA_030427385.1	1
GCA_030427405.1	1
GCA_030427465.1	2
GCA_030427685.1	1
GCA_030427705.1	1
GCA_030427765.1	2
GCA_030427805.1	2
GCA_030428345.1	2
GCA_030428355.1	1
GCA_030428405.1	1
GCA_030428905.1	1
GCA_030428915.1	1
GCA_030429105.1	2
GCA_030429125.1	1
GCA_030429495.1	1
GCA_030429545.1	1
GCA_030430245.1	1
GCA_030430515.1	1
GCA_030430565.1	2
GCA_030430715.1	1
GCA_030430795.1	1
GCA_030430975.1	2
GCA_030431185.1	2
GCA_030431335.1	1
GCA_030431455.1	2
GCA_030431485.1	1
GCA_030431585.1	1
GCA_030431615.1	1
GCA_030431675.1	2
GCA_030431825.1	1
GCA_030431935.1	1
GCA_030432025.1	1
GCA_030432315.1	1
GCA_030432435.1	1
GCA_030432735.1	1
GCA_030432775.1	1
GCA_030432795.1	2
GCA_030432975.1	1
GCA_030433005.1	1
GCA_030433055.1	2
GCA_030433125.1	1
GCA_030433215.1	2
GCA_030433275.1	1
GCA_030433335.1	1
GCA_030433805.1	1
GCA_030440445.1	1
GCA_030446485.1	1
GCA_030446805.1	1
GCA_030447385.1	1
GCA_030451825.1	3
GCA_030452025.1	1
GCA_030452265.1	2
GCA_030452275.1	13
GCA_030452305.1	2
GCA_030452365.1	2
GCA_030452985.1	1
GCA_030453295.1	1
GCA_030528345.1	1
GCA_030528485.1	1
GCA_030528565.1	2
GCA_030528705.1	2
GCA_030529365.1	1
GCA_030529565.1	1
GCA_030532905.1	1
GCA_030535395.1	1
GCA_030535425.1	1
GCA_030535605.1	1
GCA_030538055.1	2
GCA_030538085.1	2
GCA_030538135.1	1
GCA_030538175.1	2
GCA_030538255.1	2
GCA_030538425.1	1
GCA_030538515.1	1
GCA_030538555.1	1
GCA_030538585.1	1
GCA_030538605.1	3
GCA_030538705.1	1
GCA_030538735.1	1
GCA_030540655.1	1
GCA_030544685.1	2
GCA_030546905.1	1
GCA_030550675.1	2
GCA_030550715.1	1
GCA_030583605.1	2
GCA_030590865.1	1
GCA_030596145.1	1
GCA_030598925.1	1
GCA_030600135.1	1
GCA_030602245.1	1
GCA_030602985.1	2
GCA_030603635.1	1
GCA_030603695.1	1
GCA_030603925.1	2
GCA_030604135.1	5
GCA_030604735.1	2
GCA_030607105.1	1
GCA_030609245.1	1
GCA_030611185.1	1
GCA_030618705.1	1
GCA_030619435.1	1
GCA_030621845.1	1
GCA_030622585.1	1
GCA_030622755.1	1
GCA_030622775.1	1
GCA_030637665.1	1
GCA_030645355.1	4
GCA_030645365.1	2
GCA_030645915.1	2
GCA_030646295.1	1
GCA_030646715.1	2
GCA_030647435.1	2
GCA_030650995.1	2
GCA_030651305.1	2
GCA_030651575.1	1
GCA_030651965.1	1
GCA_030652255.1	1
GCA_030652315.1	4
GCA_030652715.1	1
GCA_030652755.1	1
GCA_030653255.1	1
GCA_030653385.1	3
GCA_030653505.1	2
GCA_030653975.1	2
GCA_030654395.1	3
GCA_030654635.1	1
GCA_030654805.1	2
GCA_030655135.1	3
GCA_030655215.1	1
GCA_030655355.1	3
GCA_030656035.1	1
GCA_030656145.1	1
GCA_030656215.1	2
GCA_030656535.1	1
GCA_030657355.1	1
GCA_030665765.1	2
GCA_030671915.1	1
GCA_030678995.1	1
GCA_030679805.1	4
GCA_030680075.1	1
GCA_030680295.1	1
GCA_030680415.1	2
GCA_030680575.1	3
GCA_030680745.1	2
GCA_030680805.1	1
GCA_030681035.1	2
GCA_030681195.1	1
GCA_030681365.1	2
GCA_030681615.1	2
GCA_030681635.1	2
GCA_030681645.1	2
GCA_030681795.1	2
GCA_030681895.1	2
GCA_030682475.1	3
GCA_030682835.1	4
GCA_030683005.1	1
GCA_030683105.1	2
GCA_030683195.1	1
GCA_030683705.1	2
GCA_030683915.1	1
GCA_030684355.1	1
GCA_030684395.1	3
GCA_030684405.1	1
GCA_030684415.1	1
GCA_030684475.1	3
GCA_030684755.1	4
GCA_030684835.1	2
GCA_030685065.1	1
GCA_030690515.1	2
GCA_030691075.1	2
GCA_030691385.1	3
GCA_030692515.1	3
GCA_030693565.1	5
GCA_030694465.1	1
GCA_030694525.1	2
GCA_030694965.1	1
GCA_030695205.1	4
GCA_030695415.1	2
GCA_030695565.1	2
GCA_030696155.1	2
GCA_030696305.1	1
GCA_030696345.1	4
GCA_030696505.1	2
GCA_030696525.1	2
GCA_030696545.1	2
GCA_030697175.1	2
GCA_030697375.1	4
GCA_030697555.1	1
GCA_030698225.1	6
GCA_030698375.1	1
GCA_030698575.1	4
GCA_030699825.1	2
GCA_030700225.1	3
GCA_030727085.1	1
GCA_030744435.1	1
GCA_030748735.1	1
GCA_030749035.1	1
GCA_030750865.1	1
GCA_030758115.1	1
GCA_030773115.1	2
GCA_030773375.1	2
GCA_030773395.1	1
GCA_030773435.1	1
GCA_030773455.1	1
GCA_030773535.1	1
GCA_030774295.1	1
GCA_030775105.1	1
GCA_030775365.1	1
GCA_030775565.1	1
GCA_030775645.1	1
GCA_030775825.1	1
GCA_030776345.1	1
GCA_030776465.1	1
GCA_030776545.1	2
GCA_030776865.1	1
GCA_030776915.1	3
GCA_030776965.1	1
GCA_030777385.1	1
GCA_030799345.1	1
GCA_030799355.1	2
GCA_030813035.1	2
GCA_030824275.1	1
GCA_030824495.1	1
GCA_030824555.1	1
GCA_030824575.1	1
GCA_030824585.1	1
GCA_030824725.1	3
GCA_030824805.1	1
GCA_030824835.1	4
GCA_030824965.1	1
GCA_030830595.1	1
GCA_030830695.1	1
GCA_030831135.1	1
GCA_030831585.1	2
GCA_030833315.1	1
GCA_030835405.1	1
GCA_030836925.1	1
GCA_030837445.1	1
GCA_030838785.1	3
GCA_030838815.1	3
GCA_030840525.1	2
GCA_030840585.1	2
GCA_030840645.1	1
GCA_030840885.1	3
GCA_030849945.1	2
GCA_030852965.1	1
GCA_030853115.1	1
GCA_030853185.1	1
GCA_030853745.1	2
GCA_030854185.1	1
GCA_030854305.1	1
GCA_030854785.1	3
GCA_030855025.1	1
GCA_030855235.1	3
GCA_030855295.1	1
GCA_030855555.1	1
GCA_030855855.1	1
GCA_030856045.1	2
GCA_030856215.1	1
GCA_030856525.1	1
GCA_030856725.1	1
GCA_030856925.1	1
GCA_030856985.1	1
GCA_030857025.1	1
GCA_030857095.1	1
GCA_030857175.1	1
GCA_030857245.1	1
GCA_030859305.1	1
GCA_030859565.1	3
GCA_030859735.1	1
GCA_030860485.1	4
GCA_030860695.1	1
GCA_030861105.1	3
GCA_030861545.1	1
GCA_030861725.1	1
GCA_030861775.1	1
GCA_030862075.1	1
GCA_030862405.1	2
GCA_030862525.1	1
GCA_030862825.1	2
GCA_030863015.1	1
GCA_030863045.1	2
GCA_030913755.1	1
GCA_030917485.1	1
GCA_030917985.1	1
GCA_030918015.1	2
GCA_030945745.1	2
GCA_030946725.1	1
GCA_030946875.1	1
GCA_030946925.1	3
GCA_030947025.1	2
GCA_030947085.1	1
GCA_030947185.1	1
GCA_030947625.1	1
GCA_030948025.1	2
GCA_030948305.1	2
GCA_030948365.1	2
GCA_030948425.1	1
GCA_030948665.1	1
GCA_030948875.1	2
GCA_031119155.1	1
GCA_031119205.1	2
GCA_031119295.1	2
GCA_031119395.1	3
GCA_031119555.1	2
GCA_031119595.1	1
GCA_031177355.1	3
GCA_031177845.1	2
GCA_031177865.1	1
GCA_031178305.1	2
GCA_031180405.1	1
GCA_031180665.1	3
GCA_031180725.1	3
GCA_031181145.1	2
GCA_031181345.1	3
GCA_031253955.1	2
GCA_031254155.1	1
GCA_031255325.1	1
GCA_031256125.1	1
GCA_031256795.1	1
GCA_031257475.1	1
GCA_031257795.1	1
GCA_031257945.1	1
GCA_031258475.1	1
GCA_031258575.1	1
GCA_031258715.1	1
GCA_031259605.1	1
GCA_031260425.1	1
GCA_031262635.1	1
GCA_031266655.1	1
GCA_031267195.1	1
GCA_031267345.1	1
GCA_031267415.1	1
GCA_031267535.1	1
GCA_031268985.1	1
GCA_031271025.1	1
GCA_031273145.1	1
GCA_031273565.1	1
GCA_031274295.1	1
GCA_031274995.1	1
GCA_031275895.1	1
GCA_031276435.1	2
GCA_031276565.1	1
GCA_031276915.1	1
GCA_031277295.1	2
GCA_031277315.1	2
GCA_031277805.1	2
GCA_031277855.1	4
GCA_031278735.1	1
GCA_031279495.1	1
GCA_031281985.1	1
GCA_031282425.1	1
GCA_031282905.1	1
GCA_031283445.1	2
GCA_031283965.1	1
GCA_031284365.1	1
GCA_031285115.1	1
GCA_031285125.1	1
GCA_031286755.1	4
GCA_031287525.1	1
GCA_031288225.1	1
GCA_031288305.1	1
GCA_031288395.1	1
GCA_031288795.1	1
GCA_031290075.1	1
GCA_031290535.1	1
GCA_031291055.1	3
GCA_031291075.1	2
GCA_031291115.1	3
GCA_031291185.1	2
GCA_031291275.1	1
GCA_031291295.1	5
GCA_031291325.1	3
GCA_031291335.1	4
GCA_031291435.1	1
GCA_031291445.1	3
GCA_031291475.1	6
GCA_031291515.1	2
GCA_031291555.1	3
GCA_031291645.1	2
GCA_031291675.1	1
GCA_031291685.1	2
GCA_031291715.1	3
GCA_031291725.1	1
GCA_031291755.1	2
GCA_031292665.1	2
GCA_031292695.1	1
GCA_031296345.1	2
GCA_031316115.1	3
GCA_031359885.1	1
GCA_031359905.1	3
GCA_031359975.1	3
GCA_031359995.1	1
GCA_031360005.1	3
GCA_031360485.1	3
GCA_031360565.1	1
GCA_031360805.1	3
GCA_031360885.1	3
GCA_031361045.1	1
GCA_031361405.1	2
GCA_031361565.1	2
GCA_031362125.1	2
GCA_031362345.1	1
GCA_031362355.1	1
GCA_031362415.1	3
GCA_031362505.1	1
GCA_031362665.1	1
GCA_031362865.1	2
GCA_031362885.1	2
GCA_031362905.1	3
GCA_031362985.1	1
GCA_031363045.1	1
GCA_031363055.1	3
GCA_031363155.1	1
GCA_031363335.1	1
GCA_031363645.1	2
GCA_031363755.1	1
GCA_031363785.1	2
GCA_031364125.1	1
GCA_031364345.1	1
GCA_031364365.1	1
GCA_031364405.1	2
GCA_031364925.1	2
GCA_031365165.1	4
GCA_031365375.1	2
GCA_031365425.1	3
GCA_031365465.1	3
GCA_031365665.1	2
GCA_031365825.1	2
GCA_031365865.1	3
GCA_031365885.1	2
GCA_031366465.1	3
GCA_031366635.1	1
GCA_031367195.1	1
GCA_031367285.1	4
GCA_031367325.1	4
GCA_031367385.1	1
GCA_031367425.1	2
GCA_031367505.1	4
GCA_031367575.1	2
GCA_031367715.1	4
GCA_031367895.1	2
GCA_031368035.1	1
GCA_031368125.1	3
GCA_031368465.1	1
GCA_031368925.1	2
GCA_031369245.1	3
GCA_031369725.1	1
GCA_031369825.1	1
GCA_031370095.1	3
GCA_031370195.1	2
GCA_031370625.1	2
GCA_031370825.1	2
GCA_031371245.1	1
GCA_031371275.1	3
GCA_031371635.1	2
GCA_031371945.1	1
GCA_031372005.1	2
GCA_031372035.1	5
GCA_031372085.1	1
GCA_031372905.1	3
GCA_031373055.1	2
GCA_031373225.1	1
GCA_031373255.1	1
GCA_031373455.1	3
GCA_031373545.1	1
GCA_031373605.1	1
GCA_031373745.1	2
GCA_031374115.1	4
GCA_031374415.1	3
GCA_031374535.1	1
GCA_031374565.1	2
GCA_031374725.1	1
GCA_031374735.1	1
GCA_031375065.1	2
GCA_031375105.1	3
GCA_031375185.1	1
GCA_031375195.1	1
GCA_031375445.1	1
GCA_031375525.1	5
GCA_031375605.1	1
GCA_031375665.1	1
GCA_031375685.1	2
GCA_031376105.1	3
GCA_031376265.1	2
GCA_031376305.1	1
GCA_031376385.1	1
GCA_031376425.1	1
GCA_031376455.1	3
GCA_031376995.1	2
GCA_031377485.1	1
GCA_031378125.1	2
GCA_031378135.1	2
GCA_031378565.1	2
GCA_031378845.1	1
GCA_031378895.1	2
GCA_031379035.1	2
GCA_031379155.1	4
GCA_031379255.1	4
GCA_031379365.1	1
GCA_031379415.1	3
GCA_031379565.1	1
GCA_031379735.1	1
GCA_031380225.1	1
GCA_031380235.1	3
GCA_031380285.1	2
GCA_031380765.1	2
GCA_031380885.1	2
GCA_031381325.1	3
GCA_031381865.1	4
GCA_031381925.1	2
GCA_031381955.1	2
GCA_031382085.1	1
GCA_031382195.1	2
GCA_031382215.1	3
GCA_031383435.1	1
GCA_031383585.1	2
GCA_031383745.1	2
GCA_031384695.1	1
GCA_031384945.1	1
GCA_031385155.1	1
GCA_031385325.1	2
GCA_031385555.1	1
GCA_031386065.1	4
GCA_031386385.1	1
GCA_031386545.1	1
GCA_031386655.1	3
GCA_031386665.1	2
GCA_031386895.1	1
GCA_031387185.1	2
GCA_031387285.1	3
GCA_031388245.1	4
GCA_031388915.1	1
GCA_031389105.1	1
GCA_031389565.1	3
GCA_031389585.1	2
GCA_031389685.1	1
GCA_031389925.1	1
GCA_031389965.1	2
GCA_031390175.1	2
GCA_031390305.1	1
GCA_031390425.1	2
GCA_031391405.1	1
GCA_031391655.1	1
GCA_031392695.1	2
GCA_031392805.1	3
GCA_031392945.1	2
GCA_031393505.1	4
GCA_031393535.1	1
GCA_031393885.1	2
GCA_031393975.1	1
GCA_031394085.1	2
GCA_031394145.1	2
GCA_031394235.1	1
GCA_031394335.1	2
GCA_031394355.1	5
GCA_031394735.1	3
GCA_031394895.1	1
GCA_031395645.1	1
GCA_031396005.1	2
GCA_031396185.1	1
GCA_031396205.1	7
GCA_031396305.1	2
GCA_031396395.1	2
GCA_031396425.1	3
GCA_031396485.1	3
GCA_031396505.1	2
GCA_031396515.1	1
GCA_031397145.1	1
GCA_031397785.1	1
GCA_031397915.1	4
GCA_031398015.1	1
GCA_031398045.1	2
GCA_031398385.1	4
GCA_031398405.1	1
GCA_031398535.1	2
GCA_031398625.1	1
GCA_031398685.1	2
GCA_031398695.1	1
GCA_031398975.1	1
GCA_031399085.1	1
GCA_031399165.1	1
GCA_031399375.1	2
GCA_031399805.1	2
GCA_031400005.1	2
GCA_031400505.1	2
GCA_031400695.1	1
GCA_031400795.1	4
GCA_031400895.1	2
GCA_031401035.1	1
GCA_031401195.1	3
GCA_031401375.1	1
GCA_031401535.1	4
GCA_031401675.1	2
GCA_031401875.1	1
GCA_031401935.1	6
GCA_031402115.1	2
GCA_031402935.1	3
GCA_031402975.1	1
GCA_031403055.1	3
GCA_031403155.1	1
GCA_031403365.1	2
GCA_031403455.1	5
GCA_031403675.1	1
GCA_031403815.1	1
GCA_031403895.1	1
GCA_031403955.1	5
GCA_031404015.1	2
GCA_031404095.1	3
GCA_031404155.1	2
GCA_031404295.1	1
GCA_031404555.1	1
GCA_031404635.1	1
GCA_031406045.1	1
GCA_031406075.1	2
GCA_031406155.1	4
GCA_031406375.1	1
GCA_031406495.1	1
GCA_031406575.1	1
GCA_031406655.1	1
GCA_031408155.1	3
GCA_031408195.1	1
GCA_031408275.1	2
GCA_031408575.1	2
GCA_031409355.1	1
GCA_031409395.1	3
GCA_031409495.1	2
GCA_031409515.1	1
GCA_031409575.1	2
GCA_031409595.1	1
GCA_031409695.1	2
GCA_031409795.1	2
GCA_031409855.1	1
GCA_031409935.1	1
GCA_031410015.1	2
GCA_031410295.1	2
GCA_031410335.1	1
GCA_031410435.1	1
GCA_031411175.1	4
GCA_031411195.1	3
GCA_031411215.1	2
GCA_031411355.1	1
GCA_031411575.1	3
GCA_031411635.1	2
GCA_031412075.1	2
GCA_031412095.1	1
GCA_031412135.1	1
GCA_031412175.1	1
GCA_031412185.1	3
GCA_031412235.1	2
GCA_031412255.1	1
GCA_031412295.1	2
GCA_031412455.1	2
GCA_031412495.1	2
GCA_031412555.1	2
GCA_031412695.1	1
GCA_031412975.1	2
GCA_031413095.1	4
GCA_031413475.1	3
GCA_031413495.1	1
GCA_031413595.1	1
GCA_031413635.1	3
GCA_031413655.1	1
GCA_031413695.1	1
GCA_031413815.1	3
GCA_031414075.1	1
GCA_031414095.1	2
GCA_031414115.1	1
GCA_031414215.1	4
GCA_031414315.1	1
GCA_031414335.1	2
GCA_031414695.1	2
GCA_031414805.1	1
GCA_031414975.1	3
GCA_031414995.1	5
GCA_031415015.1	3
GCA_031415135.1	2
GCA_031415295.1	1
GCA_031415475.1	2
GCA_031415535.1	4
GCA_031415895.1	3
GCA_031415995.1	1
GCA_031416195.1	2
GCA_031416215.1	2
GCA_031416375.1	1
GCA_031416395.1	2
GCA_031417195.1	1
GCA_031417295.1	2
GCA_031417575.1	1
GCA_031417655.1	1
GCA_031417695.1	2
GCA_031417995.1	2
GCA_031418135.1	2
GCA_031418395.1	2
GCA_031418495.1	2
GCA_031418595.1	1
GCA_031418675.1	1
GCA_031418715.1	3
GCA_031418855.1	2
GCA_031418955.1	1
GCA_031419075.1	1
GCA_031419255.1	4
GCA_031419315.1	3
GCA_031419415.1	1
GCA_031419475.1	1
GCA_031419515.1	1
GCA_031419535.1	1
GCA_031419575.1	4
GCA_031419635.1	3
GCA_031419715.1	1
GCA_031419775.1	1
GCA_031419835.1	1
GCA_031420215.1	1
GCA_031420735.1	1
GCA_031421555.1	1
GCA_031421635.1	1
GCA_031421855.1	2
GCA_031421915.1	1
GCA_031421955.1	2
GCA_031422495.1	3
GCA_031422915.1	2
GCA_031422995.1	3
GCA_031423655.1	2
GCA_031423755.1	1
GCA_031423895.1	2
GCA_031423955.1	3
GCA_031423975.1	2
GCA_031424255.1	2
GCA_031424355.1	2
GCA_031424795.1	2
GCA_031424895.1	1
GCA_031424935.1	1
GCA_031425195.1	1
GCA_031425325.1	3
GCA_031425675.1	1
GCA_031425795.1	1
GCA_031425895.1	2
GCA_031425935.1	1
GCA_031426015.1	2
GCA_031426175.1	3
GCA_031426185.1	1
GCA_031426635.1	1
GCA_031426695.1	1
GCA_031426755.1	3
GCA_031427055.1	2
GCA_031427095.1	1
GCA_031427315.1	2
GCA_031427355.1	2
GCA_031427395.1	1
GCA_031427615.1	1
GCA_031427655.1	1
GCA_031427895.1	1
GCA_031428185.1	1
GCA_031428235.1	2
GCA_031428535.1	3
GCA_031428695.1	3
GCA_031428815.1	1
GCA_031428855.1	1
GCA_031429105.1	2
GCA_031429255.1	2
GCA_031429355.1	1
GCA_031429555.1	1
GCA_031429925.1	2
GCA_031430015.1	3
GCA_031430035.1	1
GCA_031430155.1	1
GCA_031430225.1	4
GCA_031430295.1	1
GCA_031430315.1	1
GCA_031430555.1	2
GCA_031430575.1	2
GCA_031430995.1	1
GCA_031431035.1	3
GCA_031431115.1	2
GCA_031431125.1	3
GCA_031431155.1	5
GCA_031431235.1	1
GCA_031431335.1	3
GCA_031431435.1	2
GCA_031431475.1	1
GCA_031431555.1	3
GCA_031431575.1	2
GCA_031431655.1	1
GCA_031431695.1	1
GCA_031441285.1	3
GCA_031441585.1	1
GCA_031538685.1	1
GCA_031538895.1	1
GCA_031546815.1	1
GCA_031546845.1	1
GCA_031547725.1	2
GCA_031554255.1	1
GCA_031555315.1	1
GCA_031556405.1	1
GCA_031556475.1	2
GCA_031556925.1	1
GCA_031580875.1	2
GCA_031732795.1	2
GCA_031732855.1	1
GCA_031732875.1	2
GCA_031732935.1	1
GCA_031761875.1	2
GCA_031800425.1	1
GCA_031800515.1	1
GCA_031800675.1	1
GCA_031922475.1	1
GCA_031969005.1	1
GCA_031970695.1	2
GCA_031970775.1	1
GCA_031971375.1	2
GCA_031972715.1	1
GCA_031976175.1	2
GCA_031991105.1	1
GCA_031999925.1	1
GCA_032005505.1	2
GCA_032015805.1	3
GCA_032017425.1	1
GCA_032027085.1	3
GCA_032027165.1	2
GCA_032027205.1	2
GCA_032059585.1	1
GCA_032082785.1	2
GCA_032089155.1	1
GCA_032102365.1	1
GCA_032111105.1	2
GCA_032115075.1	2
GCA_032115875.1	1
GCA_032118555.1	3
GCA_032119515.1	1
GCA_032119595.1	1
GCA_032122355.1	1
GCA_032122615.1	1
GCA_032123035.1	2
GCA_032123985.1	1
GCA_032125995.1	1
GCA_032127975.1	1
GCA_032128415.1	2
GCA_032153965.1	2
GCA_032154175.1	2
GCA_032155045.1	6
GCA_032160565.1	1
GCA_032160665.1	2
GCA_032162325.1	1
GCA_032162385.1	1
GCA_032162485.1	1
GCA_032162865.1	1
GCA_032229625.1	1
GCA_032229665.1	1
GCA_032229685.1	2
GCA_032229845.1	1
GCA_032230565.1	1
GCA_032230695.1	2
GCA_032230725.1	1
GCA_032249615.1	1
GCA_032249695.1	3
GCA_032250585.1	3
GCA_032251095.1	1
GCA_032251175.1	2
GCA_032251235.1	1
GCA_032251355.1	3
GCA_032251475.1	1
GCA_032334595.1	2
GCA_032464575.1	2
GCA_032560695.1	2
GCA_032615215.1	2
GCA_033272285.1	3
GCA_033283175.1	1
GCA_033283335.1	1
GCA_033344815.1	1
GCA_033551855.1	2
GCA_033582875.1	1
GCA_033720015.1	1
GCA_033720555.1	2
GCA_033720795.1	1
GCA_033721095.1	1
GCA_033721635.1	1
GCA_033721715.1	2
GCA_033722075.1	2
GCA_033722135.1	1
GCA_033722575.1	2
GCA_033722755.1	1
GCA_033722815.1	1
GCA_033722845.1	1
GCA_033723355.1	1
GCA_033723495.1	1
GCA_033723595.1	1
GCA_033761815.1	1
GCA_033762275.1	3
GCA_033762625.1	1
GCA_033762715.1	2
GCA_033763015.1	1
GCA_033763395.1	2
GCA_033763475.1	2
GCA_033763555.1	1
GCA_033763575.1	1
GCA_033763775.1	2
GCA_033763945.1	2
GCA_033764055.1	2
GCA_033764435.1	2
GCA_033764685.1	1
GCA_033764725.1	1
GCA_033764775.1	2
GCA_033764855.1	2
GCA_033764865.1	2
GCA_033764875.1	4
GCA_033765145.1	2
GCA_033765285.1	2
GCA_033765305.1	1
GCA_033765345.1	2
GCA_033791505.1	1
GCA_033791545.1	2
GCA_033791605.1	3
GCA_033791885.1	1
GCA_033792295.1	2
GCA_033793495.1	3
GCA_033795485.1	2
GCA_033839205.1	1
GCA_033851195.1	1
GCA_033851265.1	1
GCA_033851935.1	1
GCA_033852045.1	1
GCA_033852075.1	1
GCA_033852095.1	1
GCA_033852115.1	1
GCA_033852135.1	1
GCA_033852155.1	2
GCA_033852165.1	1
GCA_033852175.1	1
GCA_033852215.1	1
GCA_033853455.1	1
GCA_033853615.1	1
GCA_033854095.1	1
GCA_033854695.1	1
GCA_033854735.1	2
GCA_033854915.1	1
GCA_033854925.1	1
GCA_033855515.1	2
GCA_033855555.1	1
GCA_033875255.1	1
GCA_034002385.1	1
GCA_034002465.1	1
GCA_034003745.1	1
GCA_034004105.1	2
GCA_034004685.1	2
GCA_034004945.1	1
GCA_034005165.1	2
GCA_034005205.1	1
GCA_034005275.1	1
GCA_034006005.1	2
GCA_034006805.1	2
GCA_034110885.1	1
GCA_034111085.1	1
GCA_034111105.1	1
GCA_034111185.1	1
GCA_034111385.1	1
GCA_034111645.1	1
GCA_034112445.1	2
GCA_034189005.1	2
GCA_034189235.1	1
GCA_034189745.1	1
GCA_034189955.1	1
GCA_034190395.1	1
GCA_034211175.1	3
GCA_034366485.1	2
GCA_034366585.1	3
GCA_034376265.1	2
GCA_034376725.1	2
GCA_034376845.1	2
GCA_034382075.1	2
GCA_034408685.1	3
GCA_034421135.1	1
GCA_034429295.1	1
GCA_034431835.1	3
GCA_034432375.1	1
GCA_034432515.1	2
GCA_034432635.1	2
GCA_034434655.1	2
GCA_034435435.1	1
GCA_034435495.1	1
GCA_034435975.1	1
GCA_034436045.1	1
GCA_034436075.1	2
GCA_034436755.1	4
GCA_034436975.1	1
GCA_034437035.1	4
GCA_034437175.1	2
GCA_034437655.1	1
GCA_034437915.1	1
GCA_034439635.1	2
GCA_034439955.1	3
GCA_034440115.1	1
GCA_034440275.1	1
GCA_034440355.1	2
GCA_034440495.1	1
GCA_034478765.1	2
GCA_034519505.1	1
GCA_034519525.1	2
GCA_034520625.1	3
GCA_034521385.1	2
GCA_034521635.1	2
GCA_034521655.1	1
GCA_034521935.1	1
GCA_034522195.1	1
GCA_034522715.1	1
GCA_034522875.1	1
GCA_034659375.1	1
GCA_034663635.1	2
GCA_034663685.1	1
GCA_034664165.1	1
GCA_034664395.1	1
GCA_034664425.1	1
GCA_034664525.1	4
GCA_034664785.1	2
GCA_034665165.1	3
GCA_034666405.1	1
GCA_034666465.1	2
GCA_034666485.1	1
GCA_034666665.1	2
GCA_034668045.1	1
GCA_034668065.1	2
GCA_034668505.1	1
GCA_034668525.1	1
GCA_034668785.1	1
GCA_034668825.1	1
GCA_034668865.1	2
GCA_034669045.1	2
GCA_034669125.1	1
GCA_034669145.1	1
GCA_034669505.1	2
GCA_034669525.1	1
GCA_034669685.1	1
GCA_034669925.1	2
GCA_034670045.1	1
GCA_034670065.1	1
GCA_034670145.1	1
GCA_034670165.1	1
GCA_034670305.1	2
GCA_034670345.1	1
GCA_034674825.1	1
GCA_034675465.1	1
GCA_034675505.1	2
GCA_034675705.1	2
GCA_034675825.1	2
GCA_034676485.1	3
GCA_034676525.1	2
GCA_034676585.1	4
GCA_034676685.1	4
GCA_034678725.1	1
GCA_034679045.1	1
GCA_034680345.1	1
GCA_034680505.1	2
GCA_034717695.1	1
GCA_034925975.1	1
GCA_034926235.1	1
GCA_035063585.1	2
GCA_035063785.1	2
GCA_035192965.1	1
GCA_035248365.1	3
GCA_035248845.1	1
GCA_035249115.1	3
GCA_035249175.1	1
GCA_035249465.1	1
GCA_035249725.1	2
GCA_035249885.1	1
GCA_035250505.1	1
GCA_035250605.1	2
GCA_035250685.1	1
GCA_035250945.1	3
GCA_035250975.1	5
GCA_035251235.1	1
GCA_035251315.1	2
GCA_035251855.1	1
GCA_035251915.1	3
GCA_035251935.1	1
GCA_035251955.1	1
GCA_035252035.1	5
GCA_035252045.1	2
GCA_035252175.1	4
GCA_035252415.1	4
GCA_035252445.1	1
GCA_035252605.1	2
GCA_035252645.1	1
GCA_035252905.1	1
GCA_035253045.1	1
GCA_035253345.1	7
GCA_035253505.1	2
GCA_035253605.1	3
GCA_035253865.1	1
GCA_035253885.1	4
GCA_035253925.1	1
GCA_035254005.1	2
GCA_035254085.1	5
GCA_035254105.1	3
GCA_035255045.1	2
GCA_035255085.1	3
GCA_035255485.1	3
GCA_035255545.1	1
GCA_035255845.1	2
GCA_035257925.1	1
GCA_035258465.1	1
GCA_035258605.1	4
GCA_035259205.1	2
GCA_035259575.1	1
GCA_035259825.1	1
GCA_035259885.1	3
GCA_035259925.1	2
GCA_035260265.1	4
GCA_035260285.1	4
GCA_035260465.1	1
GCA_035260785.1	2
GCA_035260865.1	1
GCA_035261025.1	1
GCA_035261565.1	2
GCA_035262305.1	2
GCA_035262645.1	2
GCA_035262745.1	5
GCA_035263065.1	2
GCA_035263105.1	1
GCA_035263265.1	1
GCA_035263545.1	3
GCA_035263645.1	1
GCA_035263705.1	4
GCA_035263725.1	1
GCA_035263865.1	6
GCA_035264545.1	1
GCA_035264605.1	1
GCA_035264705.1	2
GCA_035266305.1	1
GCA_035266805.1	1
GCA_035267125.1	2
GCA_035268645.1	3
GCA_035268705.1	1
GCA_035269125.1	1
GCA_035271365.1	4
GCA_035272265.1	5
GCA_035272665.1	3
GCA_035272805.1	2
GCA_035273665.1	1
GCA_035274085.1	8
GCA_035274225.1	3
GCA_035275125.1	2
GCA_035275265.1	3
GCA_035275365.1	2
GCA_035275445.1	1
GCA_035275465.1	1
GCA_035275565.1	2
GCA_035276085.1	1
GCA_035276345.1	1
GCA_035276505.1	4
GCA_035277225.1	3
GCA_035277325.1	1
GCA_035277405.1	1
GCA_035277525.1	2
GCA_035277565.1	3
GCA_035277805.1	4
GCA_035278205.1	1
GCA_035278345.1	4
GCA_035278405.1	1
GCA_035279165.1	7
GCA_035279205.1	3
GCA_035279925.1	1
GCA_035280025.1	2
GCA_035280245.1	1
GCA_035280325.1	2
GCA_035280525.1	1
GCA_035280545.1	3
GCA_035280585.1	2
GCA_035280965.1	1
GCA_035281265.1	1
GCA_035281285.1	3
GCA_035281345.1	1
GCA_035281605.1	1
GCA_035281625.1	1
GCA_035281685.1	1
GCA_035283265.1	1
GCA_035283385.1	4
GCA_035285405.1	1
GCA_035285965.1	1
GCA_035286365.1	1
GCA_035286595.1	2
GCA_035291245.1	1
GCA_035292625.1	1
GCA_035292745.1	1
GCA_035293165.1	1
GCA_035293205.1	1
GCA_035293565.1	1
GCA_035293585.1	4
GCA_035293665.1	1
GCA_035293945.1	3
GCA_035293965.1	1
GCA_035293985.1	1
GCA_035294045.1	1
GCA_035294125.1	1
GCA_035294245.1	1
GCA_035295005.1	1
GCA_035295025.1	2
GCA_035295045.1	1
GCA_035295065.1	1
GCA_035295205.1	2
GCA_035295225.1	1
GCA_035295425.1	1
GCA_035295445.1	1
GCA_035295705.1	1
GCA_035295845.1	2
GCA_035296065.1	1
GCA_035296505.1	1
GCA_035296545.1	1
GCA_035296565.1	2
GCA_035296685.1	3
GCA_035296885.1	1
GCA_035296945.1	2
GCA_035297005.1	1
GCA_035297365.1	3
GCA_035297905.1	2
GCA_035298685.1	2
GCA_035298985.1	5
GCA_035299345.1	1
GCA_035299845.1	1
GCA_035300345.1	1
GCA_035300445.1	1
GCA_035300505.1	2
GCA_035301185.1	4
GCA_035301405.1	1
GCA_035301625.1	1
GCA_035302345.1	1
GCA_035303885.1	3
GCA_035303925.1	1
GCA_035304185.1	1
GCA_035304425.1	2
GCA_035306485.1	1
GCA_035306625.1	1
GCA_035307465.1	1
GCA_035308085.1	2
GCA_035308265.1	2
GCA_035308285.1	3
GCA_035308485.1	1
GCA_035308545.1	2
GCA_035308765.1	2
GCA_035308865.1	2
GCA_035308915.1	1
GCA_035309005.1	1
GCA_035309885.1	1
GCA_035310125.1	3
GCA_035310205.1	2
GCA_035310865.1	2
GCA_035310985.1	2
GCA_035311385.1	1
GCA_035311445.1	6
GCA_035311685.1	1
GCA_035312605.1	1
GCA_035314465.1	1
GCA_035314705.1	1
GCA_035314765.1	1
GCA_035314825.1	3
GCA_035315345.1	1
GCA_035315605.1	2
GCA_035315965.1	2
GCA_035317085.1	2
GCA_035317145.1	1
GCA_035318245.1	1
GCA_035318525.1	1
GCA_035318565.1	3
GCA_035319205.1	1
GCA_035319265.1	6
GCA_035319325.1	1
GCA_035319505.1	2
GCA_035319645.1	2
GCA_035319735.1	1
GCA_035324325.1	1
GCA_035325525.1	3
GCA_035325625.1	1
GCA_035325905.1	1
GCA_035326425.1	4
GCA_035328405.1	2
GCA_035328505.1	2
GCA_035331205.1	2
GCA_035331665.1	1
GCA_035335645.1	4
GCA_035338675.1	1
GCA_035340095.1	1
GCA_035343915.1	1
GCA_035344175.1	1
GCA_035345235.1	1
GCA_035345735.1	1
GCA_035345875.1	1
GCA_035345935.1	3
GCA_035350655.1	3
GCA_035350895.1	1
GCA_035352355.1	1
GCA_035355475.1	2
GCA_035358035.1	2
GCA_035363115.1	1
GCA_035382085.1	2
GCA_035401985.1	2
GCA_035405785.1	2
GCA_035416785.1	3
GCA_035426125.1	4
GCA_035426725.1	1
GCA_035427325.1	2
GCA_035427885.1	2
GCA_035429605.1	1
GCA_035429665.1	1
GCA_035429725.1	3
GCA_035429805.1	4
GCA_035429925.1	2
GCA_035430095.1	3
GCA_035432905.1	1
GCA_035433105.1	1
GCA_035438245.1	3
GCA_035438765.1	4
GCA_035438885.1	2
GCA_035438925.1	3
GCA_035439005.1	3
GCA_035439445.1	3
GCA_035439485.1	1
GCA_035440445.1	1
GCA_035440585.1	1
GCA_035440865.1	1
GCA_035440985.1	2
GCA_035441325.1	1
GCA_035443825.1	2
GCA_035444225.1	1
GCA_035444405.1	4
GCA_035444805.1	1
GCA_035444925.1	1
GCA_035445405.1	2
GCA_035448625.1	2
GCA_035450765.1	1
GCA_035454085.1	1
GCA_035454645.1	2
GCA_035454685.1	3
GCA_035454925.1	3
GCA_035454985.1	1
GCA_035455085.1	1
GCA_035455105.1	1
GCA_035455245.1	1
GCA_035455385.1	6
GCA_035455565.1	3
GCA_035455615.1	1
GCA_035455825.1	2
GCA_035456045.1	2
GCA_035456065.1	1
GCA_035456105.1	3
GCA_035456405.1	3
GCA_035456445.1	3
GCA_035456545.1	1
GCA_035456885.1	2
GCA_035456965.1	1
GCA_035456985.1	3
GCA_035457605.1	2
GCA_035457725.1	3
GCA_035458105.1	1
GCA_035459025.1	1
GCA_035459605.1	2
GCA_035460205.1	2
GCA_035460745.1	5
GCA_035461195.1	1
GCA_035461725.1	1
GCA_035463315.1	2
GCA_035463855.1	1
GCA_035465195.1	1
GCA_035465295.1	2
GCA_035465735.1	1
GCA_035465955.1	3
GCA_035465975.1	1
GCA_035466435.1	1
GCA_035466595.1	1
GCA_035466635.1	1
GCA_035466795.1	2
GCA_035468175.1	3
GCA_035469145.1	1
GCA_035470225.1	1
GCA_035470765.1	2
GCA_035470905.1	1
GCA_035471825.1	1
GCA_035471965.1	4
GCA_035472475.1	5
GCA_035472835.1	1
GCA_035472875.1	1
GCA_035473355.1	3
GCA_035473575.1	1
GCA_035473605.1	1
GCA_035473955.1	1
GCA_035474375.1	1
GCA_035474775.1	1
GCA_035474935.1	2
GCA_035475015.1	2
GCA_035475215.1	1
GCA_035475895.1	3
GCA_035476235.1	3
GCA_035476635.1	5
GCA_035476655.1	2
GCA_035476755.1	4
GCA_035476815.1	2
GCA_035476855.1	1
GCA_035477015.1	1
GCA_035480295.1	3
GCA_035481795.1	1
GCA_035481975.1	1
GCA_035482595.1	1
GCA_035482695.1	1
GCA_035483035.1	1
GCA_035483335.1	2
GCA_035483375.1	1
GCA_035483735.1	5
GCA_035483795.1	2
GCA_035483915.1	3
GCA_035484155.1	2
GCA_035484495.1	1
GCA_035484815.1	3
GCA_035485475.1	1
GCA_035485695.1	1
GCA_035486135.1	3
GCA_035486275.1	1
GCA_035486355.1	1
GCA_035486535.1	1
GCA_035487555.1	5
GCA_035487655.1	1
GCA_035488075.1	1
GCA_035489015.1	1
GCA_035489505.1	1
GCA_035489775.1	1
GCA_035489875.1	2
GCA_035490095.1	6
GCA_035490755.1	1
GCA_035491155.1	3
GCA_035491795.1	1
GCA_035491935.1	4
GCA_035492135.1	3
GCA_035492155.1	1
GCA_035492395.1	4
GCA_035493035.1	1
GCA_035493135.1	2
GCA_035493195.1	3
GCA_035493385.1	1
GCA_035493675.1	1
GCA_035493735.1	4
GCA_035493915.1	1
GCA_035493955.1	1
GCA_035494075.1	1
GCA_035494115.1	1
GCA_035494855.1	2
GCA_035495315.1	1
GCA_035495415.1	1
GCA_035495495.1	1
GCA_035495655.1	1
GCA_035497095.1	1
GCA_035497635.1	1
GCA_035497695.1	1
GCA_035497775.1	2
GCA_035498135.1	1
GCA_035498175.1	1
GCA_035499005.1	1
GCA_035499115.1	1
GCA_035499135.1	5
GCA_035499295.1	1
GCA_035499335.1	1
GCA_035499355.1	4
GCA_035499395.1	2
GCA_035499475.1	2
GCA_035499515.1	1
GCA_035499575.1	3
GCA_035499695.1	2
GCA_035499735.1	2
GCA_035499835.1	2
GCA_035499915.1	3
GCA_035499955.1	3
GCA_035500135.1	1
GCA_035500275.1	3
GCA_035500775.1	6
GCA_035500975.1	1
GCA_035501215.1	5
GCA_035501235.1	1
GCA_035501595.1	4
GCA_035501615.1	1
GCA_035501675.1	1
GCA_035501715.1	1
GCA_035501735.1	2
GCA_035501875.1	3
GCA_035501935.1	2
GCA_035501975.1	1
GCA_035502095.1	5
GCA_035502235.1	1
GCA_035502295.1	1
GCA_035502355.1	1
GCA_035502855.1	2
GCA_035502995.1	1
GCA_035503055.1	2
GCA_035503415.1	1
GCA_035503615.1	1
GCA_035503795.1	5
GCA_035503975.1	1
GCA_035504075.1	1
GCA_035504115.1	1
GCA_035504175.1	1
GCA_035504235.1	1
GCA_035504535.1	2
GCA_035504555.1	3
GCA_035504785.1	2
GCA_035505015.1	1
GCA_035505215.1	2
GCA_035505275.1	2
GCA_035505695.1	2
GCA_035505955.1	2
GCA_035506135.1	2
GCA_035506495.1	3
GCA_035506575.1	5
GCA_035507095.1	1
GCA_035507155.1	6
GCA_035507235.1	1
GCA_035507275.1	1
GCA_035507475.1	1
GCA_035507615.1	1
GCA_035507915.1	6
GCA_035508175.1	1
GCA_035508435.1	3
GCA_035508595.1	1
GCA_035509095.1	4
GCA_035509135.1	3
GCA_035509195.1	2
GCA_035509275.1	6
GCA_035509315.1	4
GCA_035509415.1	2
GCA_035509535.1	4
GCA_035509615.1	2
GCA_035510075.1	2
GCA_035511035.1	1
GCA_035511275.1	1
GCA_035511515.1	6
GCA_035511595.1	3
GCA_035511775.1	1
GCA_035511785.1	3
GCA_035512055.1	1
GCA_035512195.1	1
GCA_035512995.1	1
GCA_035513135.1	2
GCA_035513555.1	1
GCA_035514595.1	3
GCA_035514715.1	2
GCA_035514935.1	2
GCA_035515055.1	2
GCA_035515295.1	4
GCA_035515355.1	4
GCA_035515455.1	1
GCA_035515675.1	1
GCA_035515835.1	3
GCA_035516595.1	1
GCA_035516655.1	2
GCA_035516875.1	1
GCA_035517035.1	2
GCA_035517095.1	1
GCA_035517115.1	6
GCA_035517495.1	7
GCA_035517515.1	1
GCA_035517595.1	1
GCA_035517635.1	7
GCA_035517695.1	1
GCA_035518095.1	1
GCA_035518135.1	1
GCA_035518275.1	1
GCA_035518375.1	1
GCA_035518495.1	1
GCA_035518775.1	6
GCA_035518875.1	3
GCA_035519135.1	1
GCA_035519275.1	4
GCA_035519415.1	4
GCA_035519515.1	1
GCA_035519555.1	1
GCA_035519675.1	1
GCA_035523835.1	2
GCA_035523855.1	2
GCA_035523995.1	3
GCA_035524255.1	2
GCA_035524275.1	3
GCA_035524315.1	2
GCA_035524415.1	3
GCA_035524455.1	1
GCA_035524495.1	1
GCA_035524595.1	1
GCA_035524795.1	1
GCA_035524895.1	1
GCA_035524955.1	1
GCA_035525255.1	1
GCA_035525455.1	1
GCA_035525615.1	1
GCA_035525655.1	1
GCA_035525785.1	1
GCA_035525875.1	1
GCA_035526975.1	2
GCA_035527255.1	1
GCA_035527975.1	2
GCA_035528435.1	3
GCA_035530135.1	5
GCA_035530315.1	2
GCA_035530495.1	3
GCA_035531295.1	2
GCA_035531735.1	1
GCA_035532115.1	1
GCA_035532335.1	7
GCA_035532495.1	2
GCA_035532755.1	3
GCA_035532935.1	4
GCA_035533255.1	1
GCA_035533455.1	1
GCA_035533495.1	1
GCA_035533695.1	1
GCA_035534135.1	1
GCA_035534275.1	1
GCA_035534535.1	1
GCA_035534855.1	1
GCA_035535035.1	2
GCA_035536055.1	4
GCA_035536115.1	1
GCA_035536295.1	1
GCA_035536495.1	1
GCA_035537395.1	1
GCA_035538335.1	1
GCA_035538435.1	1
GCA_035538475.1	1
GCA_035538735.1	2
GCA_035538755.1	6
GCA_035538795.1	1
GCA_035538935.1	1
GCA_035538975.1	2
GCA_035538995.1	3
GCA_035539075.1	5
GCA_035539135.1	1
GCA_035539155.1	2
GCA_035539215.1	3
GCA_035539315.1	2
GCA_035539475.1	1
GCA_035539495.1	2
GCA_035539595.1	2
GCA_035539635.1	1
GCA_035539655.1	1
GCA_035539675.1	4
GCA_035539795.1	2
GCA_035539815.1	3
GCA_035540235.1	1
GCA_035540275.1	2
GCA_035540315.1	4
GCA_035540375.1	1
GCA_035540415.1	2
GCA_035540535.1	1
GCA_035540575.1	3
GCA_035540755.1	1
GCA_035540795.1	1
GCA_035541215.1	2
GCA_035541335.1	4
GCA_035541575.1	1
GCA_035541655.1	2
GCA_035541675.1	2
GCA_035541695.1	1
GCA_035541735.1	3
GCA_035541895.1	3
GCA_035542015.1	5
GCA_035542135.1	1
GCA_035542475.1	2
GCA_035542515.1	6
GCA_035542535.1	2
GCA_035542555.1	1
GCA_035542715.1	2
GCA_035542795.1	1
GCA_035543115.1	1
GCA_035543235.1	1
GCA_035543335.1	2
GCA_035543495.1	2
GCA_035543635.1	5
GCA_035543655.1	1
GCA_035543935.1	1
GCA_035544335.1	1
GCA_035544395.1	3
GCA_035544475.1	4
GCA_035544975.1	5
GCA_035545355.1	3
GCA_035545385.1	1
GCA_035546175.1	3
GCA_035546235.1	1
GCA_035546295.1	1
GCA_035546475.1	2
GCA_035546775.1	1
GCA_035546855.1	2
GCA_035546875.1	1
GCA_035546895.1	2
GCA_035547015.1	1
GCA_035547195.1	4
GCA_035547255.1	4
GCA_035547275.1	1
GCA_035547575.1	3
GCA_035547835.1	1
GCA_035547955.1	3
GCA_035547995.1	4
GCA_035548155.1	3
GCA_035548355.1	1
GCA_035548375.1	2
GCA_035548495.1	1
GCA_035548715.1	4
GCA_035548735.1	2
GCA_035548755.1	1
GCA_035548775.1	2
GCA_035548835.1	1
GCA_035548975.1	1
GCA_035549455.1	1
GCA_035549515.1	2
GCA_035549575.1	2
GCA_035549595.1	2
GCA_035549615.1	4
GCA_035549695.1	1
GCA_035549715.1	2
GCA_035549815.1	5
GCA_035549875.1	1
GCA_035550075.1	1
GCA_035550195.1	1
GCA_035550515.1	1
GCA_035550695.1	1
GCA_035550975.1	2
GCA_035551175.1	2
GCA_035551495.1	1
GCA_035551675.1	1
GCA_035551695.1	3
GCA_035551795.1	1
GCA_035551855.1	2
GCA_035552135.1	1
GCA_035552195.1	1
GCA_035552215.1	1
GCA_035552295.1	2
GCA_035552615.1	1
GCA_035552655.1	1
GCA_035552735.1	3
GCA_035552815.1	2
GCA_035552835.1	1
GCA_035553335.1	2
GCA_035553515.1	6
GCA_035553595.1	2
GCA_035553715.1	3
GCA_035553855.1	1
GCA_035553995.1	2
GCA_035554015.1	1
GCA_035554275.1	4
GCA_035554335.1	1
GCA_035554435.1	3
GCA_035554515.1	1
GCA_035554635.1	1
GCA_035554955.1	1
GCA_035555075.1	1
GCA_035555155.1	1
GCA_035555295.1	2
GCA_035555315.1	2
GCA_035555375.1	1
GCA_035555575.1	1
GCA_035555855.1	1
GCA_035556015.1	1
GCA_035556195.1	1
GCA_035556215.1	1
GCA_035556295.1	1
GCA_035556455.1	1
GCA_035556495.1	1
GCA_035556555.1	1
GCA_035556695.1	2
GCA_035556735.1	1
GCA_035556795.1	1
GCA_035557125.1	2
GCA_035557335.1	1
GCA_035557575.1	1
GCA_035558075.1	1
GCA_035558535.1	1
GCA_035558835.1	1
GCA_035559095.1	3
GCA_035559275.1	4
GCA_035559815.1	1
GCA_035560005.1	2
GCA_035560815.1	1
GCA_035561215.1	1
GCA_035562535.1	2
GCA_035562555.1	1
GCA_035562615.1	1
GCA_035563115.1	1
GCA_035563475.1	1
GCA_035563755.1	1
GCA_035563795.1	5
GCA_035563915.1	1
GCA_035564055.1	1
GCA_035565015.1	1
GCA_035565055.1	1
GCA_035565075.1	1
GCA_035565355.1	1
GCA_035565375.1	2
GCA_035565575.1	1
GCA_035565935.1	2
GCA_035565975.1	3
GCA_035566155.1	2
GCA_035566495.1	1
GCA_035566615.1	10
GCA_035566635.1	2
GCA_035566915.1	1
GCA_035567055.1	3
GCA_035567075.1	1
GCA_035567135.1	1
GCA_035567755.1	2
GCA_035568235.1	1
GCA_035568435.1	3
GCA_035568535.1	6
GCA_035568975.1	11
GCA_035568995.1	2
GCA_035569025.1	1
GCA_035569235.1	4
GCA_035569355.1	1
GCA_035569455.1	1
GCA_035569495.1	2
GCA_035569635.1	1
GCA_035569695.1	2
GCA_035569735.1	1
GCA_035569755.1	1
GCA_035570295.1	2
GCA_035570495.1	1
GCA_035570595.1	1
GCA_035570795.1	1
GCA_035570935.1	2
GCA_035571175.1	1
GCA_035571275.1	2
GCA_035571675.1	3
GCA_035571715.1	1
GCA_035571795.1	2
GCA_035571935.1	4
GCA_035572075.1	1
GCA_035572155.1	4
GCA_035572875.1	1
GCA_035573335.1	2
GCA_035573595.1	2
GCA_035573615.1	1
GCA_035574095.1	1
GCA_035574175.1	1
GCA_035574195.1	2
GCA_035574295.1	1
GCA_035575095.1	5
GCA_035575435.1	1
GCA_035575905.1	5
GCA_035575945.1	5
GCA_035577165.1	1
GCA_035577685.1	1
GCA_035577785.1	3
GCA_035578005.1	1
GCA_035578045.1	4
GCA_035581425.1	2
GCA_035581765.1	2
GCA_035601575.1	1
GCA_035601775.1	1
GCA_035601815.1	1
GCA_035601835.1	1
GCA_035601875.1	8
GCA_035601915.1	7
GCA_035602175.1	1
GCA_035602195.1	1
GCA_035602335.1	2
GCA_035602495.1	3
GCA_035603035.1	1
GCA_035603345.1	3
GCA_035603855.1	1
GCA_035604035.1	1
GCA_035604155.1	1
GCA_035604195.1	1
GCA_035604335.1	5
GCA_035604475.1	6
GCA_035604515.1	2
GCA_035604595.1	3
GCA_035604615.1	3
GCA_035604655.1	1
GCA_035605115.1	1
GCA_035605915.1	2
GCA_035605975.1	1
GCA_035606155.1	1
GCA_035606275.1	1
GCA_035606775.1	2
GCA_035606915.1	2
GCA_035606945.1	1
GCA_035607055.1	3
GCA_035607075.1	1
GCA_035607175.1	1
GCA_035607415.1	2
GCA_035620415.1	2
GCA_035620515.1	4
GCA_035620695.1	2
GCA_035620895.1	3
GCA_035621895.1	4
GCA_035621915.1	1
GCA_035621995.1	1
GCA_035622055.1	4
GCA_035622375.1	5
GCA_035622435.1	2
GCA_035622675.1	2
GCA_035622755.1	1
GCA_035623095.1	3
GCA_035623155.1	3
GCA_035623195.1	3
GCA_035623355.1	2
GCA_035623975.1	1
GCA_035623985.1	3
GCA_035624015.1	2
GCA_035624075.1	2
GCA_035624235.1	2
GCA_035624355.1	1
GCA_035624535.1	1
GCA_035624615.1	1
GCA_035624675.1	2
GCA_035625535.1	3
GCA_035625615.1	2
GCA_035625625.1	2
GCA_035625725.1	5
GCA_035625815.1	2
GCA_035625875.1	1
GCA_035625915.1	5
GCA_035625955.1	2
GCA_035626335.1	1
GCA_035626475.1	6
GCA_035626595.1	3
GCA_035626655.1	2
GCA_035626705.1	1
GCA_035626875.1	3
GCA_035627075.1	1
GCA_035627135.1	1
GCA_035627155.1	1
GCA_035627175.1	1
GCA_035627275.1	5
GCA_035627375.1	2
GCA_035627915.1	4
GCA_035628295.1	1
GCA_035628395.1	1
GCA_035628475.1	1
GCA_035628955.1	2
GCA_035630055.1	1
GCA_035630175.1	1
GCA_035630235.1	5
GCA_035630415.1	2
GCA_035630595.1	1
GCA_035631375.1	1
GCA_035631415.1	1
GCA_035631515.1	1
GCA_035631735.1	3
GCA_035631755.1	1
GCA_035631875.1	1
GCA_035632055.1	1
GCA_035632095.1	3
GCA_035632215.1	1
GCA_035632395.1	1
GCA_035632415.1	3
GCA_035632655.1	1
GCA_035632815.1	3
GCA_035633315.1	1
GCA_035633375.1	1
GCA_035633495.1	1
GCA_035634095.1	1
GCA_035634455.1	3
GCA_035634495.1	4
GCA_035634575.1	3
GCA_035634855.1	2
GCA_035635175.1	2
GCA_035635495.1	4
GCA_035635635.1	2
GCA_035635775.1	1
GCA_035635915.1	1
GCA_035635995.1	1
GCA_035636055.1	2
GCA_035636195.1	1
GCA_035636295.1	3
GCA_035636335.1	2
GCA_035636455.1	1
GCA_035636875.1	1
GCA_035636955.1	2
GCA_035637335.1	1
GCA_035637655.1	1
GCA_035638295.1	4
GCA_035638495.1	2
GCA_035639195.1	1
GCA_035639215.1	3
GCA_035639375.1	6
GCA_035639555.1	1
GCA_035639575.1	3
GCA_035639895.1	2
GCA_035640055.1	1
GCA_035640175.1	2
GCA_035640315.1	1
GCA_035640615.1	1
GCA_035640715.1	1
GCA_035640755.1	4
GCA_035640795.1	9
GCA_035640975.1	1
GCA_035641095.1	2
GCA_035642035.1	1
GCA_035642295.1	5
GCA_035642335.1	1
GCA_035642415.1	1
GCA_035642535.1	1
GCA_035642635.1	4
GCA_035642715.1	4
GCA_035642735.1	1
GCA_035642895.1	3
GCA_035643335.1	1
GCA_035643435.1	7
GCA_035643635.1	4
GCA_035644295.1	2
GCA_035644375.1	3
GCA_035644395.1	1
GCA_035644415.1	2
GCA_035644435.1	3
GCA_035644855.1	1
GCA_035644895.1	4
GCA_035645145.1	2
GCA_035645175.1	3
GCA_035645295.1	1
GCA_035645455.1	1
GCA_035645515.1	2
GCA_035645535.1	1
GCA_035645575.1	1
GCA_035646995.1	1
GCA_035647115.1	3
GCA_035647155.1	4
GCA_035648415.1	1
GCA_035648555.1	1
GCA_035648715.1	1
GCA_035649175.1	1
GCA_035649455.1	1
GCA_035649495.1	4
GCA_035649695.1	1
GCA_035649755.1	1
GCA_035649875.1	2
GCA_035650035.1	2
GCA_035650075.1	1
GCA_035650715.1	1
GCA_035650835.1	3
GCA_035650955.1	3
GCA_035651015.1	1
GCA_035651035.1	1
GCA_035651255.1	1
GCA_035651275.1	4
GCA_035651315.1	2
GCA_035651335.1	1
GCA_035651455.1	1
GCA_035651575.1	1
GCA_035651595.1	1
GCA_035651715.1	1
GCA_035651815.1	1
GCA_035651875.1	1
GCA_035651935.1	2
GCA_035652015.1	4
GCA_035652275.1	3
GCA_035652295.1	2
GCA_035652315.1	2
GCA_035652335.1	2
GCA_035652635.1	3
GCA_035652735.1	1
GCA_035652855.1	1
GCA_035653495.1	1
GCA_035653955.1	1
GCA_035654015.1	1
GCA_035654035.1	1
GCA_035654055.1	2
GCA_035654135.1	2
GCA_035654275.1	3
GCA_035654355.1	1
GCA_035655155.1	2
GCA_035655235.1	1
GCA_035655255.1	2
GCA_035655615.1	1
GCA_035655975.1	3
GCA_035656095.1	1
GCA_035656415.1	1
GCA_035656495.1	2
GCA_035656735.1	1
GCA_035656795.1	1
GCA_035685165.1	4
GCA_035685565.1	1
GCA_035685925.1	1
GCA_035686305.1	1
GCA_035686325.1	1
GCA_035686405.1	1
GCA_035686645.1	1
GCA_035687205.1	2
GCA_035687305.1	1
GCA_035687405.1	5
GCA_035688305.1	1
GCA_035688575.1	2
GCA_035689095.1	1
GCA_035689115.1	1
GCA_035689185.1	1
GCA_035689325.1	3
GCA_035689365.1	5
GCA_035689725.1	2
GCA_035690995.1	2
GCA_035691135.1	1
GCA_035691165.1	1
GCA_035691185.1	1
GCA_035691445.1	2
GCA_035691545.1	1
GCA_035691865.1	5
GCA_035692045.1	4
GCA_035693385.1	2
GCA_035693405.1	3
GCA_035693425.1	1
GCA_035693465.1	2
GCA_035693565.1	1
GCA_035693615.1	3
GCA_035694565.1	1
GCA_035695045.1	2
GCA_035695205.1	1
GCA_035695265.1	1
GCA_035695325.1	1
GCA_035695505.1	1
GCA_035695765.1	5
GCA_035696165.1	2
GCA_035697145.1	1
GCA_035697245.1	1
GCA_035697505.1	1
GCA_035698305.1	1
GCA_035698865.1	1
GCA_035699005.1	1
GCA_035699145.1	2
GCA_035699585.1	1
GCA_035699605.1	1
GCA_035699705.1	1
GCA_035700455.1	1
GCA_035700525.1	1
GCA_035700665.1	2
GCA_035701545.1	3
GCA_035701785.1	3
GCA_035701825.1	1
GCA_035701845.1	5
GCA_035701945.1	3
GCA_035702065.1	1
GCA_035702325.1	1
GCA_035702665.1	2
GCA_035702705.1	2
GCA_035702755.1	4
GCA_035702765.1	1
GCA_035703125.1	1
GCA_035703205.1	1
GCA_035703405.1	1
GCA_035703435.1	1
GCA_035703785.1	5
GCA_035703945.1	1
GCA_035706365.1	2
GCA_035706525.1	2
GCA_035706925.1	2
GCA_035707805.1	2
GCA_035707985.1	1
GCA_035708425.1	1
GCA_035708525.1	1
GCA_035708765.1	1
GCA_035709645.1	1
GCA_035710425.1	1
GCA_035710925.1	2
GCA_035711225.1	2
GCA_035711805.1	1
GCA_035713005.1	1
GCA_035714005.1	3
GCA_035714445.1	1
GCA_035714725.1	1
GCA_035715365.1	1
GCA_035715445.1	2
GCA_035716165.1	1
GCA_035716845.1	1
GCA_035717845.1	2
GCA_035718085.1	1
GCA_035718105.1	1
GCA_035718125.1	1
GCA_035718275.1	2
GCA_035718765.1	3
GCA_035718885.1	1
GCA_035719245.1	1
GCA_035719345.1	1
GCA_035719385.1	1
GCA_035719405.1	4
GCA_035720125.1	2
GCA_035720205.1	1
GCA_035720945.1	2
GCA_035721065.1	1
GCA_035758865.1	1
GCA_035759395.1	1
GCA_035759485.1	4
GCA_035759665.1	1
GCA_035760305.1	1
GCA_035760345.1	1
GCA_035760805.1	3
GCA_035760825.1	2
GCA_035760865.1	1
GCA_035760885.1	1
GCA_035760985.1	4
GCA_035761045.1	2
GCA_035761265.1	2
GCA_035761425.1	1
GCA_035761765.1	1
GCA_035761895.1	2
GCA_035762105.1	1
GCA_035762175.1	1
GCA_035762345.1	4
GCA_035762385.1	1
GCA_035762425.1	2
GCA_035762565.1	2
GCA_035764045.1	4
GCA_035764445.1	3
GCA_035764725.1	1
GCA_035764875.1	1
GCA_035765415.1	1
GCA_035765535.1	2
GCA_035765835.1	1
GCA_035776715.1	2
GCA_035798175.1	1
GCA_035857655.1	2
GCA_035904925.1	1
GCA_035906055.1	1
GCA_035906295.1	1
GCA_035910535.1	1
GCA_035911095.1	3
GCA_035911135.1	2
GCA_035911175.1	1
GCA_035911315.1	4
GCA_035911355.1	2
GCA_035911475.1	1
GCA_035934055.1	2
GCA_035934195.1	1
GCA_035934395.1	1
GCA_035935115.1	1
GCA_035935235.1	1
GCA_035936835.1	1
GCA_035937415.1	6
GCA_035938015.1	2
GCA_035938775.1	4
GCA_035938875.1	1
GCA_035939375.1	1
GCA_035939595.1	5
GCA_035939615.1	5
GCA_035939635.1	2
GCA_035940955.1	1
GCA_035941355.1	2
GCA_035942255.1	2
GCA_035942275.1	1
GCA_035943155.1	1
GCA_035943485.1	1
GCA_035944475.1	1
GCA_035944635.1	2
GCA_035944695.1	1
GCA_035945115.1	6
GCA_035946655.1	1
GCA_035947015.1	1
GCA_035947815.1	3
GCA_035948165.1	1
GCA_035948315.1	2
GCA_035948495.1	3
GCA_035948995.1	4
GCA_035949255.1	1
GCA_035994965.1	1
GCA_035995025.1	1
GCA_035995285.1	1
GCA_035995425.1	1
GCA_035995545.1	3
GCA_035995725.1	4
GCA_035995885.1	4
GCA_035996065.1	1
GCA_035996225.1	1
GCA_035996605.1	1
GCA_035996965.1	1
GCA_035998065.1	1
GCA_035998215.1	3
GCA_035998495.1	1
GCA_035998995.1	3
GCA_035999465.1	1
GCA_035999615.1	1
GCA_036000225.1	1
GCA_036000295.1	2
GCA_036000845.1	3
GCA_036000945.1	1
GCA_036000965.1	1
GCA_036001225.1	2
GCA_036001925.1	1
GCA_036002345.1	1
GCA_036002485.1	1
GCA_036003145.1	7
GCA_036003195.1	1
GCA_036003785.1	2
GCA_036004205.1	5
GCA_036004585.1	1
GCA_036004705.1	1
GCA_036005065.1	1
GCA_036005525.1	1
GCA_036005605.1	1
GCA_036006885.1	3
GCA_036007105.1	2
GCA_036008085.1	1
GCA_036008105.1	2
GCA_036008175.1	1
GCA_036008325.1	2
GCA_036008385.1	2
GCA_036008405.1	5
GCA_036008425.1	2
GCA_036008865.1	3
GCA_036009255.1	2
GCA_036009385.1	1
GCA_036009485.1	2
GCA_036009565.1	1
GCA_036009645.1	2
GCA_036009745.1	1
GCA_036012755.1	1
GCA_036019135.1	1
GCA_036028775.1	2
GCA_036126475.1	1
GCA_036128675.1	1
GCA_036139795.1	2
GCA_036141415.1	1
GCA_036148335.1	2
GCA_036149055.1	3
GCA_036154315.1	1
GCA_036154895.1	1
GCA_036154955.1	1
GCA_036155355.1	2
GCA_036155555.1	1
GCA_036156175.1	1
GCA_036170495.1	2
GCA_036170535.1	1
GCA_036170715.1	2
GCA_036171375.1	2
GCA_036230225.1	2
GCA_036230545.1	1
GCA_036257295.1	1
GCA_036257375.1	3
GCA_036257565.1	1
GCA_036257595.1	1
GCA_036257895.1	3
GCA_036258115.1	1
GCA_036258175.1	1
GCA_036258195.1	1
GCA_036258355.1	1
GCA_036258455.1	2
GCA_036258555.1	2
GCA_036258795.1	1
GCA_036258875.1	1
GCA_036259115.1	5
GCA_036259215.1	1
GCA_036259935.1	3
GCA_036260035.1	1
GCA_036261665.1	2
GCA_036262035.1	3
GCA_036262105.1	1
GCA_036262835.1	2
GCA_036262895.1	1
GCA_036262915.1	1
GCA_036263315.1	1
GCA_036263395.1	2
GCA_036263455.1	2
GCA_036263495.1	1
GCA_036263655.1	2
GCA_036263675.1	2
GCA_036263715.1	2
GCA_036263955.1	2
GCA_036264235.1	1
GCA_036264295.1	1
GCA_036264375.1	3
GCA_036264535.1	3
GCA_036264595.1	4
GCA_036264635.1	5
GCA_036265085.1	3
GCA_036265125.1	12
GCA_036265355.1	2
GCA_036265495.1	1
GCA_036265615.1	2
GCA_036265695.1	1
GCA_036265855.1	1
GCA_036265935.1	2
GCA_036266415.1	2
GCA_036266535.1	1
GCA_036266955.1	1
GCA_036266975.1	3
GCA_036266995.1	2
GCA_036267135.1	1
GCA_036267165.1	2
GCA_036267435.1	2
GCA_036267555.1	1
GCA_036267635.1	3
GCA_036267695.1	1
GCA_036267835.1	2
GCA_036268075.1	1
GCA_036268175.1	1
GCA_036268255.1	2
GCA_036268355.1	3
GCA_036268425.1	1
GCA_036268615.1	3
GCA_036268675.1	1
GCA_036268715.1	1
GCA_036268895.1	2
GCA_036268955.1	2
GCA_036268995.1	1
GCA_036269335.1	1
GCA_036269355.1	1
GCA_036269455.1	4
GCA_036269915.1	1
GCA_036270075.1	1
GCA_036270095.1	1
GCA_036270375.1	1
GCA_036270435.1	1
GCA_036270555.1	5
GCA_036270655.1	6
GCA_036270895.1	3
GCA_036270915.1	1
GCA_036270995.1	1
GCA_036271015.1	2
GCA_036271155.1	1
GCA_036271215.1	1
GCA_036271355.1	1
GCA_036271395.1	2
GCA_036271595.1	1
GCA_036271715.1	6
GCA_036271735.1	1
GCA_036271855.1	3
GCA_036271975.1	2
GCA_036272055.1	4
GCA_036272075.1	2
GCA_036272095.1	1
GCA_036272115.1	1
GCA_036272155.1	1
GCA_036272325.1	4
GCA_036272395.1	3
GCA_036272595.1	1
GCA_036272695.1	1
GCA_036272815.1	2
GCA_036273075.1	2
GCA_036273175.1	1
GCA_036273255.1	2
GCA_036273375.1	2
GCA_036273655.1	1
GCA_036273675.1	1
GCA_036273755.1	2
GCA_036273835.1	2
GCA_036274335.1	2
GCA_036274355.1	2
GCA_036274735.1	1
GCA_036275115.1	1
GCA_036275215.1	1
GCA_036275235.1	1
GCA_036275255.1	1
GCA_036275435.1	1
GCA_036275635.1	2
GCA_036275655.1	1
GCA_036276055.1	2
GCA_036276175.1	1
GCA_036276215.1	2
GCA_036276395.1	1
GCA_036276615.1	4
GCA_036276955.1	1
GCA_036277615.1	1
GCA_036277835.1	2
GCA_036277895.1	3
GCA_036278215.1	1
GCA_036278575.1	3
GCA_036278595.1	2
GCA_036278835.1	1
GCA_036279335.1	2
GCA_036279775.1	2
GCA_036279795.1	2
GCA_036279835.1	2
GCA_036280035.1	4
GCA_036280295.1	3
GCA_036280475.1	3
GCA_036280615.1	3
GCA_036280905.1	1
GCA_036280995.1	2
GCA_036281135.1	2
GCA_036309765.1	1
GCA_036337175.1	2
GCA_036337295.1	2
GCA_036337435.1	2
GCA_036338635.1	1
GCA_036338755.1	1
GCA_036338795.1	1
GCA_036339465.1	1
GCA_036339715.1	1
GCA_036341255.1	3
GCA_036350895.1	1
GCA_036350935.1	2
GCA_036350955.1	1
GCA_036351115.1	2
GCA_036351735.1	1
GCA_036353315.1	1
GCA_036353375.1	1
GCA_036373855.1	3
GCA_036373895.1	1
GCA_036374055.1	2
GCA_036374135.1	1
GCA_036374795.1	2
GCA_036375275.1	3
GCA_036375455.1	3
GCA_036375515.1	1
GCA_036375975.1	2
GCA_036375995.1	1
GCA_036376815.1	4
GCA_036376955.1	7
GCA_036376975.1	2
GCA_036376995.1	4
GCA_036377075.1	1
GCA_036377475.1	1
GCA_036377855.1	1
GCA_036377935.1	1
GCA_036378195.1	1
GCA_036378735.1	1
GCA_036378895.1	2
GCA_036379275.1	2
GCA_036379455.1	1
GCA_036379595.1	5
GCA_036379735.1	1
GCA_036379875.1	3
GCA_036380055.1	4
GCA_036380115.1	6
GCA_036380415.1	6
GCA_036380695.1	2
GCA_036380915.1	1
GCA_036381055.1	2
GCA_036381375.1	4
GCA_036381615.1	2
GCA_036381695.1	1
GCA_036382455.1	1
GCA_036382945.1	3
GCA_036383115.1	2
GCA_036383375.1	3
GCA_036383495.1	1
GCA_036383655.1	1
GCA_036383715.1	1
GCA_036383735.1	1
GCA_036383775.1	9
GCA_036383995.1	1
GCA_036384015.1	2
GCA_036384035.1	1
GCA_036384055.1	1
GCA_036384115.1	1
GCA_036384135.1	1
GCA_036384235.1	2
GCA_036384635.1	4
GCA_036384755.1	3
GCA_036384855.1	3
GCA_036384875.1	3
GCA_036384915.1	4
GCA_036385355.1	1
GCA_036386395.1	2
GCA_036386495.1	1
GCA_036386715.1	2
GCA_036386755.1	4
GCA_036386955.1	2
GCA_036387095.1	1
GCA_036387575.1	1
GCA_036387635.1	2
GCA_036387695.1	2
GCA_036387895.1	1
GCA_036388655.1	1
GCA_036389155.1	1
GCA_036389195.1	1
GCA_036389455.1	1
GCA_036389955.1	2
GCA_036390555.1	1
GCA_036390615.1	2
GCA_036391175.1	1
GCA_036391735.1	3
GCA_036391775.1	1
GCA_036391815.1	2
GCA_036391935.1	3
GCA_036392595.1	1
GCA_036392615.1	1
GCA_036393115.1	4
GCA_036393165.1	2
GCA_036393575.1	1
GCA_036393895.1	1
GCA_036394075.1	1
GCA_036394195.1	4
GCA_036394255.1	2
GCA_036394355.1	1
GCA_036394495.1	2
GCA_036394575.1	3
GCA_036394595.1	1
GCA_036394655.1	3
GCA_036394715.1	1
GCA_036395165.1	1
GCA_036395315.1	4
GCA_036395475.1	3
GCA_036395835.1	4
GCA_036396315.1	1
GCA_036396875.1	1
GCA_036397065.1	1
GCA_036397135.1	2
GCA_036397615.1	1
GCA_036397635.1	2
GCA_036397875.1	1
GCA_036398095.1	1
GCA_036398235.1	1
GCA_036398335.1	4
GCA_036398455.1	3
GCA_036398515.1	1
GCA_036398645.1	2
GCA_036398675.1	2
GCA_036398775.1	1
GCA_036398875.1	1
GCA_036399635.1	1
GCA_036399735.1	3
GCA_036401055.1	3
GCA_036401155.1	1
GCA_036401495.1	1
GCA_036401635.1	1
GCA_036401715.1	1
GCA_036402315.1	2
GCA_036402415.1	3
GCA_036402435.1	2
GCA_036402635.1	1
GCA_036403015.1	1
GCA_036403035.1	4
GCA_036403075.1	2
GCA_036404015.1	1
GCA_036404275.1	2
GCA_036404335.1	1
GCA_036404755.1	3
GCA_036404915.1	1
GCA_036404995.1	2
GCA_036405035.1	3
GCA_036405115.1	1
GCA_036405375.1	3
GCA_036406255.1	1
GCA_036406295.1	4
GCA_036406475.1	3
GCA_036406655.1	3
GCA_036406675.1	3
GCA_036406775.1	1
GCA_036406955.1	2
GCA_036443315.1	1
GCA_036443875.1	1
GCA_036445335.1	2
GCA_036475515.1	1
GCA_036476895.1	1
GCA_036477555.1	1
GCA_036479555.1	1
GCA_036488155.1	3
GCA_036488495.1	1
GCA_036488555.1	2
GCA_036488725.1	2
GCA_036488815.1	3
GCA_036488875.1	1
GCA_036488935.1	2
GCA_036488995.1	3
GCA_036489275.1	1
GCA_036489395.1	3
GCA_036489755.1	1
GCA_036489765.1	1
GCA_036489775.1	2
GCA_036489975.1	2
GCA_036490215.1	1
GCA_036490255.1	1
GCA_036490345.1	2
GCA_036490465.1	1
GCA_036490515.1	2
GCA_036490575.1	10
GCA_036490775.1	1
GCA_036490795.1	1
GCA_036490935.1	1
GCA_036490955.1	1
GCA_036490975.1	2
GCA_036491235.1	4
GCA_036491275.1	1
GCA_036491495.1	5
GCA_036491515.1	1
GCA_036491555.1	3
GCA_036491675.1	1
GCA_036493015.1	1
GCA_036493235.1	2
GCA_036493475.1	1
GCA_036493535.1	5
GCA_036493675.1	1
GCA_036494045.1	1
GCA_036494265.1	1
GCA_036494425.1	1
GCA_036494465.1	1
GCA_036494725.1	1
GCA_036494815.1	2
GCA_036494925.1	4
GCA_036495025.1	1
GCA_036495095.1	3
GCA_036495195.1	2
GCA_036495265.1	2
GCA_036495425.1	1
GCA_036495445.1	1
GCA_036495505.1	4
GCA_036495705.1	2
GCA_036495805.1	1
GCA_036495845.1	2
GCA_036495885.1	2
GCA_036495965.1	1
GCA_036496335.1	1
GCA_036496385.1	3
GCA_036496445.1	3
GCA_036496555.1	1
GCA_036496665.1	3
GCA_036496945.1	1
GCA_036496965.1	4
GCA_036497085.1	1
GCA_036497165.1	2
GCA_036497205.1	4
GCA_036497285.1	1
GCA_036497645.1	2
GCA_036497785.1	3
GCA_036497875.1	5
GCA_036498105.1	1
GCA_036498165.1	1
GCA_036498445.1	1
GCA_036498605.1	1
GCA_036498625.1	4
GCA_036498765.1	2
GCA_036498785.1	1
GCA_036498945.1	3
GCA_036499085.1	2
GCA_036499145.1	1
GCA_036499345.1	1
GCA_036499545.1	4
GCA_036499725.1	1
GCA_036499865.1	2
GCA_036500145.1	1
GCA_036500165.1	1
GCA_036500325.1	2
GCA_036500365.1	1
GCA_036500445.1	3
GCA_036500495.1	3
GCA_036500605.1	3
GCA_036500645.1	1
GCA_036500685.1	1
GCA_036500715.1	2
GCA_036500965.1	1
GCA_036501025.1	1
GCA_036501085.1	1
GCA_036501825.1	1
GCA_036501885.1	1
GCA_036501935.1	2
GCA_036501965.1	1
GCA_036502045.1	1
GCA_036502305.1	2
GCA_036502445.1	1
GCA_036502545.1	1
GCA_036502575.1	1
GCA_036502765.1	1
GCA_036502925.1	4
GCA_036502945.1	4
GCA_036503045.1	3
GCA_036503065.1	1
GCA_036504155.1	2
GCA_036504295.1	1
GCA_036505275.1	1
GCA_036505485.1	1
GCA_036505835.1	1
GCA_036505865.1	5
GCA_036506195.1	1
GCA_036506275.1	1
GCA_036506355.1	2
GCA_036506495.1	2
GCA_036506595.1	5
GCA_036506675.1	1
GCA_036506795.1	2
GCA_036506875.1	1
GCA_036506975.1	4
GCA_036507955.1	1
GCA_036508025.1	2
GCA_036509055.1	2
GCA_036509255.1	1
GCA_036509295.1	2
GCA_036509755.1	1
GCA_036510065.1	2
GCA_036510135.1	1
GCA_036510175.1	1
GCA_036510185.1	1
GCA_036511595.1	1
GCA_036511795.1	1
GCA_036512415.1	1
GCA_036512915.1	1
GCA_036513175.1	2
GCA_036513315.1	2
GCA_036513415.1	2
GCA_036513475.1	1
GCA_036513515.1	2
GCA_036513565.1	2
GCA_036513675.1	1
GCA_036513695.1	2
GCA_036513815.1	1
GCA_036513855.1	1
GCA_036514415.1	4
GCA_036516315.1	1
GCA_036516375.1	1
GCA_036518175.1	1
GCA_036518375.1	7
GCA_036518595.1	1
GCA_036518615.1	2
GCA_036518955.1	3
GCA_036518975.1	2
GCA_036519015.1	3
GCA_036519475.1	1
GCA_036519515.1	1
GCA_036519535.1	3
GCA_036519715.1	1
GCA_036519775.1	1
GCA_036519825.1	2
GCA_036519935.1	2
GCA_036520175.1	2
GCA_036520255.1	1
GCA_036520275.1	1
GCA_036520475.1	3
GCA_036520615.1	1
GCA_036520715.1	2
GCA_036520815.1	1
GCA_036521155.1	1
GCA_036521275.1	2
GCA_036521415.1	1
GCA_036521435.1	1
GCA_036521815.1	2
GCA_036522155.1	1
GCA_036522235.1	2
GCA_036522275.1	1
GCA_036522335.1	2
GCA_036522495.1	4
GCA_036522975.1	4
GCA_036523095.1	1
GCA_036524215.1	2
GCA_036524455.1	1
GCA_036524715.1	1
GCA_036524835.1	1
GCA_036524855.1	4
GCA_036524915.1	1
GCA_036525015.1	2
GCA_036525085.1	2
GCA_036525215.1	1
GCA_036525315.1	1
GCA_036526055.1	1
GCA_036526155.1	1
GCA_036553845.1	2
GCA_036554505.1	2
GCA_036554545.1	1
GCA_036554625.1	1
GCA_036554645.1	1
GCA_036554685.1	1
GCA_036554765.1	1
GCA_036554965.1	1
GCA_036555035.1	1
GCA_036555245.1	1
GCA_036555325.1	2
GCA_036555345.1	1
GCA_036555425.1	2
GCA_036555615.1	1
GCA_036555705.1	11
GCA_036555745.1	4
GCA_036555805.1	5
GCA_036555825.1	2
GCA_036556265.1	1
GCA_036556825.1	2
GCA_036557205.1	1
GCA_036557265.1	3
GCA_036557405.1	4
GCA_036557605.1	1
GCA_036557665.1	5
GCA_036557705.1	5
GCA_036557885.1	1
GCA_036557905.1	18
GCA_036558085.1	3
GCA_036558225.1	1
GCA_036558345.1	2
GCA_036558405.1	6
GCA_036558625.1	1
GCA_036558905.1	1
GCA_036559465.1	1
GCA_036559505.1	2
GCA_036559525.1	2
GCA_036559565.1	1
GCA_036559685.1	2
GCA_036559705.1	2
GCA_036560365.1	2
GCA_036560425.1	1
GCA_036560485.1	4
GCA_036560565.1	1
GCA_036560665.1	1
GCA_036560705.1	2
GCA_036560885.1	3
GCA_036561005.1	3
GCA_036561105.1	6
GCA_036561125.1	4
GCA_036561205.1	1
GCA_036561785.1	1
GCA_036561825.1	2
GCA_036561845.1	1
GCA_036562835.1	3
GCA_036562855.1	2
GCA_036563505.1	2
GCA_036563555.1	2
GCA_036563855.1	1
GCA_036564325.1	1
GCA_036565985.1	2
GCA_036566325.1	1
GCA_036566425.1	4
GCA_036567205.1	1
GCA_036567405.1	1
GCA_036567605.1	1
GCA_036568405.1	1
GCA_036568605.1	4
GCA_036569025.1	3
GCA_036569545.1	1
GCA_036569735.1	1
GCA_036570545.1	1
GCA_036625225.1	2
GCA_036625385.1	2
GCA_036625595.1	2
GCA_036625635.1	1
GCA_036625795.1	1
GCA_036625905.1	2
GCA_036626195.1	1
GCA_036626375.1	2
GCA_036626395.1	1
GCA_036626435.1	1
GCA_036643775.1	2
GCA_036646255.1	2
GCA_036667955.1	3
GCA_036675035.1	2
GCA_036675075.1	1
GCA_036675275.1	2
GCA_036675285.1	5
GCA_036675345.1	1
GCA_036675435.1	1
GCA_036675505.1	1
GCA_036675585.1	2
GCA_036675815.1	1
GCA_036675905.1	1
GCA_036675955.1	2
GCA_036676235.1	2
GCA_036676245.1	2
GCA_036676275.1	1
GCA_036676295.1	3
GCA_036676315.1	2
GCA_036676455.1	1
GCA_036676475.1	1
GCA_036676495.1	1
GCA_036676625.1	1
GCA_036676765.1	1
GCA_036676945.1	1
GCA_036676985.1	1
GCA_036677085.1	1
GCA_036677145.1	1
GCA_036677325.1	3
GCA_036678505.1	1
GCA_036703705.1	1
GCA_036704085.1	2
GCA_036704125.1	1
GCA_036721745.1	1
GCA_036721875.1	6
GCA_036722755.1	2
GCA_036723545.1	1
GCA_036723735.1	1
GCA_036724105.1	1
GCA_036724445.1	5
GCA_036724585.1	1
GCA_036725345.1	2
GCA_036725605.1	1
GCA_036725985.1	1
GCA_036726285.1	3
GCA_036729165.1	1
GCA_036732025.1	1
GCA_036732525.1	1
GCA_036732825.1	4
GCA_036732945.1	1
GCA_036733305.1	1
GCA_036733765.1	1
GCA_036733825.1	3
GCA_036733845.1	1
GCA_036734025.1	2
GCA_036734065.1	3
GCA_036734105.1	2
GCA_036734345.1	4
GCA_036735505.1	1
GCA_036735545.1	1
GCA_036735585.1	1
GCA_036735785.1	3
GCA_036740275.1	1
GCA_036741335.1	1
GCA_036741615.1	2
GCA_036741635.1	1
GCA_036742455.1	1
GCA_036742625.1	3
GCA_036743315.1	1
GCA_036743675.1	1
GCA_036745275.1	2
GCA_036745335.1	1
GCA_036746135.1	5
GCA_036746335.1	1
GCA_036746875.1	1
GCA_036749235.1	1
GCA_036752305.1	3
GCA_036752465.1	2
GCA_036755305.1	2
GCA_036758045.1	1
GCA_036758545.1	2
GCA_036758605.1	1
GCA_036758645.1	1
GCA_036758685.1	2
GCA_036758885.1	1
GCA_036759485.1	1
GCA_036768475.1	2
GCA_036769035.1	1
GCA_036769505.1	2
GCA_036770365.1	1
GCA_036770645.1	2
GCA_036770665.1	2
GCA_036771025.1	1
GCA_036771895.1	2
GCA_036781065.1	2
GCA_036781105.1	1
GCA_036781205.1	1
GCA_036781365.1	1
GCA_036782955.1	2
GCA_036786185.1	3
GCA_036786505.1	2
GCA_036786805.1	1
GCA_036786925.1	2
GCA_036787045.1	1
GCA_036787145.1	1
GCA_036787315.1	1
GCA_036788075.1	1
GCA_036788275.1	4
GCA_036788335.1	1
GCA_036788655.1	1
GCA_036794585.1	2
GCA_036794935.1	1
GCA_036795025.1	1
GCA_036795145.1	3
GCA_036795465.1	1
GCA_036795935.1	1
GCA_036796215.1	2
GCA_036796235.1	2
GCA_036796555.1	2
GCA_036802645.1	1
GCA_036802765.1	2
GCA_036803045.1	1
GCA_036803065.1	2
GCA_036804125.1	1
GCA_036804165.1	3
GCA_036804365.1	1
GCA_036815945.1	3
GCA_036820945.1	5
GCA_036821625.1	1
GCA_036821645.1	2
GCA_036821845.1	2
GCA_036822015.1	1
GCA_036822415.1	3
GCA_036822555.1	3
GCA_036823975.1	1
GCA_036824005.1	2
GCA_036824045.1	1
GCA_036824465.1	5
GCA_036824505.1	1
GCA_036825855.1	1
GCA_036826475.1	1
GCA_036826495.1	1
GCA_036833615.1	1
GCA_036833965.1	1
GCA_036834025.1	1
GCA_036834765.1	4
GCA_036834985.1	2
GCA_036835225.1	2
GCA_036835345.1	1
GCA_036835505.1	1
GCA_036843405.1	1
GCA_036844405.1	3
GCA_036844865.1	1
GCA_036844945.1	1
GCA_036845065.1	3
GCA_036845145.1	1
GCA_036845365.1	2
GCA_036846225.1	3
GCA_036846405.1	2
GCA_036846465.1	1
GCA_036848635.1	1
GCA_036871055.1	1
GCA_036881885.1	1
GCA_036924835.1	4
GCA_036924855.1	3
GCA_036946225.1	2
GCA_036946295.1	3
GCA_036946325.1	3
GCA_036946415.1	1
GCA_036946625.1	1
GCA_036960175.1	1
GCA_036960305.1	1
GCA_036960375.1	1
GCA_036960405.1	1
GCA_036960565.1	1
GCA_036960605.1	2
GCA_036960905.1	1
GCA_036961345.1	1
GCA_036961355.1	2
GCA_036961395.1	1
GCA_036961445.1	1
GCA_036961455.1	1
GCA_036962205.1	1
GCA_036963825.1	1
GCA_036963965.1	1
GCA_036964385.1	1
GCA_036964625.1	1
GCA_037033225.1	1
GCA_037044955.1	2
GCA_037045025.1	1
GCA_037045455.1	2
GCA_037045645.1	1
GCA_037045685.1	1
GCA_037046705.1	1
GCA_037049705.1	1
GCA_037127575.1	2
GCA_037131955.1	1
GCA_037132975.1	1
GCA_037133455.1	2
GCA_037133835.1	2
GCA_037134015.1	1
GCA_037134215.1	2
GCA_037134635.1	1
GCA_037137595.1	1
GCA_037138055.1	1
GCA_037139995.1	2
GCA_037141795.1	1
GCA_037141865.1	3
GCA_037143285.1	1
GCA_037143475.1	2
GCA_037144255.1	1
GCA_037146575.1	1
GCA_037146895.1	1
GCA_037146935.1	1
GCA_037189785.1	1
GCA_037189985.1	1
GCA_037190565.1	1
GCA_037190625.1	1
GCA_037190665.1	3
GCA_037190765.1	1
GCA_037190805.1	1
GCA_037190985.1	1
GCA_037200005.1	1
GCA_037200015.1	2
GCA_037200045.1	1
GCA_037200245.1	2
GCA_037200385.1	1
GCA_037200445.1	5
GCA_037200505.1	2
GCA_037200525.1	3
GCA_037200745.1	1
GCA_037200865.1	3
GCA_037200975.1	1
GCA_037200985.1	1
GCA_037201505.1	2
GCA_037201525.1	1
GCA_037201625.1	1
GCA_037379885.1	1
GCA_037380645.1	1
GCA_037381985.1	2
GCA_037382365.1	1
GCA_037382865.1	1
GCA_037383965.1	1
GCA_037384205.1	2
GCA_037384225.1	1
GCA_037385125.1	1
GCA_037385505.1	1
GCA_037385685.1	1
GCA_037387125.1	1
GCA_037387725.1	1
GCA_037387885.1	2
GCA_037439545.1	2
GCA_037439585.1	3
GCA_037439705.1	1
GCA_037439865.1	1
GCA_037440045.1	2
GCA_037440085.1	2
GCA_037440385.1	1
GCA_037440585.1	1
GCA_037440665.1	1
GCA_037441045.1	1
GCA_037441085.1	1
GCA_037441125.1	2
GCA_037441265.1	2
GCA_037441385.1	1
GCA_037441485.1	5
GCA_037442465.1	2
GCA_037442565.1	3
GCA_037442585.1	3
GCA_037442725.1	2
GCA_037443345.1	1
GCA_037443525.1	1
GCA_037443665.1	2
GCA_037443705.1	2
GCA_037443765.1	3
GCA_037444685.1	1
GCA_037445025.1	2
GCA_037445065.1	2
GCA_037445285.1	2
GCA_037445795.1	2
GCA_037446035.1	2
GCA_037446155.1	2
GCA_037446305.1	1
GCA_037446355.1	1
GCA_037446605.1	3
GCA_037447395.1	1
GCA_037447455.1	3
GCA_037719965.1	1
GCA_037720315.1	1
GCA_037720695.1	1
GCA_037720875.1	1
GCA_037724045.1	1
GCA_037915775.1	1
GCA_037968375.1	1
GCA_037968455.1	4
GCA_037968515.1	1
GCA_037968535.1	2
GCA_037968555.1	1
GCA_037968595.1	1
GCA_037968615.1	1
GCA_037968655.1	4
GCA_037968675.1	3
GCA_037968715.1	1
GCA_037968735.1	1
GCA_037968835.1	1
GCA_037968855.1	1
GCA_037968875.1	1
GCA_037968895.1	4
GCA_037969035.1	1
GCA_037969255.1	1
GCA_037969275.1	2
GCA_037969395.1	4
GCA_037969525.1	2
GCA_037969545.1	2
GCA_037969565.1	1
GCA_037994305.1	1
GCA_038002745.1	1
GCA_038040175.1	3
GCA_038040245.1	1
GCA_038041915.1	1
GCA_038042325.1	1
GCA_038042405.1	1
GCA_038043385.1	2
GCA_038043465.1	1
GCA_038059555.1	2
GCA_038100295.1	1
GCA_038106185.1	1
GCA_038109705.1	3
GCA_038112835.1	3
GCA_038114645.1	1
GCA_038116915.1	1
GCA_038117045.1	1
GCA_038120765.1	1
GCA_038130205.1	1
GCA_038131795.1	1
GCA_038133505.1	1
GCA_038133845.1	1
GCA_038133925.1	1
GCA_038135395.1	1
GCA_038135915.1	3
GCA_038137215.1	1
GCA_038138625.1	1
GCA_038145405.1	1
GCA_038145425.1	1
GCA_038147895.1	2
GCA_038150265.1	1
GCA_038198445.1	1
GCA_038199935.1	2
GCA_038200025.1	1
GCA_038200075.1	1
GCA_038200275.1	4
GCA_038200885.1	3
GCA_038201105.1	2
GCA_038203035.1	2
GCA_038203295.1	1
GCA_038203335.1	1
GCA_038204335.1	1
GCA_038204775.1	2
GCA_038205135.1	2
GCA_038205425.1	2
GCA_038205505.1	3
GCA_038205805.1	2
GCA_038205925.1	1
GCA_038206055.1	2
GCA_038206395.1	1
GCA_038206695.1	1
GCA_038206765.1	4
GCA_038206805.1	1
GCA_038206915.1	1
GCA_038206945.1	1
GCA_038207455.1	1
GCA_038207565.1	1
GCA_038207585.1	3
GCA_038207625.1	3
GCA_038207855.1	1
GCA_038207945.1	3
GCA_038207985.1	1
GCA_038208175.1	3
GCA_038208735.1	4
GCA_038208825.1	1
GCA_038209095.1	1
GCA_038209235.1	1
GCA_038209335.1	2
GCA_038209695.1	1
GCA_038209775.1	2
GCA_038210185.1	1
GCA_038210215.1	1
GCA_038210245.1	2
GCA_038210445.1	1
GCA_038210595.1	2
GCA_038210695.1	1
GCA_038210855.1	1
GCA_038211355.1	1
GCA_038211455.1	1
GCA_038211615.1	1
GCA_038211805.1	2
GCA_038211945.1	2
GCA_038211965.1	2
GCA_038212405.1	1
GCA_038212905.1	1
GCA_038213195.1	1
GCA_038213545.1	2
GCA_038213665.1	1
GCA_038214135.1	1
GCA_038214295.1	2
GCA_038214475.1	1
GCA_038214655.1	1
GCA_038214855.1	1
GCA_038215405.1	2
GCA_038215995.1	2
GCA_038216465.1	1
GCA_038217075.1	1
GCA_038217965.1	1
GCA_038218255.1	2
GCA_038220085.1	1
GCA_038221635.1	1
GCA_038221665.1	1
GCA_038222995.1	1
GCA_038223055.1	1
GCA_038224135.1	1
GCA_038224475.1	2
GCA_038224985.1	1
GCA_038225015.1	1
GCA_038225335.1	1
GCA_038225385.1	1
GCA_038225475.1	2
GCA_038225855.1	4
GCA_038226115.1	2
GCA_038226155.1	1
GCA_038226305.1	1
GCA_038226475.1	1
GCA_038227085.1	1
GCA_038227445.1	4
GCA_038227865.1	1
GCA_038228305.1	1
GCA_038228865.1	2
GCA_038228945.1	1
GCA_038229175.1	2
GCA_038229555.1	1
GCA_038230015.1	1
GCA_038230175.1	1
GCA_038230355.1	1
GCA_038230375.1	2
GCA_038230475.1	3
GCA_038230675.1	3
GCA_038230935.1	1
GCA_038231075.1	1
GCA_038231215.1	4
GCA_038231275.1	1
GCA_038231315.1	1
GCA_038231335.1	1
GCA_038231395.1	2
GCA_038231475.1	1
GCA_038231615.1	1
GCA_038231775.1	1
GCA_038231995.1	1
GCA_038232455.1	1
GCA_038232575.1	2
GCA_038232615.1	1
GCA_038232655.1	1
GCA_038232755.1	1
GCA_038233055.1	2
GCA_038233095.1	3
GCA_038233135.1	1
GCA_038233665.1	3
GCA_038234045.1	2
GCA_038234155.1	1
GCA_038234375.1	1
GCA_038234445.1	3
GCA_038234675.1	1
GCA_038234975.1	1
GCA_038235025.1	2
GCA_038235595.1	1
GCA_038236185.1	1
GCA_038236365.1	1
GCA_038236495.1	2
GCA_038236535.1	1
GCA_038236565.1	4
GCA_038236615.1	2
GCA_038236905.1	4
GCA_038237055.1	1
GCA_038237415.1	4
GCA_038238015.1	1
GCA_038238185.1	1
GCA_038238515.1	1
GCA_038238915.1	2
GCA_038239005.1	2
GCA_038239945.1	1
GCA_038240015.1	4
GCA_038240335.1	1
GCA_038240725.1	1
GCA_038241045.1	3
GCA_038241255.1	3
GCA_038241485.1	1
GCA_038241735.1	1
GCA_038242265.1	1
GCA_038242345.1	2
GCA_038242765.1	1
GCA_038242795.1	2
GCA_038242985.1	1
GCA_038243365.1	1
GCA_038243995.1	4
GCA_038244165.1	1
GCA_038244615.1	1
GCA_038244725.1	3
GCA_038244915.1	3
GCA_038244925.1	4
GCA_038245175.1	2
GCA_038245295.1	3
GCA_038245375.1	1
GCA_038245655.1	1
GCA_038245855.1	2
GCA_038245975.1	3
GCA_038246545.1	1
GCA_038246575.1	1
GCA_038246615.1	1
GCA_038246865.1	1
GCA_038246995.1	2
GCA_038247025.1	1
GCA_038247175.1	3
GCA_038247355.1	2
GCA_038247995.1	2
GCA_038248005.1	4
GCA_038248085.1	1
GCA_038248405.1	2
GCA_038249155.1	1
GCA_038249305.1	1
GCA_038249555.1	1
GCA_038249585.1	1
GCA_038249735.1	2
GCA_038249905.1	1
GCA_038249925.1	2
GCA_038250105.1	3
GCA_038250135.1	4
GCA_038250645.1	1
GCA_038250735.1	1
GCA_038250795.1	4
GCA_038250835.1	1
GCA_038251095.1	1
GCA_038251625.1	1
GCA_038252025.1	1
GCA_038254545.1	2
GCA_038255395.1	2
GCA_038255425.1	2
GCA_038255675.1	1
GCA_038256175.1	2
GCA_038256475.1	1
GCA_038256525.1	2
GCA_038256725.1	1
GCA_038257095.1	1
GCA_038257185.1	1
GCA_038257655.1	1
GCA_038257875.1	1
GCA_038258365.1	1
GCA_038258415.1	1
GCA_038258615.1	1
GCA_038259445.1	1
GCA_038259455.1	1
GCA_038260375.1	1
GCA_038260405.1	2
GCA_038315875.1	2
GCA_038316145.1	1
GCA_038316205.1	3
GCA_038316355.1	3
GCA_038316685.1	1
GCA_038317285.1	2
GCA_038317805.1	1
GCA_038318025.1	1
GCA_038318315.1	3
GCA_038318385.1	3
GCA_038319115.1	1
GCA_038319335.1	1
GCA_038319435.1	1
GCA_038320125.1	2
GCA_038321315.1	2
GCA_038321325.1	2
GCA_038321965.1	6
GCA_038322185.1	1
GCA_038322845.1	1
GCA_038322925.1	3
GCA_038323025.1	2
GCA_038323265.1	1
GCA_038323615.1	3
GCA_038323655.1	2
GCA_038323755.1	1
GCA_038324085.1	2
GCA_038324265.1	1
GCA_038324445.1	1
GCA_038324515.1	2
GCA_038325045.1	2
GCA_038325465.1	1
GCA_038325665.1	1
GCA_038325805.1	1
GCA_038325895.1	3
GCA_038325945.1	1
GCA_038326025.1	4
GCA_038326205.1	1
GCA_038326295.1	1
GCA_038326915.1	1
GCA_038326945.1	1
GCA_038327195.1	2
GCA_038327205.1	2
GCA_038327405.1	4
GCA_038327465.1	2
GCA_038327925.1	3
GCA_038328055.1	2
GCA_038328415.1	1
GCA_038328515.1	1
GCA_038328935.1	3
GCA_038329645.1	1
GCA_038329675.1	2
GCA_038330285.1	1
GCA_038330335.1	2
GCA_038331055.1	1
GCA_038363005.1	2
GCA_038447675.1	1
GCA_038520555.1	2
GCA_038521345.1	2
GCA_038521775.1	3
GCA_038521825.1	2
GCA_038522375.1	1
GCA_038522635.1	1
GCA_038522735.1	2
GCA_038522945.1	1
GCA_038523655.1	2
GCA_038523925.1	2
GCA_038524325.1	1
GCA_038525015.1	1
GCA_038525525.1	1
GCA_038525585.1	1
GCA_038526085.1	2
GCA_038526245.1	1
GCA_038526275.1	1
GCA_038526515.1	1
GCA_038526735.1	1
GCA_038526915.1	1
GCA_038527085.1	1
GCA_038527345.1	1
GCA_038527375.1	1
GCA_038527425.1	1
GCA_038527765.1	1
GCA_038528235.1	1
GCA_038528385.1	1
GCA_038529225.1	1
GCA_038529265.1	1
GCA_038529695.1	1
GCA_038529855.1	2
GCA_038530285.1	1
GCA_038530475.1	1
GCA_038530495.1	1
GCA_038530555.1	1
GCA_038530575.1	1
GCA_038530915.1	3
GCA_038530925.1	3
GCA_038531165.1	1
GCA_038531195.1	1
GCA_038531315.1	1
GCA_038531745.1	1
GCA_038531775.1	1
GCA_038532095.1	1
GCA_038532145.1	1
GCA_038532285.1	1
GCA_038532355.1	1
GCA_038532405.1	1
GCA_038532435.1	1
GCA_038532735.1	1
GCA_038533095.1	1
GCA_038533575.1	1
GCA_038533995.1	2
GCA_038534135.1	2
GCA_038534155.1	2
GCA_038534195.1	1
GCA_038534255.1	2
GCA_038534315.1	1
GCA_038534535.1	1
GCA_038630445.1	1
GCA_038744645.1	2
GCA_038744785.1	2
GCA_038745065.1	2
GCA_038745535.1	1
GCA_038745585.1	2
GCA_038745625.1	3
GCA_038745855.1	1
GCA_038746145.1	1
GCA_038746275.1	1
GCA_038746545.1	1
GCA_038746695.1	1
GCA_038747245.1	1
GCA_038747425.1	1
GCA_038748365.1	1
GCA_038748465.1	1
GCA_038749595.1	2
GCA_038749715.1	1
GCA_038749815.1	1
GCA_038750185.1	1
GCA_038750655.1	3
GCA_038751055.1	1
GCA_038757905.1	1
GCA_038868975.1	1
GCA_038869975.1	1
GCA_038890395.1	1
GCA_038893155.1	1
GCA_038901675.1	1
GCA_038901695.1	1
GCA_038901755.1	1
GCA_038902775.1	1
GCA_038902915.1	1
GCA_038922795.1	1
GCA_038922895.1	1
GCA_038961845.1	3
GCA_039024295.1	3
GCA_039024335.1	2
GCA_039024775.1	1
GCA_039024825.1	1
GCA_039024895.1	1
GCA_039024915.1	2
GCA_039025075.1	2
GCA_039025235.1	1
GCA_039025395.1	1
GCA_039025595.1	2
GCA_039025905.1	1
GCA_039026055.1	1
GCA_039026135.1	1
GCA_039026175.1	2
GCA_039026195.1	2
GCA_039026235.1	1
GCA_039026255.1	1
GCA_039026295.1	1
GCA_039026375.1	1
GCA_039026555.1	1
GCA_039026635.1	1
GCA_039026755.1	1
GCA_039026795.1	1
GCA_039026855.1	1
GCA_039026915.1	1
GCA_039026935.1	1
GCA_039027055.1	1
GCA_039027095.1	1
GCA_039027455.1	2
GCA_039027595.1	1
GCA_039027855.1	1
GCA_039028055.1	1
GCA_039028095.1	1
GCA_039028235.1	2
GCA_039028255.1	1
GCA_039028475.1	1
GCA_039028695.1	1
GCA_039028775.1	1
GCA_039028795.1	2
GCA_039028815.1	1
GCA_039028875.1	1
GCA_039029195.1	1
GCA_039029255.1	1
GCA_039029395.1	2
GCA_039029475.1	1
GCA_039029735.1	2
GCA_039030095.1	1
GCA_039030125.1	1
GCA_039030175.1	1
GCA_039030215.1	1
GCA_039030295.1	1
GCA_039030315.1	1
GCA_039030525.1	1
GCA_039030615.1	1
GCA_039030635.1	1
GCA_039030675.1	1
GCA_039030715.1	1
GCA_039030855.1	1
GCA_039030915.1	1
GCA_039030935.1	1
GCA_039033215.1	1
GCA_039033255.1	1
GCA_039033355.1	1
GCA_039033415.1	1
GCA_039033475.1	1
GCA_039033735.1	1
GCA_039033755.1	1
GCA_039033775.1	2
GCA_039033795.1	2
GCA_039033955.1	1
GCA_039034015.1	1
GCA_039034035.1	1
GCA_039039985.1	3
GCA_039177115.1	1
GCA_039177645.1	5
GCA_039177895.1	2
GCA_039177935.1	1
GCA_039178015.1	1
GCA_039178065.1	1
GCA_039178165.1	1
GCA_039178415.1	1
GCA_039178645.1	2
GCA_039178655.1	2
GCA_039178805.1	2
GCA_039179785.1	2
GCA_039179965.1	2
GCA_039179985.1	2
GCA_039180185.1	1
GCA_039180225.1	1
GCA_039180245.1	3
GCA_039180285.1	1
GCA_039180525.1	2
GCA_039180625.1	2
GCA_039180675.1	1
GCA_039180865.1	2
GCA_039180875.1	2
GCA_039180995.1	2
GCA_039181205.1	1
GCA_039181265.1	1
GCA_039181495.1	1
GCA_039182345.1	2
GCA_039182515.1	1
GCA_039183205.1	1
GCA_039183375.1	2
GCA_039183635.1	1
GCA_039183665.1	2
GCA_039184415.1	1
GCA_039184655.1	1
GCA_039184865.1	1
GCA_039185235.1	1
GCA_039185285.1	1
GCA_039186015.1	3
GCA_039186435.1	2
GCA_039187035.1	1
GCA_039187085.1	1
GCA_039187775.1	1
GCA_039187815.1	1
GCA_039187915.1	1
GCA_039188075.1	1
GCA_039188505.1	3
GCA_039189355.1	1
GCA_039189655.1	2
GCA_039189975.1	1
GCA_039190145.1	3
GCA_039190275.1	1
GCA_039190895.1	1
GCA_039191105.1	1
GCA_039191215.1	1
GCA_039191495.1	1
GCA_039191645.1	1
GCA_039192165.1	1
GCA_039193195.1	1
GCA_039193455.1	2
GCA_039193505.1	2
GCA_039193885.1	1
GCA_039193985.1	1
GCA_039194325.1	2
GCA_039194725.1	1
GCA_039194965.1	1
GCA_039195015.1	1
GCA_039195135.1	2
GCA_039195375.1	2
GCA_039195745.1	1
GCA_039195965.1	2
GCA_039196345.1	1
GCA_039196385.1	1
GCA_039196665.1	1
GCA_039196715.1	2
GCA_039196965.1	1
GCA_039197065.1	1
GCA_039197405.1	1
GCA_039197515.1	1
GCA_039197915.1	1
GCA_039198225.1	1
GCA_039198535.1	2
GCA_039198685.1	1
GCA_039198765.1	2
GCA_039198835.1	1
GCA_039199335.1	2
GCA_039199465.1	1
GCA_039201085.1	1
GCA_039201605.1	1
GCA_039206675.1	1
GCA_039206745.1	1
GCA_039208155.1	1
GCA_039208375.1	1
GCA_039208585.1	1
GCA_039414335.1	1
GCA_039513195.1	2
GCA_039523335.1	1
GCA_039583645.1	2
GCA_039592975.1	4
GCA_039592995.1	1
GCA_039593255.1	1
GCA_039593355.1	3
GCA_039593375.1	3
GCA_039593415.1	2
GCA_039593645.1	1
GCA_039593775.1	4
GCA_039593925.1	3
GCA_039594005.1	2
GCA_039594095.1	2
GCA_039636865.1	1
GCA_039649125.1	1
GCA_039649225.1	3
GCA_039649305.1	5
GCA_039679325.1	1
GCA_039679455.1	1
GCA_039679805.1	1
GCA_039680225.1	1
GCA_039680305.1	1
GCA_039696685.1	1
GCA_039714495.1	1
GCA_039714795.1	2
GCA_039725535.1	1
GCA_039768325.1	1
GCA_039794305.1	1
GCA_039795515.1	1
GCA_039796405.1	3
GCA_039796835.1	2
GCA_039797035.1	1
GCA_039797415.1	2
GCA_039797825.1	1
GCA_039797885.1	1
GCA_039798985.1	2
GCA_039799405.1	2
GCA_039800105.1	1
GCA_039800145.1	1
GCA_039800165.1	2
GCA_039800345.1	1
GCA_039804505.1	3
GCA_039804665.1	1
GCA_039804685.1	1
GCA_039804805.1	1
GCA_039804875.1	1
GCA_039805465.1	1
GCA_039805565.1	1
GCA_039805605.1	1
GCA_039805705.1	1
GCA_039805725.1	1
GCA_039805805.1	1
GCA_039805865.1	2
GCA_039805905.1	2
GCA_039806005.1	1
GCA_039806045.1	2
GCA_039806065.1	1
GCA_039807145.1	1
GCA_039807315.1	1
GCA_039807425.1	1
GCA_039807445.1	6
GCA_039807465.1	2
GCA_039807535.1	1
GCA_039807685.1	3
GCA_039807745.1	2
GCA_039807785.1	1
GCA_039807845.1	3
GCA_039807955.1	4
GCA_039808025.1	2
GCA_039808065.1	2
GCA_039808105.1	1
GCA_039808205.1	2
GCA_039808285.1	1
GCA_039808305.1	1
GCA_039808365.1	4
GCA_039808405.1	1
GCA_039808485.1	1
GCA_039808585.1	1
GCA_039808645.1	2
GCA_039808665.1	1
GCA_039808685.1	1
GCA_039808765.1	1
GCA_039808785.1	1
GCA_039808805.1	1
GCA_039808845.1	2
GCA_039808865.1	4
GCA_039808885.1	4
GCA_039808985.1	1
GCA_039809465.1	3
GCA_039809485.1	3
GCA_039809495.1	1
GCA_039809525.1	2
GCA_039809605.1	2
GCA_039809625.1	2
GCA_039809865.1	1
GCA_039809945.1	1
GCA_039810225.1	2
GCA_039811645.1	3
GCA_039811985.1	1
GCA_039812025.1	2
GCA_039812105.1	1
GCA_039812405.1	1
GCA_039812445.1	2
GCA_039812485.1	2
GCA_039812885.1	1
GCA_039814425.1	1
GCA_039814445.1	2
GCA_039814575.1	1
GCA_039814655.1	1
GCA_039814715.1	1
GCA_039814845.1	1
GCA_039814925.1	1
GCA_039814945.1	1
GCA_039815015.1	2
GCA_039815055.1	1
GCA_039815145.1	1
GCA_039815165.1	2
GCA_039815465.1	1
GCA_039815485.1	1
GCA_039815595.1	1
GCA_039815685.1	1
GCA_039815825.1	1
GCA_039815905.1	1
GCA_039816045.1	1
GCA_039816075.1	1
GCA_039816475.1	3
GCA_039816705.1	2
GCA_039816785.1	1
GCA_039817025.1	1
GCA_039817205.1	2
GCA_039817245.1	2
GCA_039817385.1	1
GCA_039817595.1	1
GCA_039817645.1	2
GCA_039817885.1	1
GCA_039818165.1	1
GCA_039818185.1	1
GCA_039818265.1	1
GCA_039818345.1	2
GCA_039818365.1	1
GCA_039818545.1	1
GCA_039818625.1	1
GCA_039818665.1	2
GCA_039818725.1	1
GCA_039818805.1	1
GCA_039818825.1	2
GCA_039818925.1	1
GCA_039818985.1	1
GCA_039819085.1	1
GCA_039819095.1	1
GCA_039819185.1	2
GCA_039819285.1	1
GCA_039819305.1	1
GCA_039819325.1	1
GCA_039819365.1	2
GCA_039819385.1	1
GCA_039819405.1	1
GCA_039819485.1	1
GCA_039819545.1	1
GCA_039819785.1	2
GCA_039819865.1	2
GCA_039819885.1	2
GCA_039820085.1	1
GCA_039820585.1	1
GCA_039820865.1	1
GCA_039821125.1	1
GCA_039821425.1	1
GCA_039821555.1	1
GCA_039821665.1	1
GCA_039822005.1	1
GCA_039822045.1	2
GCA_039822105.1	3
GCA_039822145.1	1
GCA_039822785.1	1
GCA_039822945.1	1
GCA_039832695.1	1
GCA_039888615.1	1
GCA_039889245.1	1
GCA_039908085.1	1
GCA_039908095.1	1
GCA_039908505.1	1
GCA_039914485.1	1
GCA_039915055.1	2
GCA_039915505.1	1
GCA_039915665.1	2
GCA_039915715.1	1
GCA_039915735.1	2
GCA_039915905.1	2
GCA_039916205.1	3
GCA_039916285.1	3
GCA_039916425.1	2
GCA_039916925.1	1
GCA_039917655.1	2
GCA_039917755.1	1
GCA_039918435.1	2
GCA_039919075.1	1
GCA_039919235.1	1
GCA_039919745.1	2
GCA_039919785.1	1
GCA_039919835.1	1
GCA_039919985.1	1
GCA_039920165.1	1
GCA_039920745.1	5
GCA_039920865.1	2
GCA_039921445.1	3
GCA_039921645.1	1
GCA_039921745.1	1
GCA_039921765.1	4
GCA_039922395.1	4
GCA_039922635.1	1
GCA_039922645.1	1
GCA_039922955.1	1
GCA_039923055.1	3
GCA_039923495.1	1
GCA_039923645.1	2
GCA_039923815.1	1
GCA_039923915.1	2
GCA_039924385.1	1
GCA_039924745.1	2
GCA_039924845.1	1
GCA_039925165.1	1
GCA_039925285.1	1
GCA_039925625.1	1
GCA_039925745.1	1
GCA_039926605.1	2
GCA_039926785.1	2
GCA_039927795.1	1
GCA_039927975.1	4
GCA_039928255.1	1
GCA_039929025.1	1
GCA_039929265.1	1
GCA_039929665.1	1
GCA_039930065.1	3
GCA_039930465.1	3
GCA_039930785.1	1
GCA_039930965.1	3
GCA_039930985.1	1
GCA_039931065.1	1
GCA_039931145.1	2
GCA_039931475.1	2
GCA_039931515.1	3
GCA_039931555.1	3
GCA_039931635.1	1
GCA_039931675.1	1
GCA_039931685.1	1
GCA_039931775.1	2
GCA_039932095.1	1
GCA_039932275.1	1
GCA_039932405.1	4
GCA_039932615.1	2
GCA_039932755.1	2
GCA_039932815.1	3
GCA_039932875.1	7
GCA_039933105.1	1
GCA_039933175.1	1
GCA_039933195.1	2
GCA_039933535.1	2
GCA_039933655.1	1
GCA_039933695.1	1
GCA_039933715.1	1
GCA_039933735.1	1
GCA_039934055.1	1
GCA_039934135.1	2
GCA_039934195.1	2
GCA_039934375.1	3
GCA_039934435.1	1
GCA_039934455.1	1
GCA_039934535.1	2
GCA_039934615.1	3
GCA_039934655.1	1
GCA_039934795.1	1
GCA_039935015.1	2
GCA_039935075.1	1
GCA_039935195.1	1
GCA_039935515.1	2
GCA_039935615.1	1
GCA_039935895.1	1
GCA_039935975.1	2
GCA_039936375.1	2
GCA_039936515.1	2
GCA_039937575.1	1
GCA_039937955.1	2
GCA_039938035.1	1
GCA_039938515.1	3
GCA_039938575.1	1
GCA_039938615.1	1
GCA_039942135.1	1
GCA_039942715.1	1
GCA_039960995.1	1
GCA_039964305.1	1
GCA_039967155.1	1
GCA_039969355.1	1
GCA_039969995.1	1
GCA_039970335.1	1
GCA_039972695.1	2
GCA_039972875.1	1
GCA_039973095.1	1
GCA_039973685.1	1
GCA_039974935.1	1
GCA_039975755.1	1
GCA_039976075.1	2
GCA_039978075.1	1
GCA_039978895.1	1
GCA_039979015.1	1
GCA_039980135.1	1
GCA_039983755.1	2
GCA_039983935.1	2
GCA_039984715.1	1
GCA_039986455.1	1
GCA_039986495.1	2
GCA_039986595.1	1
GCA_039986635.1	1
GCA_039986835.1	1
GCA_039989895.1	1
GCA_040002515.1	1
GCA_040002845.1	1
GCA_040003315.1	1
GCA_040003555.1	2
GCA_040003635.1	2
GCA_040004055.1	1
GCA_040004295.1	1
GCA_040004535.1	1
GCA_040004585.1	1
GCA_040004785.1	6
GCA_040004895.1	1
GCA_040005035.1	2
GCA_040005435.1	3
GCA_040005635.1	3
GCA_040005775.1	1
GCA_040005975.1	3
GCA_040006015.1	3
GCA_040006055.1	1
GCA_040006115.1	2
GCA_040006415.1	1
GCA_040006455.1	1
GCA_040006495.1	1
GCA_040006575.1	3
GCA_040006795.1	1
GCA_040006895.1	1
GCA_040007035.1	1
GCA_040007415.1	1
GCA_040007475.1	4
GCA_040007615.1	1
GCA_040007675.1	3
GCA_040007855.1	2
GCA_040007975.1	1
GCA_040079515.1	1
GCA_040079635.1	2
GCA_040079715.1	1
GCA_040079845.1	1
GCA_040080075.1	1
GCA_040080105.1	1
GCA_040080145.1	1
GCA_040080215.1	1
GCA_040080595.1	1
GCA_040080605.1	3
GCA_040080715.1	1
GCA_040080935.1	2
GCA_040080965.1	1
GCA_040081145.1	1
GCA_040081205.1	1
GCA_040081735.1	1
GCA_040081755.1	2
GCA_040112665.1	1
GCA_040119125.1	1
GCA_040216495.1	2
GCA_040216765.1	1
GCA_040216775.1	1
GCA_040217155.1	2
GCA_040217195.1	1
GCA_040217555.1	1
GCA_040218145.1	3
GCA_040218615.1	1
GCA_040218645.1	1
GCA_040219025.1	1
GCA_040219085.1	2
GCA_040219175.1	1
GCA_040219355.1	1
GCA_040219445.1	2
GCA_040219555.1	1
GCA_040220035.1	1
GCA_040220415.1	1
GCA_040220455.1	2
GCA_040222155.1	1
GCA_040222645.1	1
GCA_040223075.1	1
GCA_040223555.1	1
GCA_040223615.1	1
GCA_040223655.1	1
GCA_040223695.1	1
GCA_040226215.1	1
GCA_040235405.1	1
GCA_040235495.1	1
GCA_040255215.1	1
GCA_040255365.1	1
GCA_040255405.1	1
GCA_040255535.1	1
GCA_040255835.1	2
GCA_040255885.1	1
GCA_040255975.1	5
GCA_040262735.1	1
GCA_040264415.1	1
GCA_040275305.1	1
GCA_040275325.1	2
GCA_040275425.1	1
GCA_040275625.1	2
GCA_040275885.1	2
GCA_040297625.1	2
GCA_040302145.1	1
GCA_040364205.1	3
GCA_040365065.1	1
GCA_040371205.1	1
GCA_040373665.1	1
GCA_040373935.1	1
GCA_040375795.1	2
GCA_040376425.1	1
GCA_040376505.1	1
GCA_040376705.1	2
GCA_040376815.1	1
GCA_040376915.1	2
GCA_040376925.1	2
GCA_040376995.1	3
GCA_040377095.1	1
GCA_040377305.1	1
GCA_040377355.1	1
GCA_040377375.1	2
GCA_040377415.1	1
GCA_040379385.1	1
GCA_040379625.1	3
GCA_040380755.1	3
GCA_040381035.1	1
GCA_040381175.1	2
GCA_040381515.1	1
GCA_040381535.1	1
GCA_040382055.1	2
GCA_040382135.1	1
GCA_040382235.1	3
GCA_040382935.1	1
GCA_040382975.1	2
GCA_040383035.1	1
GCA_040383055.1	1
GCA_040383485.1	1
GCA_040383665.1	1
GCA_040384265.1	1
GCA_040384385.1	2
GCA_040384505.1	1
GCA_040384525.1	1
GCA_040384625.1	3
GCA_040384645.1	3
GCA_040384665.1	3
GCA_040384685.1	2
GCA_040384785.1	4
GCA_040384825.1	2
GCA_040384885.1	2
GCA_040384925.1	3
GCA_040385005.1	3
GCA_040385025.1	1
GCA_040385105.1	3
GCA_040385125.1	1
GCA_040385165.1	1
GCA_040385225.1	2
GCA_040385265.1	1
GCA_040385305.1	1
GCA_040385325.1	3
GCA_040385425.1	5
GCA_040385465.1	2
GCA_040385485.1	5
GCA_040385525.1	2
GCA_040385585.1	1
GCA_040385645.1	2
GCA_040385745.1	2
GCA_040385775.1	3
GCA_040385825.1	1
GCA_040385895.1	1
GCA_040385995.1	5
GCA_040386055.1	1
GCA_040386075.1	2
GCA_040386115.1	3
GCA_040386255.1	2
GCA_040386295.1	1
GCA_040386355.1	1
GCA_040386375.1	1
GCA_040386395.1	1
GCA_040386495.1	1
GCA_040386535.1	1
GCA_040386575.1	1
GCA_040386615.1	1
GCA_040386655.1	3
GCA_040387055.1	1
GCA_040387195.1	1
GCA_040387235.1	5
GCA_040387325.1	4
GCA_040387375.1	2
GCA_040387395.1	2
GCA_040387435.1	3
GCA_040387475.1	2
GCA_040387495.1	1
GCA_040387555.1	2
GCA_040387575.1	1
GCA_040387595.1	1
GCA_040387615.1	3
GCA_040387815.1	3
GCA_040387875.1	3
GCA_040387915.1	1
GCA_040388075.1	3
GCA_040388155.1	1
GCA_040388195.1	3
GCA_040388255.1	3
GCA_040388275.1	4
GCA_040388315.1	1
GCA_040388335.1	2
GCA_040388355.1	1
GCA_040388375.1	1
GCA_040388515.1	1
GCA_040388555.1	4
GCA_040388765.1	1
GCA_040388805.1	2
GCA_040388905.1	4
GCA_040388965.1	2
GCA_040389065.1	1
GCA_040389085.1	2
GCA_040389165.1	1
GCA_040389245.1	1
GCA_040389305.1	1
GCA_040389405.1	1
GCA_040389625.1	3
GCA_040389645.1	2
GCA_040389805.1	3
GCA_040389925.1	2
GCA_040389965.1	3
GCA_040389985.1	2
GCA_040390145.1	3
GCA_040390195.1	2
GCA_040390235.1	2
GCA_040390295.1	3
GCA_040390345.1	3
GCA_040390485.1	4
GCA_040390605.1	2
GCA_040390685.1	2
GCA_040390795.1	1
GCA_040390835.1	3
GCA_040390885.1	1
GCA_040390915.1	3
GCA_040391135.1	2
GCA_040391335.1	1
GCA_040391705.1	1
GCA_040391725.1	2
GCA_040391825.1	2
GCA_040391865.1	1
GCA_040391965.1	4
GCA_040392305.1	2
GCA_040392445.1	2
GCA_040392565.1	1
GCA_040392885.1	1
GCA_040393065.1	1
GCA_040393285.1	2
GCA_040393685.1	2
GCA_040394255.1	1
GCA_040394315.1	1
GCA_040395835.1	2
GCA_040396175.1	3
GCA_040396375.1	1
GCA_040398465.1	1
GCA_040398485.1	3
GCA_040399685.1	3
GCA_040399905.1	2
GCA_040399965.1	1
GCA_040400005.1	1
GCA_040400045.1	2
GCA_040400575.1	2
GCA_040400635.1	2
GCA_040400775.1	1
GCA_040400795.1	2
GCA_040400815.1	1
GCA_040400855.1	2
GCA_040400875.1	3
GCA_040400915.1	2
GCA_040400935.1	1
GCA_040400945.1	1
GCA_040401095.1	1
GCA_040401495.1	1
GCA_040401595.1	3
GCA_040403535.1	2
GCA_040403635.1	1
GCA_040409725.1	2
GCA_040414585.1	2
GCA_040414675.1	9
GCA_040507665.1	1
GCA_040507895.1	1
GCA_040508235.1	2
GCA_040508275.1	1
GCA_040508315.1	1
GCA_040508335.1	1
GCA_040508515.1	1
GCA_040508685.1	3
GCA_040508785.1	1
GCA_040508835.1	1
GCA_040508955.1	1
GCA_040509075.1	2
GCA_040509095.1	1
GCA_040509255.1	3
GCA_040509415.1	2
GCA_040509855.1	1
GCA_040510055.1	2
GCA_040510075.1	2
GCA_040510175.1	1
GCA_040510355.1	1
GCA_040510575.1	1
GCA_040510815.1	2
GCA_040510855.1	2
GCA_040512415.1	1
GCA_040512755.1	2
GCA_040512975.1	1
GCA_040513115.1	1
GCA_040514115.1	1
GCA_040544385.1	3
GCA_040544425.1	3
GCA_040635515.1	1
GCA_040643275.1	1
GCA_040674215.1	1
GCA_040679555.1	1
GCA_040751765.1	1
GCA_040752005.1	1
GCA_040752195.1	2
GCA_040752215.1	4
GCA_040752415.1	2
GCA_040752975.1	2
GCA_040753055.1	1
GCA_040754335.1	1
GCA_040755475.1	1
GCA_040755535.1	3
GCA_040755835.1	2
GCA_040755875.1	1
GCA_040755925.1	2
GCA_040755955.1	1
GCA_040756295.1	4
GCA_040756555.1	1
GCA_040756765.1	3
GCA_040756795.1	2
GCA_040756995.1	1
GCA_040757615.1	2
GCA_040757675.1	1
GCA_040757715.1	1
GCA_040757835.1	1
GCA_040758275.1	2
GCA_040758375.1	2
GCA_040758475.1	1
GCA_040758515.1	3
GCA_040758525.1	1
GCA_040758575.1	3
GCA_040765305.1	1
GCA_040767105.1	1
GCA_040773965.1	1
GCA_040797665.1	1
GCA_040801785.1	1
GCA_040829945.1	1
GCA_040830225.1	1
GCA_040830325.1	1
GCA_040830705.1	1
GCA_040830845.1	1
GCA_040833975.1	2
GCA_040877275.1	1
GCA_040877285.1	2
GCA_040877625.1	4
GCA_040877745.1	1
GCA_040878485.1	1
GCA_040878925.1	1
GCA_040880025.1	1
GCA_040880045.1	1
GCA_040880065.1	1
GCA_040880205.1	1
GCA_040880425.1	2
GCA_040882355.1	1
GCA_040899645.1	1
GCA_040901445.1	3
GCA_040901465.1	1
GCA_040901485.1	1
GCA_040902065.1	1
GCA_040902195.1	2
GCA_040902305.1	1
GCA_040902335.1	3
GCA_040902505.1	1
GCA_040902535.1	1
GCA_040902605.1	1
GCA_040902655.1	2
GCA_040904625.1	1
GCA_040904645.1	1
GCA_040905025.1	2
GCA_040905045.1	1
GCA_040905475.1	2
GCA_040905765.1	2
GCA_040905845.1	2
GCA_040946965.1	2
GCA_041060555.1	1
GCA_041083665.1	3
GCA_041156085.1	5
GCA_041157045.1	2
GCA_041158545.1	1
GCA_041158605.1	2
GCA_041158965.1	2
GCA_041159205.1	1
GCA_041159245.1	2
GCA_041160865.1	1
GCA_041161415.1	2
GCA_041163105.1	1
GCA_041164205.1	1
GCA_041164825.1	2
GCA_041165245.1	2
GCA_041165385.1	1
GCA_041165725.1	1
GCA_041168905.1	2
GCA_041169085.1	3
GCA_041169105.1	1
GCA_041169125.1	1
GCA_041169165.1	3
GCA_041169175.1	2
GCA_041169205.1	3
GCA_041169755.1	2
GCA_041172085.1	2
GCA_041173845.1	1
GCA_041174145.1	1
GCA_041174665.1	2
GCA_041174965.1	1
GCA_041175665.1	2
GCA_041176585.1	3
GCA_041178225.1	1
GCA_041178265.1	2
GCA_041178445.1	1
GCA_041178825.1	2
GCA_041179125.1	1
GCA_041179165.1	3
GCA_041179245.1	1
GCA_041179425.1	3
GCA_041179505.1	1
GCA_041179665.1	1
GCA_041179845.1	1
GCA_041180165.1	1
GCA_041181325.1	2
GCA_041181985.1	1
GCA_041182225.1	2
GCA_041182625.1	2
GCA_041183145.1	1
GCA_041183605.1	1
GCA_041190985.1	2
GCA_041191485.1	1
GCA_041192045.1	3
GCA_041192105.1	1
GCA_041192445.1	4
GCA_041192465.1	1
GCA_041228285.1	1
GCA_041277045.1	1
GCA_041287585.1	2
GCA_041288095.1	1
GCA_041288195.1	5
GCA_041299705.1	1
GCA_041307045.1	1
GCA_041307365.1	1
GCA_041307825.1	1
GCA_041307985.1	1
GCA_041308065.1	1
GCA_041310335.1	2
GCA_041310825.1	2
GCA_041311135.1	1
GCA_041389425.1	3
GCA_041389525.1	1
GCA_041389565.1	1
GCA_041389685.1	2
GCA_041389725.1	2
GCA_041389745.1	2
GCA_041389765.1	2
GCA_041389785.1	1
GCA_041389805.1	1
GCA_041389865.1	1
GCA_041389885.1	1
GCA_041389905.1	1
GCA_041389925.1	1
GCA_041389945.1	1
GCA_041389965.1	3
GCA_041389985.1	1
GCA_041390025.1	1
GCA_041390515.1	1
GCA_041391125.1	1
GCA_041391205.1	1
GCA_041393445.1	1
GCA_041393495.1	1
GCA_041393675.1	1
GCA_041394265.1	1
GCA_041394285.1	1
GCA_041394365.1	1
GCA_041394605.1	2
GCA_041395385.1	2
GCA_041395485.1	1
GCA_041395505.1	1
GCA_041395525.1	1
GCA_041395605.1	1
GCA_041395625.1	2
GCA_041395745.1	1
GCA_041395845.1	1
GCA_041395905.1	1
GCA_041395945.1	1
GCA_041396005.1	1
GCA_041396125.1	3
GCA_041396245.1	1
GCA_041396265.1	3
GCA_041396485.1	3
GCA_041396505.1	3
GCA_041396525.1	3
GCA_041396585.1	1
GCA_041396665.1	2
GCA_041396685.1	2
GCA_041396705.1	2
GCA_041396725.1	1
GCA_041396745.1	1
GCA_041396885.1	1
GCA_041396965.1	1
GCA_041397045.1	2
GCA_041397345.1	1
GCA_041397365.1	2
GCA_041397405.1	2
GCA_041397645.1	3
GCA_041397675.1	1
GCA_041397705.1	1
GCA_041397725.1	4
GCA_041397745.1	2
GCA_041397765.1	1
GCA_041397775.1	2
GCA_041397805.1	2
GCA_041397825.1	3
GCA_041397865.1	1
GCA_041397945.1	2
GCA_041398005.1	2
GCA_041398025.1	2
GCA_041398065.1	4
GCA_041398085.1	1
GCA_041398145.1	1
GCA_041398225.1	1
GCA_041398245.1	1
GCA_041398345.1	1
GCA_041398365.1	1
GCA_041398445.1	1
GCA_041402045.1	1
GCA_041424235.1	3
GCA_041424275.1	3
GCA_041440805.1	1
GCA_041442125.1	1
GCA_041476125.1	1
GCA_041476585.1	2
GCA_041477875.1	1
GCA_041477975.1	2
GCA_041478145.1	1
GCA_041479345.1	2
GCA_041479675.1	1
GCA_041480065.1	1
GCA_041482855.1	4
GCA_041483135.1	2
GCA_041483595.1	1
GCA_041483675.1	1
GCA_041484095.1	2
GCA_041485725.1	1
GCA_041486325.1	1
GCA_041486365.1	1
GCA_041487115.1	2
GCA_041487395.1	4
GCA_041487815.1	1
GCA_041488235.1	4
GCA_041488255.1	1
GCA_041488295.1	4
GCA_041488355.1	1
GCA_041488375.1	1
GCA_041490045.1	2
GCA_041490545.1	1
GCA_041490825.1	1
GCA_041491825.1	1
GCA_041492015.1	1
GCA_041493345.1	1
GCA_041493815.1	1
GCA_041495185.1	2
GCA_041495205.1	2
GCA_041495365.1	2
GCA_041496705.1	1
GCA_041496745.1	1
GCA_041497395.1	1
GCA_041497595.1	3
GCA_041497735.1	1
GCA_041497895.1	1
GCA_041497995.1	4
GCA_041499435.1	2
GCA_041499545.1	1
GCA_041499655.1	2
GCA_041499865.1	2
GCA_041499965.1	1
GCA_041499985.1	1
GCA_041500065.1	2
GCA_041500805.1	3
GCA_041504365.1	2
GCA_041545745.1	1
GCA_041546605.1	1
GCA_041552015.1	1
GCA_041554035.1	1
GCA_041556555.1	1
GCA_041556995.1	2
GCA_041557055.1	1
GCA_041557595.1	1
GCA_041557855.1	1
GCA_041558415.1	1
GCA_041559075.1	1
GCA_041560255.1	1
GCA_041563955.1	1
GCA_041564575.1	1
GCA_041565015.1	3
GCA_041565515.1	1
GCA_041567895.1	1
GCA_041568095.1	1
GCA_041568535.1	1
GCA_041570195.1	1
GCA_041571855.1	2
GCA_041576165.1	1
GCA_041576335.1	2
GCA_041576355.1	2
GCA_041576815.1	1
GCA_041579395.1	1
GCA_041579495.1	2
GCA_041579655.1	1
GCA_041580155.1	1
GCA_041581405.1	4
GCA_041581635.1	1
GCA_041581895.1	1
GCA_041581935.1	1
GCA_041582695.1	1
GCA_041583175.1	1
GCA_041583815.1	1
GCA_041584075.1	2
GCA_041584095.1	3
GCA_041584475.1	1
GCA_041584575.1	1
GCA_041584755.1	1
GCA_041585035.1	1
GCA_041586615.1	2
GCA_041586695.1	4
GCA_041586735.1	1
GCA_041586815.1	1
GCA_041586855.1	1
GCA_041587095.1	3
GCA_041587235.1	1
GCA_041587415.1	3
GCA_041588495.1	1
GCA_041589295.1	1
GCA_041589495.1	1
GCA_041589565.1	1
GCA_041589735.1	2
GCA_041590075.1	1
GCA_041590855.1	1
GCA_041591085.1	1
GCA_041591635.1	3
GCA_041592135.1	1
GCA_041592575.1	1
GCA_041592735.1	3
GCA_041592855.1	1
GCA_041593295.1	1
GCA_041593595.1	3
GCA_041594335.1	1
GCA_041594355.1	1
GCA_041594435.1	3
GCA_041594735.1	1
GCA_041595415.1	1
GCA_041595475.1	1
GCA_041596155.1	1
GCA_041596235.1	2
GCA_041599855.1	1
GCA_041600915.1	3
GCA_041601315.1	1
GCA_041601775.1	1
GCA_041601915.1	1
GCA_041601945.1	1
GCA_041601995.1	3
GCA_041602815.1	1
GCA_041603255.1	1
GCA_041603535.1	1
GCA_041603715.1	1
GCA_041605275.1	2
GCA_041606495.1	1
GCA_041609735.1	1
GCA_041611275.1	3
GCA_041612115.1	1
GCA_041616535.1	1
GCA_041617155.1	2
GCA_041617635.1	2
GCA_041618235.1	1
GCA_041618295.1	1
GCA_041619315.1	1
GCA_041619555.1	1
GCA_041620115.1	2
GCA_041620675.1	1
GCA_041621735.1	1
GCA_041621875.1	1
GCA_041622015.1	2
GCA_041622095.1	4
GCA_041622675.1	1
GCA_041622815.1	1
GCA_041622995.1	1
GCA_041623475.1	1
GCA_041623535.1	2
GCA_041623575.1	1
GCA_041624095.1	1
GCA_041624435.1	1
GCA_041624875.1	1
GCA_041625325.1	1
GCA_041625575.1	1
GCA_041626995.1	1
GCA_041627475.1	1
GCA_041627895.1	1
GCA_041628615.1	1
GCA_041629335.1	2
GCA_041632255.1	1
GCA_041633145.1	1
GCA_041633535.1	1
GCA_041633555.1	1
GCA_041635095.1	1
GCA_041635755.1	2
GCA_041637915.1	1
GCA_041637935.1	2
GCA_041638115.1	1
GCA_041639395.1	1
GCA_041639545.1	1
GCA_041639675.1	3
GCA_041640175.1	2
GCA_041640555.1	1
GCA_041640875.1	1
GCA_041641515.1	1
GCA_041641695.1	2
GCA_041641715.1	2
GCA_041641795.1	1
GCA_041642135.1	2
GCA_041642315.1	1
GCA_041648375.1	1
GCA_041655035.1	1
GCA_041655275.1	2
GCA_041655955.1	1
GCA_041656315.1	1
GCA_041658815.1	1
GCA_041659385.1	1
GCA_041659545.1	3
GCA_041659705.1	1
GCA_041659825.1	4
GCA_041659885.1	2
GCA_041660385.1	1
GCA_041660405.1	1
GCA_041660905.1	1
GCA_041662425.1	1
GCA_041662885.1	2
GCA_041663105.1	2
GCA_041665185.1	2
GCA_041665785.1	1
GCA_041674385.1	2
GCA_041674465.1	2
GCA_041674545.1	2
GCA_041674725.1	2
GCA_041674785.1	2
GCA_041675415.1	1
GCA_041675885.1	1
GCA_041675905.1	1
GCA_041676625.1	1
GCA_041676645.1	2
GCA_041678045.1	1
GCA_041678385.1	1
GCA_041678445.1	2
GCA_041685125.1	1
GCA_041685205.1	1
GCA_041685435.1	1
GCA_041685565.1	1
GCA_041685625.1	4
GCA_041685925.1	1
GCA_041686165.1	1
GCA_041686895.1	1
GCA_041687075.1	3
GCA_041687395.1	1
GCA_041687475.1	1
GCA_041687675.1	1
GCA_041687695.1	1
GCA_041688015.1	1
GCA_041688195.1	1
GCA_041688825.1	1
GCA_041688925.1	1
GCA_041689615.1	1
GCA_041690055.1	2
GCA_041690355.1	1
GCA_041690495.1	2
GCA_041690575.1	2
GCA_041690875.1	1
GCA_041690895.1	2
GCA_041690915.1	1
GCA_041691515.1	3
GCA_041691615.1	1
GCA_041691635.1	1
GCA_041691675.1	1
GCA_041691735.1	1
GCA_041691815.1	1
GCA_041694715.1	2
GCA_041694745.1	1
GCA_041694945.1	3
GCA_041725935.1	1
GCA_041730475.1	3
GCA_041730515.1	1
GCA_041736255.1	4
GCA_041736285.1	2
GCA_041736365.1	1
GCA_041736455.1	1
GCA_041736605.1	1
GCA_041737095.1	2
GCA_041737325.1	2
GCA_041737515.1	4
GCA_041738055.1	1
GCA_041738105.1	2
GCA_041738135.1	3
GCA_041738295.1	1
GCA_041738345.1	2
GCA_041738985.1	1
GCA_041739225.1	2
GCA_041739435.1	2
GCA_041739465.1	1
GCA_041739655.1	2
GCA_041739715.1	1
GCA_041739835.1	2
GCA_041740615.1	1
GCA_041740635.1	1
GCA_041740655.1	2
GCA_041740675.1	1
GCA_041740755.1	1
GCA_041740775.1	1
GCA_041741075.1	1
GCA_041741175.1	1
GCA_041741315.1	1
GCA_041741655.1	2
GCA_041741895.1	1
GCA_041742195.1	2
GCA_041742235.1	1
GCA_041742255.1	1
GCA_041742335.1	1
GCA_041743025.1	1
GCA_041744115.1	3
GCA_041744175.1	1
GCA_041744195.1	2
GCA_041744615.1	1
GCA_041745515.1	2
GCA_041745895.1	1
GCA_041746035.1	1
GCA_041746135.1	1
GCA_041746335.1	2
GCA_041746575.1	1
GCA_041747095.1	2
GCA_041747305.1	6
GCA_041747995.1	2
GCA_041749355.1	2
GCA_041749475.1	1
GCA_041750975.1	4
GCA_041751695.1	2
GCA_041751895.1	1
GCA_041752315.1	2
GCA_041752455.1	1
GCA_041752495.1	1
GCA_041752515.1	1
GCA_041752715.1	2
GCA_041752895.1	1
GCA_041753055.1	2
GCA_041784625.1	1
GCA_041821485.1	2
GCA_041853585.1	1
GCA_041855065.1	1
GCA_041875495.1	1
GCA_041891195.1	1
GCA_041904885.1	3
GCA_041904995.1	3
GCA_041905125.1	1
GCA_041905305.1	2
GCA_041905385.1	2
GCA_041905405.1	3
GCA_041905525.1	1
GCA_041905595.1	2
GCA_041905745.1	1
GCA_041905785.1	3
GCA_041905795.1	1
GCA_041905905.1	4
GCA_041906015.1	6
GCA_041906145.1	1
GCA_041906185.1	3
GCA_041906305.1	1
GCA_041906415.1	1
GCA_041907245.1	1
GCA_041907765.1	2
GCA_041908565.1	1
GCA_041909105.1	3
GCA_041909135.1	2
GCA_041910015.1	1
GCA_041910275.1	1
GCA_041910415.1	5
GCA_041910735.1	2
GCA_041910915.1	1
GCA_041911195.1	1
GCA_041911995.1	2
GCA_041912475.1	1
GCA_041912575.1	3
GCA_041912595.1	3
GCA_041913045.1	2
GCA_041913065.1	1
GCA_041913245.1	1
GCA_041913405.1	2
GCA_041913465.1	1
GCA_041913505.1	4
GCA_041913605.1	1
GCA_041913845.1	1
GCA_041913905.1	3
GCA_041914045.1	1
GCA_041914265.1	5
GCA_041914645.1	1
GCA_041914785.1	2
GCA_041915035.1	3
GCA_041915065.1	1
GCA_041915165.1	2
GCA_041915545.1	2
GCA_041916535.1	1
GCA_041916575.1	1
GCA_041916635.1	1
GCA_041916775.1	1
GCA_041917165.1	1
GCA_041917215.1	1
GCA_041917255.1	4
GCA_041917755.1	1
GCA_041917975.1	1
GCA_041918555.1	3
GCA_041918675.1	1
GCA_041918795.1	1
GCA_041919015.1	1
GCA_041919095.1	1
GCA_041919595.1	1
GCA_041919675.1	1
GCA_041919795.1	2
GCA_041919915.1	1
GCA_041920215.1	2
GCA_041920565.1	1
GCA_041939405.1	1
GCA_041940405.1	4
GCA_041940525.1	2
GCA_041946925.1	1
GCA_041984335.1	1
GCA_041984725.1	2
GCA_041984885.1	1
GCA_041984925.1	2
GCA_041987205.1	1
GCA_041987265.1	1
GCA_041987645.1	3
GCA_042088665.1	1
GCA_042090255.1	1
GCA_042090735.1	1
GCA_042090795.1	1
GCA_042091375.1	1
GCA_042093895.1	1
GCA_042096095.1	3
GCA_042138015.1	2
GCA_042216105.1	1
GCA_042216835.1	1
GCA_042217345.1	2
GCA_042218355.1	2
GCA_042219425.1	1
GCA_042219595.1	1
GCA_042408665.1	1
GCA_042662785.1	3
GCA_042666135.1	3
GCA_042701975.1	3
GCA_042862465.1	1
GCA_042867185.1	1
GCA_043099345.1	4
GCA_043392685.1	1
GCA_043421945.1	2
GCA_043423105.1	1
GCA_043513715.1	1
GCA_043513735.1	1
GCA_043513745.1	1
GCA_043553855.1	1
GCA_043561795.1	1
GCA_043585105.1	1
GCA_043673815.1	7
GCA_043673925.1	2
GCA_043716635.1	1
GCA_043716645.1	1
GCA_043716655.1	2
GCA_043716775.1	3
GCA_043716935.1	1
GCA_043717125.1	2
GCA_043717565.1	2
GCA_043717855.1	1
GCA_043718065.1	3
GCA_043718455.1	1
GCA_043718725.1	1
GCA_043718785.1	1
GCA_043718985.1	1
GCA_043719045.1	2
GCA_043719475.1	2
GCA_043719555.1	1
GCA_043720395.1	1
GCA_043720415.1	1
GCA_043720435.1	2
GCA_043720775.1	4
GCA_043721275.1	1
GCA_043721555.1	1
GCA_043721855.1	1
GCA_043722155.1	1
GCA_043725065.1	1
GCA_043725365.1	2
GCA_043727035.1	1
GCA_043727255.1	1
GCA_043728175.1	1
GCA_043728315.1	2
GCA_043729375.1	1
GCA_043729515.1	2
GCA_043731705.1	1
GCA_043731765.1	1
GCA_043732195.1	1
GCA_043732605.1	3
GCA_043732745.1	1
GCA_043733025.1	1
GCA_043734185.1	1
GCA_043736195.1	1
GCA_043736975.1	2
GCA_043737035.1	2
GCA_043737175.1	1
GCA_043737315.1	2
GCA_043737455.1	1
GCA_043737575.1	1
GCA_043737935.1	2
GCA_043738115.1	3
GCA_043738155.1	2
GCA_043738315.1	2
GCA_043738385.1	4
GCA_043738425.1	2
GCA_043738625.1	3
GCA_043738945.1	2
GCA_043739005.1	1
GCA_043739265.1	1
GCA_043739325.1	2
GCA_043739385.1	3
GCA_043739605.1	1
GCA_043739745.1	1
GCA_043740415.1	2
GCA_043740635.1	1
GCA_043741375.1	3
GCA_043741415.1	2
GCA_043741435.1	1
GCA_043741455.1	1
GCA_043741695.1	3
GCA_043742085.1	1
GCA_043742485.1	3
GCA_043742625.1	1
GCA_043742745.1	2
GCA_043742765.1	1
GCA_043742805.1	1
GCA_043742865.1	1
GCA_043743335.1	3
GCA_043743675.1	1
GCA_043743785.1	1
GCA_043743835.1	2
GCA_043743975.1	1
GCA_043744135.1	1
GCA_043744175.1	1
GCA_043744215.1	1
GCA_043744255.1	2
GCA_043744295.1	1
GCA_043744315.1	6
GCA_043744375.1	1
GCA_043744805.1	2
GCA_043744855.1	2
GCA_043745075.1	1
GCA_043745345.1	1
GCA_043745425.1	1
GCA_043745515.1	1
GCA_043745625.1	1
GCA_043746005.1	3
GCA_043746065.1	2
GCA_043746145.1	1
GCA_043746455.1	3
GCA_043746535.1	1
GCA_043746555.1	1
GCA_043746675.1	1
GCA_043746825.1	2
GCA_043747295.1	2
GCA_043747435.1	1
GCA_043747445.1	1
GCA_043747515.1	1
GCA_043747615.1	1
GCA_043747835.1	1
GCA_043748075.1	2
GCA_043748375.1	2
GCA_043748455.1	2
GCA_043748965.1	2
GCA_043749005.1	1
GCA_043749095.1	3
GCA_043749245.1	1
GCA_043749385.1	2
GCA_043749525.1	1
GCA_043749575.1	2
GCA_043749835.1	1
GCA_043749975.1	2
GCA_043750075.1	1
GCA_043750095.1	1
GCA_043750125.1	1
GCA_043750435.1	2
GCA_043750895.1	1
GCA_043751915.1	1
GCA_043751985.1	2
GCA_043752035.1	2
GCA_043752405.1	1
GCA_043752435.1	1
GCA_043752905.1	2
GCA_043753165.1	1
GCA_043753505.1	1
GCA_043753685.1	2
GCA_043753755.1	2
GCA_043753855.1	1
GCA_043754255.1	1
GCA_043754435.1	1
GCA_043754745.1	1
GCA_043755175.1	2
GCA_043755615.1	2
GCA_043755865.1	3
GCA_043756275.1	5
GCA_043756405.1	1
GCA_043756645.1	1
GCA_043756805.1	1
GCA_043756885.1	1
GCA_043756905.1	2
GCA_043757205.1	1
GCA_043757245.1	2
GCA_043757405.1	1
GCA_043757515.1	1
GCA_043757535.1	2
GCA_043757735.1	1
GCA_043758105.1	1
GCA_043758415.1	2
GCA_043758475.1	3
GCA_043758495.1	1
GCA_043758575.1	4
GCA_043758715.1	2
GCA_043758735.1	1
GCA_043758755.1	1
GCA_043759115.1	2
GCA_043759315.1	1
GCA_043759355.1	1
GCA_043759455.1	1
GCA_043759535.1	2
GCA_043759735.1	3
GCA_043760045.1	2
GCA_043760065.1	1
GCA_043760085.1	2
GCA_043760555.1	1
GCA_043760705.1	1
GCA_043761745.1	1
GCA_043762325.1	3
GCA_043762595.1	1
GCA_043763155.1	2
GCA_043763445.1	1
GCA_043764015.1	3
GCA_043764595.1	2
GCA_043764955.1	2
GCA_043765215.1	1
GCA_043765375.1	1
GCA_043765495.1	2
GCA_043765595.1	1
GCA_043765635.1	2
GCA_043766725.1	1
GCA_043766895.1	1
GCA_043766965.1	2
GCA_043766985.1	2
GCA_043767065.1	1
GCA_043767985.1	1
GCA_043768625.1	5
GCA_043769005.1	2
GCA_043769055.1	2
GCA_043769085.1	1
GCA_043769295.1	1
GCA_043769625.1	2
GCA_043769975.1	1
GCA_043771315.1	3
GCA_043772355.1	2
GCA_043772375.1	2
GCA_043772415.1	3
GCA_043772435.1	2
GCA_043773025.1	2
GCA_043773745.1	2
GCA_043774625.1	3
GCA_043774765.1	3
GCA_043774975.1	1
GCA_043775055.1	3
GCA_043775155.1	1
GCA_043775255.1	3
GCA_043775395.1	1
GCA_043775605.1	1
GCA_043776025.1	1
GCA_043776165.1	2
GCA_043776215.1	3
GCA_043776275.1	1
GCA_043776635.1	1
GCA_043777275.1	1
GCA_043777615.1	1
GCA_043777635.1	1
GCA_043777675.1	2
GCA_043777795.1	2
GCA_043778145.1	3
GCA_043778205.1	3
GCA_043778625.1	1
GCA_043778695.1	1
GCA_043778785.1	1
GCA_043778995.1	1
GCA_043779145.1	2
GCA_043779845.1	1
GCA_043779865.1	3
GCA_043780475.1	2
GCA_043780895.1	1
GCA_043781295.1	3
GCA_043782015.1	2
GCA_043782125.1	2
GCA_043782305.1	2
GCA_043782425.1	3
GCA_043782525.1	1
GCA_043782545.1	1
GCA_043782755.1	2
GCA_043782835.1	1
GCA_043784125.1	3
GCA_043784265.1	1
GCA_043784465.1	1
GCA_043784585.1	2
GCA_043784605.1	2
GCA_043784625.1	1
GCA_043784745.1	1
GCA_043784785.1	1
GCA_043785265.1	1
GCA_043785395.1	1
GCA_043785585.1	2
GCA_043786185.1	3
GCA_043786265.1	1
GCA_043786385.1	1
GCA_043787435.1	1
GCA_043787455.1	1
GCA_043787615.1	4
GCA_043788115.1	1
GCA_043788685.1	2
GCA_043789255.1	1
GCA_043793345.1	2
GCA_043798385.1	1
GCA_043801965.1	1
GCA_043806755.1	1
GCA_043811435.1	2
GCA_043822005.1	1
GCA_043826925.1	2
GCA_044220535.1	1
GCA_044220545.1	2
GCA_044220635.1	2
GCA_044220955.1	1
GCA_044220975.1	3
GCA_044221335.1	1
GCA_044221445.1	1
GCA_044221765.1	2
GCA_044221805.1	3
GCA_044221885.1	1
GCA_044221905.1	1
GCA_044222395.1	2
GCA_044222475.1	2
GCA_044222685.1	3
GCA_044223035.1	3
GCA_044223185.1	3
GCA_044223235.1	2
GCA_044223435.1	1
GCA_044223505.1	2
GCA_044223515.1	1
GCA_044223585.1	2
GCA_044223665.1	1
GCA_044224175.1	3
GCA_044224255.1	4
GCA_044224285.1	1
GCA_044224315.1	2
GCA_044224405.1	1
GCA_044224495.1	2
GCA_044224605.1	1
GCA_044224695.1	1
GCA_044224815.1	3
GCA_044225035.1	2
GCA_044225205.1	1
GCA_044225265.1	4
GCA_044225355.1	1
GCA_044225415.1	1
GCA_044225625.1	2
GCA_044225675.1	3
GCA_044225845.1	3
GCA_044225865.1	2
GCA_044226035.1	1
GCA_044226195.1	1
GCA_044226255.1	3
GCA_044226265.1	4
GCA_044226395.1	1
GCA_044226465.1	5
GCA_044226535.1	3
GCA_044226655.1	1
GCA_044226685.1	4
GCA_044226775.1	4
GCA_044226785.1	1
GCA_044226865.1	1
GCA_044226875.1	3
GCA_044227045.1	1
GCA_044227145.1	1
GCA_044227235.1	1
GCA_044227265.1	3
GCA_044228225.1	1
GCA_044228505.1	1
GCA_044228625.1	2
GCA_044228695.1	1
GCA_044228795.1	1
GCA_044229235.1	4
GCA_044229315.1	2
GCA_044229535.1	1
GCA_044229775.1	3
GCA_044229835.1	3
GCA_044229885.1	3
GCA_044229975.1	2
GCA_044230055.1	1
GCA_044230355.1	2
GCA_044230415.1	3
GCA_044230495.1	1
GCA_044232905.1	1
GCA_044233645.1	2
GCA_044233655.1	1
GCA_044234005.1	1
GCA_044235135.1	3
GCA_044235405.1	1
GCA_044235875.1	1
GCA_044236185.1	2
GCA_044237595.1	2
GCA_044237945.1	1
GCA_044237995.1	1
GCA_044238215.1	1
GCA_044238405.1	1
GCA_044238845.1	2
GCA_044238855.1	1
GCA_044238965.1	1
GCA_044239605.1	1
GCA_044239675.1	1
GCA_044240245.1	1
GCA_044337585.1	1
GCA_044337805.1	1
GCA_044338955.1	2
GCA_044339125.1	1
GCA_044339175.1	4
GCA_044339205.1	2
GCA_044339985.1	1
GCA_044340025.1	1
GCA_044340265.1	1
GCA_044340335.1	1
GCA_044341105.1	1
GCA_044341625.1	2
GCA_044342265.1	2
GCA_044342535.1	4
GCA_044342755.1	1
GCA_044343785.1	1
GCA_044344025.1	1
GCA_044344175.1	2
GCA_044344235.1	1
GCA_044344385.1	2
GCA_044344525.1	1
GCA_044344795.1	1
GCA_044344875.1	1
GCA_044344935.1	1
GCA_044345715.1	2
GCA_044345845.1	2
GCA_044345955.1	1
GCA_044346035.1	2
GCA_044346055.1	3
GCA_044346435.1	1
GCA_044346675.1	3
GCA_044346745.1	1
GCA_044347465.1	2
GCA_044347535.1	1
GCA_044347965.1	1
GCA_044348035.1	3
GCA_044348345.1	3
GCA_044348785.1	1
GCA_044348925.1	2
GCA_044349155.1	1
GCA_044349375.1	1
GCA_044349465.1	1
GCA_044350025.1	1
GCA_044351195.1	1
GCA_044351685.1	1
GCA_044352155.1	1
GCA_044352295.1	2
GCA_044352515.1	1
GCA_044352985.1	2
GCA_044353075.1	1
GCA_044353325.1	1
GCA_044353855.1	1
GCA_044354115.1	1
GCA_044354435.1	1
GCA_044354655.1	1
GCA_044355315.1	1
GCA_044355655.1	2
GCA_044355755.1	2
GCA_044355765.1	1
GCA_044356015.1	3
GCA_044356095.1	2
GCA_044356115.1	1
GCA_044356395.1	1
GCA_044356525.1	1
GCA_044356535.1	2
GCA_044356745.1	1
GCA_044356795.1	1
GCA_044357185.1	1
GCA_044357665.1	2
GCA_044357705.1	1
GCA_044357745.1	2
GCA_044357775.1	1
GCA_044357955.1	1
GCA_044358135.1	1
GCA_044358965.1	1
GCA_044359465.1	1
GCA_044359525.1	2
GCA_044359585.1	1
GCA_044359765.1	1
GCA_044360025.1	1
GCA_044360105.1	2
GCA_044360575.1	1
GCA_044360785.1	2
GCA_044361705.1	1
GCA_044361745.1	1
GCA_044361935.1	1
GCA_044362035.1	1
GCA_044368415.1	3
GCA_044368425.1	1
GCA_044369215.1	1
GCA_044369275.1	2
GCA_044370335.1	1
GCA_044370375.1	1
GCA_044370735.1	1
GCA_044370795.1	1
GCA_044371205.1	1
GCA_044371545.1	1
GCA_044371895.1	2
GCA_044372165.1	1
GCA_044373065.1	1
GCA_044373325.1	1
GCA_044373565.1	1
GCA_044373655.1	2
GCA_044373875.1	3
GCA_044374175.1	1
GCA_044375195.1	2
GCA_044375895.1	1
GCA_044376085.1	1
GCA_044376115.1	2
GCA_044376125.1	1
GCA_044376155.1	1
GCA_044376435.1	1
GCA_044376885.1	1
GCA_044377715.1	1
GCA_044377795.1	4
GCA_044378015.1	1
GCA_044378065.1	1
GCA_044378095.1	1
GCA_044379055.1	2
GCA_044440135.1	1
GCA_044445195.1	2
GCA_044445225.1	4
GCA_044445305.1	1
GCA_044445585.1	2
GCA_044445785.1	1
GCA_044445925.1	3
GCA_044445965.1	3
GCA_044448845.1	1
GCA_044456955.1	2
GCA_044463945.1	2
GCA_044464625.1	2
GCA_044464665.1	2
GCA_044464765.1	2
GCA_044506225.1	2
GCA_044506405.1	1
GCA_044506555.1	1
GCA_044507075.1	2
GCA_044507405.1	4
GCA_044507525.1	3
GCA_044507625.1	1
GCA_044507735.1	3
GCA_044508625.1	2
GCA_044508835.1	2
GCA_044508875.1	1
GCA_044626655.1	2
GCA_044772375.2	2
GCA_044865965.1	2
GCA_044866005.1	1
GCA_044866195.1	1
GCA_044867425.1	2
GCA_044867545.1	2
GCA_044867805.1	2
GCA_044867945.1	1
GCA_044868325.1	1
GCA_044869575.1	1
GCA_044869655.1	3
GCA_044870035.1	1
GCA_044870155.1	2
GCA_044870245.1	3
GCA_044870335.1	2
GCA_044870745.1	5
GCA_044870765.1	2
GCA_044871085.1	1
GCA_045047105.1	1
GCA_045104955.1	1
GCA_045105075.1	1
GCA_045105195.1	1
GCA_045105395.1	1
GCA_045105735.1	1
GCA_045106135.1	1
GCA_045106175.1	1
GCA_045106195.1	1
GCA_045106275.1	1
GCA_045106555.1	1
GCA_045106595.1	1
GCA_045106715.1	1
GCA_045106815.1	2
GCA_045106855.1	1
GCA_045106875.1	2
GCA_045106895.1	2
GCA_045107035.1	1
GCA_045107155.1	1
GCA_045110475.1	1
GCA_045110495.1	1
GCA_045291465.1	1
GCA_045377275.1	1
GCA_045403155.1	2
GCA_045403275.1	2
GCA_045430275.1	2
GCA_045430285.1	1
GCA_045430295.1	1
GCA_045430305.1	1
GCA_045430345.1	1
GCA_045546255.1	1
GCA_045577235.1	1
GCA_045616365.1	1
GCA_045630225.1	1
GCA_045638885.1	1
GCA_045802365.1	1
GCA_045802495.1	2
GCA_045802665.1	2
GCA_045802735.1	1
GCA_045802855.1	1
GCA_045805065.1	1
GCA_045805185.1	3
GCA_045805465.1	1
GCA_045805505.1	1
GCA_045805545.1	2
GCA_045805605.1	1
GCA_045806785.1	1
GCA_045806805.1	1
GCA_045806825.1	1
GCA_045806885.1	1
GCA_045806925.1	1
GCA_045807325.1	2
GCA_045808425.1	5
GCA_045809185.1	1
GCA_045809585.1	1
GCA_045809625.1	4
GCA_045810015.1	2
GCA_045810085.1	1
GCA_045810225.1	1
GCA_045810245.1	2
GCA_045810265.1	6
GCA_045810285.1	5
GCA_045810445.1	2
GCA_045810465.1	2
GCA_045810485.1	4
GCA_045810505.1	3
GCA_045810625.1	1
GCA_045810725.1	1
GCA_045811525.1	4
GCA_045811545.1	3
GCA_045811565.1	2
GCA_045811665.1	5
GCA_045862935.1	1
GCA_045863235.1	1
GCA_045864135.1	4
GCA_046045765.1	2
GCA_046045865.1	3
GCA_046045925.1	1
GCA_046045995.1	1
GCA_046046005.1	1
GCA_046046045.1	2
GCA_046046075.1	1
GCA_046046715.1	1
GCA_046046915.1	2
GCA_046047055.1	2
GCA_046047535.1	1
GCA_046047855.1	1
GCA_046048295.1	2
GCA_046049785.1	1
GCA_046049865.1	2
GCA_046050465.1	2
GCA_046050625.1	1
GCA_046051725.1	1
GCA_046052145.1	3
GCA_046052765.1	1
GCA_046052785.1	1
GCA_046052805.1	5
GCA_046063245.1	1
GCA_046063275.1	2
GCA_046074825.1	1
GCA_046074905.1	2
GCA_046075485.1	2
GCA_046076605.1	1
GCA_046076625.1	2
GCA_046082065.1	1
GCA_046087245.1	1
GCA_046090565.1	1
GCA_046090895.1	1
GCA_046091865.1	1
GCA_046094425.1	2
GCA_046094505.1	2
GCA_046112185.1	2
GCA_046153355.1	1
GCA_046153565.1	1
GCA_046153685.1	1
GCA_046153865.1	2
GCA_046153995.1	2
GCA_046154065.1	1
GCA_046154125.1	3
GCA_046154225.1	2
GCA_046154585.1	6
GCA_046154645.1	3
GCA_046154725.1	2
GCA_046154965.1	4
GCA_046155055.1	2
GCA_046155125.1	2
GCA_046155225.1	4
GCA_046155535.1	2
GCA_046155885.1	2
GCA_046160305.1	1
GCA_046160365.1	2
GCA_046160545.1	4
GCA_046160585.1	2
GCA_046160725.1	2
GCA_046160845.1	2
GCA_046233115.1	2
GCA_046233135.1	1
GCA_046260345.1	1
GCA_046260515.1	2
GCA_046262415.1	1
GCA_046262475.1	1
GCA_046263015.1	2
GCA_046263255.1	2
GCA_046271875.1	1
GCA_046289305.1	1
GCA_046289335.1	2
GCA_046289925.1	1
GCA_046290045.1	1
GCA_046290225.1	1
GCA_046290265.1	1
GCA_046290415.1	2
GCA_046290575.1	1
GCA_046290585.1	1
GCA_046290645.1	1
GCA_046290715.1	1
GCA_046291055.1	1
GCA_046291395.1	1
GCA_046291585.1	1
GCA_046291745.1	1
GCA_046291795.1	1
GCA_046291915.1	1
GCA_046291925.1	1
GCA_046292265.1	1
GCA_046292325.1	1
GCA_046292405.1	2
GCA_046292445.1	1
GCA_046292645.1	1
GCA_046292705.1	1
GCA_046292765.1	1
GCA_046292785.1	2
GCA_046293015.1	1
GCA_046293075.1	2
GCA_046293135.1	3
GCA_046293975.1	1
GCA_046294075.1	1
GCA_046294265.1	1
GCA_046294345.1	1
GCA_046294755.1	2
GCA_046294815.1	2
GCA_046294955.1	1
GCA_046295035.1	1
GCA_046295155.1	1
GCA_046295215.1	1
GCA_046295615.1	2
GCA_046295695.1	2
GCA_046295975.1	3
GCA_046296195.1	2
GCA_046296275.1	1
GCA_046296475.1	3
GCA_046296515.1	1
GCA_046296675.1	1
GCA_046297455.1	1
GCA_046297695.1	1
GCA_046297855.1	3
GCA_046299355.1	2
GCA_046299465.1	1
GCA_046302135.1	1
GCA_046303055.1	1
GCA_046304115.1	1
GCA_046304235.1	1
GCA_046304295.1	1
GCA_046305855.1	1
GCA_046309355.1	1
GCA_046309815.1	1
GCA_046313895.1	1
GCA_046313915.1	2
GCA_046314055.1	1
GCA_046314095.1	1
GCA_046314475.1	3
GCA_046314755.1	1
GCA_046316025.1	2
GCA_046316515.1	1
GCA_046317675.1	2
GCA_046318395.1	2
GCA_046318415.1	3
GCA_046318595.1	1
GCA_046318695.1	1
GCA_046328075.1	2
GCA_046329325.1	1
GCA_046330255.1	1
GCA_046330515.1	1
GCA_046330595.1	1
GCA_046330955.1	1
GCA_046331125.1	2
GCA_046331705.1	2
GCA_046335555.1	1
GCA_046336365.1	1
GCA_046339595.1	1
GCA_046341655.1	1
GCA_046342195.1	2
GCA_046342295.1	1
GCA_046343415.1	2
GCA_046344715.1	1
GCA_046344875.1	2
GCA_046345155.1	3
GCA_046345275.1	1
GCA_046346875.1	3
GCA_046346945.1	1
GCA_046347015.1	1
GCA_046347035.1	1
GCA_046347195.1	1
GCA_046347255.1	1
GCA_046347315.1	1
GCA_046347475.1	1
GCA_046347555.1	1
GCA_046347625.1	4
GCA_046347635.1	1
GCA_046347685.1	2
GCA_046347715.1	2
GCA_046347725.1	2
GCA_046347755.1	2
GCA_046347835.1	3
GCA_046347845.1	2
GCA_046347855.1	1
GCA_046347945.1	2
GCA_046347985.1	1
GCA_046348035.1	1
GCA_046348125.1	2
GCA_046348145.1	2
GCA_046348185.1	2
GCA_046348225.1	2
GCA_046348365.1	3
GCA_046348465.1	1
GCA_046348525.1	1
GCA_046348545.1	1
GCA_046348585.1	1
GCA_046348605.1	1
GCA_046348625.1	1
GCA_046348685.1	1
GCA_046348725.1	2
GCA_046348775.1	2
GCA_046348835.1	2
GCA_046348855.1	1
GCA_046348875.1	2
GCA_046348915.1	3
GCA_046348955.1	4
GCA_046348975.1	2
GCA_046348995.1	3
GCA_046349015.1	3
GCA_046349085.1	2
GCA_046349135.1	1
GCA_046349155.1	5
GCA_046349215.1	4
GCA_046349235.1	1
GCA_046349255.1	1
GCA_046349275.1	2
GCA_046349295.1	2
GCA_046349315.1	1
GCA_046349335.1	4
GCA_046349355.1	3
GCA_046349395.1	3
GCA_046349415.1	3
GCA_046349435.1	2
GCA_046349455.1	1
GCA_046349515.1	3
GCA_046349855.1	1
GCA_046349895.1	1
GCA_046349935.1	1
GCA_046349995.1	1
GCA_046350035.1	1
GCA_046350335.1	2
GCA_046351155.1	1
GCA_046351215.1	2
GCA_046351235.1	1
GCA_046351255.1	2
GCA_046351295.1	2
GCA_046351315.1	1
GCA_046351325.1	2
GCA_046351395.1	2
GCA_046351415.1	1
GCA_046351435.1	1
GCA_046351455.1	1
GCA_046351475.1	2
GCA_046351515.1	3
GCA_046351535.1	2
GCA_046351555.1	1
GCA_046351595.1	1
GCA_046351675.1	2
GCA_046352935.1	1
GCA_046481705.1	1
GCA_046481725.1	1
GCA_046482445.1	3
GCA_046482755.1	1
GCA_046484315.1	1
GCA_046484745.1	1
GCA_046484755.1	2
GCA_046496585.1	1
GCA_046497085.1	1
GCA_046498485.1	1
GCA_046520375.1	1
GCA_046520405.1	1
GCA_046523935.1	3
GCA_046537905.1	3
GCA_046538635.1	2
GCA_046540755.1	1
GCA_046541095.1	2
GCA_046541495.1	1
GCA_046541515.1	2
GCA_046541805.1	3
GCA_046542355.1	1
GCA_046543175.1	1
GCA_046545675.1	2
GCA_046565705.1	1
GCA_046566285.1	3
GCA_046566505.1	1
GCA_046566625.1	1
GCA_046566745.1	1
GCA_046566765.1	1
GCA_046569765.1	1
GCA_046569945.1	1
GCA_046569985.1	1
GCA_046570145.1	1
GCA_046570205.1	1
GCA_046583355.1	1
GCA_046589675.1	6
GCA_046589965.1	1
GCA_046590075.1	2
GCA_046590305.1	2
GCA_046590325.1	1
GCA_046590395.1	2
GCA_046590425.1	1
GCA_046590445.1	1
GCA_046590805.1	1
GCA_046590925.1	1
GCA_046593295.1	1
GCA_046593435.1	2
GCA_046593615.1	1
GCA_046593875.1	2
GCA_046593925.1	1
GCA_046593995.1	2
GCA_046594215.1	1
GCA_046594225.1	2
GCA_046594415.1	1
GCA_046594555.1	2
GCA_046594635.1	3
GCA_046595185.1	2
GCA_046595235.1	2
GCA_046595345.1	1
GCA_046595475.1	2
GCA_046595515.1	2
GCA_046595615.1	2
GCA_046595695.1	2
GCA_046595715.1	1
GCA_046595775.1	1
GCA_046595815.1	1
GCA_046596005.1	4
GCA_046596015.1	1
GCA_046596195.1	1
GCA_046596275.1	1
GCA_046596405.1	2
GCA_046596505.1	1
GCA_046596645.1	2
GCA_046596735.1	1
GCA_046597055.1	1
GCA_046597185.1	3
GCA_046597355.1	1
GCA_046597455.1	3
GCA_046597475.1	4
GCA_046598195.1	2
GCA_046598245.1	3
GCA_046598365.1	3
GCA_046598425.1	1
GCA_046598505.1	1
GCA_046598735.1	2
GCA_046598945.1	1
GCA_046599015.1	1
GCA_046604145.1	3
GCA_046630695.1	1
GCA_046704085.1	1
GCA_046704145.1	1
GCA_046705065.1	1
GCA_046705265.1	1
GCA_046706015.1	1
GCA_046706045.1	1
GCA_046709505.1	1
GCA_046713545.1	3
GCA_046713635.1	2
GCA_046713755.1	1
GCA_046714775.1	1
GCA_046714915.1	3
GCA_046715355.1	1
GCA_046715515.1	4
GCA_046715855.1	1
GCA_046715885.1	1
GCA_046719255.1	2
GCA_046719675.1	2
GCA_046723285.1	2
GCA_046723315.1	3
GCA_046723475.1	1
GCA_046723845.1	2
GCA_046724035.1	1
GCA_046724195.1	1
GCA_046724215.1	5
GCA_046724315.1	1
GCA_046724555.1	3
GCA_046725125.1	5
GCA_046726115.1	1
GCA_046726135.1	1
GCA_046726195.1	1
GCA_046726215.1	1
GCA_046726235.1	2
GCA_046726315.1	1
GCA_046726415.1	1
GCA_046726915.1	1
GCA_046727015.1	1
GCA_046727155.1	1
GCA_046727275.1	2
GCA_046727415.1	1
GCA_046727455.1	1
GCA_046727575.1	1
GCA_046727635.1	1
GCA_046727735.1	4
GCA_046727755.1	1
GCA_046727895.1	3
GCA_046727955.1	1
GCA_046728035.1	1
GCA_046728155.1	2
GCA_046728335.1	3
GCA_046728425.1	3
GCA_046728625.1	2
GCA_046729135.1	4
GCA_046729835.1	7
GCA_046729975.1	1
GCA_046730015.1	1
GCA_046730995.1	1
GCA_046731355.1	2
GCA_046731635.1	4
GCA_046731955.1	2
GCA_046731995.1	4
GCA_046732115.1	7
GCA_046732375.1	1
GCA_046732455.1	2
GCA_046732815.1	1
GCA_046732855.1	1
GCA_046732975.1	1
GCA_046733075.1	3
GCA_046733115.1	2
GCA_046733135.1	1
GCA_046733175.1	1
GCA_046733355.1	6
GCA_046733575.1	1
GCA_046733635.1	1
GCA_046733815.1	5
GCA_046733935.1	1
GCA_046734255.1	1
GCA_046734435.1	4
GCA_046734515.1	1
GCA_046734695.1	1
GCA_046734715.1	1
GCA_046734815.1	3
GCA_046734875.1	2
GCA_046734995.1	1
GCA_046735135.1	1
GCA_046735295.1	1
GCA_046735815.1	2
GCA_046736065.1	2
GCA_046744225.1	1
GCA_046744405.1	2
GCA_046758005.1	1
GCA_046758085.1	1
GCA_046759385.1	1
GCA_046760105.1	2
GCA_046940325.1	1
GCA_047125605.1	1
GCA_047345645.1	1
GCA_047404175.1	1
GCA_047600425.1	2
GCA_047600485.1	2
GCA_047600765.1	2
GCA_047600885.1	1
GCA_047601105.1	2
GCA_047601145.1	1
GCA_047601245.1	2
GCA_047601445.1	3
GCA_047601665.1	3
GCA_047601745.1	2
GCA_047601765.1	3
GCA_047602205.1	2
GCA_047602265.1	1
GCA_047602365.1	4
GCA_047602405.1	2
GCA_047602415.1	2
GCA_047602465.1	1
GCA_047602685.1	1
GCA_047605065.1	1
GCA_047605225.1	1
GCA_047605425.1	2
GCA_047605445.1	2
GCA_047605545.1	1
GCA_047605605.1	2
GCA_047605765.1	1
GCA_047606565.1	2
GCA_047606605.1	1
GCA_047607085.1	2
GCA_047607095.1	1
GCA_047607325.1	3
GCA_047607345.1	1
GCA_047608075.1	2
GCA_047609825.1	2
GCA_047610385.1	1
GCA_047611725.1	2
GCA_047611805.1	1
GCA_047612385.1	1
GCA_047616325.1	1
GCA_047616865.1	2
GCA_047617405.1	1
GCA_047617585.1	1
GCA_047617605.1	1
GCA_047619205.1	2
GCA_047619315.1	2
GCA_047621325.1	1
GCA_047621345.1	2
GCA_047621665.1	3
GCA_047621685.1	1
GCA_047622125.1	1
GCA_047622145.1	1
GCA_047622605.1	1
GCA_047623125.1	2
GCA_047623245.1	1
GCA_047623385.1	1
GCA_047623825.1	2
GCA_047624005.1	1
GCA_047626195.1	1
GCA_047626725.1	1
GCA_047627635.1	1
GCA_047628385.1	2
GCA_047628735.1	1
GCA_047628835.1	1
GCA_047629055.1	1
GCA_047629195.1	1
GCA_047629215.1	1
GCA_047629435.1	1
GCA_047629695.1	3
GCA_047629975.1	1
GCA_047630005.1	2
GCA_047630175.1	1
GCA_047633175.1	2
GCA_047633255.1	1
GCA_047633515.1	1
GCA_047634585.1	2
GCA_047634635.1	1
GCA_047634655.1	1
GCA_047635115.1	1
GCA_047635315.1	1
GCA_047636235.1	1
GCA_047636495.1	3
GCA_047636855.1	1
GCA_047637695.1	2
GCA_047638395.1	1
GCA_047638515.1	1
GCA_047638675.1	1
GCA_047638695.1	2
GCA_047639255.1	1
GCA_047718615.1	1
GCA_047920895.1	1
GCA_047921095.1	2
GCA_047921295.1	2
GCA_047921315.1	1
GCA_047947175.1	1
GCA_047947185.1	1
GCA_047971245.1	2
GCA_047971485.1	1
GCA_047971685.1	4
GCA_047971765.1	3
GCA_047971845.1	1
GCA_047972825.1	1
GCA_047973065.1	1
GCA_047974395.1	1
GCA_047974565.1	1
GCA_047974625.1	2
GCA_047975195.1	1
GCA_047975215.1	1
GCA_047975325.1	1
GCA_048007995.1	1
GCA_048013405.1	1
GCA_048065775.1	1
GCA_048158365.1	4
GCA_048260865.1	1
GCA_048262655.1	1
GCA_048262715.1	1
GCA_048263945.1	1
GCA_048264005.1	1
GCA_048264105.1	1
GCA_048264285.1	1
GCA_048265185.1	1
GCA_048266525.1	1
GCA_048267045.1	2
GCA_048267385.1	1
GCA_048268145.1	1
GCA_048268885.1	1
GCA_048268905.1	1
GCA_048270225.1	2
GCA_048320885.1	1
GCA_048381555.1	1
GCA_048381755.1	1
GCA_048497495.1	1
GCA_048497655.1	2
GCA_048497915.1	1
GCA_048498135.1	1
GCA_048498155.1	1
GCA_048498255.1	1
GCA_048498395.1	2
GCA_048498415.1	1
GCA_048498515.1	3
GCA_048498715.1	1
GCA_048500255.1	2
GCA_048539495.1	1
GCA_048550275.1	1
GCA_048571035.1	1
GCA_048594665.1	2
GCA_048595135.1	2
GCA_048595745.1	1
GCA_048615135.1	2
GCA_048617055.1	1
GCA_048636595.1	1
GCA_048859965.1	2
GCA_048860285.1	1
GCA_048976805.1	4
GCA_048983575.1	1
GCA_049115935.1	1
GCA_049116315.1	1
GCA_049116335.1	1
GCA_049116495.1	2
GCA_049177135.1	2
GCA_049194865.1	1
GCA_049199595.1	1
GCA_049240905.1	2
GCA_049243005.1	2
GCA_049274755.1	2
GCA_049275795.1	2
GCA_049276455.1	2
GCA_049276655.1	2
GCA_049276875.1	1
GCA_049277875.1	1
GCA_049278475.1	2
GCA_049278815.1	3
GCA_049280175.1	3
GCA_049281335.1	2
GCA_049282265.1	1
GCA_049282355.1	1
GCA_049282655.1	5
GCA_049283855.1	2
GCA_049284255.1	3
GCA_049284535.1	2
GCA_049284575.1	1
GCA_049284695.1	3
GCA_049284935.1	1
GCA_049285335.1	4
GCA_049285535.1	3
GCA_049286035.1	7
GCA_049286445.1	3
GCA_049286845.1	2
GCA_049287975.1	4
GCA_049288095.1	1
GCA_049288525.1	1
GCA_049289975.1	1
GCA_049290495.1	1
GCA_049290615.1	1
GCA_049290655.1	1
GCA_049291355.1	2
GCA_049291415.1	1
GCA_049291695.1	1
GCA_049292515.1	5
GCA_049293375.1	1
GCA_049294595.1	3
GCA_049294655.1	3
GCA_049295655.1	1
GCA_049296025.1	1
GCA_049297315.1	1
GCA_049297455.1	1
GCA_049297615.1	4
GCA_049298915.1	1
GCA_049300295.1	1
GCA_049300695.1	1
GCA_049301075.1	3
GCA_049301315.1	3
GCA_049301735.1	1
GCA_049304775.1	3
GCA_049306275.1	2
GCA_049314555.1	3
GCA_049314715.1	1
GCA_049315625.1	3
GCA_049315845.1	4
GCA_049316925.1	1
GCA_049317085.1	1
GCA_049317545.1	2
GCA_049318305.1	3
GCA_049318345.1	1
GCA_049318505.1	1
GCA_049318585.1	1
GCA_049318625.1	2
GCA_049318805.1	1
GCA_049318825.1	2
GCA_049320605.1	1
GCA_049320885.1	1
GCA_049320945.1	2
GCA_049321005.1	4
GCA_049322255.1	1
GCA_049322475.1	1
GCA_049322495.1	2
GCA_049322755.1	2
GCA_049322795.1	1
GCA_049322835.1	2
GCA_049322875.1	3
GCA_049323075.1	2
GCA_049323155.1	1
GCA_049323275.1	1
GCA_049323295.1	1
GCA_049323435.1	1
GCA_049323455.1	3
GCA_049323495.1	3
GCA_049323535.1	2
GCA_049323795.1	1
GCA_049323815.1	1
GCA_049323835.1	1
GCA_049324395.1	1
GCA_049324415.1	1
GCA_049324435.1	4
GCA_049324475.1	1
GCA_049324495.1	1
GCA_049324535.1	2
GCA_049324555.1	2
GCA_049324755.1	1
GCA_049324835.1	1
GCA_049325095.1	1
GCA_049325255.1	1
GCA_049421125.1	1
GCA_049422085.1	1
GCA_049426285.1	1
GCA_049433545.1	1
GCA_049453935.1	1
GCA_049509055.1	3
GCA_049509335.1	3
GCA_049509635.1	4
GCA_049509935.1	12
GCA_049510875.1	4
GCA_049510975.1	1
GCA_049511915.1	3
GCA_049511995.1	1
GCA_049512295.1	1
GCA_049512335.1	1
GCA_049512435.1	2
GCA_049512975.1	1
GCA_049513455.1	3
GCA_049513475.1	1
GCA_049513515.1	1
GCA_049513815.1	1
GCA_049513935.1	1
GCA_049514215.1	4
GCA_049515395.1	2
GCA_049516015.1	4
GCA_049516475.1	1
GCA_049517075.1	1
GCA_049517235.1	1
GCA_049517455.1	6
GCA_049518595.1	2
GCA_049518835.1	4
GCA_049519055.1	2
GCA_049519075.1	4
GCA_049519555.1	1
GCA_049520315.1	1
GCA_049521875.1	2
GCA_049522375.1	1
GCA_049522395.1	2
GCA_049522435.1	5
GCA_049522565.1	2
GCA_049522835.1	2
GCA_049523075.1	3
GCA_049523355.1	3
GCA_049568075.1	1
GCA_049578005.1	5
GCA_049578985.1	6
GCA_049579205.1	10
GCA_049579405.1	2
GCA_049579665.1	3
GCA_049579765.1	5
GCA_049579985.1	4
GCA_049582025.1	1
GCA_049582045.1	1
GCA_049582105.1	1
GCA_049582365.1	1
GCA_049582445.1	2
GCA_049582465.1	6
GCA_049583305.1	4
GCA_049583345.1	1
GCA_049583575.1	1
GCA_049583715.1	3
GCA_049584355.1	4
GCA_049584715.1	3
GCA_049584935.1	1
GCA_049584975.1	3
GCA_049585515.1	1
GCA_049587575.1	2
GCA_049589315.1	2
GCA_049590495.1	1
GCA_049590735.1	1
GCA_049591215.1	3
GCA_049591355.1	4
GCA_049591635.1	2
GCA_049591655.1	1
GCA_049593675.1	1
GCA_049593715.1	2
GCA_049596335.1	1
GCA_049600155.1	1
GCA_049602155.1	1
GCA_049603715.1	1
GCA_049603795.1	1
GCA_049603835.1	1
GCA_049604415.1	1
GCA_049605255.1	1
GCA_049607125.1	3
GCA_049607155.1	1
GCA_049608285.1	1
GCA_049608645.1	1
GCA_049613825.1	1
GCA_049642385.1	1
GCA_049645265.1	1
GCA_049645905.1	2
GCA_049646285.1	1
GCA_049646585.1	2
GCA_049646625.1	2
GCA_049647445.1	1
GCA_049647485.1	2
GCA_049650205.1	1
GCA_049650465.1	1
GCA_049650505.1	1
GCA_049651165.1	2
GCA_049651845.1	1
GCA_049652925.1	2
GCA_049653005.1	2
GCA_049653085.1	2
GCA_049653745.1	1
GCA_049654905.1	1
GCA_049655345.1	1
GCA_049655365.1	1
GCA_049655425.1	2
GCA_049656905.1	1
GCA_049662025.1	1
GCA_049663365.1	1
GCA_049663445.1	1
GCA_049663745.1	1
GCA_049663805.1	1
GCA_049664145.1	1
GCA_049666885.1	1
GCA_049668345.1	1
GCA_049669065.1	1
GCA_049669945.1	1
GCA_049670485.1	1
GCA_049670545.1	1
GCA_049672545.1	1
GCA_049672825.1	2
GCA_049673825.1	4
GCA_049673945.1	1
GCA_049674125.1	4
GCA_049674245.1	10
GCA_049675875.1	1
GCA_049676235.1	1
GCA_049677525.1	6
GCA_049678565.1	1
GCA_049679485.1	10
GCA_049679775.1	1
GCA_049680165.1	1
GCA_049680625.1	1
GCA_049682915.1	1
GCA_049683075.1	1
GCA_049683695.1	2
GCA_049687035.1	3
GCA_049687855.1	3
GCA_049688075.1	2
GCA_049691095.1	2
GCA_049691635.1	1
GCA_049691835.1	2
GCA_049691875.1	1
GCA_049692035.1	1
GCA_049694515.1	1
GCA_049694695.1	1
GCA_049695115.1	4
GCA_049695635.1	1
GCA_049696095.1	1
GCA_049696495.1	11
GCA_049696515.1	1
GCA_049697075.1	1
GCA_049697375.1	2
GCA_049697595.1	2
GCA_049697735.1	2
GCA_049698095.1	4
GCA_049698215.1	2
GCA_049698595.1	2
GCA_049791955.1	2
GCA_049792675.1	1
GCA_049793535.1	2
GCA_049793875.1	2
GCA_049794015.1	1
GCA_049794055.1	1
GCA_049794535.1	2
GCA_049795075.1	2
GCA_049796395.1	1
GCA_049798495.1	1
GCA_049799535.1	1
GCA_049801475.1	2
GCA_049802235.1	2
GCA_049802775.1	7
GCA_049802835.1	2
GCA_049840395.1	1
GCA_049840475.1	2
GCA_049840615.1	2
GCA_049840715.1	3
GCA_049840855.1	1
GCA_049840915.1	4
GCA_049841155.1	1
GCA_049841175.1	1
GCA_049841255.1	1
GCA_049860745.1	3
GCA_049889275.1	2
GCA_049964475.1	1
GCA_049964515.1	2
GCA_049964915.1	2
GCA_049964955.1	1
GCA_049964975.1	3
GCA_049969675.1	1
GCA_049974865.1	1
GCA_049975105.1	2
GCA_049976465.1	1
GCA_049998055.1	2
GCA_049998115.1	1
GCA_049998155.1	2
GCA_049998275.1	3
GCA_050008715.1	1
GCA_050008735.1	1
GCA_050010035.1	2
GCA_050010115.1	1
GCA_050010175.1	3
GCA_050010355.1	2
GCA_050010455.1	1
GCA_050010715.1	3
GCA_050010955.1	2
GCA_050011015.1	1
GCA_050011155.1	2
GCA_050011375.1	1
GCA_050011955.1	1
GCA_050012215.1	1
GCA_050012315.1	1
GCA_050012355.1	2
GCA_050012575.1	8
GCA_050012615.1	1
GCA_050012715.1	2
GCA_050012775.1	3
GCA_050013055.1	2
GCA_050013235.1	1
GCA_050013275.1	2
GCA_050013415.1	2
GCA_050013875.1	2
GCA_050013915.1	4
GCA_050014195.1	1
GCA_050014935.1	1
GCA_050015215.1	1
GCA_050015295.1	1
GCA_050018375.1	1
GCA_050043005.1	2
GCA_050043025.1	1
GCA_050043265.1	2
GCA_050043595.1	1
GCA_050045915.1	1
GCA_050050115.1	1
GCA_050107295.1	1
GCA_050114575.1	1
GCA_050114615.1	1
GCA_050116355.1	1
GCA_050117435.1	3
GCA_050118395.1	2
GCA_050118435.1	1
GCA_050118555.1	1
GCA_050118795.1	1
GCA_050122055.1	1
GCA_050123055.1	2
GCA_050123815.1	2
GCA_050124295.1	1
GCA_050124335.1	1
GCA_050124355.1	2
GCA_050124445.1	2
GCA_050124755.1	1
GCA_050163415.1	1
GCA_050173345.1	1
GCA_050173595.1	2
GCA_050173995.1	1
GCA_050174515.1	4
GCA_050176585.1	1
GCA_050177915.1	1
GCA_050179115.1	1
GCA_050179155.1	1
GCA_050179645.1	4
GCA_050179995.1	5
GCA_050180155.1	1
GCA_050180485.1	2
GCA_050180895.1	3
GCA_050181195.1	3
GCA_050181295.1	1
GCA_050181375.1	1
GCA_050181585.1	1
GCA_050181835.1	1
GCA_050182055.1	1
GCA_050183255.1	2
GCA_050183765.1	2
GCA_050184225.1	1
GCA_050184455.1	1
GCA_050184605.1	1
GCA_050184975.1	1
GCA_050185215.1	1
GCA_050185515.1	1
GCA_050185585.1	2
GCA_050185705.1	1
GCA_050185805.1	2
GCA_050185825.1	1
GCA_050186055.1	4
GCA_050186335.1	1
GCA_050186555.1	2
GCA_050186575.1	1
GCA_050186725.1	1
GCA_050186955.1	1
GCA_050187075.1	1
GCA_050187175.1	3
GCA_050187415.1	4
GCA_050187535.1	2
GCA_050187875.1	1
GCA_050245975.1	2
GCA_050246035.1	1
GCA_050246095.1	2
GCA_050246385.1	5
GCA_050246435.1	2
GCA_050246475.1	1
GCA_050246595.1	1
GCA_050246895.1	4
GCA_050246945.1	1
GCA_050246995.1	1
GCA_050247055.1	2
GCA_050247135.1	4
GCA_050247155.1	2
GCA_050247515.1	3
GCA_050247995.1	1
GCA_050248075.1	1
GCA_050248115.1	3
GCA_050248275.1	1
GCA_050248375.1	1
GCA_050248655.1	1
GCA_050248715.1	4
GCA_050248795.1	1
GCA_050248815.1	3
GCA_050249115.1	2
GCA_050249215.1	4
GCA_050249335.1	4
GCA_050249405.1	2
GCA_050249415.1	2
GCA_050249455.1	1
GCA_050249695.1	1
GCA_050250395.1	1
GCA_050250575.1	1
GCA_050250695.1	1
GCA_050250735.1	1
GCA_050250755.1	3
GCA_050250815.1	2
GCA_050250895.1	1
GCA_050250915.1	1
GCA_050251035.1	1
GCA_050251555.1	1
GCA_050251675.1	1
GCA_050252035.1	5
GCA_050252075.1	2
GCA_050252335.1	1
GCA_050252755.1	1
GCA_050256835.1	2
GCA_050256935.1	1
GCA_050257355.1	4
GCA_050257375.1	2
GCA_050257395.1	1
GCA_050257515.1	1
GCA_050257815.1	6
GCA_050257895.1	1
GCA_050257935.1	1
GCA_050258115.1	2
GCA_050258235.1	1
GCA_050258735.1	1
GCA_050258755.1	2
GCA_050259035.1	1
GCA_050259195.1	1
GCA_050259275.1	3
GCA_050259595.1	2
GCA_050259735.1	2
GCA_050259815.1	2
GCA_050259835.1	2
GCA_050259955.1	4
GCA_050260215.1	1
GCA_050260355.1	4
GCA_050260775.1	1
GCA_050261015.1	1
GCA_050261455.1	1
GCA_050261755.1	1
GCA_050261935.1	2
GCA_050262635.1	2
GCA_050282565.1	2
GCA_050283925.1	2
GCA_050285325.1	2
GCA_050287605.1	1
GCA_050287865.1	1
GCA_050288425.1	1
GCA_050289105.1	1
GCA_050289485.1	2
GCA_050289605.1	2
GCA_050290145.1	1
GCA_050290225.1	1
GCA_050290265.1	2
GCA_050293865.1	2
GCA_050293885.1	1
GCA_050294735.1	1
GCA_050297075.1	1
GCA_050297115.1	1
GCA_050298695.1	2
GCA_050298835.1	1
GCA_050299335.1	1
GCA_050299455.1	1
GCA_050299555.1	1
GCA_050299695.1	2
GCA_050299835.1	1
GCA_050299855.1	1
GCA_050300015.1	1
GCA_050301895.1	1
GCA_050302115.1	2
GCA_050302295.1	1
GCA_050303575.1	2
GCA_050303635.1	1
GCA_050303815.1	4
GCA_050304175.1	1
GCA_050305135.1	3
GCA_050306195.1	1
GCA_050321825.1	1
GCA_050329975.1	2
GCA_050330095.1	1
GCA_050330195.1	1
GCA_050330205.1	2
GCA_050330635.1	3
GCA_050330975.1	4
GCA_050330995.1	1
GCA_050331015.1	3
GCA_050331095.1	1
GCA_050331175.1	2
GCA_050331215.1	2
GCA_050331335.1	2
GCA_050331395.1	1
GCA_050331455.1	3
GCA_050331475.1	1
GCA_050331575.1	1
GCA_050331695.1	3
GCA_050433985.1	1
GCA_050473265.1	1
GCA_050485385.1	2
GCA_050485405.1	1
GCA_050485425.1	3
GCA_050485745.1	1
GCA_050485825.1	1
GCA_050485905.1	1
GCA_050485925.1	1
GCA_050486105.1	2
GCA_050486445.1	1
GCA_050486485.1	1
GCA_050486545.1	1
GCA_050563515.1	2
GCA_050573115.1	1
GCA_050586445.1	1
GCA_050591185.1	4
GCA_050632415.1	1
GCA_050632435.1	2
GCA_050632685.1	3
GCA_050632875.1	4
GCA_050633205.1	2
GCA_050633305.1	1
GCA_050633365.1	1
GCA_050633405.1	1
GCA_050633445.1	1
GCA_050633465.1	1
GCA_050633525.1	2
GCA_050633545.1	1
GCA_050633585.1	1
GCA_050633605.1	1
GCA_050633665.1	1
GCA_050633685.1	1
GCA_050633705.1	2
GCA_050633745.1	2
GCA_050633785.1	1
GCA_050633825.1	2
GCA_050633905.1	4
GCA_050641875.1	3
GCA_050689115.1	3
GCA_050693875.1	3
GCA_050694015.1	3
GCA_050694895.1	1
GCA_050696635.1	1
GCA_050696855.1	2
GCA_050698295.1	1
GCA_050698735.1	2
GCA_050698875.1	1
GCA_050698895.1	1
GCA_050699155.1	1
GCA_050699515.1	2
GCA_050699635.1	2
GCA_050699675.1	2
GCA_050699875.1	2
GCA_050700055.1	1
GCA_050700115.1	2
GCA_050700255.1	1
GCA_050700385.1	2
GCA_050700495.1	2
GCA_050701075.1	1
GCA_050701375.1	1
GCA_050701835.1	1
GCA_050725475.1	1
GCA_050725495.1	4
GCA_050725815.1	1
GCA_050725855.1	1
GCA_050725955.1	1
GCA_050726155.1	2
GCA_050728375.1	1
GCA_050728495.1	1
GCA_050728655.1	4
GCA_050728715.1	4
GCA_050728755.1	2
GCA_050728975.1	1
GCA_050728995.1	1
GCA_050729115.1	3
GCA_050729355.1	1
GCA_050729795.1	1
GCA_050730055.1	1
GCA_050730115.1	4
GCA_050730175.1	6
GCA_050733835.1	1
GCA_050733855.1	1
GCA_050735015.1	1
GCA_050735855.1	3
GCA_050737675.1	2
GCA_050737695.1	1
GCA_050737735.1	1
GCA_050737755.1	1
GCA_050737915.1	1
GCA_050738395.1	2
GCA_050738495.1	1
GCA_050738555.1	2
GCA_050738715.1	2
GCA_050738795.1	1
GCA_050739055.1	2
GCA_050739095.1	1
GCA_050739115.1	1
GCA_050739335.1	2
GCA_050739575.1	1
GCA_050739815.1	1
GCA_050739855.1	1
GCA_050739895.1	1
GCA_050739955.1	1
GCA_050740055.1	1
GCA_050740315.1	3
GCA_050740435.1	2
GCA_050740455.1	1
GCA_050740495.1	3
GCA_050740575.1	4
GCA_050740655.1	3
GCA_050740695.1	4
GCA_050740755.1	2
GCA_050740915.1	4
GCA_050740975.1	4
GCA_050741015.1	2
GCA_050741055.1	1
GCA_050741115.1	1
GCA_050741255.1	4
GCA_050741415.1	1
GCA_050741515.1	4
GCA_050741655.1	1
GCA_050741735.1	3
GCA_050741875.1	1
GCA_050741935.1	1
GCA_050742295.1	1
GCA_050742615.1	1
GCA_050742695.1	1
GCA_050742975.1	2
GCA_050743205.1	1
GCA_050743445.1	2
GCA_050743625.1	1
GCA_050744245.1	2
GCA_050746925.1	1
GCA_050747525.1	1
GCA_050748485.1	4
GCA_050748985.1	1
GCA_050749105.1	3
GCA_050749145.1	1
GCA_050749225.1	1
GCA_050749285.1	3
GCA_050749325.1	2
GCA_050749345.1	3
GCA_050749365.1	1
GCA_050749405.1	2
GCA_050789065.1	3
GCA_050789425.1	1
GCA_050815835.1	1
GCA_050872585.1	1
GCA_050916095.1	3
GCA_050920955.1	2
GCA_050936235.1	1
GCA_050936435.1	2
GCA_050952445.1	1
GCA_050954325.1	1
GCA_050954505.1	1
GCA_050954595.1	3
GCA_050954885.1	1
GCA_050955025.1	2
GCA_050983615.1	1
GCA_050987995.1	9
GCA_050997195.1	1
GCA_050997635.1	1
GCA_050997675.1	1
GCA_050998115.1	1
GCA_050998555.1	2
GCA_050998655.1	1
GCA_050998755.1	1
GCA_050999155.1	2
GCA_050999585.1	1
GCA_051000155.1	1
GCA_051000755.1	3
GCA_051001675.1	4
GCA_051002135.1	1
GCA_051005755.1	1
GCA_051006675.1	2
GCA_051006815.1	1
GCA_051007055.1	2
GCA_051008495.1	1
GCA_051008535.1	1
GCA_051008895.1	1
GCA_051009255.1	1
GCA_051009575.1	1
GCA_051009635.1	2
GCA_051009705.1	2
GCA_051009775.1	1
GCA_051009955.1	5
GCA_051009975.1	4
GCA_051010015.1	2
GCA_051010195.1	1
GCA_051010395.1	2
GCA_051016205.1	2
GCA_051027215.1	1
GCA_051061375.1	2
GCA_051061385.1	2
GCA_051117435.1	1
GCA_051117645.1	1
GCA_051155755.1	2
GCA_051208035.1	2
GCA_051208045.1	2
GCA_051251535.1	1
GCA_051251995.1	1
GCA_051252035.1	1
GCA_051252055.1	1
GCA_051252075.1	1
GCA_051275005.1	1
GCA_051275435.1	1
GCA_051275515.1	1
GCA_051276005.1	1
GCA_051294195.1	1
GCA_051305835.1	2
GCA_051305915.1	1
GCA_051306235.1	1
GCA_051306365.1	1
GCA_051306415.1	1
GCA_051382335.1	1
GCA_051414805.1	3
GCA_051428125.1	1
GCA_051439375.1	1
GCA_051439465.1	1
GCA_051439565.1	1
GCA_051439665.1	1
GCA_051525975.1	2
GCA_051645985.1	1
GCA_051646105.1	1
GCA_051646145.1	1
GCA_051646165.1	1
GCA_051646545.1	1
GCA_051648385.1	1
GCA_051648545.1	1
GCA_051649105.1	1
GCA_051649325.1	2
GCA_051650165.1	1
GCA_051650945.1	1
GCA_051650965.1	1
GCA_051652685.1	2
GCA_051652765.1	1
GCA_051653085.1	4
GCA_051653405.1	2
GCA_051653685.1	1
GCA_051654185.1	1
GCA_051654985.1	1
GCA_051657005.1	1
GCA_051657225.1	1
GCA_051657245.1	1
GCA_051657985.1	1
GCA_051715325.1	2
GCA_051715425.1	1
GCA_051717205.1	3
GCA_051745395.1	1
GCA_051746485.1	1
GCA_051747295.1	1
GCA_051747505.1	1
GCA_051748005.1	1
GCA_051749325.1	1
GCA_051749645.1	1
GCA_051750065.1	1
GCA_051750125.1	2
GCA_051750265.1	1
GCA_051750385.1	1
GCA_051751285.1	2
GCA_051751685.1	4
GCA_051789535.1	1
GCA_051805445.1	1
GCA_051842915.1	1
GCA_051858935.1	1
GCA_051859425.1	1
GCA_051859505.1	2
GCA_051860065.1	5
GCA_051860645.1	4
GCA_051861045.1	1
GCA_051861185.1	1
GCA_051861205.1	1
GCA_051861265.1	2
GCA_051861325.1	3
GCA_051861545.1	1
GCA_051873875.1	2
GCA_051873995.1	2
GCA_051874035.1	1
GCA_051885115.1	1
GCA_051887595.1	1
GCA_051917485.1	4
GCA_051952595.1	1
GCA_051952955.1	2
GCA_051953235.1	3
GCA_051953595.1	1
GCA_051954195.1	3
GCA_051954235.1	2
GCA_051954515.1	1
GCA_051954635.1	1
GCA_051954725.1	2
GCA_051955175.1	1
GCA_051955575.1	2
GCA_051955655.1	3
GCA_051955775.1	1
GCA_051958775.1	1
GCA_051959035.1	1
GCA_051959715.1	3
GCA_051960335.1	1
GCA_051960355.1	1
GCA_051960495.1	3
GCA_051961035.1	6
GCA_051961195.1	7
GCA_051961235.1	3
GCA_051961815.1	5
GCA_051961835.1	1
GCA_051967755.1	1
GCA_051984825.1	2
GCA_051985625.1	1
GCA_051985675.1	5
GCA_051985755.1	2
GCA_051985875.1	3
GCA_051986155.1	3
GCA_051986235.1	3
GCA_051986335.1	1
GCA_051986365.1	3
GCA_052032035.1	1
GCA_052032335.1	1
GCA_052033485.1	3
GCA_052033675.1	3
GCA_052033755.1	1
GCA_052033835.1	1
GCA_052034295.1	1
GCA_052034395.1	3
GCA_052034445.1	2
GCA_052034585.1	2
GCA_052035235.1	2
GCA_052035295.1	2
GCA_052035645.1	1
GCA_052035725.1	2
GCA_052035955.1	1
GCA_052035985.1	2
GCA_052038585.1	1
GCA_052039045.1	1
GCA_052039105.1	2
GCA_052039425.1	1
GCA_052039575.1	1
GCA_052040065.1	2
GCA_052040085.1	3
GCA_052078155.1	2
GCA_052087065.1	1
GCA_052090405.1	2
GCA_052090825.1	1
GCA_052109075.1	2
GCA_052139735.1	3
GCA_052143075.1	1
GCA_052143095.1	7
GCA_052143275.1	4
GCA_052143535.1	1
GCA_052143815.1	3
GCA_052143835.1	3
GCA_052143915.1	3
GCA_052144065.1	2
GCA_052144215.1	2
GCA_052144275.1	2
GCA_052144335.1	1
GCA_052145175.1	2
GCA_052145435.1	5
GCA_052145975.1	4
GCA_052146555.1	2
GCA_052146775.1	6
GCA_052146815.1	1
GCA_052146895.1	1
GCA_052147195.1	1
GCA_052147395.1	2
GCA_052147435.1	1
GCA_052147535.1	1
GCA_052147975.1	1
GCA_052148275.1	3
GCA_052148445.1	4
GCA_052148715.1	6
GCA_052148755.1	10
GCA_052161885.1	1
GCA_052168175.1	2
GCA_052168355.1	2
GCA_052170415.1	3
GCA_052172655.1	1
GCA_052172715.1	1
GCA_052180195.1	1
GCA_052230655.1	3
GCA_052244495.1	1
GCA_052266595.1	1
GCA_052267165.1	2
GCA_052318935.1	1
GCA_052321755.1	2
GCA_052325425.1	1
GCA_052325485.1	1
GCA_052326245.1	4
GCA_052326345.1	2
GCA_052326845.1	5
GCA_052353105.1	1
GCA_052379125.1	1
GCA_052379845.1	1
GCA_052379855.1	1
GCA_052380005.1	1
GCA_052386275.1	1
GCA_052386355.1	1
GCA_052386455.1	1
GCA_052386505.1	1
GCA_052386575.1	4
GCA_052386675.1	1
GCA_052386775.1	1
GCA_052386855.1	4
GCA_052387115.1	4
GCA_052387215.1	1
GCA_052387255.1	3
GCA_052387335.1	1
GCA_052387355.1	2
GCA_052387375.1	1
GCA_052387455.1	2
GCA_052387495.1	1
GCA_052387815.1	3
GCA_052387895.1	3
GCA_052387955.1	3
GCA_052388435.1	3
GCA_052388455.1	2
GCA_052389435.1	1
GCA_052389535.1	1
GCA_052389755.1	2
GCA_052389815.1	4
GCA_052389915.1	1
GCA_052390055.1	2
GCA_052390115.1	1
GCA_052390175.1	1
GCA_052390235.1	1
GCA_052436175.1	1
GCA_052436255.1	2
GCA_052438035.1	1
GCA_052439355.1	2
GCA_052439685.1	4
GCA_052440005.1	1
GCA_052445935.1	1
GCA_900065925.1	1
GCA_900078375.1	1
GCA_900078775.1	1
GCA_900100475.1	1
GCA_900100495.1	2
GCA_900101265.1	3
GCA_900102115.1	1
GCA_900104855.1	4
GCA_900110395.1	3
GCA_900129675.1	13
GCA_900142905.1	7
GCA_900177435.1	1
GCA_900215285.1	1
GCA_900230185.1	6
GCA_900234795.1	1
GCA_900290295.1	4
GCA_900290335.1	3
GCA_900299005.1	2
GCA_900299025.1	2
GCA_900299145.1	4
GCA_900299295.1	1
GCA_900299555.1	1
GCA_900313005.1	1
GCA_900313015.1	1
GCA_900320815.1	1
GCA_900466005.1	1
GCA_900466575.1	1
GCA_900466605.1	1
GCA_900466945.1	1
GCA_900466985.1	1
GCA_900467685.1	1
GCA_900468625.1	2
GCA_900469955.1	1
GCA_900469965.1	2
GCA_900470095.1	3
GCA_900470155.1	2
GCA_900470775.1	2
GCA_900470965.1	1
GCA_900471525.1	2
GCA_900471815.1	2
GCA_900472175.1	1
GCA_900472295.1	2
GCA_900472485.1	2
GCA_900472785.1	1
GCA_900473045.1	1
GCA_900473175.1	3
GCA_900473335.1	1
GCA_900473415.1	2
GCA_900473625.1	1
GCA_900473675.1	1
GCA_900473685.1	1
GCA_900473745.1	1
GCA_900473805.1	1
GCA_900474095.1	1
GCA_900475325.1	1
GCA_900489925.1	1
GCA_900537125.1	1
GCA_900549295.1	2
GCA_900573885.1	1
GCA_900580675.1	1
GCA_900580865.1	1
GCA_900582195.1	1
GCA_900582625.1	1
GCA_900583165.1	1
GCA_900589395.1	1
GCA_900590755.1	1
GCA_900590885.1	1
GCA_900591205.1	1
GCA_900601905.1	1
GCA_900609035.2	1
GCA_900696455.1	2
GCA_901457705.2	1
GCA_901875635.1	3
GCA_902141825.1	1
GCA_902168115.1	1
GCA_902175065.1	1
GCA_902384525.1	1
GCA_902386135.1	2
GCA_902386205.1	1
GCA_902488455.1	1
GCA_902488815.1	1
GCA_902489255.1	1
GCA_902506225.1	1
GCA_902506565.1	1
GCA_902568205.1	1
GCA_902613475.1	1
GCA_902712845.1	2
GCA_902729415.1	1
GCA_902761495.1	1
GCA_902771535.1	1
GCA_902782635.1	1
GCA_902796005.1	2
GCA_902796155.1	1
GCA_902805495.1	1
GCA_902805545.1	3
GCA_902805625.1	2
GCA_902805645.1	3
GCA_902805775.1	1
GCA_902805865.1	2
GCA_902805885.1	1
GCA_902805985.1	1
GCA_902805995.1	1
GCA_902806055.1	1
GCA_902806075.1	2
GCA_902806205.1	2
GCA_902806215.1	1
GCA_902806235.1	2
GCA_902806245.1	2
GCA_902810695.1	1
GCA_902812425.1	2
GCA_902812475.1	2
GCA_902825215.1	1
GCA_902825785.1	3
GCA_902825845.1	2
GCA_902825855.1	4
GCA_902825865.1	2
GCA_902825995.1	1
GCA_902826025.1	1
GCA_902826095.1	2
GCA_902826145.1	1
GCA_902826195.1	2
GCA_902826225.1	1
GCA_902826255.1	2
GCA_902826305.1	2
GCA_902826335.1	3
GCA_902826345.1	4
GCA_902826365.1	1
GCA_902826485.1	1
GCA_902826505.1	1
GCA_902826565.1	1
GCA_902826575.1	2
GCA_902826595.1	1
GCA_902826635.1	2
GCA_902826695.1	3
GCA_902826715.1	4
GCA_902826775.1	1
GCA_902826815.1	1
GCA_902826885.1	1
GCA_902826935.1	2
GCA_903231505.1	1
GCA_903642255.1	3
GCA_903643075.1	1
GCA_903643085.1	1
GCA_903644035.1	1
GCA_903644065.1	1
GCA_903644085.1	1
GCA_903820745.1	2
GCA_903821335.1	2
GCA_903821695.1	2
GCA_903821995.1	1
GCA_903822185.1	1
GCA_903822435.1	3
GCA_903822825.1	2
GCA_903823025.1	4
GCA_903823665.1	3
GCA_903824185.1	2
GCA_903824575.1	1
GCA_903825465.1	2
GCA_903828025.1	1
GCA_903828235.1	1
GCA_903828515.1	1
GCA_903828535.1	2
GCA_903828595.1	2
GCA_903828665.1	2
GCA_903828695.1	1
GCA_903828805.1	1
GCA_903830565.1	2
GCA_903830725.1	1
GCA_903830985.1	1
GCA_903831655.1	1
GCA_903831925.1	2
GCA_903832005.1	3
GCA_903832085.1	1
GCA_903832285.1	3
GCA_903832325.1	1
GCA_903832625.1	1
GCA_903832735.1	1
GCA_903834285.1	1
GCA_903834625.1	1
GCA_903834645.1	1
GCA_903834765.1	2
GCA_903834975.1	2
GCA_903835185.1	2
GCA_903835235.1	3
GCA_903836575.1	3
GCA_903837555.1	1
GCA_903838355.1	1
GCA_903838565.1	2
GCA_903839085.1	2
GCA_903839465.1	4
GCA_903839845.1	1
GCA_903839865.1	2
GCA_903840435.1	1
GCA_903840825.1	2
GCA_903842345.1	2
GCA_903842515.1	1
GCA_903842945.1	1
GCA_903843125.1	4
GCA_903844155.1	2
GCA_903844215.1	1
GCA_903844385.1	1
GCA_903844665.1	2
GCA_903844775.1	2
GCA_903844785.1	1
GCA_903844825.1	1
GCA_903845045.1	1
GCA_903845065.1	1
GCA_903845345.1	4
GCA_903845935.1	2
GCA_903847325.1	2
GCA_903847385.1	1
GCA_903847525.1	3
GCA_903847605.1	1
GCA_903848655.1	1
GCA_903848955.1	2
GCA_903850505.1	2
GCA_903851415.1	3
GCA_903851655.1	1
GCA_903853455.1	2
GCA_903853895.1	3
GCA_903856025.1	5
GCA_903856875.1	2
GCA_903856995.1	1
GCA_903857685.1	1
GCA_903858055.1	1
GCA_903858165.1	1
GCA_903858635.1	1
GCA_903858685.1	1
GCA_903859155.1	1
GCA_903859265.1	1
GCA_903859815.1	1
GCA_903860935.1	1
GCA_903860975.1	1
GCA_903860995.1	1
GCA_903861115.1	1
GCA_903861645.1	1
GCA_903862415.1	2
GCA_903863375.1	1
GCA_903863395.1	2
GCA_903864315.1	1
GCA_903864485.1	2
GCA_903864505.1	3
GCA_903865015.1	3
GCA_903865895.1	2
GCA_903867305.1	1
GCA_903867885.1	2
GCA_903869075.1	1
GCA_903869595.1	1
GCA_903870055.1	1
GCA_903870065.1	2
GCA_903870145.1	2
GCA_903870245.1	2
GCA_903870415.1	2
GCA_903870955.1	3
GCA_903871435.1	3
GCA_903871545.1	3
GCA_903871735.1	3
GCA_903871865.1	3
GCA_903872075.1	1
GCA_903872555.1	2
GCA_903872875.1	1
GCA_903873725.1	1
GCA_903873905.1	2
GCA_903873995.1	3
GCA_903874895.1	1
GCA_903874955.1	1
GCA_903875055.1	1
GCA_903875135.1	3
GCA_903875225.1	2
GCA_903875275.1	1
GCA_903875345.1	1
GCA_903876045.1	4
GCA_903876625.1	1
GCA_903876685.1	2
GCA_903876715.1	1
GCA_903876735.1	3
GCA_903876885.1	1
GCA_903877115.1	1
GCA_903877125.1	1
GCA_903878085.1	1
GCA_903879335.1	1
GCA_903881585.1	1
GCA_903882965.1	1
GCA_903883645.1	1
GCA_903884105.1	1
GCA_903884125.1	2
GCA_903884235.1	1
GCA_903884345.1	1
GCA_903884425.1	1
GCA_903884435.1	1
GCA_903884945.1	1
GCA_903885165.1	1
GCA_903885375.1	1
GCA_903885415.1	1
GCA_903885555.1	1
GCA_903885665.1	2
GCA_903885755.1	3
GCA_903885895.1	2
GCA_903886165.1	2
GCA_903886275.1	3
GCA_903886485.1	1
GCA_903887325.1	1
GCA_903887415.1	1
GCA_903887655.1	1
GCA_903887975.1	1
GCA_903888645.1	2
GCA_903889565.1	2
GCA_903889595.1	1
GCA_903889655.1	1
GCA_903889735.1	1
GCA_903889985.1	1
GCA_903890265.1	4
GCA_903891165.1	1
GCA_903891315.1	3
GCA_903891375.1	2
GCA_903891395.1	2
GCA_903892175.1	1
GCA_903892415.1	2
GCA_903892675.1	1
GCA_903893215.1	2
GCA_903893315.1	1
GCA_903893335.1	2
GCA_903893565.1	1
GCA_903893625.1	1
GCA_903893805.1	1
GCA_903893815.1	3
GCA_903893935.1	2
GCA_903893945.1	2
GCA_903894155.1	2
GCA_903894475.1	3
GCA_903894755.1	1
GCA_903894995.1	1
GCA_903895595.1	1
GCA_903896425.1	2
GCA_903896535.1	2
GCA_903896545.1	2
GCA_903896615.1	1
GCA_903897005.1	3
GCA_903897565.1	3
GCA_903897605.1	2
GCA_903897875.1	3
GCA_903897925.1	4
GCA_903897935.1	2
GCA_903898215.1	1
GCA_903898725.1	2
GCA_903898785.1	1
GCA_903899705.1	1
GCA_903899945.1	1
GCA_903900155.1	1
GCA_903900265.1	2
GCA_903900905.1	1
GCA_903901915.1	1
GCA_903902035.1	2
GCA_903902075.1	1
GCA_903902915.1	2
GCA_903903635.1	1
GCA_903903715.1	2
GCA_903903975.1	2
GCA_903904605.1	3
GCA_903904635.1	3
GCA_903904805.1	2
GCA_903905065.1	1
GCA_903905285.1	2
GCA_903905455.1	2
GCA_903905475.1	1
GCA_903905585.1	2
GCA_903905735.1	2
GCA_903906315.1	2
GCA_903906635.1	1
GCA_903906695.1	1
GCA_903907935.1	1
GCA_903907955.1	2
GCA_903907985.1	1
GCA_903908065.1	1
GCA_903908265.1	1
GCA_903909815.1	2
GCA_903910565.1	1
GCA_903910745.1	1
GCA_903911145.1	1
GCA_903911305.1	1
GCA_903912465.1	1
GCA_903912485.1	1
GCA_903913145.1	1
GCA_903913965.1	2
GCA_903914175.1	2
GCA_903914535.1	1
GCA_903914615.1	2
GCA_903914985.1	1
GCA_903915035.1	1
GCA_903915535.1	2
GCA_903915555.1	1
GCA_903915725.1	1
GCA_903916355.1	2
GCA_903917305.1	2
GCA_903918195.1	3
GCA_903918315.1	1
GCA_903919145.1	1
GCA_903919315.1	1
GCA_903920415.1	1
GCA_903920695.1	2
GCA_903921325.1	1
GCA_903922075.1	4
GCA_903923135.1	2
GCA_903923175.1	2
GCA_903923205.1	1
GCA_903923345.1	1
GCA_903923915.1	1
GCA_903924465.1	2
GCA_903924765.1	1
GCA_903924855.1	1
GCA_903924955.1	2
GCA_903925445.1	1
GCA_903925725.1	2
GCA_903926695.1	4
GCA_903927005.1	1
GCA_903927295.1	1
GCA_903927465.1	1
GCA_903927495.1	1
GCA_903928055.1	4
GCA_903928325.1	1
GCA_903928495.1	2
GCA_903928635.1	2
GCA_903928895.1	1
GCA_903929045.1	2
GCA_903929535.1	1
GCA_903929655.1	1
GCA_903929795.1	2
GCA_903930075.1	1
GCA_903930145.1	1
GCA_903930255.1	1
GCA_903930395.1	3
GCA_903930435.1	1
GCA_903930535.1	1
GCA_903930675.1	1
GCA_903931835.1	4
GCA_903931945.1	2
GCA_903932145.1	3
GCA_903932425.1	2
GCA_903932535.1	2
GCA_903932545.1	2
GCA_903932565.1	2
GCA_903932755.1	1
GCA_903932865.1	1
GCA_903933115.1	1
GCA_903933395.1	2
GCA_903933915.1	1
GCA_903934295.1	1
GCA_903934795.1	1
GCA_903935585.1	1
GCA_903938365.1	1
GCA_903938815.1	2
GCA_903939665.1	1
GCA_903941095.1	2
GCA_903941105.1	1
GCA_903941205.1	1
GCA_903944555.1	1
GCA_903944925.1	2
GCA_903945325.1	3
GCA_903946745.1	2
GCA_903948045.1	2
GCA_903949285.1	1
GCA_903951445.1	2
GCA_903952805.1	1
GCA_903952885.1	1
GCA_903953985.1	2
GCA_903954045.1	3
GCA_903956845.1	1
GCA_903958915.1	2
GCA_903959175.1	1
GCA_903959855.1	2
GCA_903960845.1	1
GCA_903960915.1	2
GCA_903961095.1	2
GCA_903970145.1	4
GCA_903970185.1	3
GCA_903970305.1	4
GCA_903970545.1	2
GCA_903970555.1	2
GCA_903970565.1	1
GCA_903970575.1	1
GCA_903970595.1	1
GCA_903970625.1	1
GCA_903995005.1	1
GCA_904373265.1	1
GCA_904398315.1	2
GCA_905176665.1	1
GCA_905181725.1	1
GCA_905182355.1	1
GCA_905206455.1	1
GCA_905233185.1	1
GCA_905233775.1	1
GCA_905339255.1	1
GCA_905339295.1	1
GCA_905339315.1	1
GCA_905339355.1	2
GCA_905479635.1	2
GCA_905479765.1	1
GCA_905479875.1	2
GCA_905480435.1	3
GCA_907163075.1	1
GCA_907163225.1	5
GCA_913019905.1	1
GCA_913019965.1	1
GCA_913020045.1	1
GCA_913020115.1	1
GCA_913020245.1	1
GCA_913020495.1	1
GCA_913020725.1	1
GCA_913031125.1	1
GCA_913044135.1	1
GCA_913044235.1	1
GCA_913050215.1	1
GCA_913051785.1	1
GCA_913052345.1	1
GCA_913054445.1	1
GCA_913055565.1	2
GCA_913055785.1	1
GCA_913055795.1	1
GCA_913055815.1	1
GCA_913055855.1	2
GCA_913055885.1	1
GCA_913055965.1	1
GCA_913057135.1	1
GCA_913057245.1	2
GCA_913057905.1	2
GCA_913057945.1	1
GCA_913058145.1	1
GCA_913058255.1	1
GCA_913058345.1	1
GCA_913058405.1	1
GCA_913058575.1	1
GCA_913060435.1	1
GCA_913060525.1	1
GCA_913060555.1	1
GCA_913060665.1	2
GCA_913060815.1	1
GCA_913061055.1	2
GCA_913061075.1	1
GCA_913061105.1	1
GCA_913061235.1	1
GCA_913061365.1	1
GCA_913062605.1	1
GCA_913062745.1	3
GCA_913062865.1	1
GCA_913063125.1	1
GCA_913063495.1	1
GCA_913064685.1	1
GCA_913064775.1	1
GCA_913773825.1	1
GCA_913774625.1	4
GCA_913774795.1	1
GCA_913774955.1	1
GCA_913775005.1	1
GCA_913775025.1	1
GCA_913775795.1	1
GCA_913776195.1	1
GCA_913776825.1	4
GCA_913776885.1	1
GCA_913777145.1	3
GCA_913777295.1	1
GCA_913777475.1	1
GCA_916618955.1	1
GCA_919592095.1	3
GCA_919902235.1	1
GCA_919902775.1	3
GCA_919902965.1	1
GCA_927435965.1	2
GCA_929200255.1	1
GCA_930633495.1	3
GCA_930633525.1	2
GCA_933226995.1	2
GCA_934271525.1	1
GCA_934277865.1	1
GCA_934500835.1	1
GCA_934501475.1	2
GCA_934525595.1	1
GCA_934526015.1	2
GCA_934541015.1	2
GCA_934555825.1	1
GCA_936911875.1	2
GCA_936916975.1	2
GCA_936924235.1	5
GCA_936928855.1	1
GCA_936940865.1	2
GCA_936942565.1	1
GCA_936943465.1	3
GCA_937120965.1	2
GCA_937123825.1	1
GCA_937124505.1	1
GCA_937127205.1	1
GCA_937136415.1	1
GCA_937139335.1	1
GCA_937139475.1	1
GCA_937141995.1	3
GCA_937146725.1	1
GCA_937146765.1	1
GCA_937858325.1	1
GCA_937858365.1	2
GCA_937858875.1	4
GCA_937859005.1	2
GCA_937859535.1	1
GCA_937862675.1	1
GCA_937862735.1	1
GCA_937862875.1	5
GCA_937862905.1	1
GCA_937863045.1	1
GCA_937863075.1	1
GCA_937863185.1	1
GCA_937863215.1	1
GCA_937863535.1	1
GCA_937863915.1	1
GCA_937863995.1	1
GCA_937864005.1	3
GCA_937864045.1	2
GCA_937864115.1	1
GCA_937864185.1	1
GCA_937864255.1	1
GCA_937864265.1	2
GCA_937864275.1	1
GCA_937864365.1	1
GCA_937864535.1	1
GCA_937865685.1	1
GCA_937868075.1	2
GCA_937868455.1	1
GCA_937868485.1	1
GCA_937868545.1	1
GCA_937868565.1	1
GCA_937868675.1	1
GCA_937868695.1	1
GCA_937870585.1	1
GCA_937870755.1	2
GCA_937871125.1	4
GCA_937871645.1	1
GCA_937871735.1	1
GCA_937871935.1	3
GCA_937872065.1	3
GCA_937872165.1	3
GCA_937872325.1	3
GCA_937872345.1	3
GCA_937872465.1	2
GCA_937872715.1	1
GCA_937872925.1	2
GCA_937873095.1	1
GCA_937873125.1	1
GCA_937873155.1	2
GCA_937873175.1	2
GCA_937873395.1	3
GCA_937873575.1	1
GCA_937873685.1	1
GCA_937873805.1	1
GCA_937876905.1	1
GCA_937879845.1	2
GCA_937880925.1	1
GCA_937881075.1	1
GCA_937881255.1	2
GCA_937881735.1	1
GCA_937881755.1	1
GCA_937883775.1	1
GCA_937884085.1	1
GCA_937884705.1	1
GCA_937884725.1	2
GCA_937887565.1	1
GCA_937888805.1	1
GCA_937890335.1	2
GCA_937891665.1	2
GCA_937891725.1	1
GCA_937891735.1	2
GCA_937891825.1	1
GCA_937892345.1	1
GCA_937892915.1	1
GCA_937892955.1	1
GCA_937893795.1	1
GCA_937894055.1	1
GCA_937894355.1	1
GCA_937895955.1	1
GCA_937896225.1	1
GCA_937896275.1	2
GCA_937896295.1	1
GCA_937896365.1	1
GCA_937896535.1	1
GCA_937897265.1	2
GCA_937897325.1	1
GCA_937897495.1	2
GCA_937897645.1	1
GCA_937898635.1	1
GCA_937898875.1	2
GCA_937899305.1	5
GCA_937900425.1	1
GCA_937900975.1	2
GCA_937902425.1	1
GCA_937902595.1	2
GCA_937902985.1	5
GCA_937902995.1	1
GCA_937903095.1	1
GCA_937905845.1	1
GCA_937907595.1	1
GCA_937908115.1	1
GCA_937910235.1	1
GCA_937910285.1	1
GCA_937910425.1	1
GCA_937911325.1	1
GCA_937911505.1	5
GCA_937911525.1	1
GCA_937915145.1	3
GCA_937915955.1	1
GCA_937916365.1	1
GCA_937917025.1	2
GCA_937918935.1	3
GCA_937919225.1	1
GCA_937920555.1	1
GCA_937922155.1	1
GCA_937922185.1	1
GCA_937922675.1	1
GCA_937923115.1	1
GCA_937923225.1	2
GCA_937924195.1	1
GCA_937924335.1	1
GCA_937924905.1	1
GCA_937925605.1	1
GCA_937925685.1	2
GCA_937925925.1	2
GCA_937926175.1	1
GCA_937926445.1	1
GCA_937927455.1	1
GCA_937927685.1	1
GCA_937927695.1	2
GCA_937927945.1	1
GCA_937928005.1	1
GCA_937928085.1	1
GCA_937928195.1	3
GCA_937928295.1	2
GCA_937928775.1	1
GCA_937930165.1	2
GCA_937930655.1	2
GCA_937930845.1	1
GCA_937931785.1	2
GCA_937935075.1	2
GCA_937936215.1	1
GCA_937936805.1	1
GCA_937944075.1	2
GCA_937944165.1	1
GCA_937944385.1	1
GCA_937948985.1	1
GCA_937949455.1	2
GCA_937949945.1	1
GCA_937951455.1	2
GCA_937951645.1	1
GCA_937951875.1	4
GCA_937952085.1	3
GCA_937952095.1	4
GCA_937952145.1	1
GCA_937952895.1	1
GCA_937952975.1	2
GCA_937957975.1	1
GCA_937958015.1	1
GCA_937958065.1	1
GCA_937958295.1	2
GCA_937958345.1	1
GCA_937958625.1	2
GCA_937958785.1	1
GCA_937960625.1	3
GCA_937960755.1	1
GCA_937967345.1	6
GCA_937967405.1	2
GCA_937967645.1	4
GCA_937969445.1	1
GCA_937974055.1	1
GCA_937974275.1	1
GCA_937975525.1	3
GCA_937975585.1	2
GCA_937975725.1	1
GCA_937975735.1	2
GCA_937980205.1	1
GCA_937982655.1	1
GCA_937983055.1	2
GCA_937983495.1	1
GCA_937983545.1	3
GCA_937984275.1	1
GCA_937988735.1	1
GCA_937988775.1	1
GCA_937990185.1	1
GCA_937995335.1	2
GCA_937995515.1	1
GCA_937995535.1	3
GCA_937995555.1	2
GCA_937995735.1	3
GCA_937995745.1	1
GCA_937995865.1	1
GCA_937995985.1	1
GCA_937996605.1	2
GCA_937996725.1	1
GCA_937996825.1	1
GCA_937998345.1	1
GCA_938001995.1	1
GCA_938002605.1	1
GCA_938002655.1	2
GCA_938003575.1	2
GCA_938004785.1	2
GCA_938004815.1	2
GCA_938004865.1	2
GCA_938005475.1	2
GCA_938005545.1	1
GCA_938006335.1	1
GCA_938006875.1	3
GCA_938008435.1	1
GCA_938008885.1	1
GCA_938010425.1	1
GCA_938010655.1	2
GCA_938011445.1	1
GCA_938014945.1	1
GCA_938015255.1	1
GCA_938015425.1	1
GCA_938015525.1	1
GCA_938015595.1	1
GCA_938016355.1	1
GCA_938016515.1	1
GCA_938022295.1	2
GCA_938023895.1	1
GCA_938024995.1	1
GCA_938028625.1	1
GCA_938028765.1	1
GCA_938030595.1	1
GCA_938030665.1	1
GCA_938034375.1	1
GCA_938034615.1	1
GCA_938038265.1	2
GCA_938038825.1	1
GCA_938039915.1	1
GCA_938040325.1	1
GCA_938049225.1	2
GCA_938049695.1	1
GCA_938049795.1	1
GCA_938083405.1	1
GCA_938092015.1	1
GCA_940588625.1	1
GCA_940746715.1	1
GCA_942490645.1	1
GCA_942490655.1	1
GCA_942490805.1	1
GCA_942491115.1	1
GCA_942491145.1	1
GCA_942491185.1	1
GCA_942491245.1	1
GCA_942491485.1	1
GCA_942491645.1	1
GCA_942491945.1	1
GCA_942492185.1	1
GCA_942492295.1	1
GCA_942492335.1	1
GCA_942492375.1	1
GCA_942492805.1	1
GCA_942492915.1	3
GCA_942492965.1	1
GCA_942493165.1	1
GCA_942493205.1	1
GCA_942493255.1	1
GCA_942493285.1	1
GCA_942493305.1	1
GCA_942636505.2	1
GCA_943322985.2	1
GCA_943324505.2	1
GCA_943324745.2	1
GCA_943325145.2	2
GCA_943325195.2	1
GCA_943325205.2	2
GCA_943326015.2	2
GCA_943326025.2	1
GCA_943326315.2	1
GCA_943326825.2	1
GCA_943326975.2	1
GCA_943327015.2	1
GCA_943327025.2	1
GCA_943328795.2	1
GCA_943328865.2	1
GCA_943329075.2	1
GCA_943329845.2	2
GCA_943330455.2	3
GCA_943331105.2	1
GCA_943331295.2	1
GCA_943332615.1	1
GCA_943333505.2	1
GCA_943361925.1	1
GCA_943362175.1	3
GCA_943367575.1	1
GCA_943367755.1	1
GCA_943367995.1	1
GCA_943368305.1	1
GCA_943368635.1	3
GCA_943368755.1	2
GCA_943368895.1	1
GCA_943368975.1	1
GCA_943369045.1	2
GCA_943369235.1	1
GCA_943369275.1	1
GCA_943369475.1	2
GCA_943369495.1	2
GCA_943369575.1	1
GCA_943369665.1	1
GCA_943369715.1	1
GCA_943369755.1	3
GCA_943369775.1	3
GCA_943369795.1	1
GCA_943369995.1	2
GCA_943370055.1	2
GCA_943370085.1	2
GCA_943370125.1	2
GCA_943370175.1	2
GCA_943370215.1	2
GCA_943370265.1	3
GCA_943370355.1	1
GCA_943370375.1	2
GCA_943370435.1	3
GCA_943370475.1	2
GCA_943370595.1	2
GCA_943370645.1	1
GCA_943370695.1	1
GCA_943370825.1	2
GCA_943370905.1	3
GCA_943370985.1	2
GCA_943371015.1	1
GCA_943371025.1	2
GCA_943371055.1	3
GCA_943371225.1	2
GCA_943371335.1	3
GCA_943371355.1	1
GCA_943371375.1	3
GCA_943371625.1	4
GCA_943371665.1	3
GCA_943371685.1	2
GCA_943371745.1	2
GCA_943371935.1	1
GCA_943372075.1	3
GCA_943372125.1	1
GCA_943372215.1	1
GCA_943372275.1	2
GCA_943372305.1	2
GCA_943372425.1	2
GCA_943372485.1	4
GCA_943372495.1	2
GCA_943372515.1	3
GCA_943372585.1	2
GCA_943372645.1	1
GCA_943372655.1	3
GCA_943372725.1	1
GCA_943372745.1	1
GCA_943372765.1	3
GCA_943372805.1	1
GCA_943372985.1	1
GCA_943373055.1	1
GCA_943787745.1	1
GCA_943787985.1	1
GCA_943788815.1	1
GCA_943788825.1	1
GCA_943908475.1	2
GCA_943912755.1	1
GCA_943913695.1	2
GCA_943914515.1	1
GCA_944388495.1	1
GCA_944390765.1	1
GCA_944390775.1	1
GCA_945787105.1	1
GCA_945787465.1	1
GCA_945787495.1	1
GCA_945859865.1	2
GCA_945860095.1	1
GCA_945860205.1	2
GCA_945860225.1	2
GCA_945860595.1	1
GCA_945860785.1	2
GCA_945860985.1	1
GCA_945861095.1	3
GCA_945861155.1	1
GCA_945861265.1	1
GCA_945861275.1	2
GCA_945861305.1	1
GCA_945861345.1	2
GCA_945861515.1	2
GCA_945861635.1	1
GCA_945861675.1	2
GCA_945861785.1	4
GCA_945861855.1	2
GCA_945861875.1	1
GCA_945861895.1	1
GCA_945862125.1	3
GCA_945862165.1	1
GCA_945862265.1	2
GCA_945862325.1	1
GCA_945862355.1	1
GCA_945862405.1	4
GCA_945862495.1	1
GCA_945862935.1	1
GCA_945864585.1	2
GCA_945864765.1	2
GCA_945865355.1	4
GCA_945865425.1	2
GCA_945865595.1	2
GCA_945865675.1	2
GCA_945865805.1	2
GCA_945866125.1	2
GCA_945867725.1	1
GCA_945867755.1	1
GCA_945869165.1	2
GCA_945869245.1	2
GCA_945869965.1	1
GCA_945870035.1	1
GCA_945870205.1	2
GCA_945870575.1	1
GCA_945870865.1	1
GCA_945871945.1	1
GCA_945872065.1	1
GCA_945872355.1	1
GCA_945873015.1	1
GCA_945873195.1	1
GCA_945873755.1	1
GCA_945873925.1	1
GCA_945874505.1	1
GCA_945874515.1	2
GCA_945874805.1	2
GCA_945874825.1	1
GCA_945874835.1	1
GCA_945874855.1	1
GCA_945875545.1	1
GCA_945875935.1	3
GCA_945875955.1	1
GCA_945876565.1	1
GCA_945877005.1	1
GCA_945877185.1	1
GCA_945877265.1	1
GCA_945877725.1	1
GCA_945877755.1	1
GCA_945878025.1	2
GCA_945878065.1	1
GCA_945878355.1	1
GCA_945878375.1	3
GCA_945878385.1	1
GCA_945878455.1	2
GCA_945878555.1	1
GCA_945878745.1	2
GCA_945878865.1	2
GCA_945878975.1	2
GCA_945879115.1	1
GCA_945881875.1	1
GCA_945881965.1	1
GCA_945882615.1	1
GCA_945882755.1	1
GCA_945882995.1	1
GCA_945883145.1	3
GCA_945883285.1	1
GCA_945883495.1	1
GCA_945883615.1	1
GCA_945885335.1	2
GCA_945885345.1	2
GCA_945886995.1	3
GCA_945887855.1	1
GCA_945888325.1	2
GCA_945888535.1	2
GCA_945888595.1	1
GCA_945889015.1	2
GCA_945889445.1	1
GCA_945889625.1	1
GCA_945892755.1	1
GCA_945892765.1	2
GCA_945892985.1	1
GCA_945893085.1	1
GCA_945893125.1	1
GCA_945893145.1	2
GCA_945895265.1	1
GCA_945897335.1	1
GCA_945897475.1	2
GCA_945897515.1	1
GCA_945897555.1	2
GCA_945897755.1	1
GCA_945897795.1	2
GCA_945898095.1	2
GCA_945898105.1	1
GCA_945898115.1	1
GCA_945898215.1	2
GCA_945900685.1	1
GCA_945900695.1	1
GCA_945900965.1	2
GCA_945901085.1	1
GCA_945901125.1	1
GCA_945901145.1	1
GCA_945901195.1	1
GCA_945901215.1	2
GCA_945901405.1	1
GCA_945901835.1	1
GCA_945901855.1	1
GCA_945902775.1	1
GCA_945902805.1	1
GCA_945903565.1	2
GCA_945903635.1	2
GCA_945903705.1	1
GCA_945903885.1	1
GCA_945905715.1	1
GCA_945906275.1	2
GCA_945906455.1	1
GCA_945906755.1	1
GCA_945906765.1	1
GCA_945906815.1	2
GCA_945906935.1	2
GCA_945907045.1	1
GCA_945907245.1	1
GCA_945907335.1	1
GCA_945925985.1	1
GCA_945952025.1	1
GCA_945952065.1	3
GCA_945952105.1	3
GCA_945952115.1	3
GCA_945952225.1	2
GCA_945952355.1	1
GCA_945952415.1	1
GCA_945952465.1	3
GCA_945952585.1	2
GCA_945956965.1	4
GCA_945956975.1	3
GCA_945957125.1	2
GCA_945957135.1	2
GCA_945957295.1	1
GCA_945957365.1	2
GCA_945957375.1	2
GCA_945957495.1	3
GCA_946061495.1	1
GCA_946221045.1	1
GCA_946221765.1	2
GCA_946222475.1	2
GCA_946222605.1	2
GCA_946222995.1	1
GCA_946402705.1	1
GCA_946477505.1	4
GCA_946538065.1	1
GCA_946611595.1	1
GCA_946803585.1	3
GCA_947039525.1	1
GCA_947040595.1	1
GCA_947041315.1	1
GCA_947071955.1	1
GCA_947084915.1	1
GCA_947084925.1	1
GCA_947084995.1	1
GCA_947085235.1	2
GCA_947085295.1	1
GCA_947085645.1	2
GCA_947085765.1	1
GCA_947085865.1	1
GCA_947090765.1	1
GCA_947254665.1	1
GCA_947258415.1	1
GCA_947258495.1	1
GCA_947258515.1	1
GCA_947258545.1	1
GCA_947258565.1	1
GCA_947258705.1	2
GCA_947258715.1	3
GCA_947258785.1	1
GCA_947258815.1	1
GCA_947258865.1	1
GCA_947258885.1	1
GCA_947258975.1	1
GCA_947259045.1	1
GCA_947259095.1	2
GCA_947259105.1	1
GCA_947259175.1	1
GCA_947259295.1	1
GCA_947259305.1	1
GCA_947259335.1	1
GCA_947259375.1	1
GCA_947259395.1	1
GCA_947259505.1	1
GCA_947259535.1	4
GCA_947259605.1	1
GCA_947259625.1	1
GCA_947259715.1	1
GCA_947259795.1	1
GCA_947259815.1	1
GCA_947259875.1	1
GCA_947259915.1	1
GCA_947259955.1	2
GCA_947306475.1	1
GCA_947370975.1	1
GCA_947371015.1	2
GCA_947371775.1	3
GCA_947371915.1	1
GCA_947372225.1	3
GCA_947372425.1	3
GCA_947372465.1	1
GCA_947372745.1	2
GCA_947372795.1	1
GCA_947372865.1	2
GCA_947373105.1	2
GCA_947373185.1	2
GCA_947373245.1	1
GCA_947373495.1	1
GCA_947373605.1	5
GCA_947373745.1	1
GCA_947374105.1	1
GCA_947374445.1	1
GCA_947374485.1	5
GCA_947374505.1	1
GCA_947374705.1	2
GCA_947374865.1	2
GCA_947375105.1	1
GCA_947375135.1	3
GCA_947377275.1	3
GCA_947378245.1	1
GCA_947378785.1	1
GCA_947378965.1	1
GCA_947379755.1	2
GCA_947379865.1	2
GCA_947380375.1	1
GCA_947380655.1	2
GCA_947381325.1	1
GCA_947381415.1	1
GCA_947441895.1	1
GCA_947442105.1	2
GCA_947443645.1	1
GCA_947444195.1	3
GCA_947445035.1	1
GCA_947445115.1	1
GCA_947445215.1	1
GCA_947445225.1	2
GCA_947445995.1	3
GCA_947446335.1	1
GCA_947446595.1	1
GCA_947446625.1	2
GCA_947446685.1	2
GCA_947446855.1	3
GCA_947446885.1	1
GCA_947446925.1	1
GCA_947447355.1	1
GCA_947447405.1	1
GCA_947447615.1	3
GCA_947447895.1	1
GCA_947447975.1	2
GCA_947447985.1	2
GCA_947447995.1	3
GCA_947448025.1	2
GCA_947448105.1	1
GCA_947448205.1	1
GCA_947448305.1	1
GCA_947448325.1	2
GCA_947448375.1	1
GCA_947448735.1	1
GCA_947448745.1	1
GCA_947448885.1	1
GCA_947448955.1	1
GCA_947449005.1	1
GCA_947449025.1	3
GCA_947449575.1	1
GCA_947450025.1	1
GCA_947450255.1	1
GCA_947450645.1	2
GCA_947450695.1	1
GCA_947450745.1	4
GCA_947450895.1	1
GCA_947451035.1	2
GCA_947451385.1	2
GCA_947451445.1	3
GCA_947451565.1	1
GCA_947451925.1	3
GCA_947452135.1	1
GCA_947452635.1	2
GCA_947452725.1	2
GCA_947452785.1	1
GCA_947453445.1	2
GCA_947453625.1	1
GCA_947453645.1	1
GCA_947453715.1	1
GCA_947453725.1	2
GCA_947453945.1	1
GCA_947453965.1	1
GCA_947454305.1	1
GCA_947454355.1	2
GCA_947454475.1	3
GCA_947454695.1	1
GCA_947454955.1	2
GCA_947455145.1	2
GCA_947455255.1	1
GCA_947455285.1	1
GCA_947455465.1	1
GCA_947455515.1	1
GCA_947455595.1	1
GCA_947455865.1	1
GCA_947455935.1	1
GCA_947455995.1	1
GCA_947456305.1	1
GCA_947456315.1	1
GCA_947456345.1	1
GCA_947456505.1	2
GCA_947456845.1	1
GCA_947456915.1	1
GCA_947457335.1	1
GCA_947457395.1	1
GCA_947457845.1	1
GCA_947457975.1	1
GCA_947458025.1	1
GCA_947458145.1	1
GCA_947458265.1	1
GCA_947458305.1	1
GCA_947458405.1	1
GCA_947458415.1	1
GCA_947458525.1	1
GCA_947458835.1	1
GCA_947458895.1	2
GCA_947458955.1	1
GCA_947459405.1	1
GCA_947459535.1	2
GCA_947460175.1	1
GCA_947460455.1	1
GCA_947461325.1	1
GCA_947462685.1	1
GCA_947462815.1	2
GCA_947462945.1	2
GCA_947463025.1	2
GCA_947463445.1	1
GCA_947463845.1	1
GCA_947463885.1	1
GCA_947464135.1	1
GCA_947464185.1	1
GCA_947464275.1	1
GCA_947464955.1	1
GCA_947464995.1	2
GCA_947465215.1	1
GCA_947466085.1	3
GCA_947466165.1	1
GCA_947466535.1	1
GCA_947466695.1	2
GCA_947467145.1	1
GCA_947467315.1	1
GCA_947467405.1	2
GCA_947467435.1	2
GCA_947469285.1	1
GCA_947469635.1	1
GCA_947470105.1	1
GCA_947470575.1	5
GCA_947472615.1	1
GCA_947472645.1	2
GCA_947472885.1	1
GCA_947473045.1	2
GCA_947473125.1	2
GCA_947473305.1	3
GCA_947473325.1	2
GCA_947473445.1	1
GCA_947473535.1	1
GCA_947473805.1	2
GCA_947474005.1	2
GCA_947474165.1	2
GCA_947474275.1	2
GCA_947474455.1	1
GCA_947474485.1	3
GCA_947474545.1	1
GCA_947474675.1	1
GCA_947474715.1	1
GCA_947474755.1	1
GCA_947475175.1	1
GCA_947475245.1	2
GCA_947475295.1	1
GCA_947475365.1	2
GCA_947475415.1	1
GCA_947475445.1	1
GCA_947475495.1	2
GCA_947475525.1	1
GCA_947475685.1	1
GCA_947475735.1	1
GCA_947475765.1	1
GCA_947475845.1	1
GCA_947475855.1	3
GCA_947475895.1	2
GCA_947476015.1	1
GCA_947476065.1	1
GCA_947476215.1	1
GCA_947476275.1	2
GCA_947476305.1	4
GCA_947476425.1	1
GCA_947476465.1	2
GCA_947476535.1	2
GCA_947476625.1	1
GCA_947476695.1	1
GCA_947476895.1	1
GCA_947477505.1	1
GCA_947477565.1	1
GCA_947478725.1	1
GCA_947478785.1	1
GCA_947478805.1	1
GCA_947478925.1	1
GCA_947478935.1	2
GCA_947478955.1	2
GCA_947479645.1	1
GCA_947479935.1	2
GCA_947480015.1	2
GCA_947480335.1	1
GCA_947481595.1	1
GCA_947481635.1	1
GCA_947481685.1	1
GCA_947482125.1	1
GCA_947482825.1	2
GCA_947483555.1	1
GCA_947483975.1	1
GCA_947484295.1	1
GCA_947486185.1	1
GCA_947486575.1	3
GCA_947487165.1	1
GCA_947487205.1	2
GCA_947487765.1	1
GCA_947487955.1	1
GCA_947488045.1	2
GCA_947488085.1	1
GCA_947488175.1	1
GCA_947488295.1	1
GCA_947488305.1	2
GCA_947488325.1	1
GCA_947488515.1	1
GCA_947488605.1	1
GCA_947488755.1	1
GCA_947488935.1	1
GCA_947489425.1	1
GCA_947489445.1	1
GCA_947489665.1	1
GCA_947489705.1	1
GCA_947490395.1	1
GCA_947491935.1	1
GCA_947492525.1	1
GCA_947492585.1	1
GCA_947492925.1	1
GCA_947492995.1	1
GCA_947493145.1	1
GCA_947493255.1	1
GCA_947493265.1	1
GCA_947493325.1	2
GCA_947493335.1	1
GCA_947493695.1	1
GCA_947493745.1	1
GCA_947493865.1	1
GCA_947494035.1	1
GCA_947494145.1	2
GCA_947494405.1	1
GCA_947494435.1	1
GCA_947494445.1	1
GCA_947494645.1	1
GCA_947494675.1	1
GCA_947494865.1	1
GCA_947494975.1	2
GCA_947495295.1	1
GCA_947495575.1	1
GCA_947495685.1	1
GCA_947495795.1	1
GCA_947496145.1	2
GCA_947496175.1	1
GCA_947496535.1	1
GCA_947496605.1	1
GCA_947497065.1	1
GCA_947497085.1	2
GCA_947497185.1	1
GCA_947497295.1	1
GCA_947497495.1	1
GCA_947497905.1	1
GCA_947497945.1	1
GCA_947498125.1	1
GCA_947498155.1	1
GCA_947498415.1	1
GCA_947498645.1	1
GCA_947498985.1	1
GCA_947499175.1	1
GCA_947499255.1	1
GCA_947499555.1	1
GCA_947499635.1	1
GCA_947499715.1	1
GCA_947499725.1	1
GCA_947499735.1	1
GCA_947499955.1	2
GCA_947500005.1	1
GCA_947500035.1	1
GCA_947500055.1	1
GCA_947500135.1	1
GCA_947500415.1	1
GCA_947500775.1	1
GCA_947500825.1	2
GCA_947500835.1	4
GCA_947500965.1	1
GCA_947501275.1	1
GCA_947501355.1	1
GCA_947501445.1	1
GCA_947501555.1	1
GCA_947501635.1	2
GCA_947501685.1	1
GCA_947501805.1	1
GCA_947502145.1	1
GCA_947502265.1	2
GCA_947502305.1	1
GCA_947502375.1	1
GCA_947502585.1	1
GCA_947503035.1	1
GCA_947503145.1	1
GCA_947503175.1	1
GCA_947503245.1	1
GCA_947503275.1	1
GCA_947503685.1	2
GCA_947503775.1	1
GCA_947503895.1	1
GCA_947503925.1	1
GCA_947503935.1	2
GCA_947503965.1	2
GCA_947504115.1	2
GCA_947504205.1	1
GCA_947504705.1	1
GCA_947504795.1	2
GCA_947505025.1	1
GCA_947508055.1	2
GCA_947624595.1	1
GCA_947630465.1	2
GCA_947647695.1	1
GCA_949290705.1	1
GCA_950054255.1	1
GCA_950054485.1	1
GCA_950059285.1	1
GCA_950073835.1	1
GCA_950096585.1	1
GCA_951812315.1	2
GCA_951812325.1	1
GCA_951813015.1	1
GCA_951813525.2	1
GCA_955652025.1	3
GCA_955652195.1	1
GCA_955652675.1	1
GCA_955652795.1	1
GCA_955652925.1	5
GCA_958295905.1	1
GCA_958296065.1	1
GCA_958296345.1	1
GCA_958439195.2	2
GCA_958439205.1	1
GCA_963169045.1	1
GCA_963169135.1	2
GCA_963169165.1	1
GCA_963169255.1	2
GCA_963169295.1	2
GCA_963169355.1	2
GCA_963169455.1	1
GCA_963169575.1	3
GCA_963169745.1	2
GCA_963169915.1	2
GCA_963170185.1	2
GCA_963204715.1	1
GCA_963204745.1	1
GCA_963204785.1	2
GCA_963204795.1	2
GCA_963204815.1	1
GCA_963204825.1	1
GCA_963204835.1	1
GCA_963204905.1	2
GCA_963204915.1	2
GCA_963205035.1	1
GCA_963205115.1	2
GCA_963205165.1	1
GCA_963205195.1	2
GCA_963205245.1	1
GCA_963205255.1	1
GCA_963205295.1	1
GCA_963205305.1	1
GCA_963205315.1	1
GCA_963205335.1	1
GCA_963205375.1	1
GCA_963205385.1	1
GCA_963205435.1	1
GCA_963205465.1	1
GCA_963422235.2	1
GCA_963422335.1	3
GCA_963422345.1	1
GCA_963422555.2	1
GCA_963422675.2	2
GCA_963422775.4	4
GCA_963508575.1	3
GCA_963508915.1	3
GCA_963510335.1	4
GCA_963511125.1	3
GCA_963511605.1	3
GCA_963511655.1	3
GCA_963511665.1	2
GCA_963512175.1	3
GCA_963512445.1	4
GCA_963512455.1	3
GCA_963512475.1	3
GCA_963512605.1	3
GCA_963512645.1	3
GCA_963512655.1	1
GCA_963512745.1	2
GCA_963513025.1	3
GCA_963513125.1	3
GCA_963513295.1	2
GCA_963513355.1	3
GCA_963513725.1	1
GCA_963513825.1	4
GCA_963513855.1	1
GCA_963515135.1	3
GCA_963515305.1	1
GCA_963517305.1	1
GCA_963518285.1	1
GCA_963520865.1	2
GCA_963522035.1	1
GCA_963522565.1	1
GCA_963528485.1	1
GCA_963529995.1	1
GCA_963530045.1	2
GCA_963530105.1	3
GCA_963530265.1	1
GCA_963540925.1	2
GCA_963543405.1	6
GCA_963575675.1	1
GCA_963582285.1	1
GCA_963662835.3	1
GCA_963663295.2	3
GCA_963663815.1	1
GCA_963663975.2	1
GCA_963664545.2	1
GCA_963664935.2	1
GCA_963665545.2	1
GCA_963665575.2	1
GCA_963666525.1	1
GCA_963666565.1	1
GCA_963666795.2	1
GCA_963666955.1	1
GCA_963667045.1	1
GCA_963667495.1	1
GCA_963667845.2	3
GCA_963668175.1	3
GCA_963669205.1	1
GCA_963669235.2	3
GCA_963669265.1	2
GCA_963669315.1	1
GCA_963669335.1	1
GCA_963669375.1	1
GCA_963669385.2	1
GCA_963669395.1	1
GCA_963669445.1	1
GCA_963669455.1	1
GCA_963674505.2	2
GCA_963674715.2	1
GCA_963674765.1	1
GCA_963674965.2	1
GCA_963675285.2	2
GCA_963675305.1	1
GCA_963675805.2	1
GCA_963675965.1	1
GCA_963676755.2	1
GCA_963676805.2	1
GCA_963677035.1	1
GCA_963677795.1	1
GCA_963678195.1	1
GCA_963678585.2	1
GCA_963678615.1	1
GCA_963682115.1	2
GCA_963691755.1	1
GCA_963691785.1	1
GCA_963691835.1	1
GCA_963691885.1	1
GCA_963692975.2	1
GCA_963693005.1	1
GCA_963693045.1	2
GCA_963695045.1	2
GCA_963695055.1	1
GCA_963695085.1	1
GCA_963695405.1	2
GCA_963695425.1	1
GCA_963695455.1	2
GCA_963695465.1	1
GCA_963695605.1	4
GCA_963695615.1	5
GCA_963695625.1	3
GCA_963695665.1	3
GCA_963695725.1	2
GCA_963695845.1	1
GCA_963695855.1	6
GCA_963695875.1	2
GCA_963695915.1	2
GCA_963695985.1	1
GCA_963696065.1	1
GCA_963696075.1	2
GCA_963696155.1	1
GCA_963696175.1	1
GCA_963696195.1	2
GCA_963696245.1	1
GCA_963696255.1	7
GCA_963696325.1	1
GCA_963696455.1	1
GCA_963696505.1	3
GCA_963696555.1	2
GCA_963696645.1	1
GCA_963696655.1	3
GCA_963696665.1	1
GCA_963696675.1	3
GCA_963696745.1	1
GCA_963696845.1	2
GCA_963697015.1	8
GCA_963697025.1	2
GCA_963697125.1	1
GCA_963697195.1	1
GCA_963697205.1	3
GCA_963697325.1	1
GCA_963697485.1	1
GCA_963697525.1	1
GCA_963697555.1	1
GCA_963697595.1	1
GCA_963697635.1	1
GCA_963697675.1	1
GCA_963697785.1	1
GCA_963697885.1	4
GCA_963698095.1	1
GCA_963698265.1	1
GCA_963698275.1	1
GCA_963698305.1	1
GCA_963698315.1	2
GCA_963698365.1	3
GCA_963698375.1	1
GCA_963698395.1	2
GCA_963698405.1	1
GCA_963698495.1	2
GCA_963698545.1	1
GCA_963698635.1	1
GCA_963698645.1	1
GCA_963698685.1	2
GCA_963698715.1	1
GCA_963698735.1	1
GCA_963698945.1	1
GCA_963698965.1	1
GCA_963698995.1	3
GCA_963699065.1	1
GCA_963699075.1	1
GCA_963699085.1	2
GCA_963699105.1	1
GCA_963699285.1	1
GCA_963699455.1	1
GCA_963699465.1	2
GCA_963699485.1	10
GCA_963699525.1	1
GCA_963699535.1	1
GCA_963699665.1	3
GCA_963699675.1	2
GCA_963699735.1	1
GCA_963699755.1	1
GCA_963699855.1	2
GCA_963699865.1	1
GCA_963699955.1	1
GCA_963699975.1	2
GCA_963700025.1	1
GCA_963700045.1	2
GCA_963700085.1	2
GCA_963700185.1	6
GCA_963700195.1	4
GCA_963700235.1	1
GCA_963700365.1	2
GCA_963700415.1	2
GCA_963700485.1	2
GCA_963700705.1	3
GCA_963700715.1	1
GCA_963700735.1	1
GCA_963700755.1	2
GCA_963700775.1	1
GCA_963700795.1	2
GCA_963700885.1	3
GCA_963700935.1	1
GCA_963700945.1	1
GCA_963700955.1	1
GCA_963701075.1	1
GCA_963701115.1	2
GCA_963701275.1	3
GCA_963701335.1	1
GCA_963701385.1	2
GCA_963701425.1	2
GCA_963701445.1	3
GCA_963701485.1	2
GCA_963701725.1	1
GCA_963701815.1	1
GCA_963701885.1	1
GCA_963701945.1	4
GCA_963701975.1	1
GCA_963702145.1	1
GCA_963702155.1	1
GCA_963702235.1	1
GCA_963702275.1	1
GCA_963702495.1	3
GCA_963702595.1	2
GCA_963702605.1	1
GCA_963702635.1	1
GCA_963702685.1	1
GCA_963702695.1	2
GCA_963702735.1	2
GCA_963702755.1	8
GCA_963702775.1	1
GCA_963702885.1	1
GCA_963702925.1	2
GCA_963703065.1	1
GCA_963703165.1	1
GCA_963703305.1	1
GCA_963703325.1	2
GCA_963703375.1	2
GCA_963703385.1	1
GCA_963703605.1	1
GCA_963703655.1	1
GCA_963703665.1	2
GCA_963703745.1	5
GCA_963703755.1	2
GCA_963703845.1	1
GCA_963703855.1	1
GCA_963703875.1	1
GCA_963703885.1	1
GCA_963703945.1	2
GCA_963703955.1	1
GCA_963704055.1	1
GCA_963704075.1	3
GCA_963704155.1	1
GCA_963704315.1	1
GCA_963704385.1	1
GCA_963704565.1	2
GCA_963704595.1	1
GCA_963704685.1	2
GCA_963704745.1	1
GCA_963704765.1	1
GCA_963704865.1	1
GCA_963704875.1	2
GCA_963704985.1	2
GCA_963704995.1	1
GCA_963705035.1	2
GCA_963705105.1	1
GCA_963705165.1	2
GCA_963705315.1	1
GCA_963705325.1	1
GCA_963705405.1	1
GCA_963705475.1	1
GCA_963705495.1	1
GCA_963705505.1	2
GCA_963705595.1	2
GCA_963705615.1	1
GCA_963705835.1	1
GCA_963705995.1	1
GCA_963706115.1	1
GCA_963706195.1	3
GCA_963706215.1	3
GCA_963706225.1	1
GCA_963706255.1	1
GCA_963706265.1	2
GCA_963706365.1	1
GCA_963706525.1	5
GCA_963706535.1	3
GCA_963706555.1	3
GCA_963706655.1	2
GCA_963706665.1	3
GCA_963706685.1	4
GCA_963706755.1	1
GCA_963706785.1	2
GCA_963706835.1	1
GCA_963706975.1	2
GCA_963707045.1	1
GCA_963707065.1	1
GCA_963707095.1	1
GCA_963707135.1	1
GCA_963707175.1	1
GCA_963707225.1	1
GCA_963707235.1	2
GCA_963707355.1	1
GCA_963707425.1	1
GCA_963707445.1	2
GCA_963707475.1	1
GCA_963707565.1	1
GCA_963707615.1	3
GCA_963707665.1	3
GCA_963707685.1	2
GCA_963707705.1	3
GCA_963707725.1	1
GCA_963707745.1	2
GCA_963707755.1	3
GCA_963707765.1	3
GCA_963707815.1	1
GCA_963707835.1	1
GCA_963707885.1	1
GCA_963707905.1	1
GCA_963707945.1	3
GCA_963708025.1	1
GCA_963708035.1	1
GCA_963708095.1	3
GCA_963708125.1	3
GCA_963708155.1	4
GCA_963708245.1	7
GCA_963708425.1	1
GCA_963708515.1	2
GCA_963708545.1	1
GCA_963708555.1	1
GCA_963708565.1	1
GCA_963708625.1	1
GCA_963708635.1	1
GCA_963708645.1	1
GCA_963708655.1	1
GCA_963708665.1	1
GCA_963708695.1	2
GCA_963708735.1	1
GCA_963708765.1	2
GCA_963708775.1	4
GCA_963708785.1	3
GCA_963708805.1	1
GCA_963708835.1	2
GCA_963708855.1	2
GCA_963708875.1	1
GCA_963708885.1	1
GCA_963708905.1	1
GCA_963709015.1	2
GCA_963709045.1	2
GCA_963709085.1	2
GCA_963709125.1	1
GCA_963709135.1	2
GCA_963709185.1	3
GCA_963709205.1	1
GCA_963709285.1	1
GCA_963709335.1	1
GCA_963709395.1	2
GCA_963709405.1	9
GCA_963709485.1	1
GCA_963709525.1	2
GCA_963709555.1	2
GCA_963709655.1	3
GCA_963709665.1	1
GCA_963709685.1	1
GCA_963709765.1	1
GCA_963709825.1	8
GCA_963709855.1	1
GCA_963709875.1	2
GCA_963709895.1	2
GCA_963710005.1	4
GCA_963710045.1	2
GCA_963710135.1	1
GCA_963710165.1	2
GCA_963710185.1	1
GCA_963710235.1	4
GCA_963710245.1	8
GCA_963710275.1	2
GCA_963710285.1	2
GCA_963710305.1	1
GCA_963710435.1	1
GCA_963710515.1	2
GCA_963710575.1	1
GCA_963710595.1	1
GCA_963710675.1	1
GCA_963710695.1	1
GCA_963710705.1	1
GCA_963710805.1	4
GCA_963710815.1	1
GCA_963710855.1	2
GCA_963710895.1	2
GCA_963710915.1	1
GCA_963710935.1	1
GCA_963711075.1	1
GCA_963711175.1	1
GCA_963711195.1	1
GCA_963711215.1	2
GCA_963711235.1	6
GCA_963711305.1	1
GCA_963711395.1	1
GCA_963711435.1	2
GCA_963711445.1	1
GCA_963711485.1	1
GCA_963711535.1	1
GCA_963711595.1	1
GCA_963711635.1	1
GCA_963711705.1	1
GCA_963711715.1	3
GCA_963711725.1	5
GCA_963711925.1	1
GCA_963711955.1	1
GCA_963711965.1	1
GCA_963712005.1	2
GCA_963712145.1	1
GCA_963712195.1	4
GCA_963712205.1	2
GCA_963712225.1	3
GCA_963712235.1	1
GCA_963712435.1	3
GCA_963712485.1	2
GCA_963712515.1	1
GCA_963712565.1	2
GCA_963712615.1	1
GCA_963712655.1	2
GCA_963712675.1	2
GCA_963712755.1	2
GCA_963712825.1	4
GCA_963712835.1	1
GCA_963712895.1	1
GCA_963712955.1	1
GCA_963712995.1	1
GCA_963713025.1	3
GCA_963713035.1	1
GCA_963713045.1	1
GCA_963713085.1	1
GCA_963713125.1	1
GCA_963713175.1	1
GCA_963713195.1	1
GCA_963713275.1	1
GCA_963713305.1	2
GCA_963713355.1	1
GCA_963713465.1	1
GCA_963713605.1	10
GCA_963713635.1	1
GCA_963713685.1	1
GCA_963713695.1	3
GCA_963713755.1	2
GCA_963713785.1	8
GCA_963713815.1	1
GCA_963713845.1	2
GCA_963713995.1	2
GCA_963714255.1	2
GCA_963714295.1	1
GCA_963714325.1	3
GCA_963714345.1	2
GCA_963714475.1	2
GCA_963714495.1	1
GCA_963714525.1	1
GCA_963714615.1	1
GCA_963714625.1	2
GCA_963714705.1	1
GCA_963714755.1	1
GCA_963714915.1	1
GCA_963714925.1	1
GCA_963715025.1	1
GCA_963715055.1	1
GCA_963715215.1	3
GCA_963715275.1	2
GCA_963715325.1	1
GCA_963715345.1	1
GCA_963715375.1	2
GCA_963715435.1	1
GCA_963715485.1	1
GCA_963715545.1	1
GCA_963715715.1	7
GCA_963715835.1	1
GCA_963715885.1	2
GCA_963715905.1	2
GCA_963715965.1	2
GCA_963715995.1	1
GCA_963716115.1	2
GCA_963716155.1	1
GCA_963716195.1	1
GCA_963716275.1	1
GCA_963716405.1	1
GCA_963716465.1	2
GCA_963716505.1	1
GCA_963716555.1	1
GCA_963716705.1	1
GCA_963716725.1	2
GCA_963716835.1	6
GCA_963716855.1	2
GCA_963716895.1	1
GCA_963716995.1	2
GCA_963717125.1	1
GCA_963717215.1	1
GCA_963717245.1	1
GCA_963717265.1	1
GCA_963717335.1	1
GCA_963717355.1	1
GCA_963717565.1	3
GCA_963717575.1	2
GCA_963717635.1	1
GCA_963717695.1	1
GCA_963717705.1	1
GCA_963717855.1	1
GCA_963718025.1	1
GCA_963718035.1	2
GCA_963718145.1	1
GCA_963718265.1	1
GCA_963718305.1	2
GCA_963718395.1	1
GCA_963718405.1	2
GCA_963718445.1	2
GCA_963718475.1	1
GCA_963718495.1	1
GCA_963718545.1	1
GCA_963718675.1	1
GCA_963718725.1	1
GCA_963718765.1	1
GCA_963718865.1	1
GCA_963718885.1	1
GCA_963718905.1	2
GCA_963718915.1	1
GCA_963718925.1	3
GCA_963719135.1	1
GCA_963719245.1	1
GCA_963719255.1	1
GCA_963719305.1	1
GCA_963719345.1	2
GCA_963719355.1	2
GCA_963719525.1	2
GCA_963719675.1	1
GCA_963719705.1	1
GCA_963719715.1	2
GCA_963719745.1	12
GCA_963719765.1	1
GCA_963719805.1	2
GCA_963719885.1	1
GCA_963719995.1	1
GCA_963720085.1	1
GCA_963720115.1	13
GCA_963720135.1	2
GCA_963720205.1	1
GCA_963720385.1	1
GCA_963720425.1	2
GCA_963720595.1	3
GCA_963720705.1	2
GCA_963720725.1	4
GCA_963720765.1	1
GCA_963720785.1	2
GCA_963720835.1	3
GCA_963720845.1	2
GCA_963720945.1	2
GCA_963721005.1	4
GCA_963721025.1	1
GCA_963721065.1	2
GCA_963721095.1	1
GCA_963721105.1	1
GCA_963721115.1	2
GCA_963721135.1	7
GCA_963721155.1	2
GCA_963721165.1	3
GCA_963721175.1	1
GCA_963721195.1	1
GCA_963721275.1	2
GCA_963721495.1	1
GCA_963721515.1	2
GCA_963721555.1	4
GCA_963721625.1	2
GCA_963721665.1	1
GCA_963721815.1	1
GCA_963721855.1	1
GCA_963721905.1	4
GCA_963721935.1	12
GCA_963721965.1	1
GCA_963721975.1	1
GCA_963722005.1	4
GCA_963722025.1	4
GCA_963722055.1	1
GCA_963722125.1	1
GCA_963722135.1	2
GCA_963722195.1	1
GCA_963722205.1	4
GCA_963722265.1	6
GCA_963722275.1	1
GCA_963722325.1	1
GCA_963722405.1	2
GCA_963722495.1	3
GCA_963722515.1	5
GCA_963722545.1	1
GCA_963722805.1	2
GCA_963722815.1	1
GCA_963722835.1	2
GCA_963722905.1	1
GCA_963723195.1	1
GCA_963723215.1	1
GCA_963723255.1	2
GCA_963723265.1	1
GCA_963723285.1	4
GCA_963723305.1	2
GCA_963723335.1	3
GCA_963723505.1	1
GCA_963723525.1	3
GCA_963723555.1	2
GCA_963723585.1	1
GCA_963723595.1	1
GCA_963723615.1	1
GCA_963723675.1	2
GCA_963723755.1	1
GCA_963723875.1	1
GCA_963723945.1	4
GCA_963723985.1	2
GCA_963723995.1	5
GCA_963724195.1	3
GCA_963724205.1	1
GCA_963724225.1	2
GCA_963724335.1	1
GCA_963724365.1	2
GCA_963724385.1	3
GCA_963724395.1	1
GCA_963724405.1	5
GCA_963724435.1	2
GCA_963724535.1	1
GCA_963724565.1	2
GCA_963724595.1	4
GCA_963724605.1	3
GCA_963724625.1	2
GCA_963724715.1	5
GCA_963724735.1	4
GCA_963724785.1	1
GCA_963724845.1	1
GCA_963724915.1	1
GCA_963724945.1	4
GCA_963724975.1	3
GCA_963725065.1	3
GCA_963725185.1	4
GCA_963725195.1	1
GCA_963725495.1	1
GCA_963725515.1	1
GCA_963725555.1	3
GCA_963725735.1	2
GCA_963725755.1	2
GCA_963725775.1	1
GCA_963725895.1	1
GCA_963725905.1	5
GCA_963725935.1	1
GCA_963725985.1	2
GCA_963726095.1	1
GCA_963726105.1	1
GCA_963726125.1	2
GCA_963726285.1	1
GCA_963726365.1	3
GCA_963726395.1	2
GCA_963726405.1	3
GCA_963726415.1	1
GCA_963726515.1	2
GCA_963726525.1	2
GCA_963726555.1	6
GCA_963726665.1	1
GCA_963726765.1	3
GCA_963726775.1	1
GCA_963726795.1	5
GCA_963726865.1	5
GCA_963726875.1	1
GCA_963726915.1	6
GCA_963726935.1	5
GCA_963726965.1	1
GCA_963726975.1	3
GCA_963727035.1	1
GCA_963727045.1	2
GCA_963727115.1	4
GCA_963727145.1	1
GCA_963727225.1	2
GCA_963727295.1	2
GCA_963727305.1	2
GCA_963727325.1	8
GCA_963727365.1	1
GCA_963727445.1	1
GCA_963727495.1	1
GCA_963727555.1	1
GCA_963727575.1	1
GCA_963727685.1	1
GCA_963727705.1	2
GCA_963727745.1	2
GCA_963727795.1	1
GCA_963728055.1	1
GCA_963728105.1	1
GCA_963728125.1	1
GCA_963728165.1	4
GCA_963728295.1	3
GCA_963728505.1	3
GCA_963728585.1	3
GCA_963728595.1	4
GCA_963728615.1	1
GCA_963728675.1	1
GCA_963728775.1	2
GCA_963728815.1	2
GCA_963728865.1	2
GCA_963728925.1	1
GCA_963728935.1	1
GCA_963728995.1	1
GCA_963729015.1	1
GCA_963729045.1	8
GCA_963729065.1	1
GCA_963729075.1	1
GCA_963729095.1	1
GCA_963729115.1	1
GCA_963729155.1	1
GCA_963729275.1	2
GCA_963729295.1	3
GCA_963729335.1	2
GCA_963729365.1	2
GCA_963729395.1	1
GCA_963729425.1	1
GCA_963729535.1	5
GCA_963729695.1	1
GCA_963729745.1	2
GCA_963729785.1	1
GCA_963729835.1	2
GCA_963729935.1	1
GCA_963729965.1	2
GCA_963730025.1	1
GCA_963730055.1	1
GCA_963730065.1	1
GCA_963730085.1	1
GCA_963730195.1	2
GCA_963730245.1	4
GCA_963730265.1	2
GCA_963730295.1	2
GCA_963730305.1	1
GCA_963730335.1	1
GCA_963730345.1	1
GCA_963730415.1	2
GCA_963730435.1	2
GCA_963730465.1	4
GCA_963730555.1	1
GCA_963730565.1	2
GCA_963730645.1	1
GCA_963730695.1	1
GCA_963730725.1	1
GCA_963730735.1	2
GCA_963730745.1	1
GCA_963730825.1	1
GCA_963730835.1	2
GCA_963730845.1	1
GCA_963730945.1	1
GCA_963731005.1	1
GCA_963731035.1	3
GCA_963731075.1	2
GCA_963731125.1	4
GCA_963731145.1	1
GCA_963731195.1	1
GCA_963731285.1	1
GCA_963731335.1	1
GCA_963731345.1	1
GCA_963731395.1	1
GCA_963731435.1	1
GCA_963731455.1	2
GCA_963731465.1	1
GCA_963731495.1	1
GCA_963731585.1	2
GCA_963731595.1	2
GCA_963731795.1	1
GCA_963731805.1	2
GCA_963731855.1	2
GCA_963731875.1	1
GCA_963731885.1	1
GCA_963731915.1	3
GCA_963732015.1	8
GCA_963732085.1	2
GCA_963732095.1	3
GCA_963732105.1	4
GCA_963732155.1	1
GCA_963732205.1	4
GCA_963732345.1	1
GCA_963732355.1	4
GCA_963732375.1	1
GCA_963732405.1	3
GCA_963732415.1	1
GCA_963732425.1	3
GCA_963732455.1	7
GCA_963732525.1	2
GCA_963732625.1	3
GCA_963732635.1	2
GCA_963732655.1	1
GCA_963732695.1	1
GCA_963732745.1	1
GCA_963732765.1	2
GCA_963732795.1	1
GCA_963732835.1	1
GCA_963732895.1	1
GCA_963732955.1	4
GCA_963733025.1	7
GCA_963733165.1	1
GCA_963733175.1	1
GCA_963733295.1	2
GCA_963733325.1	1
GCA_963733395.1	5
GCA_963733435.1	1
GCA_963733525.1	6
GCA_963733575.1	7
GCA_963733645.1	2
GCA_963733945.1	3
GCA_963733965.1	2
GCA_963733985.1	1
GCA_963734005.1	1
GCA_963734055.1	1
GCA_963734085.1	1
GCA_963734125.1	1
GCA_963734175.1	1
GCA_963734185.1	2
GCA_963734295.1	4
GCA_963734355.1	1
GCA_963734465.1	2
GCA_963734515.1	1
GCA_963734575.1	1
GCA_963734595.1	2
GCA_963734665.1	1
GCA_963734735.1	1
GCA_963734795.1	3
GCA_963735025.1	2
GCA_963735045.1	2
GCA_963735065.1	4
GCA_963735085.1	3
GCA_963735095.1	1
GCA_963735125.1	2
GCA_963735215.1	1
GCA_963735225.1	3
GCA_963735245.1	1
GCA_963735285.1	3
GCA_963735375.1	1
GCA_963735385.1	3
GCA_963735395.1	2
GCA_963735445.1	2
GCA_963735465.1	5
GCA_963735655.1	1
GCA_963735835.1	2
GCA_963735895.1	1
GCA_963735915.1	2
GCA_963735955.1	2
GCA_963735965.1	3
GCA_963735995.1	1
GCA_963736015.1	1
GCA_963736075.1	2
GCA_963736175.1	3
GCA_963736185.1	1
GCA_963736275.1	2
GCA_963736345.1	1
GCA_963736375.1	1
GCA_963736435.1	2
GCA_963736505.1	1
GCA_963736605.1	2
GCA_963736715.1	3
GCA_963736845.1	1
GCA_963736865.1	2
GCA_963736885.1	3
GCA_963736945.1	1
GCA_963736955.1	1
GCA_963736975.1	4
GCA_963736995.1	1
GCA_963737055.1	1
GCA_963737115.1	1
GCA_963737145.1	1
GCA_963737285.1	1
GCA_963737355.1	5
GCA_963737365.1	1
GCA_963737385.1	2
GCA_963737485.1	1
GCA_963737535.1	3
GCA_963737625.1	1
GCA_963737745.1	3
GCA_963737755.1	8
GCA_963737875.1	1
GCA_963738065.1	4
GCA_963738105.1	5
GCA_963738115.1	3
GCA_963738155.1	3
GCA_963738165.1	1
GCA_963738185.1	1
GCA_963738285.1	1
GCA_963738325.1	1
GCA_963738425.1	3
GCA_963738445.1	1
GCA_963738545.1	1
GCA_963738575.1	1
GCA_963738595.1	1
GCA_963738605.1	4
GCA_963738615.1	3
GCA_963738625.1	3
GCA_963738635.1	1
GCA_963738705.1	4
GCA_963738755.1	4
GCA_963738765.1	2
GCA_963738845.1	8
GCA_963738915.1	1
GCA_963739005.1	2
GCA_963739075.1	1
GCA_963739135.1	2
GCA_963739145.1	3
GCA_963739175.1	1
GCA_963739205.1	2
GCA_963739385.1	5
GCA_963739465.1	1
GCA_963739565.1	3
GCA_963739615.1	3
GCA_963739645.1	1
GCA_963739695.1	1
GCA_963739725.1	3
GCA_963739735.1	1
GCA_963739745.1	1
GCA_963739755.1	2
GCA_963739785.1	2
GCA_963739815.1	2
GCA_963739825.1	2
GCA_963739845.1	1
GCA_963739925.1	2
GCA_963739945.1	3
GCA_963740115.1	2
GCA_963740215.1	1
GCA_963740325.1	2
GCA_963740445.1	1
GCA_963740455.1	3
GCA_963740475.1	6
GCA_963740495.1	1
GCA_963740525.1	2
GCA_963740605.1	1
GCA_963740745.1	1
GCA_963740805.1	5
GCA_963740825.1	1
GCA_963740885.1	2
GCA_963740935.1	2
GCA_963740975.1	1
GCA_963741035.1	1
GCA_963741115.1	1
GCA_963741125.1	3
GCA_963741155.1	3
GCA_963741185.1	4
GCA_963741315.1	5
GCA_963741355.1	1
GCA_963741405.1	4
GCA_963741505.1	5
GCA_963741525.1	1
GCA_963741545.1	2
GCA_963741565.1	2
GCA_963741595.1	1
GCA_963741615.1	1
GCA_963741625.1	1
GCA_963741725.1	2
GCA_963741735.1	1
GCA_963741765.1	2
GCA_963741815.1	1
GCA_963741845.1	3
GCA_963742045.1	2
GCA_963742055.1	1
GCA_963742085.1	2
GCA_963742095.1	1
GCA_963742115.1	1
GCA_963742145.1	1
GCA_963742195.1	1
GCA_963742215.1	2
GCA_963742305.1	2
GCA_963742335.1	1
GCA_963742345.1	1
GCA_963742355.1	4
GCA_963742385.1	1
GCA_963742405.1	2
GCA_963742425.1	3
GCA_963742665.1	1
GCA_963742685.1	1
GCA_963742695.1	3
GCA_963742775.1	1
GCA_963742785.1	1
GCA_963742795.1	2
GCA_963742815.1	1
GCA_963742865.1	1
GCA_963742875.1	1
GCA_963742935.1	3
GCA_963742965.1	1
GCA_963742975.1	6
GCA_963743035.1	5
GCA_963743175.1	1
GCA_963743225.1	2
GCA_963743355.1	3
GCA_963743375.1	1
GCA_963743395.1	2
GCA_963743405.1	2
GCA_963743475.1	6
GCA_963743525.1	3
GCA_963743565.1	2
GCA_963743605.1	1
GCA_963743625.1	1
GCA_963743765.1	1
GCA_963743805.1	2
GCA_963743935.1	4
GCA_963743995.1	1
GCA_963744145.1	1
GCA_963744195.1	1
GCA_963744255.1	6
GCA_963744265.1	1
GCA_963744275.1	3
GCA_963744305.1	2
GCA_963744575.1	1
GCA_963744665.1	1
GCA_963744675.1	1
GCA_963744685.1	1
GCA_963744755.1	1
GCA_963744815.1	1
GCA_963744845.1	2
GCA_963744915.1	3
GCA_963744945.1	6
GCA_963744975.1	5
GCA_963745025.1	1
GCA_963745125.1	2
GCA_963745145.1	2
GCA_963745155.1	6
GCA_963745205.1	3
GCA_963745245.1	2
GCA_963745385.1	9
GCA_963745475.1	1
GCA_963745515.1	3
GCA_963745545.1	1
GCA_963745705.1	2
GCA_963745785.1	4
GCA_963745795.1	2
GCA_963745855.1	12
GCA_963745975.1	5
GCA_963746065.1	1
GCA_963746235.1	5
GCA_963746275.1	2
GCA_963746315.1	3
GCA_963746325.1	1
GCA_963746475.1	1
GCA_963746485.1	2
GCA_963746515.1	1
GCA_963746545.1	1
GCA_963746675.1	1
GCA_963746695.1	1
GCA_963746715.1	7
GCA_963746725.1	1
GCA_963746755.1	1
GCA_963746885.1	1
GCA_963747005.1	3
GCA_963747035.1	2
GCA_963747165.1	6
GCA_963747175.1	7
GCA_963747225.1	5
GCA_963747235.1	1
GCA_963747265.1	1
GCA_963747435.1	2
GCA_963747535.1	2
GCA_963747705.1	1
GCA_963747725.1	1
GCA_963747735.1	1
GCA_963747775.1	3
GCA_963747825.1	1
GCA_963747835.1	8
GCA_963747855.1	7
GCA_963747895.1	1
GCA_963748005.1	1
GCA_963748165.1	2
GCA_963748185.1	1
GCA_963748225.1	2
GCA_963748305.1	1
GCA_963748315.1	1
GCA_963748385.1	1
GCA_963748455.1	3
GCA_963748465.1	1
GCA_963748485.1	1
GCA_963748525.1	1
GCA_963748545.1	3
GCA_963748585.1	3
GCA_963748805.1	5
GCA_963748985.1	2
GCA_963749075.1	2
GCA_963749145.1	1
GCA_963749395.1	1
GCA_963749545.1	4
GCA_963749575.1	1
GCA_963749625.1	1
GCA_963749675.1	1
GCA_963749715.1	2
GCA_963749795.1	3
GCA_963749815.1	5
GCA_963749825.1	1
GCA_963749855.1	2
GCA_963749865.1	1
GCA_963749875.1	2
GCA_963749975.1	1
GCA_963750095.1	1
GCA_963750195.1	3
GCA_963750215.1	5
GCA_963750235.1	7
GCA_963750315.1	1
GCA_963750385.1	1
GCA_963750395.1	1
GCA_963750435.1	2
GCA_963750445.1	1
GCA_963750535.1	3
GCA_963750565.1	2
GCA_963750585.1	1
GCA_963750665.1	2
GCA_963750695.1	1
GCA_963750715.1	4
GCA_963750745.1	1
GCA_963750785.1	3
GCA_963750805.1	1
GCA_963750815.1	2
GCA_963750895.1	1
GCA_963750965.1	3
GCA_963750975.1	3
GCA_963751155.1	1
GCA_963751165.1	3
GCA_963751175.1	2
GCA_963751185.1	1
GCA_963751205.1	1
GCA_963751225.1	1
GCA_963751385.1	1
GCA_963751455.1	3
GCA_963751485.1	1
GCA_963751535.1	3
GCA_963751595.1	3
GCA_963751615.1	1
GCA_963751685.1	2
GCA_963751775.1	3
GCA_963751795.1	1
GCA_963751855.1	5
GCA_963751975.1	2
GCA_963752015.1	1
GCA_963752225.1	3
GCA_963752265.1	2
GCA_963752315.1	3
GCA_963752325.1	4
GCA_963752645.1	4
GCA_963752715.1	2
GCA_963752765.1	1
GCA_963752785.1	1
GCA_963752825.1	1
GCA_963752905.1	2
GCA_963753045.1	3
GCA_963753135.1	1
GCA_963753225.1	1
GCA_963753235.1	1
GCA_963753315.1	1
GCA_963753355.1	9
GCA_963753395.1	1
GCA_963753455.1	4
GCA_963753505.1	1
GCA_963753565.1	1
GCA_963753575.1	3
GCA_963753595.1	1
GCA_963753665.1	1
GCA_963753685.1	3
GCA_963753705.1	1
GCA_963753855.1	1
GCA_963753875.1	2
GCA_963753925.1	1
GCA_963753955.1	1
GCA_963754025.1	2
GCA_963754055.1	3
GCA_963754065.1	2
GCA_963754125.1	1
GCA_963754145.1	1
GCA_963754155.1	2
GCA_963754235.1	2
GCA_963754255.1	2
GCA_963754305.1	2
GCA_963754315.1	1
GCA_963754375.1	2
GCA_963754395.1	1
GCA_963754515.1	1
GCA_963754535.1	1
GCA_963754575.1	2
GCA_963754645.1	1
GCA_963754675.1	1
GCA_963754755.1	1
GCA_963754915.1	1
GCA_963754975.1	1
GCA_963755055.1	4
GCA_963755065.1	2
GCA_963755075.1	1
GCA_963755275.1	2
GCA_963755305.1	2
GCA_963755395.1	1
GCA_963755435.1	2
GCA_963755495.1	3
GCA_963755525.1	3
GCA_963755545.1	2
GCA_963755555.1	1
GCA_963755575.1	1
GCA_963755585.1	3
GCA_963755595.1	2
GCA_963755665.1	3
GCA_963755835.1	1
GCA_963755855.1	1
GCA_963755885.1	11
GCA_963755895.1	6
GCA_963755925.1	1
GCA_963755955.1	1
GCA_963755965.1	2
GCA_963755985.1	2
GCA_963756025.1	1
GCA_963756045.1	1
GCA_963756135.1	2
GCA_963756175.1	2
GCA_963756215.1	4
GCA_963756245.1	3
GCA_963756335.1	3
GCA_963756415.1	1
GCA_963756495.1	1
GCA_963756515.1	1
GCA_963756545.1	3
GCA_963756575.1	2
GCA_963756585.1	1
GCA_963756715.1	5
GCA_963756735.1	2
GCA_963756755.1	2
GCA_963756785.1	2
GCA_963756805.1	1
GCA_963756845.1	1
GCA_963756865.1	1
GCA_963756895.1	1
GCA_963756905.1	2
GCA_963756955.1	1
GCA_963756985.1	1
GCA_963757075.1	1
GCA_963757115.1	1
GCA_963757125.1	1
GCA_963757195.1	1
GCA_963757235.1	3
GCA_963757395.1	3
GCA_963757405.1	2
GCA_963757455.1	1
GCA_963757545.1	1
GCA_963757555.1	5
GCA_963757565.1	2
GCA_963757645.1	1
GCA_963757665.1	3
GCA_963757755.1	1
GCA_963757775.1	1
GCA_963757795.1	3
GCA_963757805.1	1
GCA_963757845.1	4
GCA_963757945.1	2
GCA_963757985.1	6
GCA_963758035.1	1
GCA_963758145.1	3
GCA_963758215.1	1
GCA_963758225.1	1
GCA_963758255.1	2
GCA_963758325.1	1
GCA_963758335.1	3
GCA_963758355.1	3
GCA_963758365.1	1
GCA_963758415.1	1
GCA_963758515.1	2
GCA_963758565.1	1
GCA_963758575.1	1
GCA_963758595.1	1
GCA_963758705.1	1
GCA_963758745.1	1
GCA_963758795.1	1
GCA_963758885.1	1
GCA_963758945.1	4
GCA_963758955.1	2
GCA_963759035.1	1
GCA_963759095.1	1
GCA_963759185.1	1
GCA_963759235.1	3
GCA_963759345.1	8
GCA_963759375.1	1
GCA_963759515.1	1
GCA_963759545.1	1
GCA_963759575.1	6
GCA_963759655.1	1
GCA_963759695.1	4
GCA_963759705.1	9
GCA_963759735.1	1
GCA_963759825.1	1
GCA_963759905.1	1
GCA_963759925.1	1
GCA_963759955.1	3
GCA_963759985.1	4
GCA_963760085.1	1
GCA_963760225.1	1
GCA_963760235.1	1
GCA_963760325.1	1
GCA_963760395.1	1
GCA_963760405.1	1
GCA_963760425.1	1
GCA_963760435.1	4
GCA_963760455.1	1
GCA_963760515.1	2
GCA_963760555.1	1
GCA_963760585.1	2
GCA_963760695.1	2
GCA_963760785.1	1
GCA_963760845.1	3
GCA_963760965.1	1
GCA_963760985.1	2
GCA_963760995.1	2
GCA_963761005.1	2
GCA_963761015.1	1
GCA_963761085.1	1
GCA_963761185.1	5
GCA_963761205.1	1
GCA_963761245.1	1
GCA_963761295.1	3
GCA_963761395.1	3
GCA_963761435.1	3
GCA_963761475.1	3
GCA_963761515.1	1
GCA_963761525.1	4
GCA_963761595.1	4
GCA_963761695.1	2
GCA_963761725.1	1
GCA_963761735.1	1
GCA_963761755.1	1
GCA_963761895.1	6
GCA_963761915.1	1
GCA_963761995.1	4
GCA_963762145.1	1
GCA_963762285.1	2
GCA_963762295.1	1
GCA_963762315.1	3
GCA_963762335.1	1
GCA_963762435.1	2
GCA_963762475.1	12
GCA_963762485.1	3
GCA_963762575.1	2
GCA_963762625.1	1
GCA_963762735.1	1
GCA_963762755.1	4
GCA_963762765.1	2
GCA_963762785.1	2
GCA_963762795.1	1
GCA_963762885.1	2
GCA_963763005.1	2
GCA_963763015.1	1
GCA_963763035.1	2
GCA_963763065.1	1
GCA_963763085.1	1
GCA_963763145.1	1
GCA_963763165.1	1
GCA_963763245.1	3
GCA_963763255.1	2
GCA_963763295.1	2
GCA_963763365.1	5
GCA_963763385.1	1
GCA_963763485.1	4
GCA_963763505.1	8
GCA_963763525.1	1
GCA_963763625.1	4
GCA_963763635.1	1
GCA_963763725.1	1
GCA_963763745.1	1
GCA_963763895.1	1
GCA_963764005.1	1
GCA_963764115.1	1
GCA_963764155.1	4
GCA_963764185.1	2
GCA_963764275.1	1
GCA_963764405.1	6
GCA_963764465.1	3
GCA_963764525.1	3
GCA_963764545.1	1
GCA_963764585.1	4
GCA_963764605.1	1
GCA_963764695.1	1
GCA_963764705.1	3
GCA_963764725.1	5
GCA_963764895.1	2
GCA_963764955.1	2
GCA_963765065.1	1
GCA_963765155.1	2
GCA_963765165.1	1
GCA_963765195.1	1
GCA_963765335.1	4
GCA_963765365.1	4
GCA_963765375.1	4
GCA_963765385.1	3
GCA_963765505.1	1
GCA_963765545.1	1
GCA_963765555.1	1
GCA_963765745.1	1
GCA_963765845.1	1
GCA_963765855.1	4
GCA_963765895.1	24
GCA_963765905.1	1
GCA_963766005.1	1
GCA_963766015.1	3
GCA_963766045.1	1
GCA_963766165.1	1
GCA_963766285.1	1
GCA_963766315.1	1
GCA_963766365.1	1
GCA_963766425.1	1
GCA_963766505.1	1
GCA_963766535.1	3
GCA_963766595.1	3
GCA_963766625.1	1
GCA_963766815.1	3
GCA_963766925.1	5
GCA_963767155.1	2
GCA_963767245.1	2
GCA_963767345.1	2
GCA_963767385.1	1
GCA_963767445.1	1
GCA_963767515.1	2
GCA_963767565.1	1
GCA_963767645.1	4
GCA_963767695.1	2
GCA_963767765.1	1
GCA_963767805.1	5
GCA_963767925.1	3
GCA_963767995.1	2
GCA_963768015.1	2
GCA_963768045.1	1
GCA_963768205.1	1
GCA_963768225.1	3
GCA_963768285.1	2
GCA_963768355.1	1
GCA_963768375.1	3
GCA_963768485.1	1
GCA_963768545.1	2
GCA_963768555.1	1
GCA_963768645.1	1
GCA_963768905.1	1
GCA_963768945.1	2
GCA_963768985.1	2
GCA_963769075.1	2
GCA_963769365.1	8
GCA_963769435.1	1
GCA_963769465.1	3
GCA_963769475.1	1
GCA_963769565.1	1
GCA_963769585.1	1
GCA_963769635.1	1
GCA_963769655.1	1
GCA_963769695.1	1
GCA_963769705.1	3
GCA_963769715.1	1
GCA_963769725.1	1
GCA_963769815.1	1
GCA_963769895.1	1
GCA_963770035.1	3
GCA_963770115.1	2
GCA_963770125.1	4
GCA_963770135.1	1
GCA_963770295.1	9
GCA_963770305.1	1
GCA_963770335.1	1
GCA_963770355.1	3
GCA_963770375.1	1
GCA_963770385.1	8
GCA_963770405.1	2
GCA_963770425.1	1
GCA_963770485.1	1
GCA_963770515.1	3
GCA_963770535.1	1
GCA_963770545.1	1
GCA_963770615.1	2
GCA_963770645.1	1
GCA_963770735.1	1
GCA_963770865.1	1
GCA_963770985.1	1
GCA_963771025.1	1
GCA_963771175.1	2
GCA_963771225.1	3
GCA_963771235.1	1
GCA_963771335.1	1
GCA_963771405.1	1
GCA_963771455.1	2
GCA_963771475.1	2
GCA_963771515.1	3
GCA_963771545.1	2
GCA_963771745.1	1
GCA_963771845.1	6
GCA_963771975.1	2
GCA_963771985.1	2
GCA_963772105.1	1
GCA_963772235.1	1
GCA_963772295.1	4
GCA_963772335.1	1
GCA_963772355.1	1
GCA_963772415.1	1
GCA_963772435.1	2
GCA_963772445.1	5
GCA_963772515.1	3
GCA_963772555.1	4
GCA_963772635.1	1
GCA_963772655.1	2
GCA_963772805.1	4
GCA_963772865.1	3
GCA_963772885.1	1
GCA_963772895.1	2
GCA_963772925.1	3
GCA_963772965.1	3
GCA_963773065.1	1
GCA_963773105.1	1
GCA_963773115.1	1
GCA_963773155.1	2
GCA_963773195.1	3
GCA_963773225.1	2
GCA_963773305.1	1
GCA_963773325.1	1
GCA_963773345.1	1
GCA_963773355.1	1
GCA_963773525.1	1
GCA_963773555.1	2
GCA_963773565.1	1
GCA_963773625.1	1
GCA_963773635.1	3
GCA_963773665.1	4
GCA_963773715.1	1
GCA_963773735.1	1
GCA_963774165.1	5
GCA_963774185.1	3
GCA_963774195.1	2
GCA_963774325.1	3
GCA_963774345.1	2
GCA_963774385.1	1
GCA_963774415.1	1
GCA_963774445.1	3
GCA_963774475.1	3
GCA_963774675.1	2
GCA_963774685.1	1
GCA_963774715.1	1
GCA_963774775.1	4
GCA_963774905.1	2
GCA_963774915.1	2
GCA_963774995.1	1
GCA_963775015.1	4
GCA_963775085.1	3
GCA_963775125.1	3
GCA_963775175.1	2
GCA_963775185.1	2
GCA_963775205.1	1
GCA_963775405.1	1
GCA_963775415.1	1
GCA_963775425.1	1
GCA_963775515.1	1
GCA_963775525.1	1
GCA_963775545.1	4
GCA_963775565.1	2
GCA_963775635.1	3
GCA_963775665.1	3
GCA_963775775.1	3
GCA_963775825.1	3
GCA_963775835.1	4
GCA_963775875.1	3
GCA_963776115.1	1
GCA_963776175.1	2
GCA_963776235.1	3
GCA_963776345.1	1
GCA_963776455.1	1
GCA_963776505.1	1
GCA_963776655.1	1
GCA_963776665.1	3
GCA_963776675.1	3
GCA_963776705.1	1
GCA_963776725.1	1
GCA_963776815.1	1
GCA_963777095.1	1
GCA_963777185.1	1
GCA_963777195.1	2
GCA_963777325.1	4
GCA_963777335.1	2
GCA_963777375.1	1
GCA_963777425.1	1
GCA_963777435.1	2
GCA_963777455.1	4
GCA_963777475.1	6
GCA_963777565.1	2
GCA_963777625.1	3
GCA_963777635.1	10
GCA_963777655.1	2
GCA_963777675.1	1
GCA_963777725.1	1
GCA_963777755.1	4
GCA_963777765.1	2
GCA_963777775.1	1
GCA_963777785.1	1
GCA_963777795.1	1
GCA_963778045.1	1
GCA_963778075.1	1
GCA_963778105.1	3
GCA_963778125.1	1
GCA_963778165.1	2
GCA_963778185.1	3
GCA_963778225.1	3
GCA_963778275.1	1
GCA_963778315.1	2
GCA_963778385.1	1
GCA_963778455.1	2
GCA_963778465.1	4
GCA_963778525.1	3
GCA_963778585.1	1
GCA_963778625.1	2
GCA_963778795.1	3
GCA_963778855.1	1
GCA_963778865.1	2
GCA_963778925.1	5
GCA_963778935.1	5
GCA_963778975.1	1
GCA_963778985.1	2
GCA_963779005.1	1
GCA_963779095.1	2
GCA_963779155.1	1
GCA_963779195.1	2
GCA_963779295.1	1
GCA_963779435.1	1
GCA_963779495.1	2
GCA_963779515.1	1
GCA_963779545.1	1
GCA_963779555.1	2
GCA_963779605.1	2
GCA_963779615.1	8
GCA_963779635.1	1
GCA_963779655.1	1
GCA_963779685.1	1
GCA_963779735.1	1
GCA_963779805.1	2
GCA_963779855.1	3
GCA_963779875.1	2
GCA_963779885.1	1
GCA_963780045.1	2
GCA_963780095.1	3
GCA_963780245.1	1
GCA_963780355.1	1
GCA_963780465.1	5
GCA_963780555.1	1
GCA_963780635.1	2
GCA_963780715.1	1
GCA_963780725.1	1
GCA_963780765.1	3
GCA_963780805.1	2
GCA_963780825.1	1
GCA_963780835.1	3
GCA_963780925.1	1
GCA_963780985.1	3
GCA_963781025.1	1
GCA_963781035.1	1
GCA_963781085.1	1
GCA_963781155.1	2
GCA_963781185.1	1
GCA_963781195.1	6
GCA_963781205.1	4
GCA_963781215.1	3
GCA_963781225.1	2
GCA_963781305.1	4
GCA_963781335.1	2
GCA_963781395.1	1
GCA_963781465.1	1
GCA_963781475.1	3
GCA_963781505.1	2
GCA_963781515.1	1
GCA_963781545.1	1
GCA_963781605.1	1
GCA_963781645.1	1
GCA_963781685.1	1
GCA_963781715.1	1
GCA_963781725.1	1
GCA_963781745.1	1
GCA_963781775.1	1
GCA_963781815.1	1
GCA_963781875.1	1
GCA_963781895.1	3
GCA_963781975.1	4
GCA_963782055.1	3
GCA_963782075.1	2
GCA_963782145.1	1
GCA_963782155.1	1
GCA_963782195.1	6
GCA_963782235.1	1
GCA_963782255.1	8
GCA_963782265.1	1
GCA_963782275.1	1
GCA_963782505.1	1
GCA_963782555.1	5
GCA_963782625.1	2
GCA_963782655.1	1
GCA_963782855.1	2
GCA_963782865.1	1
GCA_963782885.1	2
GCA_963782905.1	1
GCA_963782975.1	2
GCA_963783025.1	1
GCA_963783035.1	1
GCA_963783075.1	2
GCA_963783105.1	3
GCA_963783115.1	3
GCA_963783175.1	4
GCA_963783245.1	1
GCA_963783275.1	1
GCA_963783415.1	1
GCA_963783425.1	2
GCA_963783535.1	1
GCA_963783595.1	1
GCA_963783635.1	2
GCA_963783945.1	2
GCA_963784075.1	3
GCA_963784085.1	1
GCA_963784165.1	2
GCA_963784225.1	1
GCA_963784265.1	1
GCA_963784295.1	2
GCA_963784325.1	3
GCA_963784365.1	1
GCA_963784415.1	1
GCA_963784545.1	1
GCA_963784575.1	1
GCA_963784655.1	1
GCA_963784665.1	1
GCA_963784685.1	2
GCA_963784755.1	2
GCA_963784775.1	3
GCA_963784805.1	2
GCA_963784815.1	1
GCA_963784985.1	1
GCA_963785005.1	1
GCA_963785135.1	2
GCA_963785145.1	1
GCA_963785195.1	1
GCA_963785235.1	1
GCA_963785295.1	1
GCA_963785355.1	1
GCA_963785365.1	1
GCA_963785405.1	1
GCA_963785455.1	1
GCA_963785565.1	3
GCA_963785625.1	1
GCA_963785655.1	1
GCA_963785665.1	1
GCA_963785725.1	1
GCA_963785745.1	1
GCA_963785765.1	1
GCA_963785865.1	1
GCA_963785945.1	2
GCA_963785995.1	4
GCA_963786015.1	3
GCA_963786025.1	1
GCA_963786045.1	2
GCA_963786115.1	5
GCA_963786245.1	2
GCA_963786265.1	2
GCA_963786295.1	1
GCA_963786305.1	1
GCA_963786345.1	1
GCA_963786355.1	2
GCA_963786415.1	1
GCA_963786445.1	1
GCA_963786555.1	1
GCA_963786585.1	2
GCA_963786635.1	1
GCA_963786675.1	1
GCA_963786705.1	1
GCA_963786775.1	1
GCA_963786795.1	1
GCA_963786865.1	1
GCA_963786915.1	6
GCA_963786975.1	1
GCA_963787135.1	5
GCA_963787235.1	1
GCA_963787265.1	1
GCA_963787335.1	1
GCA_963787425.1	3
GCA_963787435.1	1
GCA_963787485.1	1
GCA_963787535.1	1
GCA_963787595.1	2
GCA_963787645.1	1
GCA_963787655.1	2
GCA_963787675.1	9
GCA_963787695.1	1
GCA_963787725.1	2
GCA_963787895.1	1
GCA_963787955.1	1
GCA_963787965.1	1
GCA_963788005.1	1
GCA_963788035.1	2
GCA_963788075.1	3
GCA_963788085.1	2
GCA_963788095.1	2
GCA_963788125.1	2
GCA_963788185.1	1
GCA_963788265.1	3
GCA_963788355.1	1
GCA_963788445.1	1
GCA_963788565.1	2
GCA_963788585.1	1
GCA_963788635.1	2
GCA_963788755.1	1
GCA_963788805.1	1
GCA_963788885.1	5
GCA_963788955.1	1
GCA_963789005.1	1
GCA_963789015.1	1
GCA_963789025.1	2
GCA_963789105.1	1
GCA_963789165.1	2
GCA_963789225.1	2
GCA_963789255.1	1
GCA_963789275.1	6
GCA_963789365.1	1
GCA_963789375.1	1
GCA_963789395.1	1
GCA_963789405.1	1
GCA_963789415.1	1
GCA_963789455.1	1
GCA_963789495.1	1
GCA_963789535.1	1
GCA_963789645.1	6
GCA_963789705.1	1
GCA_963789715.1	1
GCA_963789775.1	5
GCA_963789785.1	1
GCA_963789855.1	2
GCA_963789885.1	6
GCA_963789945.1	3
GCA_963789955.1	1
GCA_963790065.1	1
GCA_963790095.1	1
GCA_963790175.1	3
GCA_963790225.1	2
GCA_963790285.1	3
GCA_963790365.1	1
GCA_963790495.1	1
GCA_963790515.1	3
GCA_963790535.1	2
GCA_963790595.1	3
GCA_963790735.1	3
GCA_963790875.1	5
GCA_963790905.1	1
GCA_963790975.1	4
GCA_963791105.1	1
GCA_963791155.1	1
GCA_963791165.1	4
GCA_963791215.1	1
GCA_963791235.1	2
GCA_963791255.1	5
GCA_963791325.1	1
GCA_963791355.1	3
GCA_963791365.1	1
GCA_963791375.1	6
GCA_963791495.1	2
GCA_963791595.1	3
GCA_963791615.1	1
GCA_963791665.1	3
GCA_963791765.1	1
GCA_963791825.1	1
GCA_963791885.1	4
GCA_963791925.1	4
GCA_963791945.1	5
GCA_963791955.1	10
GCA_963791975.1	1
GCA_963792485.1	1
GCA_963792525.1	1
GCA_963792555.1	2
GCA_963792635.1	1
GCA_963792675.1	3
GCA_963792715.1	1
GCA_963792725.1	1
GCA_963792735.1	1
GCA_963792765.1	3
GCA_963792805.1	3
GCA_963792815.1	1
GCA_963792825.1	2
GCA_963792845.1	2
GCA_963792855.1	2
GCA_963792865.1	1
GCA_963792875.1	1
GCA_963792885.1	1
GCA_963792915.1	2
GCA_963792945.1	1
GCA_963792975.1	1
GCA_963793005.1	1
GCA_963793025.1	1
GCA_963793075.1	1
GCA_963793165.1	3
GCA_963793315.1	1
GCA_963793355.1	4
GCA_963793625.1	1
GCA_963793675.1	2
GCA_963793685.1	2
GCA_963793725.1	1
GCA_963793825.1	1
GCA_963793845.1	1
GCA_963793855.1	2
GCA_963793895.1	1
GCA_963793985.1	2
GCA_963794075.1	1
GCA_963794155.1	2
GCA_963794185.1	2
GCA_963794225.1	8
GCA_963794245.1	3
GCA_963794285.1	3
GCA_963794355.1	1
GCA_963794465.1	1
GCA_963794475.1	2
GCA_963794515.1	1
GCA_963794545.1	1
GCA_963794585.1	1
GCA_963794625.1	5
GCA_963794655.1	3
GCA_963794665.1	1
GCA_963794725.1	1
GCA_963794735.1	1
GCA_963794775.1	4
GCA_963794785.1	1
GCA_963794805.1	1
GCA_963795045.1	2
GCA_963795055.1	1
GCA_963795065.1	2
GCA_963795075.1	2
GCA_963795095.1	1
GCA_963795115.1	1
GCA_963795135.1	1
GCA_963795215.1	2
GCA_963795225.1	1
GCA_963795255.1	4
GCA_963795275.1	2
GCA_963795285.1	2
GCA_963795365.1	3
GCA_963795415.1	3
GCA_963795435.1	3
GCA_963795475.1	1
GCA_963795485.1	1
GCA_963795525.1	1
GCA_963795615.1	1
GCA_963795695.1	1
GCA_963795795.1	2
GCA_963795825.1	1
GCA_963795865.1	4
GCA_963795885.1	1
GCA_963795915.1	1
GCA_963795995.1	1
GCA_963796035.1	1
GCA_963796055.1	1
GCA_963796155.1	2
GCA_963796195.1	6
GCA_963796225.1	1
GCA_963796415.1	2
GCA_963796445.1	1
GCA_963796525.1	1
GCA_963796545.1	2
GCA_963796575.1	2
GCA_963796615.1	2
GCA_963796695.1	1
GCA_963796745.1	2
GCA_963796805.1	1
GCA_963796885.1	3
GCA_963796975.1	1
GCA_963797005.1	3
GCA_963797015.1	1
GCA_963797115.1	3
GCA_963797295.1	2
GCA_963797305.1	3
GCA_963797325.1	1
GCA_963797365.1	1
GCA_963797395.1	4
GCA_963797455.1	2
GCA_963797505.1	1
GCA_963797525.1	1
GCA_963797555.1	1
GCA_963797605.1	2
GCA_963797735.1	1
GCA_963797775.1	3
GCA_963797905.1	1
GCA_963797925.1	1
GCA_963798015.1	1
GCA_963798045.1	1
GCA_963798055.1	1
GCA_963798075.1	2
GCA_963798095.1	2
GCA_963798115.1	3
GCA_963798145.1	5
GCA_963798185.1	2
GCA_963798235.1	2
GCA_963798255.1	3
GCA_963798325.1	2
GCA_963798385.1	2
GCA_963798405.1	1
GCA_963798485.1	1
GCA_963798505.1	1
GCA_963798515.1	1
GCA_963798575.1	4
GCA_963798595.1	1
GCA_963798625.1	1
GCA_963798655.1	2
GCA_963798675.1	1
GCA_963798765.1	2
GCA_963798805.1	2
GCA_963798815.1	4
GCA_963798825.1	1
GCA_963798965.1	1
GCA_963798975.1	1
GCA_963799085.1	2
GCA_963799245.1	1
GCA_963799285.1	1
GCA_963799325.1	1
GCA_963799415.1	2
GCA_963799455.1	1
GCA_963799475.1	5
GCA_963799495.1	1
GCA_963799505.1	1
GCA_963799745.1	2
GCA_963799825.1	1
GCA_963799885.1	2
GCA_963799925.1	1
GCA_963799945.1	2
GCA_963799985.1	1
GCA_963799995.1	1
GCA_963800125.1	2
GCA_963800155.1	1
GCA_963800185.1	1
GCA_963800195.1	2
GCA_963800215.1	6
GCA_963800225.1	1
GCA_963800245.1	1
GCA_963800295.1	1
GCA_963800315.1	1
GCA_963800385.1	2
GCA_963800415.1	1
GCA_963800485.1	1
GCA_963800565.1	1
GCA_963800715.1	1
GCA_963800815.1	1
GCA_963800985.1	5
GCA_963801015.1	1
GCA_963801035.1	2
GCA_963801065.1	1
GCA_963801125.1	2
GCA_963801135.1	3
GCA_963801155.1	1
GCA_963801325.1	2
GCA_963801365.1	1
GCA_963801405.1	3
GCA_963801435.1	1
GCA_963801685.1	1
GCA_963801865.1	1
GCA_963801875.1	2
GCA_963801955.1	2
GCA_963802215.1	1
GCA_963802225.1	1
GCA_963802355.1	2
GCA_963802415.1	1
GCA_963802435.1	1
GCA_963802475.1	1
GCA_963802535.1	4
GCA_963802585.1	8
GCA_963802615.1	1
GCA_963802635.1	1
GCA_963802645.1	1
GCA_963802655.1	3
GCA_963802745.1	7
GCA_963802815.1	2
GCA_963802845.1	2
GCA_963802975.1	1
GCA_963803015.1	1
GCA_963803065.1	1
GCA_963803115.1	1
GCA_963803135.1	2
GCA_963803225.1	2
GCA_963803235.1	2
GCA_963803385.1	4
GCA_963803395.1	1
GCA_963803435.1	1
GCA_963803475.1	2
GCA_963803575.1	1
GCA_963803595.1	2
GCA_963803665.1	1
GCA_963803845.1	3
GCA_963804015.1	2
GCA_963804045.1	2
GCA_963804105.1	1
GCA_963804205.1	3
GCA_963804235.1	3
GCA_963804355.1	1
GCA_963804405.1	11
GCA_963804435.1	2
GCA_963804455.1	1
GCA_963804465.1	1
GCA_963804495.1	2
GCA_963804515.1	3
GCA_963804695.1	1
GCA_963804705.1	4
GCA_963804725.1	3
GCA_963804805.1	3
GCA_963804845.1	2
GCA_963804885.1	4
GCA_963804905.1	1
GCA_963805005.1	1
GCA_963805125.1	1
GCA_963805245.1	2
GCA_963805255.1	1
GCA_963805295.1	2
GCA_963805325.1	1
GCA_963805345.1	1
GCA_963805355.1	2
GCA_963805425.1	1
GCA_963805445.1	2
GCA_963805525.1	2
GCA_963805535.1	1
GCA_963805555.1	1
GCA_963805625.1	1
GCA_963805705.1	1
GCA_963805715.1	1
GCA_963805795.1	1
GCA_963805815.1	2
GCA_963805945.1	1
GCA_963805965.1	1
GCA_963805985.1	1
GCA_963806015.1	1
GCA_963806075.1	2
GCA_963806225.1	1
GCA_963806335.1	1
GCA_963806465.1	17
GCA_963806475.1	2
GCA_963806665.1	3
GCA_963806675.1	2
GCA_963806735.1	3
GCA_963806815.1	1
GCA_963806835.1	3
GCA_963806925.1	1
GCA_963806935.1	1
GCA_963806945.1	2
GCA_963807015.1	8
GCA_963807085.1	1
GCA_963807125.1	1
GCA_963807155.1	2
GCA_963807175.1	1
GCA_963807335.1	2
GCA_963807565.1	3
GCA_963807655.1	1
GCA_963807665.1	1
GCA_963807735.1	1
GCA_963807815.1	1
GCA_963807865.1	3
GCA_963807985.1	3
GCA_963808035.1	2
GCA_963808205.1	2
GCA_963808315.1	2
GCA_963808345.1	1
GCA_963808375.1	1
GCA_963808505.1	1
GCA_963808525.1	3
GCA_963808605.1	2
GCA_963808615.1	1
GCA_963808655.1	1
GCA_963808675.1	2
GCA_963808855.1	1
GCA_963808965.1	7
GCA_963808975.1	2
GCA_963809025.1	5
GCA_963809055.1	4
GCA_963809245.1	2
GCA_963809265.1	1
GCA_963809285.1	1
GCA_963809515.1	1
GCA_963809565.1	2
GCA_963809675.1	2
GCA_963809685.1	2
GCA_963809795.1	2
GCA_963809965.1	3
GCA_963809975.1	1
GCA_963809985.1	11
GCA_963810035.1	2
GCA_963810045.1	3
GCA_963810085.1	7
GCA_963810125.1	2
GCA_963810175.1	1
GCA_963810255.1	3
GCA_963810395.1	3
GCA_963810435.1	1
GCA_963810475.1	2
GCA_963810485.1	3
GCA_963810535.1	1
GCA_963810585.1	2
GCA_963810675.1	2
GCA_963810715.1	2
GCA_963810745.1	1
GCA_963810755.1	1
GCA_963810775.1	1
GCA_963810815.1	1
GCA_963810965.1	1
GCA_963810985.1	2
GCA_963811015.1	3
GCA_963811115.1	1
GCA_963811135.1	4
GCA_963811215.1	3
GCA_963811265.1	2
GCA_963811295.1	1
GCA_963811325.1	1
GCA_963811365.1	3
GCA_963811425.1	1
GCA_963811485.1	1
GCA_963811535.1	1
GCA_963811555.1	2
GCA_963811605.1	2
GCA_963811685.1	2
GCA_963811795.1	2
GCA_963811915.1	5
GCA_963811975.1	4
GCA_963812025.1	2
GCA_963812045.1	1
GCA_963812055.1	1
GCA_963812075.1	3
GCA_963812095.1	1
GCA_963812105.1	1
GCA_963812135.1	2
GCA_963812235.1	1
GCA_963812255.1	2
GCA_963812275.1	2
GCA_963812285.1	1
GCA_963812435.1	1
GCA_963812475.1	1
GCA_963812505.1	2
GCA_963812585.1	2
GCA_963812635.1	2
GCA_963812675.1	3
GCA_963812775.1	1
GCA_963812795.1	2
GCA_963812975.1	1
GCA_963813135.1	1
GCA_963813165.1	4
GCA_963813195.1	3
GCA_963813265.1	2
GCA_963813315.1	2
GCA_963813395.1	1
GCA_963813415.1	3
GCA_963813555.1	3
GCA_963813615.1	1
GCA_963813755.1	3
GCA_963813825.1	2
GCA_963813905.1	1
GCA_963813955.1	4
GCA_963813975.1	3
GCA_963814055.1	4
GCA_963814065.1	1
GCA_963814215.1	1
GCA_963814225.1	2
GCA_963814355.1	1
GCA_963814385.1	3
GCA_963814435.1	6
GCA_963814455.1	1
GCA_963814505.1	1
GCA_963814615.1	1
GCA_963814625.1	1
GCA_963814645.1	1
GCA_963814675.1	2
GCA_963814805.1	2
GCA_963814835.1	1
GCA_963814845.1	1
GCA_963814885.1	1
GCA_963814905.1	1
GCA_963814945.1	2
GCA_963814985.1	1
GCA_963815055.1	3
GCA_963815165.1	1
GCA_963815185.1	1
GCA_963815335.1	1
GCA_963815365.1	4
GCA_963815375.1	1
GCA_963815435.1	4
GCA_963815585.1	1
GCA_963815595.1	2
GCA_963815605.1	3
GCA_963815615.1	1
GCA_963815705.1	3
GCA_963815795.1	3
GCA_963815815.1	8
GCA_963815825.1	2
GCA_963815955.1	4
GCA_963816005.1	6
GCA_963816015.1	3
GCA_963816065.1	2
GCA_963816165.1	2
GCA_963816295.1	6
GCA_963816305.1	1
GCA_963816315.1	5
GCA_963816325.1	2
GCA_963816365.1	1
GCA_963816415.1	1
GCA_963816445.1	8
GCA_963816495.1	1
GCA_963816515.1	1
GCA_963816565.1	2
GCA_963816615.1	1
GCA_963816655.1	3
GCA_963816745.1	2
GCA_963816775.1	4
GCA_963816805.1	5
GCA_963816815.1	5
GCA_963816915.1	2
GCA_963816925.1	2
GCA_963816945.1	1
GCA_963816955.1	1
GCA_963816965.1	1
GCA_963816995.1	1
GCA_963817015.1	3
GCA_963817125.1	1
GCA_963817135.1	5
GCA_963817155.1	1
GCA_963817175.1	3
GCA_963817185.1	1
GCA_963817365.1	4
GCA_963817485.1	4
GCA_963817495.1	1
GCA_963817665.1	2
GCA_963817705.1	2
GCA_963817725.1	2
GCA_963817785.1	2
GCA_963817815.1	2
GCA_963817875.1	1
GCA_963817985.1	1
GCA_963817995.1	1
GCA_963818005.1	2
GCA_963818075.1	1
GCA_963818155.1	16
GCA_963818175.1	5
GCA_963818225.1	1
GCA_963818505.1	4
GCA_963818675.1	1
GCA_963818685.1	2
GCA_963818695.1	2
GCA_963818725.1	7
GCA_963818775.1	2
GCA_963818785.1	1
GCA_963818815.1	1
GCA_963818845.1	2
GCA_963818885.1	2
GCA_963818905.1	2
GCA_963818915.1	3
GCA_963818995.1	1
GCA_963819005.1	2
GCA_963819055.1	2
GCA_963819075.1	4
GCA_963819145.1	1
GCA_963819255.1	3
GCA_963819265.1	1
GCA_963819295.1	1
GCA_963819305.1	3
GCA_963819325.1	4
GCA_963819345.1	1
GCA_963819355.1	6
GCA_963819375.1	4
GCA_963819385.1	5
GCA_963819465.1	3
GCA_963819475.1	1
GCA_963819545.1	1
GCA_963819585.1	1
GCA_963819605.1	1
GCA_963819615.1	1
GCA_963819665.1	2
GCA_963819685.1	1
GCA_963819705.1	1
GCA_963819735.1	1
GCA_963819775.1	2
GCA_963819785.1	3
GCA_963819855.1	1
GCA_963819895.1	1
GCA_963819915.1	4
GCA_963819935.1	6
GCA_963819965.1	3
GCA_963819995.1	2
GCA_963820005.1	4
GCA_963820015.1	1
GCA_963820045.1	1
GCA_963820075.1	1
GCA_963820095.1	1
GCA_963820145.1	3
GCA_963820155.1	3
GCA_963820185.1	1
GCA_963820275.1	4
GCA_963820365.1	3
GCA_963820375.1	6
GCA_963820775.1	1
GCA_963820795.1	3
GCA_963820805.1	3
GCA_963820965.1	5
GCA_963821175.1	2
GCA_963821255.1	2
GCA_963821365.1	1
GCA_963821485.1	2
GCA_963821505.1	3
GCA_963821555.1	5
GCA_963821565.1	2
GCA_963821785.1	1
GCA_963821795.1	2
GCA_963821875.1	1
GCA_963821965.1	5
GCA_963821975.1	1
GCA_963821995.1	2
GCA_963822025.1	1
GCA_963822035.1	1
GCA_963822085.1	1
GCA_963822115.1	1
GCA_963822165.1	1
GCA_963822215.1	3
GCA_963822305.1	1
GCA_963822335.1	2
GCA_963822365.1	1
GCA_963822375.1	1
GCA_963822435.1	1
GCA_963822465.1	4
GCA_963822485.1	2
GCA_963822495.1	1
GCA_963822535.1	2
GCA_963822675.1	1
GCA_963822705.1	1
GCA_963822735.1	1
GCA_963822765.1	2
GCA_963822795.1	13
GCA_963822805.1	2
GCA_963822825.1	2
GCA_963822835.1	1
GCA_963822855.1	1
GCA_963822935.1	1
GCA_963822955.1	1
GCA_963822985.1	4
GCA_963823115.1	1
GCA_963823135.1	15
GCA_963823165.1	4
GCA_963823225.1	3
GCA_963823235.1	1
GCA_963823415.1	2
GCA_963823435.1	2
GCA_963823455.1	1
GCA_963823485.1	4
GCA_963823515.1	1
GCA_963823525.1	1
GCA_963823535.1	2
GCA_963823685.1	1
GCA_963823965.1	2
GCA_963824005.1	4
GCA_963824135.1	2
GCA_963824265.1	1
GCA_963824295.1	5
GCA_963824305.1	1
GCA_963824385.1	1
GCA_963824395.1	1
GCA_963824465.1	3
GCA_963824475.1	3
GCA_963824525.1	3
GCA_963824545.1	1
GCA_963824755.1	2
GCA_963824905.1	8
GCA_963824915.1	7
GCA_963824935.1	2
GCA_963825015.1	2
GCA_963825105.1	1
GCA_963825135.1	1
GCA_963825225.1	3
GCA_963825265.1	1
GCA_963825385.1	2
GCA_963825455.1	1
GCA_963825475.1	1
GCA_963825515.1	2
GCA_963825555.1	1
GCA_963825625.1	2
GCA_963825645.1	1
GCA_963825655.1	1
GCA_963825715.1	1
GCA_963825755.1	1
GCA_963825835.1	6
GCA_963825865.1	10
GCA_963825895.1	1
GCA_963826015.1	1
GCA_963826035.1	1
GCA_963826055.1	1
GCA_963826075.1	3
GCA_963826085.1	2
GCA_963826145.1	1
GCA_963826155.1	2
GCA_963826265.1	2
GCA_963826295.1	11
GCA_963826365.1	1
GCA_963826395.1	2
GCA_963826415.1	1
GCA_963826445.1	1
GCA_963826465.1	1
GCA_963826655.1	2
GCA_963826695.1	1
GCA_963826705.1	2
GCA_963826795.1	1
GCA_963826895.1	1
GCA_963826945.1	11
GCA_963826975.1	3
GCA_963826995.1	1
GCA_963827025.1	3
GCA_963827185.1	1
GCA_963827195.1	1
GCA_963827335.1	1
GCA_963827365.1	9
GCA_963827385.1	1
GCA_963827435.1	3
GCA_963827465.1	2
GCA_963827505.1	1
GCA_963827545.1	2
GCA_963827555.1	3
GCA_963827575.1	1
GCA_963827585.1	2
GCA_963827595.1	3
GCA_963827615.1	1
GCA_963827645.1	3
GCA_963827805.1	3
GCA_963827885.1	1
GCA_963827925.1	1
GCA_963827955.1	1
GCA_963828045.1	2
GCA_963828065.1	1
GCA_963828185.1	5
GCA_963828215.1	5
GCA_963828305.1	1
GCA_963828365.1	2
GCA_963828435.1	1
GCA_963828445.1	1
GCA_963828475.1	5
GCA_963828555.1	1
GCA_963828625.1	2
GCA_963828645.1	3
GCA_963828675.1	1
GCA_963828685.1	1
GCA_963828695.1	2
GCA_963828715.1	2
GCA_963828725.1	1
GCA_963829075.1	3
GCA_963829085.1	4
GCA_963829305.1	1
GCA_963829315.1	1
GCA_963829375.1	6
GCA_963829385.1	3
GCA_963829395.1	12
GCA_963829405.1	1
GCA_963829415.1	2
GCA_963829465.1	9
GCA_963829495.1	1
GCA_963829505.1	1
GCA_963829515.1	4
GCA_963829565.1	1
GCA_963829625.1	1
GCA_963829635.1	2
GCA_963829665.1	2
GCA_963829725.1	2
GCA_963829755.1	1
GCA_963829775.1	1
GCA_963829785.1	1
GCA_963829835.1	1
GCA_963829875.1	6
GCA_963829975.1	1
GCA_963829995.1	1
GCA_963830015.1	2
GCA_963830065.1	1
GCA_963830075.1	2
GCA_963830085.1	1
GCA_963830095.1	1
GCA_963830115.1	1
GCA_963830125.1	2
GCA_963830145.1	1
GCA_963830195.1	1
GCA_963830295.1	1
GCA_963830385.1	1
GCA_963830395.1	2
GCA_963830405.1	1
GCA_963830435.1	2
GCA_963830485.1	3
GCA_963830565.1	2
GCA_963830595.1	2
GCA_963830605.1	1
GCA_963830755.1	1
GCA_963830775.1	2
GCA_963830925.1	9
GCA_963831015.1	1
GCA_963831105.1	1
GCA_963831135.1	12
GCA_963831165.1	10
GCA_963831175.1	1
GCA_963831225.1	1
GCA_963831255.1	3
GCA_963831275.1	1
GCA_963831315.1	1
GCA_963831345.1	4
GCA_963831375.1	1
GCA_963831475.1	1
GCA_963831505.1	9
GCA_963831515.1	4
GCA_963831535.1	1
GCA_963831585.1	7
GCA_963831615.1	1
GCA_963831645.1	5
GCA_963831685.1	1
GCA_963831845.1	1
GCA_963831975.1	3
GCA_963832045.1	2
GCA_963832245.1	1
GCA_963832295.1	2
GCA_963832305.1	3
GCA_963832315.1	1
GCA_963832415.1	3
GCA_963832445.1	4
GCA_963832465.1	1
GCA_963832505.1	1
GCA_963832515.1	1
GCA_963832525.1	3
GCA_963832575.1	2
GCA_963832605.1	9
GCA_963832685.1	1
GCA_963832705.1	1
GCA_963832725.1	1
GCA_963832795.1	2
GCA_963832865.1	3
GCA_963832875.1	1
GCA_963832895.1	2
GCA_963833115.1	1
GCA_963833155.1	2
GCA_963833195.1	1
GCA_963833235.1	1
GCA_963833305.1	1
GCA_963833515.1	1
GCA_963833605.1	3
GCA_963833665.1	5
GCA_963833715.1	4
GCA_963833735.1	2
GCA_963833745.1	3
GCA_963833775.1	1
GCA_963833835.1	2
GCA_963833885.1	1
GCA_963833915.1	1
GCA_963833935.1	1
GCA_963833955.1	1
GCA_963833985.1	2
GCA_963834045.1	3
GCA_963834165.1	1
GCA_963834235.1	2
GCA_963834245.1	1
GCA_963834275.1	1
GCA_963834285.1	1
GCA_963834335.1	3
GCA_963834475.1	1
GCA_963834485.1	2
GCA_963834515.1	2
GCA_963834625.1	1
GCA_963834675.1	1
GCA_963834695.1	1
GCA_963834715.1	9
GCA_963834775.1	1
GCA_963834845.1	2
GCA_963834855.1	1
GCA_963834885.1	1
GCA_963834895.1	1
GCA_963834945.1	3
GCA_963834955.1	1
GCA_963835085.1	1
GCA_963835125.1	1
GCA_963835135.1	2
GCA_963835165.1	3
GCA_963835195.1	9
GCA_963835215.1	2
GCA_963835285.1	1
GCA_963835295.1	3
GCA_963835325.1	1
GCA_963835385.1	2
GCA_963835425.1	1
GCA_963835495.1	1
GCA_963835645.1	3
GCA_963835715.1	2
GCA_963835775.1	1
GCA_963835825.1	3
GCA_963835875.1	2
GCA_963835885.1	2
GCA_963835955.1	3
GCA_963835985.1	1
GCA_963836025.1	1
GCA_963836055.1	6
GCA_963836065.1	3
GCA_963836095.1	6
GCA_963836195.1	1
GCA_963836255.1	2
GCA_963836265.1	1
GCA_963836275.1	1
GCA_963836295.1	1
GCA_963836355.1	2
GCA_963836485.1	1
GCA_963836595.1	1
GCA_963836695.1	1
GCA_963836715.1	1
GCA_963836745.1	1
GCA_963836765.1	4
GCA_963836845.1	2
GCA_963836905.1	1
GCA_963837045.1	3
GCA_963837075.1	2
GCA_963837105.1	1
GCA_963837175.1	5
GCA_963837195.1	1
GCA_963837235.1	1
GCA_963837255.1	2
GCA_963837285.1	2
GCA_963837375.1	1
GCA_963837385.1	2
GCA_963837485.1	2
GCA_963837515.1	2
GCA_963837565.1	1
GCA_963837575.1	1
GCA_963837655.1	1
GCA_963837675.1	3
GCA_963837775.1	4
GCA_963837845.1	5
GCA_963837915.1	1
GCA_963837975.1	5
GCA_963837995.1	1
GCA_963838025.1	2
GCA_963838095.1	1
GCA_963838235.1	1
GCA_963838385.1	6
GCA_963838615.1	4
GCA_963838655.1	1
GCA_963838695.1	3
GCA_963838765.1	1
GCA_963838805.1	1
GCA_963838815.1	3
GCA_963838865.1	1
GCA_963838905.1	2
GCA_963839055.1	1
GCA_963839085.1	3
GCA_963839095.1	1
GCA_963839105.1	1
GCA_963839135.1	2
GCA_963839185.1	2
GCA_963839215.1	1
GCA_963839245.1	6
GCA_963839265.1	1
GCA_963839345.1	1
GCA_963839435.1	1
GCA_963839465.1	1
GCA_963839645.1	3
GCA_963839725.1	1
GCA_963839885.1	1
GCA_963839985.1	3
GCA_963840055.1	3
GCA_963840065.1	1
GCA_963840075.1	2
GCA_963840085.1	7
GCA_963840155.1	2
GCA_963840195.1	2
GCA_963840275.1	1
GCA_963840405.1	3
GCA_963840415.1	8
GCA_963840425.1	2
GCA_963840445.1	3
GCA_963840465.1	3
GCA_963840495.1	1
GCA_963840535.1	4
GCA_963840545.1	2
GCA_963840785.1	1
GCA_963840805.1	2
GCA_963840905.1	1
GCA_963840925.1	1
GCA_963841025.1	9
GCA_963841065.1	1
GCA_963841105.1	4
GCA_963841395.1	2
GCA_963841415.1	1
GCA_963841535.1	3
GCA_963841555.1	1
GCA_963841565.1	3
GCA_963841575.1	1
GCA_963841585.1	2
GCA_963841595.1	1
GCA_963841615.1	1
GCA_963841625.1	1
GCA_963841665.1	4
GCA_963841685.1	1
GCA_963841695.1	2
GCA_963841705.1	8
GCA_963841755.1	1
GCA_963841815.1	2
GCA_963841875.1	1
GCA_963841945.1	1
GCA_963841995.1	3
GCA_963842015.1	2
GCA_963842065.1	1
GCA_963842075.1	1
GCA_963842125.1	1
GCA_963842155.1	2
GCA_963842175.1	1
GCA_963842265.1	5
GCA_963842355.1	1
GCA_963842415.1	1
GCA_963842515.1	1
GCA_963842535.1	2
GCA_963842565.1	3
GCA_963842645.1	1
GCA_963842775.1	2
GCA_963842795.1	1
GCA_963842835.1	2
GCA_963842915.1	1
GCA_963842955.1	1
GCA_963843035.1	2
GCA_963843075.1	2
GCA_963843135.1	1
GCA_963843185.1	2
GCA_963843225.1	7
GCA_963843235.1	1
GCA_963843295.1	1
GCA_963843435.1	3
GCA_963843475.1	3
GCA_963843565.1	1
GCA_963843595.1	2
GCA_963843675.1	1
GCA_963843685.1	1
GCA_963843725.1	1
GCA_963843745.1	2
GCA_963843775.1	1
GCA_963843805.1	2
GCA_963843815.1	1
GCA_963843915.1	2
GCA_963843945.1	2
GCA_963843955.1	2
GCA_963843985.1	2
GCA_963844005.1	1
GCA_963844155.1	3
GCA_963844185.1	4
GCA_963844195.1	3
GCA_963844225.1	1
GCA_963844255.1	2
GCA_963844305.1	3
GCA_963844355.1	1
GCA_963844375.1	3
GCA_963844405.1	1
GCA_963844455.1	2
GCA_963844495.1	2
GCA_963844535.1	3
GCA_963844545.1	10
GCA_963844555.1	2
GCA_963844595.1	1
GCA_963844625.1	2
GCA_963844635.1	1
GCA_963844655.1	1
GCA_963844695.1	2
GCA_963844805.1	1
GCA_963845075.1	12
GCA_963845095.1	1
GCA_963845135.1	1
GCA_963845145.1	2
GCA_963845195.1	1
GCA_963845215.1	2
GCA_963845385.1	1
GCA_963845435.1	1
GCA_963845485.1	2
GCA_963845515.1	2
GCA_963845645.1	1
GCA_963845735.1	2
GCA_963846005.1	2
GCA_963846055.1	11
GCA_963846225.1	1
GCA_963846265.1	2
GCA_963846315.1	3
GCA_963846345.1	2
GCA_963846365.1	2
GCA_963846475.1	2
GCA_963846485.1	2
GCA_963846505.1	1
GCA_963846525.1	1
GCA_963846605.1	1
GCA_963846655.1	1
GCA_963846675.1	1
GCA_963846715.1	3
GCA_963846765.1	1
GCA_963846845.1	2
GCA_963846855.1	1
GCA_963846885.1	1
GCA_963846905.1	1
GCA_963847015.1	4
GCA_963847045.1	10
GCA_963847055.1	1
GCA_963847145.1	3
GCA_963847215.1	1
GCA_963847265.1	2
GCA_963847335.1	1
GCA_963847345.1	2
GCA_963847435.1	4
GCA_963847605.1	1
GCA_963847615.1	1
GCA_963847675.1	1
GCA_963847705.1	3
GCA_963847785.1	10
GCA_963847795.1	2
GCA_963847935.1	1
GCA_963847965.1	2
GCA_963848025.1	2
GCA_963848035.1	2
GCA_963848185.1	2
GCA_963848205.1	1
GCA_963848295.1	1
GCA_963848325.1	1
GCA_963848415.1	1
GCA_963848475.1	3
GCA_963848495.1	3
GCA_963848535.1	2
GCA_963848595.1	1
GCA_963848855.1	4
GCA_963848975.1	1
GCA_963849005.1	2
GCA_963849015.1	1
GCA_963849065.1	1
GCA_963849085.1	2
GCA_963849115.1	1
GCA_963849235.1	2
GCA_963849285.1	1
GCA_963849305.1	5
GCA_963849455.1	1
GCA_963849665.1	1
GCA_963849695.1	1
GCA_963849745.1	1
GCA_963849815.1	1
GCA_963849845.1	3
GCA_963849885.1	2
GCA_963849935.1	2
GCA_963850005.1	1
GCA_963850055.1	8
GCA_963850105.1	1
GCA_963850115.1	1
GCA_963850135.1	1
GCA_963850245.1	11
GCA_963850305.1	2
GCA_963850335.1	1
GCA_963850395.1	1
GCA_963850525.1	4
GCA_963850535.1	3
GCA_963850595.1	1
GCA_963850605.1	1
GCA_963850705.1	1
GCA_963850855.1	2
GCA_963850875.1	2
GCA_963850885.1	1
GCA_963850955.1	1
GCA_963851025.1	1
GCA_963851215.1	1
GCA_963851225.1	3
GCA_963851295.1	2
GCA_963851345.1	2
GCA_963851415.1	2
GCA_963851465.1	2
GCA_963854795.1	1
GCA_963921255.3	1
GCA_963921345.3	1
GCA_963921355.3	1
GCA_963922235.1	2
GCA_963922405.1	1
GCA_963922415.1	2
GCA_963922455.1	4
GCA_963922535.1	3
GCA_963922565.1	2
GCA_963922595.1	1
GCA_963922635.1	1
GCA_963922705.1	1
GCA_963922715.1	1
GCA_963922875.1	3
GCA_963923185.1	1
GCA_963923385.1	2
GCA_963923415.1	1
GCA_963923875.1	2
GCA_963924885.1	1
GCA_963925275.1	1
GCA_963925735.1	1
GCA_963926245.1	1
GCA_963932905.1	1
GCA_963933055.1	1
GCA_963933825.1	1
GCA_963934545.1	1
GCA_963966365.1	1
GCA_963966455.1	1
GCA_963973475.1	2
GCA_963973995.1	1
GCA_963974065.1	3
GCA_963974145.1	1
GCA_963974265.1	4
GCA_963974325.1	1
GCA_963974445.1	2
GCA_963974595.1	2
GCA_963974645.1	1
GCA_963974675.1	2
GCA_963974865.1	1
GCA_963974935.1	2
GCA_963974965.1	1
GCA_963975135.1	1
GCA_963975615.1	2
GCA_963975885.1	1
GCA_963976125.1	1
GCA_963976265.1	2
GCA_963976395.1	1
GCA_963976415.1	2
GCA_963976475.1	1
GCA_963976575.1	1
GCA_963976645.1	1
GCA_963976655.1	1
GCA_963976695.1	1
GCA_963976795.1	1
GCA_963976885.1	2
GCA_963977275.1	1
GCA_963977485.1	3
GCA_963977495.1	1
GCA_963977835.1	4
GCA_963978075.1	1
GCA_963990595.1	4
GCA_963992225.1	2
GCA_963996595.1	3
GCA_964009795.1	1
GCA_964010045.1	1
GCA_964010795.1	1
GCA_964013055.1	1
GCA_964013445.1	1
GCA_964015995.1	1
GCA_964016105.1	2
GCA_964022195.1	1
GCA_964022225.1	1
GCA_964022245.1	1
GCA_964022585.1	1
GCA_964022595.1	1
GCA_964031875.1	3
GCA_964194245.1	7
GCA_964194625.1	2
GCA_964194675.1	1
GCA_964195035.1	1
GCA_964195095.1	2
GCA_964195105.1	2
GCA_964195285.1	1
GCA_964195565.1	1
GCA_964196015.1	1
GCA_964196385.1	2
GCA_964199985.1	1
GCA_964201195.1	1
GCA_964201255.1	1
GCA_964201305.1	1
GCA_964201315.1	1
GCA_964201515.1	2
GCA_964201575.1	1
GCA_964201945.1	1
GCA_964202115.1	2
GCA_964202365.1	1
GCA_964202685.1	1
GCA_964202905.1	2
GCA_964203105.1	1
GCA_964203225.1	1
GCA_964203275.1	1
GCA_964203415.1	1
GCA_964203565.1	1
GCA_964211495.1	1
GCA_964219355.1	3
GCA_964220165.1	1
GCA_964221795.1	1
GCA_964224285.1	1
GCA_964224415.1	1
GCA_964226685.1	1
GCA_964228845.1	2
GCA_964228885.1	1
GCA_964229025.1	1
GCA_964229355.1	2
GCA_964230745.1	1
GCA_964235485.1	1
GCA_964235495.1	1
GCA_964235545.1	1
GCA_964235765.1	2
GCA_964236035.1	2
GCA_964236225.1	1
GCA_964236315.1	1
GCA_964236395.1	2
GCA_964236415.1	1
GCA_964236585.1	1
GCA_964236615.1	2
GCA_964236695.1	1
GCA_964236755.1	1
GCA_964236835.1	1
GCA_964236935.1	1
GCA_964236955.1	3
GCA_964237315.1	2
GCA_964242015.1	2
GCA_964242035.1	1
GCA_964242145.1	3
GCA_964242215.1	2
GCA_964242295.1	2
GCA_964242305.1	1
GCA_964242325.1	1
GCA_964242415.1	2
GCA_964242575.1	3
GCA_964242595.1	1
GCA_964242725.1	2
GCA_964242925.1	2
GCA_964242935.1	1
GCA_964243265.1	1
GCA_964243325.1	1
GCA_964243365.1	1
GCA_964243445.1	2
GCA_964244245.1	3
GCA_964244395.1	2
GCA_964244585.1	1
GCA_964244655.1	1
GCA_964244695.1	1
GCA_964244735.1	2
GCA_964244765.1	1
GCA_964244815.1	1
GCA_964244825.1	1
GCA_964245075.1	2
GCA_964245505.1	1
GCA_964245545.1	1
GCA_964245585.1	1
GCA_964245595.1	1
GCA_964245915.1	1
GCA_964245925.1	1
GCA_964245955.1	1
GCA_964246005.1	1
GCA_964246185.1	1
GCA_964246245.1	1
GCA_964246585.1	1
GCA_964246615.1	1
GCA_964246775.1	1
GCA_964246785.1	2
GCA_964246905.1	1
GCA_964246945.1	1
GCA_964246975.1	1
GCA_964247075.1	4
GCA_964247105.1	1
GCA_964247175.1	2
GCA_964247195.1	2
GCA_964247205.1	2
GCA_964247225.1	1
GCA_964247235.1	1
GCA_964247245.1	2
GCA_964247265.1	1
GCA_964247405.1	1
GCA_964247465.1	2
GCA_964247675.1	1
GCA_964247705.1	1
GCA_964247805.1	1
GCA_964248015.1	1
GCA_964249215.1	1
GCA_964249365.1	2
GCA_964249675.1	1
GCA_964249855.1	1
GCA_964249945.1	1
GCA_964250175.1	1
GCA_964250185.1	1
GCA_964250265.1	2
GCA_964250725.1	1
GCA_964250755.1	3
GCA_964250765.1	1
GCA_964250815.1	1
GCA_964250825.1	1
GCA_964250865.1	1
GCA_964250915.1	2
GCA_964250925.1	1
GCA_964251035.1	4
GCA_964251455.1	1
GCA_964252005.1	1
GCA_964252625.1	1
GCA_964263755.1	2
GCA_964291515.2	1
GCA_964291525.2	1
GCA_964291975.1	1
GCA_964293845.1	3
GCA_964342265.1	2
GCA_964342335.1	1
GCA_964342355.1	1
GCA_964342365.1	2
GCA_964342395.1	3
GCA_964342455.1	1
GCA_964342585.1	1
GCA_964342855.1	2
GCA_964343765.1	1
GCA_964343915.1	1
GCA_964344085.1	1
GCA_964344345.1	1
GCA_964344355.1	1
GCA_964344575.1	2
GCA_964344935.1	1
GCA_964344945.1	2
GCA_964345285.1	1
GCA_964345605.1	1
GCA_964346045.1	1
GCA_964346065.1	1
GCA_964346335.1	1
GCA_964346545.1	2
GCA_964346715.1	2
GCA_964347475.1	1
GCA_964347935.1	1
GCA_964347985.1	2
GCA_964348275.1	1
GCA_964348545.1	1
GCA_964349375.1	1
GCA_964350225.1	1
GCA_964350415.1	3
GCA_964350435.1	1
GCA_964350445.1	2
GCA_964350465.1	1
GCA_964350695.1	1
GCA_964350795.1	1
GCA_964350925.1	2
GCA_964351065.1	1
GCA_964351135.1	1
GCA_964351155.1	1
GCA_964351195.1	1
GCA_964351245.1	1
GCA_964351355.1	1
GCA_964351365.1	1
GCA_964351665.1	1
GCA_964351695.1	1
GCA_964351755.1	1
GCA_964351785.1	2
GCA_964351795.1	1
GCA_964351875.1	1
GCA_964351895.1	2
GCA_964351955.1	1
GCA_964351995.1	1
GCA_964352055.1	3
GCA_964352105.1	1
GCA_964352155.1	1
GCA_964352165.1	1
GCA_964352295.1	1
GCA_964352355.1	1
GCA_964352375.1	1
GCA_964352385.1	2
GCA_964352435.1	2
GCA_964352445.1	1
GCA_964352485.1	1
GCA_964352535.1	1
GCA_964352815.1	1
GCA_964352845.1	2
GCA_964352865.1	1
GCA_964352905.1	1
GCA_964352985.1	2
GCA_964352995.1	3
GCA_964353555.1	2
GCA_964353695.1	1
GCA_964353935.1	1
GCA_964354035.1	1
GCA_964354355.1	3
GCA_964354425.1	2
GCA_964354675.1	1
GCA_964354895.1	1
GCA_964355075.1	1
GCA_964355195.1	2
GCA_964356325.1	1
GCA_964356715.1	2
GCA_964356785.1	1
GCA_964360125.1	3
GCA_964363305.1	1
GCA_964365845.1	2
GCA_964367815.1	1
GCA_964367915.1	4
GCA_964368875.1	1
GCA_964369025.1	1
GCA_964369315.1	1
GCA_964369545.1	1
GCA_964370945.1	2
GCA_964371235.1	1
GCA_964371355.1	2
GCA_964371405.1	3
GCA_964371495.1	2
GCA_964371655.1	1
GCA_964372055.1	2
GCA_964372105.1	1
GCA_964372215.1	3
GCA_964372525.1	1
GCA_964373105.1	1
GCA_964373965.1	4
GCA_964383295.1	1
GCA_964383775.1	1
GCA_964383855.1	3
GCA_964383875.1	1
GCA_964383995.1	2
GCA_964384025.1	1
GCA_964384225.1	2
GCA_964384275.1	1
GCA_964384315.1	1
GCA_964384335.1	1
GCA_964384495.1	1
GCA_964384605.1	1
GCA_964384635.1	1
GCA_964384815.1	1
GCA_964384925.1	2
GCA_964385265.1	2
GCA_964385505.1	1
GCA_964386045.1	2
GCA_964386195.1	1
GCA_964386295.1	1
GCA_964386345.1	1
GCA_964386545.1	1
GCA_964386725.1	1
GCA_964387075.1	1
GCA_964387155.1	1
GCA_964387245.1	2
GCA_964387485.1	2
GCA_964387655.1	1
GCA_964387775.1	1
GCA_964388005.1	4
GCA_964388115.1	2
GCA_964388325.1	1
GCA_964389045.1	1
GCA_964389095.1	1
GCA_964389235.1	2
GCA_964389335.1	1
GCA_964389425.1	1
GCA_964389795.1	2
GCA_964390025.1	1
GCA_964390215.1	3
GCA_964390235.1	1
GCA_964390445.1	1
GCA_964390455.1	3
GCA_964390465.1	1
GCA_964390775.1	1
GCA_964391025.1	1
GCA_964391345.1	1
GCA_964391555.1	1
GCA_964391575.1	2
GCA_964391905.1	2
GCA_964391945.1	2
GCA_964392045.1	1
GCA_964392195.1	1
GCA_964392295.1	1
GCA_964392325.1	1
GCA_964392775.1	1
GCA_964392825.1	1
GCA_964392845.1	1
GCA_964393195.1	1
GCA_964393275.1	3
GCA_964393375.1	3
GCA_964393565.1	1
GCA_964393625.1	2
GCA_964393745.1	1
GCA_964394115.1	1
GCA_964394185.1	1
GCA_964394585.1	1
GCA_964394615.1	2
GCA_964394715.1	1
GCA_964394965.1	2
GCA_964395195.1	1
GCA_964395305.1	4
GCA_964395315.1	1
GCA_964395715.1	1
GCA_964395805.1	1
GCA_964395875.1	1
GCA_964396135.1	1
GCA_964396175.1	4
GCA_964396205.1	1
GCA_964396345.1	1
GCA_964396485.1	2
GCA_964396575.1	1
GCA_964396695.1	2
GCA_964396895.1	2
GCA_964397005.1	2
GCA_964397055.1	1
GCA_964397205.1	2
GCA_964397465.1	1
GCA_964397775.1	2
GCA_964398335.1	3
GCA_964398415.1	2
GCA_964399515.1	2
GCA_964399635.1	1
GCA_964399985.1	1
GCA_964399995.1	1
GCA_964400185.1	1
GCA_964400345.1	1
GCA_964400595.1	1
GCA_964400745.1	2
GCA_964400915.1	1
GCA_964401005.1	1
GCA_964401155.1	1
GCA_964401305.1	3
GCA_964401555.1	1
GCA_964401565.1	1
GCA_964401935.1	2
GCA_964402225.1	1
GCA_964402265.1	1
GCA_964402495.1	1
GCA_964402505.1	2
GCA_964402685.1	2
GCA_964402765.1	3
GCA_964402805.1	1
GCA_964403135.1	1
GCA_964403435.1	1
GCA_964403515.1	2
GCA_964403915.1	1
GCA_964403955.1	2
GCA_964404085.1	1
GCA_964404305.1	1
GCA_964404335.1	2
GCA_964404505.1	1
GCA_964404545.1	2
GCA_964404815.1	1
GCA_964404985.1	2
GCA_964405465.1	1
GCA_964405685.1	2
GCA_964405865.1	1
GCA_964405915.1	1
GCA_964405975.1	1
GCA_964406155.1	4
GCA_964406355.1	2
GCA_964406445.1	1
GCA_964406535.1	3
GCA_964406585.1	1
GCA_964406645.1	1
GCA_964406855.1	1
GCA_964407075.1	1
GCA_964407125.1	1
GCA_964407155.1	1
GCA_964407355.1	1
GCA_964407665.1	2
GCA_964407825.1	1
GCA_964407855.1	1
GCA_964407945.1	1
GCA_964408005.1	2
GCA_964408155.1	1
GCA_964408245.1	2
GCA_964408405.1	2
GCA_964409085.1	1
GCA_964409495.1	2
GCA_964409675.1	2
GCA_964409695.1	1
GCA_964409995.1	1
GCA_964410065.1	1
GCA_964410115.1	1
GCA_964411025.1	1
GCA_964411125.1	2
GCA_964411265.1	1
GCA_964411425.1	1
GCA_964411965.1	3
GCA_964412385.1	2
GCA_964412505.1	1
GCA_964412525.1	3
GCA_964412785.1	1
GCA_964412845.1	3
GCA_964412955.1	1
GCA_964412975.1	1
GCA_964413325.1	1
GCA_964413475.1	1
GCA_964413485.1	4
GCA_964413815.1	2
GCA_964413925.1	2
GCA_964414165.1	1
GCA_964414365.1	3
GCA_964414595.1	2
GCA_964415115.1	1
GCA_964415205.1	1
GCA_964415255.1	2
GCA_964415285.1	1
GCA_964415505.1	1
GCA_964415585.1	3
GCA_964415675.1	1
GCA_964416235.1	2
GCA_964416315.1	1
GCA_964416335.1	2
GCA_964416435.1	2
GCA_964417745.1	1
GCA_964417885.1	3
GCA_964418365.1	1
GCA_964418575.1	2
GCA_964418745.1	5
GCA_964419295.1	1
GCA_964419305.1	1
GCA_964419545.1	4
GCA_964419605.1	1
GCA_964419865.1	1
GCA_964419905.1	1
GCA_964419935.1	1
GCA_964420105.1	2
GCA_964420785.1	1
GCA_964420975.1	3
GCA_964421485.1	3
GCA_964421675.1	1
GCA_964421785.1	2
GCA_964421805.1	1
GCA_964421835.1	1
GCA_964421935.1	1
GCA_964422045.1	1
GCA_964422305.1	3
GCA_964422345.1	2
GCA_964422575.1	2
GCA_964422715.1	1
GCA_964422775.1	1
GCA_964422885.1	1
GCA_964423075.1	2
GCA_964423095.1	1
GCA_964423155.1	1
GCA_964423245.1	2
GCA_964423455.1	1
GCA_964423525.1	2
GCA_964423615.1	1
GCA_964423745.1	2
GCA_964423825.1	1
GCA_964424045.1	6
GCA_964424065.1	1
GCA_964424415.1	3
GCA_964424515.1	1
GCA_964424535.1	1
GCA_964424815.1	1
GCA_964424975.1	2
GCA_964424995.1	1
GCA_964425025.1	4
GCA_964425135.1	1
GCA_964425195.1	1
GCA_964425315.1	3
GCA_964425695.1	1
GCA_964426485.1	2
GCA_964426935.1	1
GCA_964427005.1	1
GCA_964427205.1	1
GCA_964427415.1	1
GCA_964427535.1	3
GCA_964428035.1	5
GCA_964428045.1	2
GCA_964428065.1	1
GCA_964428215.1	2
GCA_964428605.1	2
GCA_964429195.1	1
GCA_964429245.1	1
GCA_964429305.1	1
GCA_964429685.1	2
GCA_964429865.1	1
GCA_964429935.1	1
GCA_964430565.1	1
GCA_964430685.1	3
GCA_964430795.1	1
GCA_964431215.1	2
GCA_964431425.1	2
GCA_964431515.1	1
GCA_964431545.1	1
GCA_964431605.1	1
GCA_964431955.1	1
GCA_964432075.1	1
GCA_964432095.1	2
GCA_964432385.1	1
GCA_964432415.1	1
GCA_964432695.1	2
GCA_964432875.1	2
GCA_964433345.1	1
GCA_964433375.1	1
GCA_964433995.1	1
GCA_964434035.1	5
GCA_964434345.1	1
GCA_964434855.1	1
GCA_964435055.1	1
GCA_964435165.1	1
GCA_964435845.1	5
GCA_964436025.1	1
GCA_964436585.1	1
GCA_964436695.1	1
GCA_964436755.1	1
GCA_964437145.1	2
GCA_964437195.1	1
GCA_964437395.1	1
GCA_964437515.1	1
GCA_964437525.1	1
GCA_964437785.1	2
GCA_964438295.1	2
GCA_964438465.1	2
GCA_964438605.1	1
GCA_964438865.1	1
GCA_964438875.1	1
GCA_964439015.1	1
GCA_964439105.1	1
GCA_964439115.1	1
GCA_964439415.1	1
GCA_964439475.1	1
GCA_964439915.1	2
GCA_964440215.1	5
GCA_964441015.1	1
GCA_964441165.1	3
GCA_964441615.1	2
GCA_964441755.1	1
GCA_964441935.1	1
GCA_964442045.1	1
GCA_964442055.1	1
GCA_964442175.1	2
GCA_964442375.1	2
GCA_964442485.1	4
GCA_964442495.1	1
GCA_964442795.1	1
GCA_964442885.1	1
GCA_964442925.1	2
GCA_964443055.1	1
GCA_964443205.1	2
GCA_964443245.1	1
GCA_964443505.1	1
GCA_964443525.1	2
GCA_964443585.1	2
GCA_964443695.1	1
GCA_964443815.1	1
GCA_964443845.1	1
GCA_964443965.1	1
GCA_964444835.1	1
GCA_964445185.1	3
GCA_964445195.1	1
GCA_964445605.1	1
GCA_964446175.1	1
GCA_964446295.1	1
GCA_964446305.1	1
GCA_964446345.1	1
GCA_964446485.1	1
GCA_964446545.1	5
GCA_964446725.1	1
GCA_964446865.1	1
GCA_964447125.1	1
GCA_964447205.1	1
GCA_964447345.1	1
GCA_964447465.1	1
GCA_964447575.1	2
GCA_964447595.1	1
GCA_964448045.1	3
GCA_964448765.1	1
GCA_964448945.1	3
GCA_964449135.1	1
GCA_964449345.1	4
GCA_964449365.1	3
GCA_964449455.1	3
GCA_964449575.1	2
GCA_964449625.1	1
GCA_964449645.1	2
GCA_964449745.1	1
GCA_964449835.1	2
GCA_964450075.1	1
GCA_964450095.1	1
GCA_964450125.1	2
GCA_964450175.1	2
GCA_964450395.1	2
GCA_964450715.1	2
GCA_964450925.1	1
GCA_964450945.1	1
GCA_964451265.1	2
GCA_964451365.1	2
GCA_964451415.1	1
GCA_964451475.1	1
GCA_964451725.1	1
GCA_964451735.1	2
GCA_964451925.1	2
GCA_964453105.1	3
GCA_964453155.1	2
GCA_964453295.1	2
GCA_964453355.1	1
GCA_964453495.1	1
GCA_964453555.1	7
GCA_964453565.1	1
GCA_964454005.1	1
GCA_964454015.1	1
GCA_964454145.1	1
GCA_964454485.1	2
GCA_964454545.1	2
GCA_964454795.1	2
GCA_964454855.1	2
GCA_964454955.1	4
GCA_964455095.1	3
GCA_964455325.1	3
GCA_964456005.1	2
GCA_964456015.1	2
GCA_964456185.1	1
GCA_964456215.1	2
GCA_964456755.1	1
GCA_964456995.1	1
GCA_964457335.1	1
GCA_964457695.1	3
GCA_964457865.1	1
GCA_964458115.1	1
GCA_964458245.1	2
GCA_964458265.1	2
GCA_964458605.1	1
GCA_964458725.1	1
GCA_964458795.1	2
GCA_964459085.1	1
GCA_964459555.1	1
GCA_964459735.1	3
GCA_964459765.1	8
GCA_964459885.1	1
GCA_964460035.1	3
GCA_964460185.1	1
GCA_964460425.1	6
GCA_964460465.1	3
GCA_964460675.1	1
GCA_964460955.1	1
GCA_964461055.1	2
GCA_964461315.1	1
GCA_964461525.1	4
GCA_964461925.1	1
GCA_964462035.1	2
GCA_964462055.1	1
GCA_964462165.1	1
GCA_964462265.1	1
GCA_964462475.1	1
GCA_964462745.1	1
GCA_964462985.1	1
GCA_964463485.1	1
GCA_964464185.1	1
GCA_964464395.1	1
GCA_964464485.1	1
GCA_964464515.1	2
GCA_964465175.1	2
GCA_964465435.1	1
GCA_964465485.1	1
GCA_964465935.1	2
GCA_964466115.1	1
GCA_964466435.1	2
GCA_964466605.1	3
GCA_964466745.1	1
GCA_964466965.1	1
GCA_964467005.1	1
GCA_964467255.1	1
GCA_964467445.1	1
GCA_964467505.1	1
GCA_964467875.1	1
GCA_964467935.1	2
GCA_964468045.1	1
GCA_964468105.1	3
GCA_964468125.1	1
GCA_964468165.1	1
GCA_964468395.1	2
GCA_964468635.1	1
GCA_964468905.1	6
GCA_964469455.1	1
GCA_964469525.1	2
GCA_964469635.1	2
GCA_964469835.1	2
GCA_964469905.1	1
GCA_964470015.1	2
GCA_964470155.1	1
GCA_964470455.1	2
GCA_964470545.1	3
GCA_964470565.1	3
GCA_964470595.1	1
GCA_964470865.1	3
GCA_964471355.1	1
GCA_964471485.1	1
GCA_964471535.1	1
GCA_964471595.1	1
GCA_964471635.1	5
GCA_964471665.1	1
GCA_964471705.1	1
GCA_964471725.1	1
GCA_964471815.1	1
GCA_964472095.1	2
GCA_964472435.1	2
GCA_964473055.1	1
GCA_964473225.1	1
GCA_964473595.1	1
GCA_964473645.1	3
GCA_964473655.1	1
GCA_964473955.1	1
GCA_964474065.1	1
GCA_964474225.1	2
GCA_964474265.1	1
GCA_964474395.1	1
GCA_964474575.1	1
GCA_964474635.1	2
GCA_964474665.1	1
GCA_964474925.1	2
GCA_964475125.1	2
GCA_964475235.1	3
GCA_964475635.1	2
GCA_964475675.1	1
GCA_964475765.1	1
GCA_964476005.1	1
GCA_964476185.1	2
GCA_964476235.1	1
GCA_964476255.1	2
GCA_964476315.1	1
GCA_964476495.1	1
GCA_964476625.1	2
GCA_964476875.1	1
GCA_964477215.1	1
GCA_964477375.1	1
GCA_964477695.1	2
GCA_964477985.1	6
GCA_964478155.1	1
GCA_964478285.1	1
GCA_964478365.1	1
GCA_964478525.1	4
GCA_964478625.1	2
GCA_964478635.1	3
GCA_964478775.1	1
GCA_964478885.1	1
GCA_964479045.1	2
GCA_964479195.1	4
GCA_964479275.1	1
GCA_964479515.1	1
GCA_964479805.1	1
GCA_964480105.1	2
GCA_964480175.1	1
GCA_964480235.1	4
GCA_964480455.1	4
GCA_964481035.1	3
GCA_964481045.1	2
GCA_964481165.1	2
GCA_964481425.1	1
GCA_964481615.1	1
GCA_964481865.1	1
GCA_964481895.1	1
GCA_964482025.1	1
GCA_964482415.1	2
GCA_964483365.1	1
GCA_964483375.1	2
GCA_964483775.1	3
GCA_964483855.1	2
GCA_964484035.1	1
GCA_964484195.1	1
GCA_964484345.1	1
GCA_964484435.1	2
GCA_964484475.1	2
GCA_964484565.1	1
GCA_964484585.1	1
GCA_964484855.1	1
GCA_964485225.1	2
GCA_964486185.1	1
GCA_964486575.1	3
GCA_964486635.1	1
GCA_964486795.1	2
GCA_964486865.1	1
GCA_964487025.1	2
GCA_964487105.1	2
GCA_964487155.1	4
GCA_964487265.1	2
GCA_964487455.1	1
GCA_964487605.1	3
GCA_964487715.1	1
GCA_964488065.1	3
GCA_964488145.1	1
GCA_964488395.1	1
GCA_964488605.1	1
GCA_964488865.1	1
GCA_964488915.1	1
GCA_964488965.1	4
GCA_964489055.1	1
GCA_964489185.1	1
GCA_964489925.1	1
GCA_964490415.1	2
GCA_964490445.1	2
GCA_964491435.1	1
GCA_964491665.1	1
GCA_964491865.1	2
GCA_964491995.1	1
GCA_964492175.1	2
GCA_964492345.1	1
GCA_964492355.1	2
GCA_964492475.1	1
GCA_964492485.1	1
GCA_964492535.1	2
GCA_964492845.1	1
GCA_964492965.1	1
GCA_964493225.1	1
GCA_964493285.1	2
GCA_964493765.1	2
GCA_964493785.1	3
GCA_964493795.1	1
GCA_964494065.1	4
GCA_964494305.1	3
GCA_964494755.1	1
GCA_964494895.1	3
GCA_964495125.1	3
GCA_964495185.1	2
GCA_964495295.1	1
GCA_964495565.1	1
GCA_964495595.1	1
GCA_964495705.1	1
GCA_964495745.1	2
GCA_964496045.1	1
GCA_964496435.1	4
GCA_964496805.1	3
GCA_964496915.1	1
GCA_964497145.1	1
GCA_964497275.1	1
GCA_964497485.1	2
GCA_964497585.1	1
GCA_964497705.1	1
GCA_964497775.1	1
GCA_964497795.1	1
GCA_964497825.1	2
GCA_964497925.1	1
GCA_964498075.1	1
GCA_964498105.1	2
GCA_964498125.1	4
GCA_964498215.1	1
GCA_964498255.1	2
GCA_964498625.1	1
GCA_964498645.1	2
GCA_964498815.1	3
GCA_964498835.1	1
GCA_964498995.1	2
GCA_964499205.1	4
GCA_964500115.1	1
GCA_964500425.1	2
GCA_964500605.1	2
GCA_964500675.1	2
GCA_964500805.1	4
GCA_964501235.1	1
GCA_964501915.1	1
GCA_964502005.1	1
GCA_964502035.1	2
GCA_964502105.1	1
GCA_964502115.1	2
GCA_964502175.1	1
GCA_964502185.1	2
GCA_964502215.1	2
GCA_964502325.1	1
GCA_964502705.1	3
GCA_964503015.1	2
GCA_964503125.1	1
GCA_964503295.1	1
GCA_964503485.1	2
GCA_964504185.1	2
GCA_964504655.1	3
GCA_964504685.1	1
GCA_964504705.1	4
GCA_964504845.1	1
GCA_964504865.1	2
GCA_964505365.1	3
GCA_964505725.1	1
GCA_964506345.1	1
GCA_964506685.1	1
GCA_964506885.1	2
GCA_964507195.1	1
GCA_964507535.1	1
GCA_964507585.1	3
GCA_964507915.1	3
GCA_964508485.1	3
GCA_964508635.1	1
GCA_964508695.1	1
GCA_964508915.1	1
GCA_964509025.1	3
GCA_964509095.1	1
GCA_964509355.1	1
GCA_964509395.1	1
GCA_964509525.1	2
GCA_964509545.1	3
GCA_964509625.1	1
GCA_964509685.1	2
GCA_964510015.1	1
GCA_964510145.1	1
GCA_964510405.1	4
GCA_964510455.1	1
GCA_964510815.1	1
GCA_964511015.1	1
GCA_964511255.1	2
GCA_964511405.1	2
GCA_964511505.1	1
GCA_964511535.1	1
GCA_964511605.1	1
GCA_964511625.1	1
GCA_964511815.1	3
GCA_964511855.1	2
GCA_964512225.1	6
GCA_964512305.1	4
GCA_964513625.1	1
GCA_964513955.1	3
GCA_964514045.1	2
GCA_964514085.1	1
GCA_964514295.1	1
GCA_964514485.1	1
GCA_964514775.1	2
GCA_964514885.1	1
GCA_964515145.1	2
GCA_964515155.1	2
GCA_964515685.1	2
GCA_964515755.1	1
GCA_964515945.1	1
GCA_964516115.1	1
GCA_964516465.1	2
GCA_964516635.1	2
GCA_964517305.1	1
GCA_964517465.1	2
GCA_964517515.1	1
GCA_964517545.1	2
GCA_964518615.1	1
GCA_964518725.1	2
GCA_964518735.1	1
GCA_964519175.1	1
GCA_964519595.1	1
GCA_964519665.1	1
GCA_964519695.1	2
GCA_964519755.1	1
GCA_964519795.1	2
GCA_964519895.1	2
GCA_964520075.1	1
GCA_964520155.1	1
GCA_964520265.1	3
GCA_964520365.1	3
GCA_964520755.1	1
GCA_964521045.1	1
GCA_964521075.1	2
GCA_964521405.1	2
GCA_964521615.1	1
GCA_964521935.1	2
GCA_964522235.1	2
GCA_964522485.1	1
GCA_964522525.1	3
GCA_964522655.1	1
GCA_964522745.1	2
GCA_964523045.1	3
GCA_964523195.1	2
GCA_964523345.1	1
GCA_964523415.1	1
GCA_964523435.1	1
GCA_964523745.1	1
GCA_964523755.1	2
GCA_964523885.1	2
GCA_964524005.1	1
GCA_964524065.1	2
GCA_964524185.1	2
GCA_964524855.1	4
GCA_964524885.1	2
GCA_964525125.1	1
GCA_964525155.1	1
GCA_964525545.1	2
GCA_964525615.1	1
GCA_964525715.1	3
GCA_964525945.1	1
GCA_964526035.1	1
GCA_964526565.1	2
GCA_964526675.1	2
GCA_964527055.1	1
GCA_964527085.1	1
GCA_964527285.1	3
GCA_964527675.1	1
GCA_964527745.1	1
GCA_964527755.1	4
GCA_964528035.1	1
GCA_964528415.1	2
GCA_964528465.1	2
GCA_964528635.1	2
GCA_964528705.1	2
GCA_964528855.1	1
GCA_964528965.1	1
GCA_964528975.1	1
GCA_964529135.1	1
GCA_964529155.1	1
GCA_964529175.1	1
GCA_964529225.1	1
GCA_964529505.1	2
GCA_964529675.1	2
GCA_964530085.1	1
GCA_964530115.1	2
GCA_964530305.1	2
GCA_964530335.1	2
GCA_964530405.1	3
GCA_964530695.1	1
GCA_964530895.1	3
GCA_964531095.1	5
GCA_964531195.1	1
GCA_964531285.1	1
GCA_964531295.1	1
GCA_964531455.1	2
GCA_964531525.1	1
GCA_964531605.1	2
GCA_964531755.1	3
GCA_964531795.1	3
GCA_964532105.1	1
GCA_964532255.1	2
GCA_964532545.1	2
GCA_964532905.1	1
GCA_964533495.1	1
GCA_964533575.1	1
GCA_964533585.1	2
GCA_964533625.1	1
GCA_964533955.1	4
GCA_964534275.1	2
GCA_964534315.1	2
GCA_964534375.1	1
GCA_964534585.1	2
GCA_964534975.1	2
GCA_964535225.1	2
GCA_964535605.1	2
GCA_964535825.1	2
GCA_964535865.1	1
GCA_964536175.1	1
GCA_964536245.1	1
GCA_964536335.1	1
GCA_964537235.1	1
GCA_964537285.1	2
GCA_964537365.1	1
GCA_964537655.1	1
GCA_964537685.1	1
GCA_964538505.1	3
GCA_964538565.1	2
GCA_964538845.1	2
GCA_964538895.1	1
GCA_964538945.1	2
GCA_964539025.1	1
GCA_964539635.1	1
GCA_964539685.1	2
GCA_964539745.1	4
GCA_964539755.1	1
GCA_964539765.1	2
GCA_964539845.1	3
GCA_964540315.1	1
GCA_964540505.1	1
GCA_964540785.1	1
GCA_964540795.1	2
GCA_964540815.1	1
GCA_964541115.1	1
GCA_964541915.1	1
GCA_964542095.1	1
GCA_964542195.1	3
GCA_964542425.1	1
GCA_964542505.1	3
GCA_964542855.1	2
GCA_964543105.1	1
GCA_964543145.1	1
GCA_964543155.1	2
GCA_964543235.1	1
GCA_964543245.1	2
GCA_964543355.1	3
GCA_964543545.1	2
GCA_964543555.1	1
GCA_964543615.1	2
GCA_964544175.1	3
GCA_964544365.1	2
GCA_964544605.1	1
GCA_964544675.1	1
GCA_964544755.1	1
GCA_964545205.1	1
GCA_964545245.1	1
GCA_964545465.1	1
GCA_964545715.1	1
GCA_964546195.1	2
GCA_964546615.1	4
GCA_964546935.1	1
GCA_964547415.1	4
GCA_964547485.1	1
GCA_964547645.1	3
GCA_964547895.1	1
GCA_964548175.1	2
GCA_964548515.1	1
GCA_964549055.1	1
GCA_964549375.1	1
GCA_964549445.1	1
GCA_964549895.1	1
GCA_964549965.1	1
GCA_964550405.1	3
GCA_964550535.1	1
GCA_964550685.1	1
GCA_964550885.1	5
GCA_964551015.1	3
GCA_964551305.1	2
GCA_964551315.1	1
GCA_964551485.1	5
GCA_964551505.1	6
GCA_964551615.1	2
GCA_964551905.1	1
GCA_964552215.1	4
GCA_964552515.1	1
GCA_964552535.1	3
GCA_964553055.1	1
GCA_964553335.1	1
GCA_964553405.1	2
GCA_964554145.1	1
GCA_964554315.1	1
GCA_964554495.1	1
GCA_964554655.1	4
GCA_964555165.1	1
GCA_964555245.1	2
GCA_964555305.1	1
GCA_964555315.1	1
GCA_964555675.1	2
GCA_964556105.1	1
GCA_964556115.1	2
GCA_964556135.1	3
GCA_964556335.1	1
GCA_964556345.1	1
GCA_964556425.1	1
GCA_964556675.1	1
GCA_964556825.1	1
GCA_964556935.1	3
GCA_964557235.1	1
GCA_964557245.1	1
GCA_964557265.1	2
GCA_964557415.1	4
GCA_964558395.1	1
GCA_964558415.1	1
GCA_964558425.1	3
GCA_964558665.1	1
GCA_964558975.1	1
GCA_964559075.1	1
GCA_964559355.1	1
GCA_964559535.1	2
GCA_964559785.1	1
GCA_964559995.1	1
GCA_964560795.1	1
GCA_964560875.1	1
GCA_964561005.1	1
GCA_964561025.1	1
GCA_964561055.1	1
GCA_964561235.1	1
GCA_964561305.1	1
GCA_964561925.1	3
GCA_964562035.1	3
GCA_964562135.1	3
GCA_964562225.1	1
GCA_964562475.1	1
GCA_964562515.1	1
GCA_964562815.1	1
GCA_964563195.1	3
GCA_964563395.1	2
GCA_964563515.1	4
GCA_964563665.1	1
GCA_964563885.1	2
GCA_964563995.1	1
GCA_964564085.1	2
GCA_964564295.1	2
GCA_964564365.1	1
GCA_964564395.1	1
GCA_964564595.1	1
GCA_964564645.1	5
GCA_964564675.1	1
GCA_964564865.1	1
GCA_964565565.1	1
GCA_964565875.1	2
GCA_964565925.1	1
GCA_964565975.1	1
GCA_964566095.1	1
GCA_964566105.1	2
GCA_964566185.1	1
GCA_964566375.1	1
GCA_964566835.1	1
GCA_964567195.1	1
GCA_964567285.1	3
GCA_964567335.1	2
GCA_964567455.1	1
GCA_964567525.1	1
GCA_964567625.1	1
GCA_964567715.1	1
GCA_964568075.1	1
GCA_964568445.1	3
GCA_964568575.1	1
GCA_964568585.1	1
GCA_964568825.1	2
GCA_964568865.1	1
GCA_964568975.1	3
GCA_964569055.1	1
GCA_964569315.1	1
GCA_964569335.1	1
GCA_964569355.1	1
GCA_964569855.1	2
GCA_964569925.1	1
GCA_964570675.1	1
GCA_964570705.1	1
GCA_964570735.1	1
GCA_964570955.1	1
GCA_964571245.1	1
GCA_964571275.1	3
GCA_964571285.1	1
GCA_964571605.1	1
GCA_964571695.1	1
GCA_964572205.1	1
GCA_964572415.1	2
GCA_964572445.1	1
GCA_964572465.1	2
GCA_964573115.1	1
GCA_964573835.1	1
GCA_964574325.1	2
GCA_964574415.1	1
GCA_964574725.1	1
GCA_964574995.1	1
GCA_964575005.1	1
GCA_964575095.1	1
GCA_964575105.1	1
GCA_964575175.1	1
GCA_964575185.1	1
GCA_964575195.1	1
GCA_964575355.1	2
GCA_964575505.1	3
GCA_964575535.1	1
GCA_964575715.1	3
GCA_964575795.1	2
GCA_964575885.1	1
GCA_964575975.1	1
GCA_964576075.1	2
GCA_964576085.1	1
GCA_964576455.1	2
GCA_964576515.1	1
GCA_964576525.1	1
GCA_964576565.1	3
GCA_964576605.1	2
GCA_964576715.1	3
GCA_964576815.1	1
GCA_964577215.1	1
GCA_964577445.1	1
GCA_964577475.1	1
GCA_964578115.1	1
GCA_964578635.1	1
GCA_964578685.1	2
GCA_964578965.1	2
GCA_964579035.1	2
GCA_964579175.1	1
GCA_964579305.1	2
GCA_964579325.1	3
GCA_964579445.1	2
GCA_964579785.1	1
GCA_964580865.1	1
GCA_964580925.1	1
GCA_964581065.1	1
GCA_964581155.1	2
GCA_964581285.1	1
GCA_964581355.1	1
GCA_964581475.1	2
GCA_964581735.1	1
GCA_964581815.1	1
GCA_964581835.1	1
GCA_964582155.1	1
GCA_964582225.1	2
GCA_964582405.1	1
GCA_964582505.1	1
GCA_964583565.1	2
GCA_964583605.1	1
GCA_964583645.1	2
GCA_964583695.1	2
GCA_964583735.1	1
GCA_964583865.1	1
GCA_964584075.1	1
GCA_964584105.1	1
GCA_964584215.1	1
GCA_964584625.1	2
GCA_964584855.1	1
GCA_964585095.1	1
GCA_964585565.1	2
GCA_964585665.1	2
GCA_964585725.1	1
GCA_964585785.1	2
GCA_964586155.1	1
GCA_964586205.1	1
GCA_964586455.1	1
GCA_964586685.1	1
GCA_964586705.1	3
GCA_964586725.1	1
GCA_964586865.1	1
GCA_964586895.1	1
GCA_964587315.1	3
GCA_964587395.1	1
GCA_964587445.1	4
GCA_964587605.1	2
GCA_964587635.1	1
GCA_964587775.1	2
GCA_964587815.1	1
GCA_964587905.1	2
GCA_964588065.1	4
GCA_964588255.1	2
GCA_964588375.1	1
GCA_964588915.1	2
GCA_964589025.1	1
GCA_964589215.1	1
GCA_964589665.1	2
GCA_964589785.1	4
GCA_964590015.1	2
GCA_964590545.1	1
GCA_964590595.1	1
GCA_964590745.1	2
GCA_964591095.1	2
GCA_964591465.1	1
GCA_964591745.1	1
GCA_964591845.1	1
GCA_964592115.1	1
GCA_964592205.1	1
GCA_964592425.1	1
GCA_964593395.1	1
GCA_964593735.1	1
GCA_964593795.1	3
GCA_964594035.1	2
GCA_964594185.1	5
GCA_964594465.1	1
GCA_964594635.1	2
GCA_964594715.1	1
GCA_964595165.1	1
GCA_964595215.1	1
GCA_964595955.1	2
GCA_964596025.1	1
GCA_964596295.1	1
GCA_964596895.1	1
GCA_964597045.1	1
GCA_964597235.1	1
GCA_964597275.1	1
GCA_964597315.1	2
GCA_964597435.1	2
GCA_964597495.1	1
GCA_964597685.1	2
GCA_964597715.1	1
GCA_964598005.1	1
GCA_964598335.1	2
GCA_964599085.1	1
GCA_964599095.1	2
GCA_964599185.1	3
GCA_964599265.1	1
GCA_964599485.1	1
GCA_964599885.1	1
GCA_964600305.1	1
GCA_964600315.1	1
GCA_964600395.1	1
GCA_964600465.1	1
GCA_964600535.1	2
GCA_964600555.1	2
GCA_964600685.1	1
GCA_964600765.1	1
GCA_964601135.1	2
GCA_964601155.1	1
GCA_964601395.1	1
GCA_964601535.1	2
GCA_964601775.1	1
GCA_964601795.1	1
GCA_964602505.1	1
GCA_964602525.1	1
GCA_964602685.1	2
GCA_964602895.1	1
GCA_964602915.1	2
GCA_964603125.1	2
GCA_964603315.1	1
GCA_964603915.1	1
GCA_964604565.1	1
GCA_964604675.1	1
GCA_964604745.1	1
GCA_964604765.1	1
GCA_964604825.1	1
GCA_964605055.1	1
GCA_964605275.1	1
GCA_964605685.1	2
GCA_964606035.1	1
GCA_964606055.1	1
GCA_964606325.1	3
GCA_964606765.1	4
GCA_964606835.1	1
GCA_964607005.1	2
GCA_964607625.1	1
GCA_964607855.1	4
GCA_964608115.1	5
GCA_964608935.1	1
GCA_964608995.1	1
GCA_964609145.1	1
GCA_964609175.1	3
GCA_964609515.1	1
GCA_964609555.1	1
GCA_964610245.1	1
GCA_964610405.1	3
GCA_964610575.1	2
GCA_964610725.1	1
GCA_964610735.1	1
GCA_964611635.1	1
GCA_964611755.1	1
GCA_964611845.1	3
GCA_964611965.1	2
GCA_964612005.1	2
GCA_964612085.1	1
GCA_964612335.1	2
GCA_964612785.1	2
GCA_964613165.1	1
GCA_964613275.1	1
GCA_964613445.1	1
GCA_964613585.1	2
GCA_964613615.1	3
GCA_964613635.1	2
GCA_964613645.1	1
GCA_964613675.1	1
GCA_964613745.1	2
GCA_964613945.1	2
GCA_964614205.1	1
GCA_964614625.1	1
GCA_964614765.1	2
GCA_964614825.1	1
GCA_964615045.1	1
GCA_964615375.1	1
GCA_964615535.1	2
GCA_964615955.1	1
GCA_964616015.1	3
GCA_964616395.1	1
GCA_964616635.1	2
GCA_964616875.1	3
GCA_964616915.1	3
GCA_964617355.1	1
GCA_964617435.1	2
GCA_964617675.1	1
GCA_964617845.1	2
GCA_964618005.1	2
GCA_964618245.1	4
GCA_964618305.1	2
GCA_964618555.1	1
GCA_964618715.1	2
GCA_964618735.1	1
GCA_964618825.1	1
GCA_964619035.1	4
GCA_964619055.1	2
GCA_964619285.1	1
GCA_964619345.1	2
GCA_964619535.1	1
GCA_964619885.1	1
GCA_964619995.1	1
GCA_964620025.1	3
GCA_964620095.1	1
GCA_964620215.1	1
GCA_964620265.1	1
GCA_964620375.1	3
GCA_964620495.1	9
GCA_964620675.1	1
GCA_964620765.1	2
GCA_964620915.1	3
GCA_964620975.1	2
GCA_964621335.1	2
GCA_964621345.1	1
GCA_964621415.1	1
GCA_964621525.1	2
GCA_964621785.1	1
GCA_964621995.1	2
GCA_964622645.1	1
GCA_964622685.1	2
GCA_964622715.1	2
GCA_964623085.1	1
GCA_964623655.1	2
GCA_964623735.1	1
GCA_964623765.1	1
GCA_964623935.1	1
GCA_964624025.1	1
GCA_964624265.1	2
GCA_964624435.1	1
GCA_964624555.1	1
GCA_964624575.1	1
GCA_964624885.1	2
GCA_964625235.1	1
GCA_964625465.1	1
GCA_964625525.1	2
GCA_964625665.1	1
GCA_964625775.1	2
GCA_964625835.1	1
GCA_964626105.1	1
GCA_964626155.1	2
GCA_964626505.1	1
GCA_964626745.1	1
GCA_964626775.1	3
GCA_964627075.1	2
GCA_964627355.1	2
GCA_964627795.1	1
GCA_964627965.1	1
GCA_964628025.1	3
GCA_964628155.1	3
GCA_964628175.1	3
GCA_964628305.1	3
GCA_964628555.1	1
GCA_964628605.1	1
GCA_964628955.1	2
GCA_964629015.1	1
GCA_964629085.1	1
GCA_964629305.1	1
GCA_964629455.1	1
GCA_964629575.1	2
GCA_964630195.1	1
GCA_964630265.1	1
GCA_964630425.1	1
GCA_964630575.1	1
GCA_964630585.1	1
GCA_964630805.1	1
GCA_964631425.1	2
GCA_964631535.1	1
GCA_964631735.1	1
GCA_964631905.1	2
GCA_964631955.1	1
GCA_964632255.1	2
GCA_964632265.1	2
GCA_964632495.1	1
GCA_964632555.1	2
GCA_964632645.1	3
GCA_964632945.1	1
GCA_964632965.1	2
GCA_964633095.1	4
GCA_964633115.1	1
GCA_964633205.1	1
GCA_964633355.1	1
GCA_964633575.1	1
GCA_964633815.1	1
GCA_964634195.1	2
GCA_964634245.1	2
GCA_964634325.1	3
GCA_964634605.1	2
GCA_964635815.1	1
GCA_964635875.1	1
GCA_964635925.1	1
GCA_964635975.1	1
GCA_964636495.1	2
GCA_964636575.1	1
GCA_964636595.1	1
GCA_964636885.1	1
GCA_964636945.1	3
GCA_964637205.1	4
GCA_964637245.1	1
GCA_964637565.1	1
GCA_964637875.1	1
GCA_964638025.1	2
GCA_964638135.1	1
GCA_964638185.1	1
GCA_964638245.1	1
GCA_964638305.1	1
GCA_964638395.1	1
GCA_964638495.1	3
GCA_964638635.1	3
GCA_964638655.1	2
GCA_964638925.1	1
GCA_964639465.1	2
GCA_964639535.1	1
GCA_964640525.1	1
GCA_964641005.1	1
GCA_964641065.1	4
GCA_964641275.1	2
GCA_964641405.1	3
GCA_964641635.1	1
GCA_964641785.1	2
GCA_964641795.1	4
GCA_964642205.1	2
GCA_964642635.1	1
GCA_964642935.1	1
GCA_964643145.1	1
GCA_964643405.1	1
GCA_964644385.1	1
GCA_964644395.1	1
GCA_964644615.1	3
GCA_964644665.1	1
GCA_964644715.1	1
GCA_964644755.1	1
GCA_964644885.1	1
GCA_964644915.1	3
GCA_964645155.1	1
GCA_964645205.1	2
GCA_964645215.1	2
GCA_964645345.1	2
GCA_964645715.1	1
GCA_964645835.1	3
GCA_964646755.1	1
GCA_964646895.1	1
GCA_964647135.1	1
GCA_964647355.1	2
GCA_964647795.1	1
GCA_964648025.1	1
GCA_964648115.1	2
GCA_964648215.1	3
GCA_964648505.1	1
GCA_964648595.1	2
GCA_964649085.1	2
GCA_964649205.1	1
GCA_964649315.1	2
GCA_964649815.1	1
GCA_964649985.1	1
GCA_964650115.1	1
GCA_964650365.1	1
GCA_964650505.1	3
GCA_964650735.1	2
GCA_964650975.1	1
GCA_964651185.1	5
GCA_964651335.1	1
GCA_964651395.1	2
GCA_964651595.1	1
GCA_964651805.1	5
GCA_964652055.1	2
GCA_964652405.1	2
GCA_964652435.1	1
GCA_964652475.1	1
GCA_964652705.1	3
GCA_964652715.1	1
GCA_964652785.1	1
GCA_964652855.1	2
GCA_964653165.1	1
GCA_964653225.1	1
GCA_964653495.1	2
GCA_964654255.1	1
GCA_964654605.1	2
GCA_964654655.1	2
GCA_964654975.1	1
GCA_964655135.1	1
GCA_964655235.1	2
GCA_964655425.1	1
GCA_964655595.1	3
GCA_964655655.1	1
GCA_964655725.1	1
GCA_964657325.1	1
GCA_964657365.1	2
GCA_964657445.1	1
GCA_964657565.1	2
GCA_964657595.1	1
GCA_964657655.1	3
GCA_964657765.1	1
GCA_964657785.1	1
GCA_964657875.1	1
GCA_964657965.1	2
GCA_964658025.1	1
GCA_964658115.1	1
GCA_964658785.1	1
GCA_965116145.1	1
GCA_965116445.1	1
GCA_965116715.1	1
GCA_965116765.1	1
GCA_965116955.1	1
GCA_965140395.1	1
GCA_965140415.1	1
GCA_965140455.1	1
GCA_965140695.1	1
GCA_965183835.1	1
GCA_965194445.1	2
GCA_965194545.1	1
GCA_965194595.1	1
GCA_965194655.1	1
GCA_965194715.1	3
GCA_965197265.1	1
GCA_965197925.1	1
GCA_965198435.1	1
GCA_965198565.1	1
GCA_965198695.1	1
GCA_965198725.1	1
GCA_965198755.1	1
GCA_965198835.1	1
GCA_965198845.1	1
GCA_965198895.1	1
GCA_965198905.1	1
GCA_965198915.1	1
GCA_965198995.1	1
GCA_965199005.1	1
GCA_965199045.1	1
GCA_965199095.1	1
GCA_965199105.1	2
GCA_965199125.1	1
GCA_965199165.1	2
GCA_965199235.1	2
GCA_965199555.1	1
GCA_965199585.1	2
GCA_965199665.1	3
GCA_965199805.1	1
GCA_965199985.1	1
GCA_965200575.1	1
GCA_965200665.1	1
GCA_965202695.1	1
GCA_965202915.1	1
GCA_965203495.1	1
GCA_965203745.1	1
GCA_965203995.1	1
GCA_965204405.1	2
GCA_965204675.1	1
GCA_965204695.1	1
GCA_965205095.1	1
GCA_965205295.1	1
GCA_965205725.1	1
GCA_965205955.1	1
GCA_965206285.1	1
GCA_965206705.1	1
GCA_965206765.1	1
GCA_965207265.1	1
GCA_965207365.1	1
GCA_965207615.1	1
GCA_965208165.1	1
GCA_965208755.1	1
GCA_965211635.1	1
GCA_965212515.1	1
GCA_965212545.1	2
GCA_965212615.1	1
GCA_965213535.1	1
GCA_965213595.1	1
GCA_965213645.1	2
GCA_965213765.1	1
GCA_965213925.1	3
GCA_965214335.1	1
GCA_965214365.1	1
GCA_965214375.1	3
GCA_965214805.1	1
GCA_965215005.1	1
GCA_965215105.1	1
GCA_965215555.1	1
GCA_965215565.1	2
GCA_965215755.1	2
GCA_965215785.1	1
GCA_965215855.1	1
GCA_965215895.1	1
GCA_965215945.1	1
GCA_965215955.1	1
GCA_965216005.1	1
GCA_965216105.1	2
GCA_965216125.1	1
GCA_965216205.1	1
GCA_965216355.1	3
GCA_965216365.1	1
GCA_965216535.1	1
GCA_965216655.1	4
GCA_965216665.1	5
GCA_965216675.1	3
GCA_965216685.1	3
GCA_965216735.1	1
GCA_965216755.1	1
GCA_965217245.1	5
GCA_965217265.1	1
GCA_965218395.1	1
GCA_965218415.1	3
GCA_965218765.1	2
GCA_965219285.1	1
GCA_965219625.1	1
GCA_965219675.1	1
GCA_965220845.1	1
GCA_965221135.1	1
GCA_965222015.1	1
GCA_965222105.1	1
GCA_965222215.1	1
GCA_965222315.1	1
GCA_965222355.1	1
GCA_965222375.1	2
GCA_965222395.1	1
GCA_965222485.1	2
GCA_965222725.1	1
GCA_965222775.1	1
GCA_965222795.1	1
GCA_965222835.1	1
GCA_965222875.1	1
GCA_965223025.1	1
GCA_965223035.1	2
GCA_965223125.1	1
GCA_965223255.1	2
GCA_965223325.1	1
GCA_965223335.1	1
GCA_965223355.1	2
GCA_965223375.1	1
GCA_965223385.1	1
GCA_965223705.1	1
GCA_965223805.1	1
GCA_965223815.1	1
GCA_965223825.1	1
GCA_965224025.1	1
GCA_965224045.1	2
GCA_965224055.1	1
GCA_965224165.1	1
GCA_965224185.1	1
GCA_965224225.1	2
GCA_965224505.1	1
GCA_965224645.1	1
GCA_965224725.1	1
GCA_965225625.1	1
GCA_965225735.1	1
GCA_965225775.1	3
GCA_965225895.1	1
GCA_965225935.1	2
GCA_965226995.1	1
GCA_965227035.1	3
GCA_965227185.1	1
GCA_965227245.1	1
GCA_965227405.1	2
GCA_965227455.1	3
GCA_965227515.1	1
GCA_965227535.1	1
GCA_965227565.1	1
GCA_965227635.1	1
GCA_965227645.1	1
GCA_965227685.1	1
GCA_965227845.1	1
GCA_965227875.1	1
GCA_965227885.1	1
GCA_965227905.1	2
GCA_965227945.1	3
GCA_965228005.1	1
GCA_965228025.1	3
GCA_965228065.1	1
GCA_965228095.1	1
GCA_965228135.1	1
GCA_965228275.1	1
GCA_965228285.1	1
GCA_965228425.1	2
GCA_965228445.1	1
GCA_965228575.1	1
GCA_965228585.1	1
GCA_965228615.1	2
GCA_965228625.1	3
GCA_965228695.1	2
GCA_965228725.1	1
GCA_965228745.1	1
GCA_965228785.1	1
GCA_965228875.1	1
GCA_965228895.1	1
GCA_965228905.1	1
GCA_965228915.1	1
GCA_965228975.1	1
GCA_965229085.1	1
GCA_965229095.1	1
GCA_965229115.1	1
GCA_965229165.1	3
GCA_965229215.1	2
GCA_965229265.1	2
GCA_965229325.1	1
GCA_965229335.1	3
GCA_965229345.1	3
GCA_965229565.1	1
GCA_965229685.1	1
GCA_965229695.1	1
GCA_965229765.1	2
GCA_965229805.1	1
GCA_965229825.1	1
GCA_965230025.1	1
GCA_965230205.1	2
GCA_965230245.1	1
GCA_965230445.1	1
GCA_965230515.1	1
GCA_965230705.1	1
GCA_965230795.1	1
GCA_965231175.1	1
GCA_965232105.1	1
GCA_965232285.1	1
GCA_965232405.1	1
GCA_965232515.1	2
GCA_965232875.1	1
GCA_965232975.1	1
GCA_965233055.1	2
GCA_965233125.1	2
GCA_965233135.1	1
GCA_965233165.1	1
GCA_965233185.1	3
GCA_965233195.1	4
GCA_965233705.1	2
GCA_965234315.1	2
GCA_965234325.1	1
GCA_965234355.1	1
GCA_965234495.1	2
GCA_965234525.1	1
GCA_965234735.1	1
GCA_965234775.1	1
GCA_965237625.1	2
GCA_965237855.1	1
GCA_965238135.1	1
GCA_965238175.1	1
GCA_965243105.1	1
GCA_965243205.1	1
GCA_965243325.1	1
GCA_965243535.1	2
GCA_965243615.1	1
GCA_965243785.1	1
GCA_965246755.1	1
GCA_965246795.1	2
GCA_965246805.1	3
GCA_965246835.1	1
GCA_965246875.1	1
GCA_965246895.1	1
GCA_965246915.1	1
GCA_965246925.1	1
GCA_965246945.1	1
GCA_965247075.1	1
GCA_965247095.1	1
GCA_965247115.1	1
GCA_965247145.1	1
GCA_965247175.1	2
GCA_965247225.1	1
GCA_965247245.1	2
GCA_965247335.1	2
GCA_965247345.1	1
GCA_965247525.1	1
GCA_965247705.1	1
GCA_965247715.1	1
GCA_965248185.1	1
GCA_965248715.1	1
GCA_965248885.1	1
GCA_965248965.1	2
GCA_965248995.1	1
GCA_965249015.1	1
GCA_965249175.1	1
GCA_965249635.1	1
GCA_965249705.1	2
GCA_965249875.1	3
GCA_965249895.1	1
GCA_965249925.1	3
GCA_965250105.1	2
GCA_965250205.1	1
GCA_965250225.1	1
GCA_965250245.1	3
GCA_965250275.1	1
GCA_965250675.1	4
GCA_965261225.1	1
GCA_965261285.1	1
GCA_965261585.1	1
GCA_965261715.1	1
GCA_965261955.1	2
GCA_965262235.1	1
GCA_965262265.1	1
GCA_965262355.1	1
GCA_965262415.1	1
GCA_965262465.1	1
GCA_965262565.1	3
GCA_965262605.1	1
GCA_965262665.1	1
GCA_965262875.1	1
GCA_965262985.1	1
GCA_965263215.1	1
GCA_965263305.1	1
GCA_965263335.1	2
GCA_965263345.1	2
GCA_965263365.1	1
GCA_965263455.1	3
GCA_965267245.1	2
GCA_965267275.1	1
GCA_965267295.1	1
GCA_965267325.1	1
GCA_965267405.1	1
GCA_965267475.1	1
GCA_965267485.1	1
GCA_965275905.1	1
GCA_965275915.1	3
GCA_965276685.1	2
GCA_965276765.1	1
GCA_965276785.1	1
GCA_965276795.1	1
GCA_965276815.1	1
GCA_965276975.1	1
GCA_965277015.1	1
GCA_965277035.1	1
GCA_965277115.1	1
GCA_965277275.1	2
GCA_965277495.1	3
GCA_965277505.1	1
GCA_965277605.1	1
GCA_965277615.1	1
GCA_965277635.1	1
GCA_965277795.1	1
GCA_965278985.1	3
GCA_965278995.1	1
GCA_965279045.1	1
GCA_965279065.1	3
GCA_965279075.1	3
GCA_965279085.1	1
GCA_965279105.1	1
GCA_965279115.1	3
GCA_965279125.1	1
GCA_965279165.1	1
GCA_965279205.1	1
GCA_965279295.1	1
GCA_965279325.1	1
GCA_965279345.1	1
GCA_965279355.1	2
GCA_965279395.1	1
GCA_965279415.1	1
GCA_965279425.1	1
GCA_965279475.1	2
GCA_965279515.1	2
GCA_965279525.1	1
GCA_965279565.1	1
GCA_965279655.1	1
GCA_965279665.1	1
GCA_965279735.1	1
GCA_965283675.1	1
GCA_965283735.1	1
GCA_965283745.1	1
GCA_965283765.1	1
GCA_965283845.1	1
GCA_965283865.1	1
GCA_965284055.1	2
GCA_965284145.1	1
GCA_965284225.1	1
GCA_965284315.1	2
GCA_965284495.1	2
GCA_965284505.1	1
GCA_965284635.1	1
GCA_965284655.1	1
GCA_965363575.1	1
GCA_965363655.1	1
GCA_965363665.1	1
GCA_965363735.1	1
GCA_965363755.1	1
GCA_965364195.1	1
GCA_965364495.1	1
GCA_965364565.1	1
GCA_965364575.1	1
GCA_965364785.1	1
GCA_965364825.1	5
GCA_965364915.1	1
GCA_965365495.1	1
GCA_965365545.1	1
GCA_965365555.1	1
GCA_965365575.1	1
GCA_965365655.1	2
GCA_965365965.1	1
GCA_965366515.1	1
GCA_965366835.1	1
GCA_965367215.1	2
GCA_965367245.1	1
GCA_965367685.1	1
GCA_965367985.1	4
GCA_965368205.1	1
GCA_965368515.1	1
GCA_965368585.1	2
GCA_965368915.1	1
GCA_965369035.1	1
GCA_965369185.1	1
GCA_965369205.1	2
GCA_965369435.1	1
GCA_965371325.1	2
GCA_965372875.1	1
GCA_965530755.1	3
GCA_965533395.1	2
GCA_965601515.1	1
GCA_965601665.1	2
GCA_965601715.1	1
GCA_965601735.1	1
GCA_965601835.1	1
GCA_965602395.1	2
GCA_965603475.1	1
GCA_965603635.1	1
GCA_965603855.1	2
GCA_965649595.1	1
GCA_965649745.1	1
GCA_965649985.1	1
GCA_965650035.1	1
GCA_965650045.1	1
GCA_965650425.1	2
GCA_965650445.1	2
GCA_965650625.1	2
GCA_965650725.1	2
GCA_965650765.1	3
GCA_965650865.1	1
GCA_965650885.1	2
GCA_965651385.1	1
GCA_965651595.1	1
GCA_965651925.1	1
GCA_965652015.1	4
GCA_965652545.1	3
GCA_965652675.1	2
GCA_965653375.1	1
GCA_965653535.1	1
GCA_965653625.1	3
GCA_965653955.1	1
GCA_965655275.1	1
GCA_965656085.1	1
GCA_965656505.1	1
GCA_965656525.1	1
GCA_965656855.1	1
GCA_965656885.1	1
GCA_965656935.1	1
GCA_965657085.1	1
GCA_965657335.1	1
GCA_965658465.1	1
GCA_965658685.1	1
GCA_965659735.1	2
GCA_965659885.1	1
GCA_965660085.1	1
GCA_965660425.1	1
GCA_965660685.1	1
GCA_965660815.1	1
GCA_965661105.1	1
GCA_965661165.1	1
GCA_965661375.1	1
GCA_965661985.1	1
GCA_965662135.1	1
GCA_965662235.1	1
GCA_965662365.1	2
GCA_965662685.1	1
GCA_965662745.1	1
GCA_965727025.1	1
GCA_965974445.1	1
GCA_965974465.1	5
GCA_966077345.1	2
GCA_966095775.1	2
GCA_966096025.1	2
GCA_966096115.1	3
GCA_966111495.1	2
GCA_966111775.1	4
GCA_966112355.1	3
GCA_966112795.1	1
GCA_966112955.1	3
GCA_966186155.1	1
GCA_966186235.1	1
GCA_966191535.1	1
GCA_966191635.1	1
GCA_966203835.1	1
GCA_966205705.1	1
GCA_966210405.1	1
GCA_966210435.1	1
GCA_966210615.1	2
GCA_966210725.1	1
GCA_966210745.1	2
GCA_966210885.1	1
GCA_966211105.1	3
GCA_966211265.1	1
GCA_966211295.1	2
GCA_966211335.1	1
GCA_966211435.1	2
GCA_966211475.1	3
GCA_966211495.1	4
GCA_966211575.1	2
GCA_966211585.1	5
GCA_966211605.1	1
GCA_966211615.1	1
GCA_966211665.1	1
GCA_966211675.1	1
GCA_966211685.1	1
GCA_966211695.1	2
GCA_966211705.1	1
GCA_966211755.1	3
GCA_966211815.1	4
GCA_966211835.1	1
GCA_966211865.1	3
GCA_966211905.1	2
GCA_966211915.1	2
GCA_966211925.1	1
GCA_966211935.1	2
GCA_966211955.1	3
GCA_966211965.1	7
GCA_966212005.1	1
GCA_966212065.1	4
GCA_966212105.1	3
GCA_966212285.1	2
GCA_966212305.1	3
GCA_966212315.1	2
GCA_966212325.1	2
GCA_966212445.1	5
GCA_966212505.1	4
GCA_966212545.1	5
GCA_966212555.1	2
GCA_966244135.1	1
GCA_966248995.1	3
GCA_966250105.1	2
GCA_966250375.1	6
GCA_966251045.1	2
GCA_966251135.1	2
GCA_966252285.1	1
GCA_966252435.1	5
GCA_966417555.1	2
GCA_966421005.1	5
GCA_966424745.1	3
GCA_966426465.1	1
GCA_966430775.1	1
GCA_966431825.1	3
GCA_966433195.1	5
GCA_966433995.1	4
GCA_966434565.1	1
GCA_966434585.1	1
GCA_966435935.1	1
GCA_966692625.1	3
GCF_000007705.1	3
GCF_000007825.1	2
GCF_000008485.1	5
GCF_000009365.1	2
GCF_000009625.1	3
GCF_000009985.1	2
GCF_000010525.1	3
GCF_000010625.1	1
GCF_000010725.1	2
GCF_000010805.1	1
GCF_000011085.1	1
GCF_000011365.1	6
GCF_000011705.1	3
GCF_000011965.2	1
GCF_000012325.1	1
GCF_000012365.1	3
GCF_000012945.1	6
GCF_000012985.1	1
GCF_000013025.1	1
GCF_000013085.1	1
GCF_000013365.1	1
GCF_000013565.1	1
GCF_000013605.1	4
GCF_000013645.1	4
GCF_000013665.1	1
GCF_000013745.1	1
GCF_000013865.1	5
GCF_000013885.1	2
GCF_000013985.1	1
GCF_000014045.1	2
GCF_000014065.1	1
GCF_000014565.1	3
GCF_000014785.1	3
GCF_000014805.1	2
GCF_000015265.1	4
GCF_000015505.1	3
GCF_000015565.1	2
GCF_000015725.1	2
GCF_000016185.1	1
GCF_000016285.1	1
GCF_000016665.1	2
GCF_000017425.1	2
GCF_000017805.1	2
GCF_000018145.1	1
GCF_000018285.1	1
GCF_000018545.1	1
GCF_000019185.1	1
GCF_000019725.1	1
GCF_000019785.1	3
GCF_000019845.1	5
GCF_000020045.1	4
GCF_000020125.1	6
GCF_000020665.1	1
GCF_000021305.1	3
GCF_000021745.1	4
GCF_000021825.1	3
GCF_000022085.1	5
GCF_000023025.1	1
GCF_000023945.1	1
GCF_000024165.1	4
GCF_000024365.1	1
GCF_000024805.1	1
GCF_000025265.1	1
GCF_000025325.1	1
GCF_000025345.1	3
GCF_000025965.1	2
GCF_000026105.1	1
GCF_000026145.1	3
GCF_000039765.1	1
GCF_000067045.1	1
GCF_000067165.1	4
GCF_000067205.1	2
GCF_000069185.1	1
GCF_000069785.1	5
GCF_000092285.1	1
GCF_000092925.1	1
GCF_000143145.1	5
GCF_000144605.1	1
GCF_000146345.1	1
GCF_000147335.1	2
GCF_000148645.1	1
GCF_000148725.1	1
GCF_000152625.1	1
GCF_000152725.1	1
GCF_000152745.1	1
GCF_000152805.1	1
GCF_000152825.2	2
GCF_000152845.1	1
GCF_000152865.1	1
GCF_000153025.1	1
GCF_000153205.1	1
GCF_000153325.1	2
GCF_000153705.1	1
GCF_000153725.1	1
GCF_000154705.2	1
GCF_000154785.2	1
GCF_000155615.1	2
GCF_000155675.2	1
GCF_000155735.2	1
GCF_000156235.1	2
GCF_000156335.1	1
GCF_000157895.3	3
GCF_000158095.2	1
GCF_000158175.1	1
GCF_000161455.1	3
GCF_000161835.1	1
GCF_000162755.2	6
GCF_000164135.1	1
GCF_000165485.1	1
GCF_000165835.1	2
GCF_000166055.1	1
GCF_000166295.1	1
GCF_000168975.1	2
GCF_000169175.1	4
GCF_000169435.1	1
GCF_000170835.1	1
GCF_000170895.1	1
GCF_000170915.1	2
GCF_000171615.1	1
GCF_000171815.1	1
GCF_000172415.1	4
GCF_000172555.1	2
GCF_000172995.2	1
GCF_000174355.1	3
GCF_000175215.2	1
GCF_000175235.1	3
GCF_000176035.2	2
GCF_000176235.1	1
GCF_000176515.1	1
GCF_000176855.2	3
GCF_000177235.2	1
GCF_000178995.1	2
GCF_000184745.1	2
GCF_000188155.2	2
GCF_000189255.1	1
GCF_000190375.1	1
GCF_000190415.1	3
GCF_000192435.1	1
GCF_000192475.1	1
GCF_000192575.1	2
GCF_000195955.2	1
GCF_000196015.1	5
GCF_000196255.1	2
GCF_000196795.1	2
GCF_000196875.2	1
GCF_000202835.1	2
GCF_000203915.1	5
GCF_000203975.2	1
GCF_000204015.1	1
GCF_000204035.1	1
GCF_000204195.1	3
GCF_000204645.1	2
GCF_000209655.1	2
GCF_000211835.1	2
GCF_000213805.1	1
GCF_000214035.2	1
GCF_000214135.1	1
GCF_000215705.1	2
GCF_000217955.3	3
GCF_000218565.1	1
GCF_000219215.1	5
GCF_000219915.2	2
GCF_000220175.1	1
GCF_000220565.1	1
GCF_000221045.1	3
GCF_000222585.1	1
GCF_000222605.1	1
GCF_000223905.1	1
GCF_000224415.1	2
GCF_000226215.1	1
GCF_000226565.1	1
GCF_000226875.1	1
GCF_000226955.1	1
GCF_000227685.2	1
GCF_000227725.2	2
GCF_000227745.2	1
GCF_000230695.2	2
GCF_000230895.2	1
GCF_000230975.2	4
GCF_000230995.2	2
GCF_000233715.2	1
GCF_000235625.1	1
GCF_000236035.1	1
GCF_000236165.1	3
GCF_000236565.1	2
GCF_000236785.1	3
GCF_000238295.3	1
GCF_000238315.3	3
GCF_000238375.3	1
GCF_000239775.1	4
GCF_000239795.1	3
GCF_000239815.1	4
GCF_000240225.1	2
GCF_000241465.1	1
GCF_000241485.1	1
GCF_000241525.1	2
GCF_000242895.2	1
GCF_000243075.1	1
GCF_000243095.1	7
GCF_000243335.1	1
GCF_000243675.2	2
GCF_000243695.2	1
GCF_000243715.2	2
GCF_000243735.2	1
GCF_000243815.2	1
GCF_000244755.1	1
GCF_000244915.1	5
GCF_000247475.1	2
GCF_000251145.1	2
GCF_000253115.1	2
GCF_000253255.1	1
GCF_000253295.1	4
GCF_000256565.1	4
GCF_000259195.1	1
GCF_000261365.1	3
GCF_000261685.1	5
GCF_000263715.2	1
GCF_000263855.1	1
GCF_000264295.1	1
GCF_000264315.1	2
GCF_000264375.1	2
GCF_000264945.2	2
GCF_000265205.3	2
GCF_000265245.1	1
GCF_000265505.1	1
GCF_000266885.1	3
GCF_000271305.1	1
GCF_000272475.1	1
GCF_000275725.1	1
GCF_000276605.1	3
GCF_000277125.1	1
GCF_000280765.1	1
GCF_000280925.3	1
GCF_000281715.2	2
GCF_000281895.1	1
GCF_000281955.1	3
GCF_000281975.1	1
GCF_000282135.1	4
GCF_000282195.1	2
GCF_000282215.1	2
GCF_000282315.2	1
GCF_000282335.1	2
GCF_000282355.1	2
GCF_000282375.1	1
GCF_000282455.1	1
GCF_000282495.1	2
GCF_000282515.1	1
GCF_000282535.1	1
GCF_000282575.1	3
GCF_000282595.1	1
GCF_000282615.1	3
GCF_000282635.1	2
GCF_000282655.1	4
GCF_000282995.1	3
GCF_000283655.1	1
GCF_000284015.1	1
GCF_000284255.1	1
GCF_000284375.1	8
GCF_000284455.1	1
GCF_000285555.1	1
GCF_000285595.1	1
GCF_000286835.2	4
GCF_000292345.1	5
GCF_000292915.1	5
GCF_000293785.1	1
GCF_000293865.2	1
GCF_000293885.2	1
GCF_000294655.1	2
GCF_000296215.2	5
GCF_000297215.2	1
GCF_000297435.1	1
GCF_000298215.1	2
GCF_000298315.2	1
GCF_000299035.1	3
GCF_000299335.2	1
GCF_000299415.1	6
GCF_000299575.1	1
GCF_000299875.1	1
GCF_000299915.1	3
GCF_000300005.1	1
GCF_000300235.2	1
GCF_000300275.1	1
GCF_000300855.1	1
GCF_000300975.2	3
GCF_000300995.1	1
GCF_000302535.1	3
GCF_000303155.1	1
GCF_000304315.1	3
GCF_000305785.2	1
GCF_000306115.2	1
GCF_000306235.2	2
GCF_000306255.2	1
GCF_000306675.2	1
GCF_000306765.2	1
GCF_000306785.1	1
GCF_000306945.1	1
GCF_000307735.3	2
GCF_000307875.1	1
GCF_000308295.2	4
GCF_000308315.1	4
GCF_000308495.1	2
GCF_000310185.1	2
GCF_000310205.1	2
GCF_000310225.1	1
GCF_000312025.1	1
GCF_000312425.1	3
GCF_000313175.2	1
GCF_000313935.1	2
GCF_000314675.2	5
GCF_000314735.2	2
GCF_000315425.1	1
GCF_000315565.1	1
GCF_000315795.1	1
GCF_000317025.1	2
GCF_000319305.2	1
GCF_000319575.2	1
GCF_000321025.1	2
GCF_000328565.1	2
GCF_000328685.1	1
GCF_000328705.1	1
GCF_000330885.1	2
GCF_000331225.1	2
GCF_000331245.1	1
GCF_000331515.1	2
GCF_000331575.1	1
GCF_000331735.1	1
GCF_000332035.1	1
GCF_000332415.1	1
GCF_000333035.1	1
GCF_000333275.1	2
GCF_000333455.1	1
GCF_000333595.1	1
GCF_000333615.1	4
GCF_000333895.2	4
GCF_000333955.1	1
GCF_000334915.1	1
GCF_000335475.2	1
GCF_000336555.1	3
GCF_000336575.1	1
GCF_000336615.1	1
GCF_000336635.1	1
GCF_000336895.1	1
GCF_000337195.1	1
GCF_000337215.1	1
GCF_000337455.1	2
GCF_000337475.1	2
GCF_000337495.1	1
GCF_000337675.1	1
GCF_000337695.1	1
GCF_000337735.1	1
GCF_000337775.1	1
GCF_000342005.1	1
GCF_000342045.1	1
GCF_000342165.1	1
GCF_000344135.1	1
GCF_000344615.1	4
GCF_000344805.1	4
GCF_000347175.1	1
GCF_000347775.1	2
GCF_000349845.1	1
GCF_000349945.1	4
GCF_000350085.1	1
GCF_000350145.1	3
GCF_000355675.1	2
GCF_000359125.1	3
GCF_000359745.1	2
GCF_000364445.2	1
GCF_000364625.1	1
GCF_000364705.1	1
GCF_000367345.1	1
GCF_000367925.1	2
GCF_000367945.1	1
GCF_000368025.1	1
GCF_000368045.1	1
GCF_000368065.1	2
GCF_000368085.1	2
GCF_000368145.1	3
GCF_000368265.1	1
GCF_000368565.1	2
GCF_000368585.1	1
GCF_000368685.1	2
GCF_000368765.1	1
GCF_000368785.1	2
GCF_000368825.1	2
GCF_000368925.1	2
GCF_000368965.1	2
GCF_000369045.1	2
GCF_000369065.1	3
GCF_000369405.1	1
GCF_000369485.1	1
GCF_000369505.1	2
GCF_000369525.1	1
GCF_000369625.1	1
GCF_000369805.1	1
GCF_000371965.1	2
GCF_000372525.1	5
GCF_000372645.1	1
GCF_000372825.1	2
GCF_000372845.1	1
GCF_000372885.1	1
GCF_000372965.1	1
GCF_000373765.1	2
GCF_000373905.1	2
GCF_000373965.1	1
GCF_000374145.1	1
GCF_000374305.1	1
GCF_000374425.1	1
GCF_000374465.1	1
GCF_000374525.1	1
GCF_000374625.1	2
GCF_000374645.1	3
GCF_000374805.1	2
GCF_000376105.1	1
GCF_000376785.1	1
GCF_000376805.1	1
GCF_000376825.1	1
GCF_000376945.1	1
GCF_000377645.1	2
GCF_000377665.1	1
GCF_000377705.1	1
GCF_000377945.1	1
GCF_000378045.1	1
GCF_000378125.1	2
GCF_000378185.1	1
GCF_000378245.1	3
GCF_000378465.1	2
GCF_000378505.1	1
GCF_000378725.1	1
GCF_000378945.1	1
GCF_000378985.1	1
GCF_000379085.1	2
GCF_000379525.1	1
GCF_000379565.1	5
GCF_000379605.1	1
GCF_000380245.2	2
GCF_000380505.1	2
GCF_000380645.1	2
GCF_000381125.1	5
GCF_000381265.1	3
GCF_000381885.1	1
GCF_000381965.1	1
GCF_000382065.1	1
GCF_000382185.1	1
GCF_000382265.1	1
GCF_000382305.1	1
GCF_000382325.1	1
GCF_000382345.1	3
GCF_000382365.1	1
GCF_000382405.1	1
GCF_000382705.1	1
GCF_000382885.1	1
GCF_000383095.1	2
GCF_000383235.1	2
GCF_000383415.1	2
GCF_000383915.1	1
GCF_000383975.1	1
GCF_000384215.1	1
GCF_000384295.1	1
GCF_000384315.1	1
GCF_000384335.2	1
GCF_000384415.1	1
GCF_000384475.1	1
GCF_000385335.1	1
GCF_000385375.1	1
GCF_000397065.2	1
GCF_000397205.1	1
GCF_000399665.1	2
GCF_000400365.1	1
GCF_000400715.1	1
GCF_000400735.1	2
GCF_000402035.1	4
GCF_000403645.1	1
GCF_000409775.1	1
GCF_000410635.1	2
GCF_000410875.1	1
GCF_000411975.1	2
GCF_000412185.1	1
GCF_000412635.1	2
GCF_000412675.1	1
GCF_000412695.1	1
GCF_000413855.1	1
GCF_000413935.1	1
GCF_000416235.1	1
GCF_000418325.1	3
GCF_000419605.1	1
GCF_000419765.1	2
GCF_000420025.1	1
GCF_000420045.1	1
GCF_000420145.1	1
GCF_000420265.1	1
GCF_000420305.1	1
GCF_000420525.1	1
GCF_000420625.1	1
GCF_000420645.1	1
GCF_000420665.1	1
GCF_000420745.1	1
GCF_000420765.1	2
GCF_000421265.1	1
GCF_000421705.1	1
GCF_000421765.1	1
GCF_000422325.1	1
GCF_000422345.1	1
GCF_000422585.1	1
GCF_000422665.1	1
GCF_000422765.1	1
GCF_000422785.1	1
GCF_000422805.1	1
GCF_000422825.1	1
GCF_000422845.1	2
GCF_000422885.1	3
GCF_000422925.1	2
GCF_000423025.1	1
GCF_000423085.1	1
GCF_000423185.1	1
GCF_000423225.1	1
GCF_000423285.1	2
GCF_000423305.1	2
GCF_000423545.1	1
GCF_000423665.1	4
GCF_000423705.1	1
GCF_000423885.1	1
GCF_000424625.1	1
GCF_000425165.1	2
GCF_000425365.1	2
GCF_000425385.1	2
GCF_000425725.1	1
GCF_000425785.1	1
GCF_000425805.1	1
GCF_000425945.1	1
GCF_000426045.1	2
GCF_000426225.1	2
GCF_000426245.1	6
GCF_000426285.1	1
GCF_000426345.1	6
GCF_000426845.1	4
GCF_000427445.1	3
GCF_000427465.1	2
GCF_000427665.1	1
GCF_000427685.1	1
GCF_000427725.1	3
GCF_000427785.1	1
GCF_000428145.1	5
GCF_000428865.1	1
GCF_000428985.1	1
GCF_000429045.1	2
GCF_000429365.1	1
GCF_000429385.1	2
GCF_000429485.1	3
GCF_000429505.1	2
GCF_000429605.1	2
GCF_000429625.1	1
GCF_000429645.1	2
GCF_000429665.1	1
GCF_000429765.1	1
GCF_000429785.1	2
GCF_000429845.1	2
GCF_000430505.1	2
GCF_000430725.1	8
GCF_000430765.1	1
GCF_000430785.1	2
GCF_000430805.1	2
GCF_000442255.1	2
GCF_000442275.2	1
GCF_000442515.1	1
GCF_000443165.1	1
GCF_000444135.1	1
GCF_000444995.1	1
GCF_000445065.1	2
GCF_000445105.1	1
GCF_000445125.1	3
GCF_000447205.1	1
GCF_000452705.1	1
GCF_000455325.1	1
GCF_000463015.1	2
GCF_000466385.1	1
GCF_000466965.1	1
GCF_000466985.1	1
GCF_000467105.1	1
GCF_000467125.1	1
GCF_000470655.1	1
GCF_000472385.1	7
GCF_000472425.1	9
GCF_000472445.1	3
GCF_000472525.1	2
GCF_000472545.1	2
GCF_000472705.1	3
GCF_000472785.1	3
GCF_000472865.1	6
GCF_000472925.1	10
GCF_000472965.1	4
GCF_000473045.1	6
GCF_000473065.1	6
GCF_000473085.1	3
GCF_000473105.1	1
GCF_000473145.1	1
GCF_000473165.1	1
GCF_000473225.1	1
GCF_000473245.1	1
GCF_000473265.1	1
GCF_000473325.1	1
GCF_000474275.2	1
GCF_000478275.1	1
GCF_000478825.2	1
GCF_000482325.1	2
GCF_000482785.1	2
GCF_000484635.1	2
GCF_000485905.1	1
GCF_000488255.1	1
GCF_000488275.1	2
GCF_000495795.1	1
GCF_000495815.1	1
GCF_000495835.1	2
GCF_000495855.1	1
GCF_000496285.1	1
GCF_000497575.1	4
GCF_000498395.2	1
GCF_000498575.2	1
GCF_000502835.1	1
GCF_000502875.1	1
GCF_000502955.1	1
GCF_000503055.1	1
GCF_000503215.1	1
GCF_000503895.1	2
GCF_000504245.1	2
GCF_000505545.1	1
GCF_000506865.1	1
GCF_000506985.1	2
GCF_000508185.1	1
GCF_000511355.1	2
GCF_000511385.1	1
GCF_000512205.2	1
GCF_000512355.1	3
GCF_000512695.2	1
GCF_000513295.1	1
GCF_000513715.1	2
GCF_000513895.2	1
GCF_000513955.1	1
GCF_000513995.1	1
GCF_000515255.1	1
GCF_000515415.1	5
GCF_000516555.1	2
GCF_000517045.1	1
GCF_000517105.1	2
GCF_000518265.1	1
GCF_000518645.1	3
GCF_000518665.1	1
GCF_000518865.1	1
GCF_000518885.1	1
GCF_000519085.1	2
GCF_000519185.1	11
GCF_000519325.1	2
GCF_000521215.1	1
GCF_000521505.1	2
GCF_000521785.1	1
GCF_000521865.1	1
GCF_000524475.1	1
GCF_000526915.1	1
GCF_000527135.1	1
GCF_000527175.1	2
GCF_000531125.1	1
GCF_000559025.1	1
GCF_000559085.1	1
GCF_000565285.1	1
GCF_000565345.1	2
GCF_000576595.1	1
GCF_000576635.1	2
GCF_000577615.1	5
GCF_000582785.1	1
GCF_000585415.1	1
GCF_000585995.1	1
GCF_000586315.1	5
GCF_000588875.1	1
GCF_000590925.1	1
GCF_000591055.1	1
GCF_000591415.1	1
GCF_000600295.1	2
GCF_000600335.2	1
GCF_000600975.2	1
GCF_000601485.1	2
GCF_000612585.1	2
GCF_000612625.1	1
GCF_000612665.1	1
GCF_000612725.1	1
GCF_000613125.1	1
GCF_000613245.1	1
GCF_000617845.2	6
GCF_000619845.1	1
GCF_000619945.1	1
GCF_000620105.1	1
GCF_000620145.1	4
GCF_000620505.1	2
GCF_000620645.1	1
GCF_000620705.1	2
GCF_000621025.1	1
GCF_000621165.1	4
GCF_000621525.1	2
GCF_000622225.1	3
GCF_000622325.1	1
GCF_000622365.1	1
GCF_000622385.1	1
GCF_000622405.1	1
GCF_000622895.1	4
GCF_000631985.1	1
GCF_000632455.1	1
GCF_000633255.1	2
GCF_000633395.1	1
GCF_000633935.1	2
GCF_000636015.1	1
GCF_000647975.1	1
GCF_000657795.2	2
GCF_000661955.1	1
GCF_000671395.1	1
GCF_000682675.1	1
GCF_000682695.1	1
GCF_000682715.1	1
GCF_000682735.1	1
GCF_000682755.1	1
GCF_000682775.1	1
GCF_000684975.1	3
GCF_000685015.1	6
GCF_000685035.1	3
GCF_000685075.1	10
GCF_000685095.1	2
GCF_000685155.1	1
GCF_000685215.1	1
GCF_000685235.1	1
GCF_000685275.1	1
GCF_000685295.1	1
GCF_000685315.1	1
GCF_000686045.1	1
GCF_000687165.1	3
GCF_000687875.1	2
GCF_000688235.1	1
GCF_000688255.1	1
GCF_000688295.1	2
GCF_000689255.1	1
GCF_000689415.1	3
GCF_000690905.1	1
GCF_000691225.1	2
GCF_000695255.1	2
GCF_000695625.1	1
GCF_000695685.1	1
GCF_000696095.1	1
GCF_000696225.1	1
GCF_000698555.1	2
GCF_000698575.1	3
GCF_000698595.1	5
GCF_000698785.1	2
GCF_000701265.1	5
GCF_000701345.1	4
GCF_000701365.1	2
GCF_000701445.1	1
GCF_000702305.1	2
GCF_000705555.1	1
GCF_000708755.2	1
GCF_000709345.1	3
GCF_000711725.1	2
GCF_000711875.1	3
GCF_000711885.1	2
GCF_000712075.1	1
GCF_000712135.1	1
GCF_000712595.1	2
GCF_000714535.1	1
GCF_000714545.1	2
GCF_000715505.1	2
GCF_000716785.1	2
GCF_000717335.1	1
GCF_000720335.1	2
GCF_000720425.1	1
GCF_000722875.1	1
GCF_000723165.1	2
GCF_000723405.1	2
GCF_000725385.1	2
GCF_000729995.1	3
GCF_000730245.1	1
GCF_000730285.1	3
GCF_000730425.1	1
GCF_000730605.1	1
GCF_000730665.1	1
GCF_000731095.1	1
GCF_000731675.1	1
GCF_000731955.1	1
GCF_000732195.1	1
GCF_000732615.1	5
GCF_000732925.1	1
GCF_000733125.1	2
GCF_000733295.1	2
GCF_000733775.1	2
GCF_000735605.1	2
GCF_000737245.1	1
GCF_000737315.1	1
GCF_000737325.1	1
GCF_000737335.2	2
GCF_000739015.1	4
GCF_000739085.1	1
GCF_000739735.1	2
GCF_000739775.1	8
GCF_000739815.1	7
GCF_000739875.1	2
GCF_000739895.2	2
GCF_000739995.1	2
GCF_000740675.1	4
GCF_000740775.1	1
GCF_000740795.1	3
GCF_000742475.1	1
GCF_000742835.1	2
GCF_000742895.1	2
GCF_000743705.1	1
GCF_000743715.1	2
GCF_000744095.1	9
GCF_000744735.1	1
GCF_000745015.1	3
GCF_000745215.1	2
GCF_000745265.1	3
GCF_000745425.1	5
GCF_000745835.1	4
GCF_000745855.1	3
GCF_000746085.1	5
GCF_000746525.1	2
GCF_000746925.1	2
GCF_000756375.1	2
GCF_000756385.1	2
GCF_000756655.1	1
GCF_000756665.1	2
GCF_000756815.1	3
GCF_000757485.1	2
GCF_000757605.1	3
GCF_000759025.1	2
GCF_000759345.1	2
GCF_000759435.1	1
GCF_000760595.1	2
GCF_000760935.2	1
GCF_000761245.1	2
GCF_000761545.1	1
GCF_000763295.1	1
GCF_000763805.1	1
GCF_000763885.1	2
GCF_000763905.1	2
GCF_000763945.1	1
GCF_000764205.1	1
GCF_000764225.1	1
GCF_000764495.1	2
GCF_000764655.1	2
GCF_000765145.1	1
GCF_000767465.1	1
GCF_000767615.3	4
GCF_000767795.1	2
GCF_000768065.1	3
GCF_000768315.1	1
GCF_000768335.1	2
GCF_000768355.1	2
GCF_000768555.3	1
GCF_000769405.2	1
GCF_000770585.1	3
GCF_000772105.1	1
GCF_000772945.1	1
GCF_000774145.1	1
GCF_000785435.2	4
GCF_000786205.1	1
GCF_000786215.1	2
GCF_000786695.1	4
GCF_000787695.1	1
GCF_000787715.1	1
GCF_000788395.1	1
GCF_000797515.1	1
GCF_000799715.1	1
GCF_000801955.1	5
GCF_000802185.1	3
GCF_000802205.1	12
GCF_000802385.1	2
GCF_000802425.1	1
GCF_000802965.1	1
GCF_000803065.1	1
GCF_000803645.1	3
GCF_000805455.1	2
GCF_000807775.2	4
GCF_000812465.1	8
GCF_000813725.1	1
GCF_000813745.1	1
GCF_000813965.1	1
GCF_000813985.1	1
GCF_000814005.1	1
GCF_000814025.1	2
GCF_000814765.1	1
GCF_000814845.2	4
GCF_000815105.2	3
GCF_000815465.1	1
GCF_000816495.1	1
GCF_000816845.1	1
GCF_000817815.1	2
GCF_000818395.1	5
GCF_000819565.1	1
GCF_000819725.1	1
GCF_000819745.1	2
GCF_000819765.1	1
GCF_000819785.1	1
GCF_000819845.1	1
GCF_000819865.1	2
GCF_000820005.1	2
GCF_000820025.1	1
GCF_000820085.1	1
GCF_000820165.1	2
GCF_000820185.1	2
GCF_000820305.1	2
GCF_000820515.1	3
GCF_000828635.1	2
GCF_000828895.1	1
GCF_000828915.1	3
GCF_000829415.1	1
GCF_000829675.1	1
GCF_000829825.1	1
GCF_000832305.1	7
GCF_000832605.1	3
GCF_000832985.1	1
GCF_000834655.1	2
GCF_000876015.1	4
GCF_000876675.2	2
GCF_000877395.1	2
GCF_000931465.1	1
GCF_000934545.1	2
GCF_000934605.2	4
GCF_000935025.1	1
GCF_000935045.1	1
GCF_000936425.1	4
GCF_000938255.1	5
GCF_000938305.1	3
GCF_000948415.1	1
GCF_000948975.2	1
GCF_000948985.2	1
GCF_000949135.2	5
GCF_000949385.2	1
GCF_000953135.1	6
GCF_000953635.1	7
GCF_000953655.1	6
GCF_000954115.1	1
GCF_000955805.1	1
GCF_000956595.1	1
GCF_000959365.1	4
GCF_000959445.1	4
GCF_000959525.1	5
GCF_000959725.1	2
GCF_000960995.1	2
GCF_000961795.1	1
GCF_000963705.1	3
GCF_000964085.1	1
GCF_000964365.1	1
GCF_000964545.1	3
GCF_000967655.1	1
GCF_000967725.1	1
GCF_000969605.1	4
GCF_000969645.2	2
GCF_000971335.1	3
GCF_000972785.3	4
GCF_000972865.1	1
GCF_000974765.1	1
GCF_000981785.2	1
GCF_000986785.1	1
GCF_001005215.1	1
GCF_001005725.1	1
GCF_001006325.2	3
GCF_001006785.1	6
GCF_001006805.1	8
GCF_001007875.1	1
GCF_001011155.1	1
GCF_001012815.1	1
GCF_001014615.2	1
GCF_001014645.1	1
GCF_001014975.1	1
GCF_001015055.1	1
GCF_001017175.1	3
GCF_001017435.1	3
GCF_001027285.1	2
GCF_001028175.1	4
GCF_001028665.1	7
GCF_001028705.1	1
GCF_001029105.3	4
GCF_001029435.1	2
GCF_001029445.1	2
GCF_001038505.1	1
GCF_001039575.1	2
GCF_001040945.1	3
GCF_001042905.1	1
GCF_001043895.1	2
GCF_001043915.1	4
GCF_001043955.1	4
GCF_001043975.1	3
GCF_001044395.1	1
GCF_001045555.1	1
GCF_001046635.1	1
GCF_001046855.1	1
GCF_001049735.1	1
GCF_001050345.1	1
GCF_001051995.2	2
GCF_001053185.1	1
GCF_001078595.1	1
GCF_001187505.1	2
GCF_001187845.1	1
GCF_001189235.2	4
GCF_001189245.1	5
GCF_001189365.1	3
GCF_001189845.1	7
GCF_001189915.1	3
GCF_001189955.1	3
GCF_001189965.1	4
GCF_001190925.1	2
GCF_001191005.1	2
GCF_001202025.1	1
GCF_001205715.1	1
GCF_001238275.1	4
GCF_001238295.1	1
GCF_001258055.1	1
GCF_001262635.1	1
GCF_001263205.1	2
GCF_001263795.1	1
GCF_001264245.1	1
GCF_001267175.1	1
GCF_001267925.1	3
GCF_001269345.1	2
GCF_001269365.1	1
GCF_001269385.1	1
GCF_001269655.1	1
GCF_001269885.1	1
GCF_001269905.1	1
GCF_001269925.1	1
GCF_001270065.2	1
GCF_001273925.1	1
GCF_001274715.1	1
GCF_001274775.1	1
GCF_001274785.1	1
GCF_001274935.1	1
GCF_001278035.1	1
GCF_001278805.1	1
GCF_001278945.1	1
GCF_001280425.1	1
GCF_001293525.1	2
GCF_001293565.1	1
GCF_001293645.1	1
GCF_001293775.1	1
GCF_001294205.1	1
GCF_001294535.1	1
GCF_001295795.1	1
GCF_001295845.1	2
GCF_001295925.1	3
GCF_001295975.1	1
GCF_001296045.1	1
GCF_001297015.1	1
GCF_001297125.1	1
GCF_001298265.1	2
GCF_001298675.1	4
GCF_001302585.1	1
GCF_001303895.1	1
GCF_001305295.1	1
GCF_001305595.1	1
GCF_001305855.1	1
GCF_001307275.1	1
GCF_001307295.1	2
GCF_001310275.1	1
GCF_001310815.1	2
GCF_001314325.1	2
GCF_001314605.1	2
GCF_001315015.1	1
GCF_001317545.1	3
GCF_001320245.1	1
GCF_001375595.1	1
GCF_001400735.1	1
GCF_001403735.1	1
GCF_001403795.1	1
GCF_001404515.1	1
GCF_001408515.1	1
GCF_001411495.1	6
GCF_001411805.1	2
GCF_001412535.1	2
GCF_001412575.1	2
GCF_001418005.1	1
GCF_001418225.1	1
GCF_001418255.1	2
GCF_001419985.1	2
GCF_001420005.1	1
GCF_001420595.1	1
GCF_001420605.1	1
GCF_001420995.1	2
GCF_001421245.1	2
GCF_001421325.1	1
GCF_001421355.1	2
GCF_001421415.1	1
GCF_001421505.1	1
GCF_001421665.1	1
GCF_001421705.1	1
GCF_001421715.1	2
GCF_001421745.1	1
GCF_001421765.1	2
GCF_001421785.1	1
GCF_001421885.1	1
GCF_001421965.1	3
GCF_001421995.1	1
GCF_001422365.1	3
GCF_001422375.1	1
GCF_001422405.1	3
GCF_001422445.1	3
GCF_001422455.1	1
GCF_001422735.1	3
GCF_001422815.1	2
GCF_001422885.1	2
GCF_001422985.1	2
GCF_001423085.1	2
GCF_001423125.1	3
GCF_001423245.1	1
GCF_001423265.1	1
GCF_001423295.1	1
GCF_001423405.1	2
GCF_001423765.1	1
GCF_001423845.1	2
GCF_001424025.1	1
GCF_001424165.1	1
GCF_001424265.1	1
GCF_001424345.1	2
GCF_001424425.1	5
GCF_001424545.1	2
GCF_001424685.1	1
GCF_001424705.1	2
GCF_001424755.1	2
GCF_001424835.1	2
GCF_001425005.1	2
GCF_001425025.1	1
GCF_001425045.1	2
GCF_001425055.1	4
GCF_001425165.1	4
GCF_001425175.1	1
GCF_001425205.1	2
GCF_001425265.1	2
GCF_001425385.1	3
GCF_001425405.1	1
GCF_001425465.1	2
GCF_001425575.1	1
GCF_001425605.1	1
GCF_001425625.1	2
GCF_001425705.1	4
GCF_001425745.1	2
GCF_001425785.1	3
GCF_001425825.1	2
GCF_001425835.1	2
GCF_001425865.1	2
GCF_001425905.1	2
GCF_001426085.1	1
GCF_001426225.1	1
GCF_001426265.1	1
GCF_001426505.1	2
GCF_001426665.1	1
GCF_001426885.1	3
GCF_001426905.1	1
GCF_001426945.1	1
GCF_001427025.1	1
GCF_001427105.1	2
GCF_001427125.1	1
GCF_001427285.1	1
GCF_001427305.1	2
GCF_001427385.1	1
GCF_001427585.1	1
GCF_001427635.1	1
GCF_001427665.1	2
GCF_001427795.1	1
GCF_001427825.1	1
GCF_001428125.1	2
GCF_001428385.1	1
GCF_001428405.1	2
GCF_001428545.1	3
GCF_001428605.1	1
GCF_001428625.1	4
GCF_001428665.1	5
GCF_001428685.1	1
GCF_001428845.1	3
GCF_001428865.1	1
GCF_001429025.1	1
GCF_001429065.1	1
GCF_001429245.1	1
GCF_001429395.1	2
GCF_001429505.1	3
GCF_001429625.1	1
GCF_001429785.1	1
GCF_001431295.2	4
GCF_001431315.2	1
GCF_001431405.1	1
GCF_001431485.1	1
GCF_001431525.1	1
GCF_001431535.1	1
GCF_001431595.1	1
GCF_001431665.1	1
GCF_001431725.1	1
GCF_001432305.1	3
GCF_001433395.1	2
GCF_001439605.1	1
GCF_001439685.1	1
GCF_001439695.1	1
GCF_001439735.1	1
GCF_001439785.1	1
GCF_001439805.1	1
GCF_001439815.1	1
GCF_001439845.1	1
GCF_001440035.1	7
GCF_001440395.1	6
GCF_001440405.1	5
GCF_001440415.1	4
GCF_001440475.1	6
GCF_001441615.1	1
GCF_001442755.1	1
GCF_001442805.1	1
GCF_001444405.1	1
GCF_001446935.1	1
GCF_001447195.1	4
GCF_001447385.1	3
GCF_001455345.1	3
GCF_001455965.1	2
GCF_001456115.1	1
GCF_001456355.1	1
GCF_001456935.1	2
GCF_001457475.1	2
GCF_001457595.1	2
GCF_001457615.1	1
GCF_001457815.1	2
GCF_001458175.1	1
GCF_001458195.1	1
GCF_001458215.1	1
GCF_001458255.1	1
GCF_001458295.1	1
GCF_001458315.1	1
GCF_001458335.1	1
GCF_001458355.1	1
GCF_001458395.1	1
GCF_001458415.1	1
GCF_001458435.1	1
GCF_001461695.1	1
GCF_001463705.1	1
GCF_001463745.1	2
GCF_001463885.1	1
GCF_001463905.1	1
GCF_001465025.1	1
GCF_001465545.3	4
GCF_001465595.2	4
GCF_001465875.1	5
GCF_001467025.1	8
GCF_001467525.1	6
GCF_001467535.1	1
GCF_001467585.1	6
GCF_001467615.1	4
GCF_001467625.1	7
GCF_001467695.1	5
GCF_001467745.1	5
GCF_001467825.1	3
GCF_001467895.1	6
GCF_001467945.1	7
GCF_001467955.1	3
GCF_001468005.1	5
GCF_001468035.1	6
GCF_001468065.1	7
GCF_001468085.1	3
GCF_001468125.1	4
GCF_001468135.1	4
GCF_001468225.1	2
GCF_001468265.1	1
GCF_001468285.1	1
GCF_001468395.1	2
GCF_001468465.1	2
GCF_001469165.1	1
GCF_001475935.1	1
GCF_001476815.1	2
GCF_001476905.1	1
GCF_001477495.1	2
GCF_001477625.1	4
GCF_001482195.1	1
GCF_001482405.1	1
GCF_001485575.1	1
GCF_001494595.1	2
GCF_001507545.1	1
GCF_001509585.1	1
GCF_001509835.1	2
GCF_001510715.1	1
GCF_001511835.1	2
GCF_001513745.1	3
GCF_001515305.1	2
GCF_001515525.1	2
GCF_001517545.1	2
GCF_001517585.1	1
GCF_001518015.1	1
GCF_001519055.1	1
GCF_001519065.1	1
GCF_001519075.1	1
GCF_001522585.2	3
GCF_001522865.1	3
GCF_001523745.2	4
GCF_001524445.2	2
GCF_001528745.1	2
GCF_001541225.1	2
GCF_001541345.2	1
GCF_001542405.1	1
GCF_001542415.1	3
GCF_001542815.1	2
GCF_001544075.1	2
GCF_001544455.2	2
GCF_001544475.1	3
GCF_001544495.1	2
GCF_001544515.1	3
GCF_001544535.1	3
GCF_001544555.2	5
GCF_001544575.2	4
GCF_001544615.1	2
GCF_001544695.2	4
GCF_001544755.2	4
GCF_001544795.2	4
GCF_001544835.2	3
GCF_001544875.2	5
GCF_001544915.2	3
GCF_001544975.2	3
GCF_001545035.1	4
GCF_001545075.1	4
GCF_001545155.1	3
GCF_001546115.1	2
GCF_001547895.1	2
GCF_001548475.1	2
GCF_001550095.1	1
GCF_001551835.1	2
GCF_001552135.1	1
GCF_001552175.1	1
GCF_001552195.1	1
GCF_001552215.1	2
GCF_001552435.1	2
GCF_001552615.1	1
GCF_001552715.1	1
GCF_001553955.1	1
GCF_001555775.1	2
GCF_001555965.1	2
GCF_001556045.1	4
GCF_001556515.1	1
GCF_001556865.1	1
GCF_001557215.1	1
GCF_001557235.1	2
GCF_001557325.1	1
GCF_001557535.2	2
GCF_001558155.1	1
GCF_001559595.1	4
GCF_001561995.1	1
GCF_001562055.1	1
GCF_001562255.1	3
GCF_001563265.1	1
GCF_001563285.1	1
GCF_001567565.1	1
GCF_001570425.1	2
GCF_001571085.1	6
GCF_001571105.1	3
GCF_001571145.1	4
GCF_001571225.1	4
GCF_001571245.1	2
GCF_001571325.1	2
GCF_001571365.1	2
GCF_001577265.1	3
GCF_001579805.1	1
GCF_001579845.1	4
GCF_001579945.1	1
GCF_001580025.1	1
GCF_001580455.1	3
GCF_001580545.1	5
GCF_001583695.1	3
GCF_001584145.1	3
GCF_001584165.1	4
GCF_001584185.1	4
GCF_001590795.1	4
GCF_001590835.1	2
GCF_001590985.1	2
GCF_001591005.1	1
GCF_001591025.1	1
GCF_001591045.1	1
GCF_001591105.1	1
GCF_001591165.1	2
GCF_001591345.1	2
GCF_001591385.1	2
GCF_001591445.1	1
GCF_001591565.1	1
GCF_001591645.1	1
GCF_001591825.1	1
GCF_001592205.1	1
GCF_001592225.1	2
GCF_001592265.1	3
GCF_001592285.1	4
GCF_001592305.1	3
GCF_001592365.1	1
GCF_001592875.1	1
GCF_001593285.1	1
GCF_001593955.1	2
GCF_001594225.2	1
GCF_001595725.1	2
GCF_001597725.1	1
GCF_001597735.1	1
GCF_001598055.1	5
GCF_001598235.1	8
GCF_001598255.1	3
GCF_001598335.1	1
GCF_001598355.1	2
GCF_001598375.1	1
GCF_001598415.1	1
GCF_001598435.1	1
GCF_001598455.1	1
GCF_001598555.1	2
GCF_001598795.1	2
GCF_001598815.1	1
GCF_001601825.1	3
GCF_001605725.1	1
GCF_001605885.1	2
GCF_001610975.1	1
GCF_001612555.1	2
GCF_001612945.1	1
GCF_001613795.1	1
GCF_001613935.1	1
GCF_001617365.1	3
GCF_001618175.1	1
GCF_001618425.1	1
GCF_001618955.1	3
GCF_001620265.1	1
GCF_001620365.2	1
GCF_001623075.1	2
GCF_001623525.1	1
GCF_001624695.1	1
GCF_001624705.1	1
GCF_001625085.1	1
GCF_001625565.1	1
GCF_001625575.1	1
GCF_001625595.1	1
GCF_001625655.1	1
GCF_001625685.1	1
GCF_001625695.1	1
GCF_001632775.1	2
GCF_001632805.1	1
GCF_001632845.1	1
GCF_001633105.1	3
GCF_001633165.1	1
GCF_001634365.1	8
GCF_001634625.1	1
GCF_001634885.1	1
GCF_001635455.1	1
GCF_001639065.2	1
GCF_001639105.2	1
GCF_001641285.1	1
GCF_001641335.1	5
GCF_001641635.1	10
GCF_001641695.1	9
GCF_001642795.1	1
GCF_001643305.1	2
GCF_001645125.1	9
GCF_001647545.1	1
GCF_001647715.1	2
GCF_001648595.1	7
GCF_001648775.1	2
GCF_001650345.1	1
GCF_001650635.1	1
GCF_001650715.1	2
GCF_001650735.1	2
GCF_001650875.1	1
GCF_001650915.1	1
GCF_001651035.1	1
GCF_001651805.1	1
GCF_001651855.1	1
GCF_001651865.1	1
GCF_001651875.1	1
GCF_001652915.1	5
GCF_001653335.1	4
GCF_001653715.1	3
GCF_001653795.1	3
GCF_001655615.1	1
GCF_001657485.1	1
GCF_001659725.1	1
GCF_001661075.1	1
GCF_001661675.2	1
GCF_001661915.1	1
GCF_001661965.1	1
GCF_001662305.1	1
GCF_001662875.1	1
GCF_001663515.1	1
GCF_001665685.1	3
GCF_001665835.1	1
GCF_001665875.1	1
GCF_001666755.1	1
GCF_001667015.1	1
GCF_001667035.1	2
GCF_001667115.1	1
GCF_001667145.1	1
GCF_001667185.1	1
GCF_001667265.1	1
GCF_001667275.1	2
GCF_001667315.1	1
GCF_001667505.1	2
GCF_001667665.1	2
GCF_001667735.1	2
GCF_001667865.1	1
GCF_001667925.1	1
GCF_001667945.1	1
GCF_001668625.1	1
GCF_001668675.1	1
GCF_001668725.1	1
GCF_001672755.1	2
GCF_001672775.1	1
GCF_001672815.1	1
GCF_001672975.1	2
GCF_001673365.1	2
GCF_001673535.1	1
GCF_001673555.1	2
GCF_001673635.1	1
GCF_001676385.1	1
GCF_001676655.1	2
GCF_001676705.1	1
GCF_001676725.1	1
GCF_001676875.1	2
GCF_001677885.1	3
GCF_001679645.1	1
GCF_001679665.1	1
GCF_001679785.1	1
GCF_001679925.1	1
GCF_001681715.1	1
GCF_001682385.1	2
GCF_001685025.1	1
GCF_001687105.1	1
GCF_001687365.1	1
GCF_001691415.1	1
GCF_001692325.1	2
GCF_001693385.1	5
GCF_001693485.1	3
GCF_001693515.2	5
GCF_001695575.1	1
GCF_001695625.1	1
GCF_001696455.1	1
GCF_001696535.1	2
GCF_001696605.3	2
GCF_001696715.1	2
GCF_001697225.1	1
GCF_001698815.1	1
GCF_001700315.1	1
GCF_001700325.1	1
GCF_001702265.1	1
GCF_001703635.1	1
GCF_001704115.1	3
GCF_001704155.1	1
GCF_001704295.1	1
GCF_001704615.3	2
GCF_001705665.1	1
GCF_001707755.1	1
GCF_001707825.1	1
GCF_001708505.1	1
GCF_001712755.1	1
GCF_001713355.1	1
GCF_001713375.1	3
GCF_001713395.1	1
GCF_001713415.1	2
GCF_001713455.1	2
GCF_001713475.1	1
GCF_001714725.1	2
GCF_001717465.2	1
GCF_001717955.1	2
GCF_001718195.1	7
GCF_001718315.1	4
GCF_001718415.1	4
GCF_001718695.1	5
GCF_001718795.1	4
GCF_001718835.1	6
GCF_001719615.1	1
GCF_001720135.1	2
GCF_001720395.1	1
GCF_001720485.1	1
GCF_001721295.1	1
GCF_001723285.1	1
GCF_001723295.1	2
GCF_001723305.1	2
GCF_001724135.1	3
GCF_001725255.1	3
GCF_001729245.1	1
GCF_001741865.1	3
GCF_001742165.1	5
GCF_001742225.1	1
GCF_001748145.1	4
GCF_001750165.1	1
GCF_001752365.1	1
GCF_001757105.1	2
GCF_001757355.1	1
GCF_001757995.1	3
GCF_001758225.1	1
GCF_001758465.1	2
GCF_001758785.1	3
GCF_001761385.1	4
GCF_001767395.1	1
GCF_001808185.1	1
GCF_001811425.1	1
GCF_001824475.1	1
GCF_001830555.1	1
GCF_001854125.1	1
GCF_001854325.1	6
GCF_001854785.1	3
GCF_001854885.1	3
GCF_001855555.1	3
GCF_001855565.1	3
GCF_001856665.1	1
GCF_001858325.1	1
GCF_001865575.2	4
GCF_001865675.1	2
GCF_001866075.4	1
GCF_001866655.1	2
GCF_001866725.1	1
GCF_001870125.1	7
GCF_001870435.1	1
GCF_001870465.1	1
GCF_001870485.1	1
GCF_001870675.1	1
GCF_001874645.1	2
GCF_001877785.1	2
GCF_001879695.1	1
GCF_001879715.1	1
GCF_001882345.1	3
GCF_001883705.2	5
GCF_001883995.1	3
GCF_001884025.1	1
GCF_001884035.1	3
GCF_001884045.1	3
GCF_001884065.1	3
GCF_001884105.1	3
GCF_001884185.1	3
GCF_001884235.1	3
GCF_001884735.1	1
GCF_001885585.1	1
GCF_001886615.1	1
GCF_001886735.1	1
GCF_001887355.1	1
GCF_001887595.1	1
GCF_001887735.1	1
GCF_001888185.1	1
GCF_001890385.1	1
GCF_001890925.1	1
GCF_001894785.1	1
GCF_001894825.1	1
GCF_001894885.1	1
GCF_001894945.1	2
GCF_001895025.1	1
GCF_001897285.1	1
GCF_001897375.1	1
GCF_001898115.1	1
GCF_001898825.1	2
GCF_001899205.1	2
GCF_001902145.1	1
GCF_001904635.1	1
GCF_001905655.1	2
GCF_001907695.1	1
GCF_001908185.1	6
GCF_001908205.1	6
GCF_001908235.1	5
GCF_001908375.1	1
GCF_001921745.1	1
GCF_001921865.1	1
GCF_001922345.1	4
GCF_001922575.1	2
GCF_001927245.1	2
GCF_001927285.1	1
GCF_001931485.1	4
GCF_001931675.1	3
GCF_001931685.1	2
GCF_001938565.1	2
GCF_001938985.1	1
GCF_001939045.1	1
GCF_001939735.1	2
GCF_001940525.2	2
GCF_001941825.1	1
GCF_001941945.1	4
GCF_001941965.1	2
GCF_001942465.1	1
GCF_001942625.1	1
GCF_001945365.1	1
GCF_001945395.1	1
GCF_001945445.1	1
GCF_001952855.1	1
GCF_001953865.1	1
GCF_001953985.1	2
GCF_001954195.1	2
GCF_001954275.1	2
GCF_001955695.1	3
GCF_001955715.1	4
GCF_001956215.1	1
GCF_001956315.1	2
GCF_001956855.1	2
GCF_001969365.1	2
GCF_001969385.1	1
GCF_001975705.1	1
GCF_001981525.1	2
GCF_001982605.1	1
GCF_001982615.1	2
GCF_001982635.1	5
GCF_001983165.1	1
GCF_001983175.1	1
GCF_001983995.1	1
GCF_001984035.1	1
GCF_001984065.1	1
GCF_001984095.1	3
GCF_001984155.1	1
GCF_001984215.1	1
GCF_001989615.1	1
GCF_001990265.1	1
GCF_001995215.1	1
GCF_001995985.1	2
GCF_001996005.1	2
GCF_001996165.1	2
GCF_001999245.1	2
GCF_001999485.2	2
GCF_002000365.1	1
GCF_002001015.1	4
GCF_002001045.1	1
GCF_002001085.1	2
GCF_002001105.1	2
GCF_002001125.1	2
GCF_002001165.1	1
GCF_002001175.1	1
GCF_002001205.1	3
GCF_002002705.1	5
GCF_002002865.1	1
GCF_002002905.1	1
GCF_002002925.1	1
GCF_002003485.1	1
GCF_002005305.1	1
GCF_002007115.1	2
GCF_002008165.1	1
GCF_002013375.1	1
GCF_002013895.1	1
GCF_002014765.1	1
GCF_002017865.1	2
GCF_002018875.1	1
GCF_002019595.1	1
GCF_002019605.1	1
GCF_002019635.1	1
GCF_002019665.1	1
GCF_002019695.1	2
GCF_002020135.1	1
GCF_002020355.1	1
GCF_002022275.1	1
GCF_002025705.1	2
GCF_002028405.1	2
GCF_002028455.1	4
GCF_002056295.1	1
GCF_002068095.1	7
GCF_002072155.1	1
GCF_002073975.1	1
GCF_002077135.1	1
GCF_002078505.1	3
GCF_002079305.1	1
GCF_002080045.1	1
GCF_002080415.1	1
GCF_002080435.1	1
GCF_002082565.1	1
GCF_002085925.2	1
GCF_002086125.1	1
GCF_002086275.1	1
GCF_002086285.1	1
GCF_002086485.1	1
GCF_002086635.1	1
GCF_002086675.1	3
GCF_002086735.1	2
GCF_002086795.1	1
GCF_002087235.1	1
GCF_002087295.1	1
GCF_002088235.1	1
GCF_002088275.1	1
GCF_002088935.1	1
GCF_002088945.1	1
GCF_002088975.1	1
GCF_002091475.1	1
GCF_002091635.1	1
GCF_002091715.1	1
GCF_002091755.1	1
GCF_002091985.1	1
GCF_002094885.1	1
GCF_002097715.1	6
GCF_002099195.1	6
GCF_002101595.1	1
GCF_002101675.1	1
GCF_002101735.1	1
GCF_002101785.1	1
GCF_002101815.1	1
GCF_002101965.1	1
GCF_002102175.1	2
GCF_002102185.1	1
GCF_002102255.1	1
GCF_002102355.1	1
GCF_002104765.1	1
GCF_002104795.1	2
GCF_002105195.1	2
GCF_002105285.1	1
GCF_002105465.1	1
GCF_002105535.1	2
GCF_002105555.1	2
GCF_002105755.1	1
GCF_002112505.1	2
GCF_002113025.1	2
GCF_002113125.1	1
GCF_002113375.1	2
GCF_002115725.1	1
GCF_002115745.1	1
GCF_002115755.1	1
GCF_002115785.1	1
GCF_002115805.1	1
GCF_002115825.1	1
GCF_002116635.1	2
GCF_002116905.1	2
GCF_002117145.1	4
GCF_002117915.1	1
GCF_002117935.1	2
GCF_002119405.1	4
GCF_002119665.1	2
GCF_002119685.1	1
GCF_002119725.1	1
GCF_002119765.1	3
GCF_002127215.1	2
GCF_002127225.1	1
GCF_002127265.1	4
GCF_002127585.1	3
GCF_002127655.1	3
GCF_002128405.1	1
GCF_002128425.1	1
GCF_002135205.1	1
GCF_002135235.1	2
GCF_002135315.1	2
GCF_002135335.1	2
GCF_002135345.1	2
GCF_002135355.1	2
GCF_002135415.1	2
GCF_002150005.2	1
GCF_002150035.1	1
GCF_002151445.1	1
GCF_002153375.1	1
GCF_002155975.1	2
GCF_002156705.1	1
GCF_002156865.1	1
GCF_002156875.1	1
GCF_002157145.1	3
GCF_002157225.2	1
GCF_002157355.1	3
GCF_002157375.1	1
GCF_002157625.1	1
GCF_002157685.2	2
GCF_002157835.1	1
GCF_002157855.1	1
GCF_002157875.1	1
GCF_002157895.1	1
GCF_002158865.1	3
GCF_002158905.1	1
GCF_002158995.1	1
GCF_002162375.1	1
GCF_002163625.1	1
GCF_002163715.1	3
GCF_002163755.1	2
GCF_002165135.1	2
GCF_002165255.2	2
GCF_002165305.2	1
GCF_002165375.2	1
GCF_002174125.1	2
GCF_002176815.1	2
GCF_002179965.1	4
GCF_002188465.1	2
GCF_002192255.1	1
GCF_002192695.1	2
GCF_002195995.1	2
GCF_002196855.1	2
GCF_002197815.1	1
GCF_002197985.1	1
GCF_002198655.1	1
GCF_002198675.1	1
GCF_002198715.1	2
GCF_002198735.1	1
GCF_002204795.1	1
GCF_002205635.1	2
GCF_002205645.1	3
GCF_002205675.1	1
GCF_002205845.1	4
GCF_002208135.1	2
GCF_002209485.1	1
GCF_002209535.1	3
GCF_002209555.1	2
GCF_002209565.1	1
GCF_002210095.1	2
GCF_002210105.1	1
GCF_002210165.1	1
GCF_002211105.1	1
GCF_002211445.1	3
GCF_002213415.1	3
GCF_002213425.1	4
GCF_002215215.1	3
GCF_002216855.1	1
GCF_002217795.2	2
GCF_002220095.1	1
GCF_002220365.1	2
GCF_002222635.1	1
GCF_002222655.1	1
GCF_002224225.1	1
GCF_002224265.1	1
GCF_002233755.1	1
GCF_002234375.1	1
GCF_002234405.1	1
GCF_002234595.1	1
GCF_002236105.1	1
GCF_002236115.1	2
GCF_002237365.1	2
GCF_002237535.1	2
GCF_002237555.1	1
GCF_002237595.1	3
GCF_002238045.1	1
GCF_002240035.1	5
GCF_002240355.1	1
GCF_002242685.1	2
GCF_002245495.1	1
GCF_002245625.1	3
GCF_002245655.1	2
GCF_002250055.1	1
GCF_002250505.1	3
GCF_002250655.1	1
GCF_002251635.1	3
GCF_002251695.1	5
GCF_002251735.1	2
GCF_002251795.1	2
GCF_002251855.1	2
GCF_002257565.1	3
GCF_002258315.1	1
GCF_002258785.1	1
GCF_002259405.1	1
GCF_002260525.1	1
GCF_002261185.1	2
GCF_002261215.1	1
GCF_002261265.1	2
GCF_002261335.1	2
GCF_002261345.1	2
GCF_002261355.1	2
GCF_002261425.1	1
GCF_002261475.1	2
GCF_002266435.3	3
GCF_002266465.3	3
GCF_002270055.1	1
GCF_002270415.1	4
GCF_002277025.1	2
GCF_002277815.1	2
GCF_002277895.1	2
GCF_002278075.1	4
GCF_002278135.3	8
GCF_002278925.1	2
GCF_002280555.1	2
GCF_002281535.1	2
GCF_002282935.1	1
GCF_002284535.1	1
GCF_002284565.1	1
GCF_002284575.1	2
GCF_002285265.1	2
GCF_002285285.1	2
GCF_002285415.1	1
GCF_002285435.1	1
GCF_002286785.1	1
GCF_002286815.1	1
GCF_002286965.1	1
GCF_002286975.1	1
GCF_002287065.1	2
GCF_002288525.1	3
GCF_002288825.1	2
GCF_002289345.1	2
GCF_002292295.1	1
GCF_002294185.1	2
GCF_002294725.1	3
GCF_002294985.1	2
GCF_002294995.1	2
GCF_002295065.1	3
GCF_002295115.1	3
GCF_002298975.1	5
GCF_002300555.2	1
GCF_002303925.1	2
GCF_002304225.1	1
GCF_002305855.1	1
GCF_002305875.1	1
GCF_002305895.1	1
GCF_002307495.1	1
GCF_002310375.3	1
GCF_002311515.1	1
GCF_002312805.1	1
GCF_002327105.1	1
GCF_002335525.1	1
GCF_002335805.1	1
GCF_002343915.1	3
GCF_002351485.1	1
GCF_002352765.1	1
GCF_002354655.1	1
GCF_002355335.1	1
GCF_002355475.1	1
GCF_002355515.1	4
GCF_002355855.1	1
GCF_002356335.1	1
GCF_002362315.1	4
GCF_002365595.1	1
GCF_002374315.1	1
GCF_002379085.1	2
GCF_002379095.1	2
GCF_002381615.1	3
GCF_002386445.1	1
GCF_002387245.1	1
GCF_002407205.1	1
GCF_002407245.1	1
GCF_002413825.1	5
GCF_002419815.1	1
GCF_002430835.1	1
GCF_002432125.1	1
GCF_002435145.1	1
GCF_002443155.1	2
GCF_002454115.1	1
GCF_002479325.1	1
GCF_002487355.1	1
GCF_002504165.1	1
GCF_002514725.1	1
GCF_002529485.1	1
GCF_002531575.1	3
GCF_002531825.1	1
GCF_002532045.1	3
GCF_002532075.1	1
GCF_002532535.1	2
GCF_002551815.1	3
GCF_002556365.1	1
GCF_002556635.1	1
GCF_002559405.1	1
GCF_002561295.1	2
GCF_002561455.1	1
GCF_002563655.1	1
GCF_002563775.1	1
GCF_002563895.1	1
GCF_002564045.1	1
GCF_002564105.1	4
GCF_002564465.1	1
GCF_002564555.1	3
GCF_002567005.1	1
GCF_002577195.1	1
GCF_002577405.1	3
GCF_002584985.1	3
GCF_002601815.1	1
GCF_002608565.1	1
GCF_002631185.1	2
GCF_002694385.1	1
GCF_002699855.1	1
GCF_002705925.1	2
GCF_002707685.1	1
GCF_002709775.1	1
GCF_002723155.1	1
GCF_002723615.1	1
GCF_002723835.1	1
GCF_002726155.1	2
GCF_002727065.1	1
GCF_002733705.1	1
GCF_002733835.1	2
GCF_002733955.1	1
GCF_002735645.1	3
GCF_002735695.1	3
GCF_002735705.1	3
GCF_002737755.1	1
GCF_002737765.1	1
GCF_002741015.1	8
GCF_002741075.1	1
GCF_002741105.1	1
GCF_002741985.1	2
GCF_002742625.1	1
GCF_002742635.1	1
GCF_002742645.2	1
GCF_002744175.1	1
GCF_002744715.1	2
GCF_002744735.1	1
GCF_002746455.1	3
GCF_002749615.1	1
GCF_002750855.1	1
GCF_002750975.1	1
GCF_002751875.1	1
GCF_002752655.1	4
GCF_002752675.1	3
GCF_002754375.1	2
GCF_002754475.1	3
GCF_002760615.1	2
GCF_002760655.1	2
GCF_002760665.1	1
GCF_002761755.1	3
GCF_002764115.1	2
GCF_002776695.1	3
GCF_002778275.1	2
GCF_002778285.1	2
GCF_002778315.1	1
GCF_002786295.1	1
GCF_002786325.1	1
GCF_002794355.1	1
GCF_002795245.1	7
GCF_002796545.1	1
GCF_002796605.1	1
GCF_002796975.1	2
GCF_002796985.1	1
GCF_002797325.1	1
GCF_002797435.1	1
GCF_002797445.1	3
GCF_002797895.1	4
GCF_002797915.1	1
GCF_002799245.1	1
GCF_002802985.1	1
GCF_002803515.1	1
GCF_002806945.1	1
GCF_002806975.1	1
GCF_002810445.1	2
GCF_002811475.1	1
GCF_002811765.1	1
GCF_002811875.1	1
GCF_002811925.1	1
GCF_002811955.2	1
GCF_002811985.1	1
GCF_002812045.1	1
GCF_002812205.1	1
GCF_002812705.1	2
GCF_002812985.1	2
GCF_002813325.1	3
GCF_002813375.1	2
GCF_002813445.1	1
GCF_002813455.1	1
GCF_002813775.1	1
GCF_002814095.1	1
GCF_002814235.1	2
GCF_002831585.1	3
GCF_002834145.1	1
GCF_002835805.1	1
GCF_002836515.1	1
GCF_002837135.1	2
GCF_002837145.1	2
GCF_002837185.1	1
GCF_002838065.1	1
GCF_002843425.1	2
GCF_002843605.1	1
GCF_002844195.1	2
GCF_002844235.1	1
GCF_002844275.1	1
GCF_002844375.1	1
GCF_002845275.2	1
GCF_002845745.1	1
GCF_002846335.1	3
GCF_002847305.1	1
GCF_002847445.1	1
GCF_002848345.1	2
GCF_002849605.1	1
GCF_002849615.1	2
GCF_002849655.1	2
GCF_002849735.1	1
GCF_002850255.1	2
GCF_002855515.1	1
GCF_002855575.1	2
GCF_002858765.1	7
GCF_002858865.1	1
GCF_002858925.1	1
GCF_002860255.1	1
GCF_002860325.1	1
GCF_002863565.1	1
GCF_002863585.1	2
GCF_002863865.1	1
GCF_002864685.1	1
GCF_002865585.1	1
GCF_002865605.1	1
GCF_002866825.1	1
GCF_002868735.1	2
GCF_002869745.1	2
GCF_002869965.1	3
GCF_002870125.1	2
GCF_002871005.1	1
GCF_002874965.1	1
GCF_002876705.1	3
GCF_002878455.1	3
GCF_002879535.1	3
GCF_002879615.1	1
GCF_002879645.1	2
GCF_002879855.1	3
GCF_002879865.1	4
GCF_002879885.1	5
GCF_002884495.1	1
GCF_002885975.1	3
GCF_002886185.1	1
GCF_002887815.1	1
GCF_002891535.1	5
GCF_002892535.1	3
GCF_002895945.1	1
GCF_002896965.1	1
GCF_002900965.1	1
GCF_002900975.1	1
GCF_002902845.1	3
GCF_002902905.1	2
GCF_002902925.1	6
GCF_002902945.1	4
GCF_002902965.1	9
GCF_002903165.1	1
GCF_002904295.1	3
GCF_002904335.1	2
GCF_002906155.1	2
GCF_002906165.1	2
GCF_002906655.1	1
GCF_002906855.1	1
GCF_002914525.1	1
GCF_002917095.1	4
GCF_002917105.1	4
GCF_002917925.1	1
GCF_002924365.1	3
GCF_002924445.1	2
GCF_002925845.1	3
GCF_002927045.1	1
GCF_002927635.1	1
GCF_002930105.1	2
GCF_002930615.1	4
GCF_002930645.1	2
GCF_002933275.1	1
GCF_002933295.1	1
GCF_002933395.1	1
GCF_002934065.1	1
GCF_002934455.1	4
GCF_002934665.1	1
GCF_002936955.1	2
GCF_002937075.1	2
GCF_002937115.1	3
GCF_002938425.1	3
GCF_002938435.1	2
GCF_002939705.1	1
GCF_002943415.1	2
GCF_002943465.1	3
GCF_002943565.1	2
GCF_002944315.1	1
GCF_002944405.1	1
GCF_002950945.1	2
GCF_002953135.1	2
GCF_002954455.1	1
GCF_002954585.1	1
GCF_002954615.1	2
GCF_002966795.1	3
GCF_002968285.2	1
GCF_002973525.1	3
GCF_002973535.1	1
GCF_002975175.1	3
GCF_002975275.1	2
GCF_002976435.1	3
GCF_002979535.1	1
GCF_002979555.1	1
GCF_002980555.1	1
GCF_002980595.1	2
GCF_002980625.1	2
GCF_002982075.1	2
GCF_002993365.1	1
GCF_002993885.1	1
GCF_002994615.1	1
GCF_002994635.1	2
GCF_003001955.1	1
GCF_003002025.1	5
GCF_003002915.1	1
GCF_003002925.1	1
GCF_003003055.1	1
GCF_003003095.1	1
GCF_003003215.1	1
GCF_003003235.1	1
GCF_003003255.1	1
GCF_003003285.1	1
GCF_003003355.1	1
GCF_003004785.1	4
GCF_003007685.1	1
GCF_003007735.2	1
GCF_003008515.1	1
GCF_003008535.1	3
GCF_003008555.2	1
GCF_003008575.1	2
GCF_003008595.1	2
GCF_003008615.1	1
GCF_003010935.1	1
GCF_003010955.1	2
GCF_003010965.1	1
GCF_003011895.2	3
GCF_003012705.1	2
GCF_003012745.1	1
GCF_003012775.1	2
GCF_003012795.1	1
GCF_003012935.1	1
GCF_003013695.1	1
GCF_003014475.1	1
GCF_003014535.1	1
GCF_003019815.1	2
GCF_003020115.1	4
GCF_003020125.1	3
GCF_003024385.1	2
GCF_003024515.2	1
GCF_003025035.1	1
GCF_003025555.1	4
GCF_003025595.1	2
GCF_003025615.1	2
GCF_003026105.1	2
GCF_003026215.1	2
GCF_003026285.1	2
GCF_003026365.1	2
GCF_003026455.1	4
GCF_003026475.1	1
GCF_003026495.1	3
GCF_003028575.1	2
GCF_003028655.1	6
GCF_003028855.1	4
GCF_003031265.1	2
GCF_003031405.1	1
GCF_003031675.1	1
GCF_003033885.1	1
GCF_003034225.1	1
GCF_003034845.1	1
GCF_003034915.1	1
GCF_003034965.1	1
GCF_003044185.1	1
GCF_003044305.1	3
GCF_003045775.1	1
GCF_003046175.1	2
GCF_003046185.1	1
GCF_003046425.1	1
GCF_003046545.1	1
GCF_003047105.1	1
GCF_003047265.1	1
GCF_003047285.1	1
GCF_003047295.1	1
GCF_003049725.1	2
GCF_003050615.1	1
GCF_003050785.1	1
GCF_003050835.1	1
GCF_003050905.1	1
GCF_003050925.1	2
GCF_003050935.1	1
GCF_003051055.1	1
GCF_003052265.1	1
GCF_003052515.2	1
GCF_003052585.1	1
GCF_003052605.1	2
GCF_003053725.1	1
GCF_003053745.1	1
GCF_003053845.1	1
GCF_003054175.1	1
GCF_003054195.1	1
GCF_003054285.1	1
GCF_003054325.1	1
GCF_003056055.1	4
GCF_003056305.1	1
GCF_003056335.1	1
GCF_003056725.1	1
GCF_003057875.1	1
GCF_003057885.1	1
GCF_003058055.1	3
GCF_003058085.1	1
GCF_003058325.1	4
GCF_003058365.1	1
GCF_003060895.1	3
GCF_003061005.1	1
GCF_003063265.1	1
GCF_003063315.1	1
GCF_003063335.1	1
GCF_003063355.1	2
GCF_003063375.1	2
GCF_003063415.1	1
GCF_003063435.1	1
GCF_003063455.1	2
GCF_003063475.1	1
GCF_003063505.1	2
GCF_003063545.1	1
GCF_003063575.1	1
GCF_003063645.1	2
GCF_003063665.1	1
GCF_003071365.1	1
GCF_003072125.1	1
GCF_003072505.1	1
GCF_003074135.1	1
GCF_003075035.1	1
GCF_003075075.1	2
GCF_003075315.1	1
GCF_003075415.1	7
GCF_003075525.1	1
GCF_003076755.1	1
GCF_003086695.1	1
GCF_003086775.1	1
GCF_003086795.1	1
GCF_003086895.1	1
GCF_003094615.1	1
GCF_003096275.1	1
GCF_003096555.1	2
GCF_003096595.1	2
GCF_003096655.1	1
GCF_003096675.1	2
GCF_003097235.1	2
GCF_003097315.1	2
GCF_003100395.1	2
GCF_003105155.1	1
GCF_003111645.1	2
GCF_003111665.1	2
GCF_003111685.1	1
GCF_003112675.1	1
GCF_003112695.1	3
GCF_003112735.1	1
GCF_003113265.1	2
GCF_003116015.1	1
GCF_003116035.1	2
GCF_003116095.1	1
GCF_003116585.1	1
GCF_003116815.1	2
GCF_003119115.1	2
GCF_003119195.2	3
GCF_003121405.1	5
GCF_003121485.1	2
GCF_003121585.1	2
GCF_003122205.1	1
GCF_003122215.1	1
GCF_003123725.1	2
GCF_003129465.1	1
GCF_003129565.1	1
GCF_003130705.1	2
GCF_003130795.1	1
GCF_003131185.1	1
GCF_003143955.1	1
GCF_003148495.1	2
GCF_003148745.1	1
GCF_003148775.1	1
GCF_003148805.1	1
GCF_003148905.1	2
GCF_003149475.2	1
GCF_003151075.1	2
GCF_003151255.1	2
GCF_003171655.1	1
GCF_003172915.1	1
GCF_003173035.1	1
GCF_003173055.1	2
GCF_003173615.1	3
GCF_003173715.1	5
GCF_003173735.1	2
GCF_003173755.1	3
GCF_003173775.1	3
GCF_003182095.1	1
GCF_003182275.1	1
GCF_003182355.1	1
GCF_003182485.1	2
GCF_003184905.1	1
GCF_003185805.1	1
GCF_003194625.1	1
GCF_003201105.1	2
GCF_003201475.1	2
GCF_003201595.1	4
GCF_003201815.1	3
GCF_003201855.1	2
GCF_003201865.1	2
GCF_003201955.1	1
GCF_003202035.1	2
GCF_003202285.1	1
GCF_003205195.1	1
GCF_003205205.1	1
GCF_003205295.1	1
GCF_003205515.1	1
GCF_003208435.1	1
GCF_003217325.1	1
GCF_003217575.1	1
GCF_003226325.1	2
GCF_003226345.1	1
GCF_003226555.1	1
GCF_003226565.1	1
GCF_003228315.1	2
GCF_003231145.1	3
GCF_003231275.1	1
GCF_003231285.1	1
GCF_003231305.1	1
GCF_003233655.1	1
GCF_003234965.1	2
GCF_003240585.1	1
GCF_003243465.1	1
GCF_003244875.1	1
GCF_003248455.1	1
GCF_003248505.1	2
GCF_003248515.1	1
GCF_003248965.1	1
GCF_003253705.1	1
GCF_003253995.1	1
GCF_003254285.1	5
GCF_003254465.1	2
GCF_003254505.1	1
GCF_003254665.1	1
GCF_003258315.1	1
GCF_003258515.1	1
GCF_003258595.1	5
GCF_003258835.1	1
GCF_003258865.1	2
GCF_003258945.1	3
GCF_003258965.1	2
GCF_003259185.1	1
GCF_003259195.1	1
GCF_003259905.1	1
GCF_003260125.1	1
GCF_003263785.1	1
GCF_003264115.1	1
GCF_003264855.1	2
GCF_003265325.1	1
GCF_003265995.1	3
GCF_003268395.1	2
GCF_003268775.1	5
GCF_003269035.1	4
GCF_003269065.1	2
GCF_003284585.1	3
GCF_003284725.1	1
GCF_003284935.1	1
GCF_003284975.1	1
GCF_003286075.1	2
GCF_003287875.1	2
GCF_003289945.1	3
GCF_003289965.1	3
GCF_003290025.1	2
GCF_003290125.1	1
GCF_003293695.1	1
GCF_003293745.1	3
GCF_003298505.1	2
GCF_003298775.1	1
GCF_003312875.1	2
GCF_003313245.1	1
GCF_003315135.1	3
GCF_003315175.1	2
GCF_003315345.1	1
GCF_003316635.1	1
GCF_003316765.1	1
GCF_003318235.1	1
GCF_003318255.1	1
GCF_003319095.1	2
GCF_003319105.1	1
GCF_003319115.1	1
GCF_003319125.1	1
GCF_003319175.1	1
GCF_003319185.1	1
GCF_003325475.1	3
GCF_003326475.1	1
GCF_003326755.1	1
GCF_003326795.1	1
GCF_003330765.1	7
GCF_003331055.1	1
GCF_003332305.1	6
GCF_003332825.1	2
GCF_003333305.1	1
GCF_003335045.1	1
GCF_003335105.1	2
GCF_003335215.1	3
GCF_003336245.1	3
GCF_003336665.1	3
GCF_003336675.1	2
GCF_003336755.1	1
GCF_003336875.1	3
GCF_003337425.1	1
GCF_003337555.1	4
GCF_003337565.1	2
GCF_003337575.1	1
GCF_003337715.1	1
GCF_003339525.1	1
GCF_003339685.1	2
GCF_003340555.1	2
GCF_003340565.1	1
GCF_003342675.1	3
GCF_003344045.1	3
GCF_003344765.1	2
GCF_003344785.1	1
GCF_003345255.1	1
GCF_003345355.1	1
GCF_003345655.1	2
GCF_003347515.1	5
GCF_003347665.1	5
GCF_003349955.1	1
GCF_003350205.1	1
GCF_003350345.1	1
GCF_003350475.1	3
GCF_003350535.1	2
GCF_003350925.1	2
GCF_003351225.1	3
GCF_003351345.1	4
GCF_003351745.1	1
GCF_003352045.1	1
GCF_003352065.1	1
GCF_003352085.1	1
GCF_003352165.1	1
GCF_003352185.1	1
GCF_003353055.1	7
GCF_003353175.1	6
GCF_003355495.1	5
GCF_003363155.1	1
GCF_003363265.1	1
GCF_003367175.1	4
GCF_003367195.1	1
GCF_003367355.1	1
GCF_003367375.1	2
GCF_003367395.1	2
GCF_003368325.1	4
GCF_003382365.1	2
GCF_003385215.1	1
GCF_003385235.1	1
GCF_003385555.1	1
GCF_003385955.1	1
GCF_003387155.1	5
GCF_003387535.1	1
GCF_003390845.1	2
GCF_003390865.1	1
GCF_003390925.1	5
GCF_003391395.1	2
GCF_003399445.1	2
GCF_003399765.1	3
GCF_003400245.1	2
GCF_003402475.1	1
GCF_003402535.2	8
GCF_003403015.1	1
GCF_003403095.1	1
GCF_003410005.1	2
GCF_003415675.1	4
GCF_003416885.1	1
GCF_003416895.1	3
GCF_003417535.1	2
GCF_003426775.1	2
GCF_003428335.1	1
GCF_003428585.1	1
GCF_003428645.1	1
GCF_003428695.1	1
GCF_003429005.1	2
GCF_003429105.1	1
GCF_003431825.1	2
GCF_003432485.1	1
GCF_003441615.1	3
GCF_003443535.1	1
GCF_003443895.1	1
GCF_003443995.1	1
GCF_003448965.1	2
GCF_003457605.1	1
GCF_003501385.1	1
GCF_003515075.1	2
GCF_003544875.1	1
GCF_003545695.1	1
GCF_003545715.1	1
GCF_003545815.1	1
GCF_003545875.1	2
GCF_003545885.1	2
GCF_003545925.1	2
GCF_003550065.1	1
GCF_003550175.1	2
GCF_003553625.1	2
GCF_003568845.1	3
GCF_003568865.1	1
GCF_003569745.1	1
GCF_003569765.1	4
GCF_003570715.1	1
GCF_003570725.1	1
GCF_003570885.1	2
GCF_003572205.1	2
GCF_003574395.1	1
GCF_003574465.1	5
GCF_003574655.1	1
GCF_003574675.1	1
GCF_003574735.1	5
GCF_003575965.1	1
GCF_003576245.1	1
GCF_003576315.1	1
GCF_003576345.1	1
GCF_003576475.1	2
GCF_003576525.1	1
GCF_003576685.1	1
GCF_003576695.1	3
GCF_003576705.1	2
GCF_003581585.1	1
GCF_003581645.1	1
GCF_003583935.1	1
GCF_003584015.1	1
GCF_003584565.2	2
GCF_003584645.1	2
GCF_003586305.1	1
GCF_003590145.2	1
GCF_003590335.1	1
GCF_003590645.1	1
GCF_003590715.1	1
GCF_003590775.1	2
GCF_003590795.1	1
GCF_003590835.1	5
GCF_003590855.1	2
GCF_003590875.1	2
GCF_003590945.1	1
GCF_003591005.1	2
GCF_003591035.1	3
GCF_003591515.1	1
GCF_003591655.1	1
GCF_003595175.1	2
GCF_003596405.1	2
GCF_003597125.1	2
GCF_003600685.1	2
GCF_003601975.1	2
GCF_003601985.1	3
GCF_003604195.1	3
GCF_003604215.1	2
GCF_003609835.1	2
GCF_003610295.1	6
GCF_003610375.1	1
GCF_003610455.1	1
GCF_003610895.1	2
GCF_003611475.1	1
GCF_003611695.1	1
GCF_003612165.1	1
GCF_003614435.1	2
GCF_003614885.1	2
GCF_003626975.1	1
GCF_003627215.1	2
GCF_003627755.1	3
GCF_003627795.1	2
GCF_003628125.1	3
GCF_003628145.1	5
GCF_003628555.1	3
GCF_003633755.1	3
GCF_003633895.1	1
GCF_003634215.1	1
GCF_003634315.1	1
GCF_003634705.1	1
GCF_003634965.1	2
GCF_003635165.1	5
GCF_003641205.1	1
GCF_003646465.1	1
GCF_003651185.1	1
GCF_003651245.1	2
GCF_003660165.1	1
GCF_003660445.1	2
GCF_003660455.1	1
GCF_003663825.1	3
GCF_003663885.1	1
GCF_003664325.1	1
GCF_003664585.1	1
GCF_003664645.1	1
GCF_003665065.1	1
GCF_003667315.2	1
GCF_003667445.1	3
GCF_003667705.1	3
GCF_003667825.1	2
GCF_003668555.1	1
GCF_003668575.1	1
GCF_003669015.1	3
GCF_003671495.1	2
GCF_003675875.1	1
GCF_003688285.1	1
GCF_003688555.1	1
GCF_003688915.1	1
GCF_003693445.1	2
GCF_003696215.1	1
GCF_003696305.1	1
GCF_003696345.1	3
GCF_003697345.1	1
GCF_003697785.1	1
GCF_003700275.1	1
GCF_003702045.1	1
GCF_003703395.1	1
GCF_003703475.1	1
GCF_003709565.1	1
GCF_003710825.1	1
GCF_003711205.1	3
GCF_003719195.1	3
GCF_003721565.1	1
GCF_003722335.1	1
GCF_003722355.1	2
GCF_003724155.1	1
GCF_003725535.1	2
GCF_003725695.1	1
GCF_003725775.1	1
GCF_003730135.1	1
GCF_003730195.1	1
GCF_003730275.1	1
GCF_003731635.1	1
GCF_003732175.1	2
GCF_003732225.1	2
GCF_003732265.1	1
GCF_003732275.1	1
GCF_003732425.1	1
GCF_003732665.1	1
GCF_003732705.1	1
GCF_003751305.1	1
GCF_003751625.1	3
GCF_003752175.1	2
GCF_003752505.1	2
GCF_003752585.1	3
GCF_003755025.1	2
GCF_003788635.1	1
GCF_003789055.1	1
GCF_003797765.1	3
GCF_003797775.2	1
GCF_003797945.1	1
GCF_003816055.1	1
GCF_003837805.1	6
GCF_003837865.1	4
GCF_003841465.1	1
GCF_003843835.1	1
GCF_003850345.1	2
GCF_003850565.1	1
GCF_003851545.1	5
GCF_003851685.1	1
GCF_003852235.1	1
GCF_003852315.1	1
GCF_003852405.1	1
GCF_003852425.1	3
GCF_003852515.1	2
GCF_003852535.1	1
GCF_003852545.1	3
GCF_003852715.1	1
GCF_003852895.1	4
GCF_003853415.1	7
GCF_003853645.1	7
GCF_003853705.1	4
GCF_003854275.1	6
GCF_003854895.1	2
GCF_003854935.1	5
GCF_003855495.1	1
GCF_003856835.1	1
GCF_003860345.1	1
GCF_003863365.1	3
GCF_003865015.1	2
GCF_003932735.1	1
GCF_003933735.1	4
GCF_003935425.1	1
GCF_003935715.1	1
GCF_003937945.1	2
GCF_003938655.1	1
GCF_003940805.1	1
GCF_003944835.1	1
GCF_003945325.1	1
GCF_003945385.1	2
GCF_003945765.1	2
GCF_003947415.1	1
GCF_003947465.1	1
GCF_003951285.1	2
GCF_003952165.1	2
GCF_003952185.1	2
GCF_003952345.1	3
GCF_003952365.1	2
GCF_003952385.1	3
GCF_003952425.1	3
GCF_003952485.1	3
GCF_003952505.1	4
GCF_003952525.1	2
GCF_003952665.1	3
GCF_003952725.1	1
GCF_003955735.1	3
GCF_003957515.1	1
GCF_003965815.1	2
GCF_003966125.1	1
GCF_003966155.1	1
GCF_003966695.1	1
GCF_003966715.1	1
GCF_003967035.1	1
GCF_003967075.1	1
GCF_003970385.1	1
GCF_003970795.1	1
GCF_003970925.1	1
GCF_003971065.1	2
GCF_003977615.1	1
GCF_003977665.1	2
GCF_003977755.1	1
GCF_003984625.1	2
GCF_003984645.1	2
GCF_003986935.1	2
GCF_003987725.1	3
GCF_003987855.1	5
GCF_003989665.1	2
GCF_003989735.1	2
GCF_003989745.1	1
GCF_003989795.1	1
GCF_003989825.1	2
GCF_003990155.1	5
GCF_003990185.1	2
GCF_003990445.1	3
GCF_003990645.1	1
GCF_003991405.1	1
GCF_003991585.1	1
GCF_003992725.1	1
GCF_003993775.1	1
GCF_003993795.1	3
GCF_003994415.1	2
GCF_003994855.1	1
GCF_003996995.1	1
GCF_003997495.1	1
GCF_003997935.1	2
GCF_004000215.1	1
GCF_004000235.1	2
GCF_004000255.1	1
GCF_004000435.1	1
GCF_004000605.1	1
GCF_004004515.1	1
GCF_004004555.2	3
GCF_004004565.1	3
GCF_004005475.1	1
GCF_004005485.1	1
GCF_004005565.1	1
GCF_004005845.1	2
GCF_004005855.1	1
GCF_004005865.1	1
GCF_004006295.1	1
GCF_004006535.1	1
GCF_004010155.1	1
GCF_004010325.2	3
GCF_004011175.1	1
GCF_004011755.1	1
GCF_004011805.1	4
GCF_004014715.1	1
GCF_004014805.1	1
GCF_004015825.1	3
GCF_004016445.2	3
GCF_004016505.1	2
GCF_004016515.1	1
GCF_004017535.1	2
GCF_004020365.1	4
GCF_004020545.1	4
GCF_004022215.1	2
GCF_004022265.1	1
GCF_004022465.1	1
GCF_004022565.1	2
GCF_004022705.2	3
GCF_004025535.1	2
GCF_004104355.1	2
GCF_004114425.1	8
GCF_004114535.1	4
GCF_004114615.1	1
GCF_004114795.1	6
GCF_004114915.1	3
GCF_004114935.1	5
GCF_004114955.1	6
GCF_004114975.1	5
GCF_004116265.1	1
GCF_004116385.1	4
GCF_004116405.1	1
GCF_004117855.1	2
GCF_004118155.1	1
GCF_004118325.1	4
GCF_004120195.1	3
GCF_004121055.1	1
GCF_004123675.1	1
GCF_004123835.1	2
GCF_004123845.1	4
GCF_004123905.1	7
GCF_004135205.1	1
GCF_004135605.1	2
GCF_004135735.1	2
GCF_004135935.1	3
GCF_004136315.1	1
GCF_004137085.1	1
GCF_004137245.1	2
GCF_004137345.1	2
GCF_004137355.1	1
GCF_004138135.1	2
GCF_004138165.1	1
GCF_004138215.1	1
GCF_004138285.1	1
GCF_004138335.1	1
GCF_004138485.1	1
GCF_004145405.1	1
GCF_004146235.1	1
GCF_004152845.1	1
GCF_004152865.1	1
GCF_004153445.1	2
GCF_004153455.1	2
GCF_004153605.1	1
GCF_004153685.1	2
GCF_004168035.1	1
GCF_004168365.1	3
GCF_004194535.1	3
GCF_004197395.1	9
GCF_004208515.1	2
GCF_004208535.1	1
GCF_004209755.1	4
GCF_004210305.1	1
GCF_004210735.1	1
GCF_004212635.1	7
GCF_004212645.1	1
GCF_004214895.1	1
GCF_004214935.1	1
GCF_004216475.1	1
GCF_004216565.1	4
GCF_004216695.1	2
GCF_004217045.1	4
GCF_004217095.1	2
GCF_004217185.1	1
GCF_004217215.1	3
GCF_004217225.1	3
GCF_004217315.1	2
GCF_004217335.1	2
GCF_004217415.1	1
GCF_004217445.1	2
GCF_004283175.1	4
GCF_004283755.1	1
GCF_004296405.1	5
GCF_004296575.1	2
GCF_004296935.1	5
GCF_004297125.1	2
GCF_004297265.1	5
GCF_004297345.1	5
GCF_004297405.1	3
GCF_004297875.1	4
GCF_004298145.1	1
GCF_004299445.1	1
GCF_004306515.1	1
GCF_004310295.1	1
GCF_004310345.1	4
GCF_004310865.1	2
GCF_004321985.1	2
GCF_004322705.1	3
GCF_004322755.1	4
GCF_004323635.1	1
GCF_004327285.1	1
GCF_004327355.1	1
GCF_004327985.1	2
GCF_004328075.1	1
GCF_004328645.1	2
GCF_004331035.1	2
GCF_004331075.1	1
GCF_004331155.1	1
GCF_004331175.1	2
GCF_004331255.1	2
GCF_004331285.1	1
GCF_004331955.1	1
GCF_004335005.1	1
GCF_004336635.1	1
GCF_004336745.1	2
GCF_004337705.1	1
GCF_004339465.1	1
GCF_004339565.1	2
GCF_004339595.1	1
GCF_004339665.1	3
GCF_004339675.1	1
GCF_004339745.1	6
GCF_004340785.1	1
GCF_004340965.1	1
GCF_004341205.1	1
GCF_004341245.1	5
GCF_004341365.1	1
GCF_004341375.1	1
GCF_004341505.2	2
GCF_004341515.1	4
GCF_004341625.1	1
GCF_004341845.1	3
GCF_004342005.1	2
GCF_004342025.1	1
GCF_004342065.1	1
GCF_004342175.1	1
GCF_004342265.1	1
GCF_004342425.1	1
GCF_004342445.1	1
GCF_004342485.1	4
GCF_004342585.1	3
GCF_004342605.1	1
GCF_004342625.1	2
GCF_004342985.1	3
GCF_004343075.1	1
GCF_004343305.1	1
GCF_004343615.1	6
GCF_004345245.1	4
GCF_004345645.1	1
GCF_004345725.1	2
GCF_004346185.1	2
GCF_004346195.1	1
GCF_004346225.1	2
GCF_004346645.1	1
GCF_004346865.1	1
GCF_004346925.1	1
GCF_004348265.1	7
GCF_004348425.1	1
GCF_004348515.1	1
GCF_004348665.1	1
GCF_004348895.1	1
GCF_004348975.1	2
GCF_004349215.1	2
GCF_004349235.1	2
GCF_004349245.1	1
GCF_004352825.1	1
GCF_004352845.1	1
GCF_004353905.1	9
GCF_004353915.1	7
GCF_004353925.1	1
GCF_004353985.1	3
GCF_004354085.1	2
GCF_004354915.1	1
GCF_004355005.1	7
GCF_004357765.1	1
GCF_004357985.1	2
GCF_004358105.1	2
GCF_004358165.1	1
GCF_004358675.1	1
GCF_004358695.1	1
GCF_004358755.1	1
GCF_004359985.1	4
GCF_004360145.1	1
GCF_004361065.1	1
GCF_004361735.1	2
GCF_004361815.1	9
GCF_004361835.1	1
GCF_004361885.1	1
GCF_004362405.1	2
GCF_004362515.1	1
GCF_004362525.1	2
GCF_004362825.1	2
GCF_004362855.1	3
GCF_004363095.1	1
GCF_004363235.1	3
GCF_004363315.1	3
GCF_004363555.1	1
GCF_004363655.1	1
GCF_004363725.1	1
GCF_004363775.1	1
GCF_004363805.1	3
GCF_004363955.1	5
GCF_004364325.1	1
GCF_004364635.1	1
GCF_004364775.1	2
GCF_004364805.1	1
GCF_004364935.1	1
GCF_004365635.1	1
GCF_004365965.1	1
GCF_004366635.1	1
GCF_004367585.1	1
GCF_004377485.1	1
GCF_004382795.1	1
GCF_004421005.1	4
GCF_004458765.1	3
GCF_004519305.1	1
GCF_004519335.1	1
GCF_004519405.1	1
GCF_004519545.1	2
GCF_004521985.1	1
GCF_004522095.1	1
GCF_004522105.1	1
GCF_004522155.1	1
GCF_004522175.1	1
GCF_004522235.1	2
GCF_004551525.1	1
GCF_004563845.1	1
GCF_004563925.1	4
GCF_004564135.1	1
GCF_004564375.1	3
GCF_004570385.1	1
GCF_004570865.1	4
GCF_004570875.1	2
GCF_004571025.1	7
GCF_004571065.1	1
GCF_004571075.1	2
GCF_004571175.1	4
GCF_004571195.1	1
GCF_004614165.1	3
GCF_004614185.1	3
GCF_004614195.1	5
GCF_004614235.1	1
GCF_004634425.1	1
GCF_004681125.1	1
GCF_004681185.1	1
GCF_004681965.1	2
GCF_004681975.1	3
GCF_004682015.1	2
GCF_004682045.1	1
GCF_004682055.1	1
GCF_004683865.2	2
GCF_004683905.1	1
GCF_004683965.1	1
GCF_004684085.1	1
GCF_004745575.1	1
GCF_004745635.1	4
GCF_004745805.1	2
GCF_004751985.1	1
GCF_004761865.1	2
GCF_004761875.1	1
GCF_004762035.2	1
GCF_004762045.1	1
GCF_004768545.1	8
GCF_004769195.1	1
GCF_004769405.1	1
GCF_004769555.1	1
GCF_004769615.1	1
GCF_004770055.1	1
GCF_004770105.1	1
GCF_004770155.1	1
GCF_004770615.1	2
GCF_004770895.1	1
GCF_004771275.1	1
GCF_004785685.1	2
GCF_004785795.1	2
GCF_004786035.1	1
GCF_004791165.1	2
GCF_004791585.1	2
GCF_004792665.1	2
GCF_004792685.1	1
GCF_004792695.1	1
GCF_004795835.1	1
GCF_004795855.1	5
GCF_004795895.1	3
GCF_004796535.1	1
GCF_004798965.1	1
GCF_004799035.1	1
GCF_004799325.1	1
GCF_004799395.1	1
GCF_004799405.1	1
GCF_004799445.1	2
GCF_004799515.1	1
GCF_004799645.1	2
GCF_004799665.1	1
GCF_004801295.1	1
GCF_004801305.1	2
GCF_004801395.1	1
GCF_004801935.1	1
GCF_004802635.2	1
GCF_004803475.1	1
GCF_004803635.1	1
GCF_004803715.2	1
GCF_004804335.1	1
GCF_004833285.1	2
GCF_004912135.1	2
GCF_004912145.1	1
GCF_004912165.1	1
GCF_004919095.1	2
GCF_004919685.1	2
GCF_004920405.1	1
GCF_004923205.2	2
GCF_004923295.1	2
GCF_004923315.1	3
GCF_004924335.1	1
GCF_004944975.1	2
GCF_004959925.1	1
GCF_004959935.1	2
GCF_004962245.1	3
GCF_004962925.1	3
GCF_004963255.1	3
GCF_004965515.1	1
GCF_005048205.1	2
GCF_005048225.1	1
GCF_005048265.1	2
GCF_005049285.1	1
GCF_005080685.1	1
GCF_005116465.1	1
GCF_005116665.1	1
GCF_005116715.1	1
GCF_005144415.1	5
GCF_005144475.1	2
GCF_005144585.1	1
GCF_005144635.2	2
GCF_005144715.1	1
GCF_005144885.1	2
GCF_005144965.1	2
GCF_005145025.1	1
GCF_005153485.1	1
GCF_005155025.1	2
GCF_005160265.1	1
GCF_005222205.1	2
GCF_005222225.1	1
GCF_005222675.1	1
GCF_005222695.1	2
GCF_005222755.1	3
GCF_005222785.1	1
GCF_005222815.1	3
GCF_005222845.1	1
GCF_005222915.1	1
GCF_005222955.1	1
GCF_005234135.1	1
GCF_005280205.1	1
GCF_005280275.1	2
GCF_005280735.1	6
GCF_005298075.1	1
GCF_005298175.1	3
GCF_005403045.1	1
GCF_005405905.1	3
GCF_005406125.1	1
GCF_005434915.1	1
GCF_005434945.1	1
GCF_005434965.1	1
GCF_005484585.1	1
GCF_005502465.1	2
GCF_005502745.1	1
GCF_005502935.1	1
GCF_005503145.1	6
GCF_005503355.1	1
GCF_005503365.1	5
GCF_005503445.1	1
GCF_005503535.1	2
GCF_005503555.1	2
GCF_005503625.1	3
GCF_005503695.1	2
GCF_005508865.1	1
GCF_005670685.2	1
GCF_005771425.1	2
GCF_005780185.1	1
GCF_005796105.1	1
GCF_005860795.2	1
GCF_005862305.2	2
GCF_005863185.1	1
GCF_005870025.1	3
GCF_005871185.1	2
GCF_005876835.1	1
GCF_005876985.1	3
GCF_005877055.1	2
GCF_005877905.1	1
GCF_005886105.2	2
GCF_005886345.1	1
GCF_005886535.1	2
GCF_005886805.2	1
GCF_005886875.1	1
GCF_005887095.1	1
GCF_005887115.1	1
GCF_005887615.1	1
GCF_005887635.2	2
GCF_005889715.1	1
GCF_005889745.1	1
GCF_005930475.1	1
GCF_005930495.1	2
GCF_005937885.2	3
GCF_005938045.2	1
GCF_005938085.1	2
GCF_005938225.1	1
GCF_005938625.1	1
GCF_005938655.1	1
GCF_005938675.2	3
GCF_005952805.1	2
GCF_005954645.2	1
GCF_006007885.1	1
GCF_006094435.1	1
GCF_006125015.1	4
GCF_006149045.1	2
GCF_006151805.1	3
GCF_006152065.1	1
GCF_006152115.1	1
GCF_006152145.1	1
GCF_006175985.1	2
GCF_006175995.1	1
GCF_006227205.1	1
GCF_006228385.1	1
GCF_006265095.1	1
GCF_006346315.1	1
GCF_006346325.1	1
GCF_006351965.1	1
GCF_006352475.1	1
GCF_006385595.1	1
GCF_006385685.1	2
GCF_006385875.1	2
GCF_006386545.1	4
GCF_006402735.1	1
GCF_006438825.1	1
GCF_006438915.1	1
GCF_006438925.1	1
GCF_006439055.1	1
GCF_006439355.1	2
GCF_006439395.2	4
GCF_006440675.2	2
GCF_006440735.1	1
GCF_006440775.1	3
GCF_006442205.1	2
GCF_006442315.1	2
GCF_006442545.2	2
GCF_006442655.1	2
GCF_006442795.2	3
GCF_006442815.1	2
GCF_006442965.1	3
GCF_006442975.2	1
GCF_006443685.1	2
GCF_006475605.1	1
GCF_006483445.1	6
GCF_006494425.1	3
GCF_006494715.1	1
GCF_006494775.1	1
GCF_006494815.1	1
GCF_006496635.1	2
GCF_006516965.1	1
GCF_006517175.1	1
GCF_006517255.1	3
GCF_006517275.1	3
GCF_006539545.1	2
GCF_006539565.1	1
GCF_006539865.1	3
GCF_006546735.2	2
GCF_006546775.1	2
GCF_006547045.1	1
GCF_006547065.1	1
GCF_006547145.1	1
GCF_006636215.1	1
GCF_006658505.1	4
GCF_006704265.1	1
GCF_006715045.1	1
GCF_006715485.1	3
GCF_006715495.1	3
GCF_006716095.1	1
GCF_006716465.1	2
GCF_006716765.1	1
GCF_006716865.1	1
GCF_006716905.1	2
GCF_006717095.1	2
GCF_006738645.1	1
GCF_006740045.1	3
GCF_006757745.1	1
GCF_006864685.1	1
GCF_006874765.1	1
GCF_006970445.1	1
GCF_006970865.1	6
GCF_006974105.1	2
GCF_006974125.1	1
GCF_006980715.1	3
GCF_007003975.1	3
GCF_007004065.1	1
GCF_007004095.1	1
GCF_007004135.1	2
GCF_007004645.1	1
GCF_007004655.1	1
GCF_007004665.1	1
GCF_007005445.1	1
GCF_007096355.1	1
GCF_007119345.1	1
GCF_007119985.1	1
GCF_007120195.1	5
GCF_007126715.1	1
GCF_007197555.1	1
GCF_007197755.1	2
GCF_007273535.1	1
GCF_007280415.1	1
GCF_007290395.2	3
GCF_007421925.1	2
GCF_007431345.1	1
GCF_007489285.1	1
GCF_007556585.1	2
GCF_007556595.1	1
GCF_007556605.1	2
GCF_007556685.1	2
GCF_007556705.1	1
GCF_007556755.1	1
GCF_007556815.1	4
GCF_007558815.1	2
GCF_007559005.1	1
GCF_007559435.1	2
GCF_007570825.1	1
GCF_007570835.1	1
GCF_007625155.1	3
GCF_007625205.1	3
GCF_007644035.1	3
GCF_007644045.2	3
GCF_007644105.1	1
GCF_007655255.1	2
GCF_007667275.1	1
GCF_007678085.1	3
GCF_007679965.1	2
GCF_007692535.1	1
GCF_007713465.1	2
GCF_007713735.2	2
GCF_007714205.1	1
GCF_007785815.1	1
GCF_007795095.1	1
GCF_007826885.1	2
GCF_007827045.1	1
GCF_007827815.1	1
GCF_007827955.1	2
GCF_007827975.1	4
GCF_007828035.1	4
GCF_007828045.1	2
GCF_007828215.1	1
GCF_007828895.1	1
GCF_007829525.1	1
GCF_007830065.1	1
GCF_007830115.1	2
GCF_007830155.1	2
GCF_007830235.1	1
GCF_007830335.1	1
GCF_007830435.1	1
GCF_007830455.1	4
GCF_007830495.1	3
GCF_007830545.1	2
GCF_007830635.1	7
GCF_007833165.1	1
GCF_007833215.1	1
GCF_007833355.1	1
GCF_007845675.1	3
GCF_007855645.1	1
GCF_007858185.1	2
GCF_007858255.1	1
GCF_007858275.1	1
GCF_007858285.1	1
GCF_007859075.1	2
GCF_007859305.1	1
GCF_007859315.1	3
GCF_007859325.1	3
GCF_007874125.1	4
GCF_007922615.2	2
GCF_007923355.1	1
GCF_007923445.1	2
GCF_007954275.1	1
GCF_007954405.1	2
GCF_007989605.1	1
GCF_007990935.1	1
GCF_007991175.1	1
GCF_007991615.1	1
GCF_007992175.1	1
GCF_007992195.1	1
GCF_007992215.1	2
GCF_007992495.1	4
GCF_007993045.1	1
GCF_007993065.1	1
GCF_007993755.1	1
GCF_007993815.1	3
GCF_007993865.1	1
GCF_007993935.1	5
GCF_007994985.1	1
GCF_007995055.1	1
GCF_007995085.1	5
GCF_007995215.1	1
GCF_007995245.1	2
GCF_008000895.1	2
GCF_008014745.1	1
GCF_008017755.1	1
GCF_008033135.1	2
GCF_008039575.1	1
GCF_008039615.1	3
GCF_008039875.1	1
GCF_008065155.1	1
GCF_008085915.1	1
GCF_008087625.1	1
GCF_008107625.1	3
GCF_008107685.1	2
GCF_008107695.1	3
GCF_008107725.1	1
GCF_008119665.1	2
GCF_008122205.1	3
GCF_008123425.1	7
GCF_008123515.1	7
GCF_008123965.1	4
GCF_008124835.1	2
GCF_008180155.1	1
GCF_008180415.1	2
GCF_008180445.1	1
GCF_008180615.1	1
GCF_008180725.1	1
GCF_008244685.1	3
GCF_008245225.1	1
GCF_008253865.1	4
GCF_008271465.1	1
GCF_008271655.1	1
GCF_008274695.1	1
GCF_008275125.1	3
GCF_008297955.1	2
GCF_008297975.1	1
GCF_008312885.1	1
GCF_008312895.1	1
GCF_008327685.1	1
GCF_008329435.1	1
GCF_008329525.1	2
GCF_008329905.1	2
GCF_008329985.2	1
GCF_008330945.1	3
GCF_008360935.1	3
GCF_008364685.1	3
GCF_008364795.1	2
GCF_008364825.1	1
GCF_008365375.1	2
GCF_008365385.1	1
GCF_008365405.1	3
GCF_008368715.1	1
GCF_008369105.1	1
GCF_008369125.1	1
GCF_008369295.1	1
GCF_008369325.1	1
GCF_008369445.1	1
GCF_008369935.1	7
GCF_008370005.1	1
GCF_008370045.1	2
GCF_008370325.1	2
GCF_008370495.1	2
GCF_008370645.1	1
GCF_008386565.1	2
GCF_008386575.1	2
GCF_008389435.1	3
GCF_008520305.1	3
GCF_008579165.1	1
GCF_008630065.1	1
GCF_008630495.1	1
GCF_008630635.1	1
GCF_008630915.1	3
GCF_008632125.1	3
GCF_008632335.1	1
GCF_008638305.1	1
GCF_008638345.1	1
GCF_008641065.1	1
GCF_008692605.1	1
GCF_008693385.1	6
GCF_008709575.1	1
GCF_008710035.1	1
GCF_008710155.1	2
GCF_008710275.1	1
GCF_008711155.1	4
GCF_008711285.1	1
GCF_008711325.1	2
GCF_008727715.1	1
GCF_008727795.1	2
GCF_008727925.1	1
GCF_008728195.1	1
GCF_008728835.1	3
GCF_008728855.1	5
GCF_008757455.1	1
GCF_008761635.1	2
GCF_008795955.1	2
GCF_008795985.1	3
GCF_008801405.1	6
GCF_008801475.1	1
GCF_008801605.1	1
GCF_008801835.1	4
GCF_008801915.1	3
GCF_008801925.2	9
GCF_008801935.1	1
GCF_008806345.1	3
GCF_008806385.1	7
GCF_008807375.1	2
GCF_008807395.1	3
GCF_008807415.1	1
GCF_008824145.1	1
GCF_008824185.1	2
GCF_008831265.1	2
GCF_008843145.1	2
GCF_008923185.1	1
GCF_008923205.2	1
GCF_008923365.1	1
GCF_008923725.1	3
GCF_008929045.1	3
GCF_008932115.1	2
GCF_008932245.1	2
GCF_008933605.1	1
GCF_008973715.1	2
GCF_008973755.1	3
GCF_008973825.1	2
GCF_008974145.1	1
GCF_009002475.1	1
GCF_009026145.1	3
GCF_009026175.1	4
GCF_009176305.1	2
GCF_009176545.1	1
GCF_009176975.1	1
GCF_009183655.1	1
GCF_009189165.1	1
GCF_009208555.1	3
GCF_009208565.1	3
GCF_009208735.1	3
GCF_009223885.1	2
GCF_009295635.1	2
GCF_009296175.1	7
GCF_009296265.1	1
GCF_009362735.1	8
GCF_009362785.1	4
GCF_009363155.1	4
GCF_009363255.1	1
GCF_009363555.1	2
GCF_009363615.1	1
GCF_009363635.1	1
GCF_009363655.1	1
GCF_009363715.1	1
GCF_009363755.1	1
GCF_009363795.1	1
GCF_009363855.1	1
GCF_009372215.1	2
GCF_009372255.1	2
GCF_009380135.2	1
GCF_009380155.1	1
GCF_009380165.1	3
GCF_009380215.1	3
GCF_009388985.1	1
GCF_009391885.1	1
GCF_009392895.1	2
GCF_009429145.1	2
GCF_009455625.1	3
GCF_009455635.1	2
GCF_009455685.1	2
GCF_009467805.1	1
GCF_009469595.2	3
GCF_009469615.1	2
GCF_009469765.1	2
GCF_009495745.1	2
GCF_009497155.1	4
GCF_009497655.1	1
GCF_009497775.1	2
GCF_009497895.1	1
GCF_009498455.1	2
GCF_009498525.1	1
GCF_009557055.1	1
GCF_009600605.1	1
GCF_009601025.1	1
GCF_009601165.1	1
GCF_009601685.2	1
GCF_009602465.1	1
GCF_009604375.1	1
GCF_009617755.1	1
GCF_009617995.1	1
GCF_009646335.1	4
GCF_009649175.1	1
GCF_009649845.1	1
GCF_009650605.1	1
GCF_009659625.1	1
GCF_009663685.2	5
GCF_009669325.1	1
GCF_009674485.1	2
GCF_009674495.1	3
GCF_009674535.1	3
GCF_009674565.1	3
GCF_009674765.1	1
GCF_009674805.1	1
GCF_009674885.1	2
GCF_009676705.1	1
GCF_009690905.1	6
GCF_009696685.2	2
GCF_009697225.1	3
GCF_009707325.1	1
GCF_009707625.1	1
GCF_009707705.1	3
GCF_009707865.1	2
GCF_009708035.1	2
GCF_009708075.1	2
GCF_009711125.1	1
GCF_009711185.1	3
GCF_009711205.1	2
GCF_009711215.1	2
GCF_009711225.1	2
GCF_009711345.1	1
GCF_009711415.1	1
GCF_009711975.1	1
GCF_009712425.2	2
GCF_009720145.1	1
GCF_009720655.1	4
GCF_009720745.1	3
GCF_009720755.1	2
GCF_009720775.1	2
GCF_009720825.1	2
GCF_009720835.1	4
GCF_009720865.1	2
GCF_009724245.1	1
GCF_009727155.1	5
GCF_009729075.1	2
GCF_009729205.1	1
GCF_009729415.1	1
GCF_009733735.1	2
GCF_009739515.1	1
GCF_009741445.1	1
GCF_009741825.1	1
GCF_009741925.1	1
GCF_009742725.1	1
GCF_009746125.1	1
GCF_009746585.1	1
GCF_009746715.1	2
GCF_009749525.1	2
GCF_009753715.1	1
GCF_009755665.1	2
GCF_009755815.1	1
GCF_009756665.1	1
GCF_009758015.1	3
GCF_009758195.1	1
GCF_009759665.1	6
GCF_009759685.1	2
GCF_009760905.1	1
GCF_009760915.1	9
GCF_009761815.1	2
GCF_009762325.1	1
GCF_009763245.1	1
GCF_009763255.1	1
GCF_009764265.1	1
GCF_009764645.1	1
GCF_009765275.1	1
GCF_009765355.1	1
GCF_009765685.1	2
GCF_009765705.1	5
GCF_009765755.1	2
GCF_009765865.1	2
GCF_009765965.1	1
GCF_009765975.1	2
GCF_009765995.1	3
GCF_009766005.1	4
GCF_009766065.1	3
GCF_009766085.1	3
GCF_009769755.1	1
GCF_009789535.1	2
GCF_009789575.1	2
GCF_009789655.1	8
GCF_009789675.1	2
GCF_009791395.1	1
GCF_009792235.1	1
GCF_009793355.1	1
GCF_009796845.1	1
GCF_009799925.1	1
GCF_009799935.1	1
GCF_009800965.1	4
GCF_009806515.1	4
GCF_009806555.1	1
GCF_009806575.1	1
GCF_009811655.1	3
GCF_009811755.1	1
GCF_009811795.1	3
GCF_009821115.1	3
GCF_009823805.1	1
GCF_009826895.1	1
GCF_009827055.1	1
GCF_009827305.1	1
GCF_009827435.1	1
GCF_009827635.1	1
GCF_009828115.1	1
GCF_009828935.2	2
GCF_009829325.1	1
GCF_009829925.1	1
GCF_009830105.1	3
GCF_009830125.1	1
GCF_009831455.1	1
GCF_009831575.1	1
GCF_009831765.1	1
GCF_009832905.1	1
GCF_009833495.1	1
GCF_009834345.1	1
GCF_009834515.1	1
GCF_009834545.1	1
GCF_009834565.1	2
GCF_009834785.1	1
GCF_009835145.1	1
GCF_009846525.1	1
GCF_009846745.1	1
GCF_009846755.1	1
GCF_009848505.1	3
GCF_009848685.1	2
GCF_009856365.1	1
GCF_009856625.1	2
GCF_009856825.1	2
GCF_009857435.1	2
GCF_009857445.1	4
GCF_009857475.1	2
GCF_009857505.1	2
GCF_009857535.1	4
GCF_009857595.1	2
GCF_009857605.1	4
GCF_009857645.1	3
GCF_009857655.1	3
GCF_009857745.1	1
GCF_009857815.1	1
GCF_009857835.1	2
GCF_009857915.1	2
GCF_009859475.1	3
GCF_009861505.1	2
GCF_009861525.1	1
GCF_009866765.1	1
GCF_009866805.1	2
GCF_009872365.1	3
GCF_009873615.1	2
GCF_009882945.1	2
GCF_009883635.2	1
GCF_009898475.1	3
GCF_009900765.1	1
GCF_009901955.1	1
GCF_009902005.1	1
GCF_009904055.1	1
GCF_009905435.1	3
GCF_009905535.1	1
GCF_009906855.1	1
GCF_009908165.1	1
GCF_009908285.1	2
GCF_009908315.1	1
GCF_009909105.1	1
GCF_009909205.1	4
GCF_009910675.1	3
GCF_009910705.1	2
GCF_009912395.1	1
GCF_009913435.1	1
GCF_009914555.1	1
GCF_009915685.1	1
GCF_009923995.1	3
GCF_009928415.1	1
GCF_009930815.1	6
GCF_009931615.1	1
GCF_009932335.1	2
GCF_009932375.1	2
GCF_009932435.1	1
GCF_009932475.1	1
GCF_009932555.1	1
GCF_009932725.1	1
GCF_009936235.1	1
GCF_009936375.1	2
GCF_009937955.1	3
GCF_009937975.1	3
GCF_009938165.1	1
GCF_009938225.1	1
GCF_009939195.1	2
GCF_010078235.1	2
GCF_010092425.1	1
GCF_010093135.1	1
GCF_010093225.1	1
GCF_010093235.1	1
GCF_010093305.1	1
GCF_010093345.1	2
GCF_010093385.1	1
GCF_010093445.1	1
GCF_010095445.2	1
GCF_010104355.1	4
GCF_010119195.1	1
GCF_010119205.1	2
GCF_010119615.1	1
GCF_010120715.1	1
GCF_010211745.1	1
GCF_010211755.1	1
GCF_010231475.1	1
GCF_010365055.1	2
GCF_010365105.1	3
GCF_010435965.1	2
GCF_010499245.1	3
GCF_010499255.1	1
GCF_010499455.1	2
GCF_010500815.1	1
GCF_010614805.1	1
GCF_010667575.1	2
GCF_010668065.1	1
GCF_010668395.1	3
GCF_010669125.1	1
GCF_010682065.1	1
GCF_010686765.1	2
GCF_010692745.1	2
GCF_010725485.1	1
GCF_010726085.1	1
GCF_010726245.1	1
GCF_010726765.1	1
GCF_010727125.1	1
GCF_010728725.1	1
GCF_010728925.1	1
GCF_010729305.1	1
GCF_010729895.1	1
GCF_010730055.1	1
GCF_010730355.1	2
GCF_010730955.1	1
GCF_010731115.1	1
GCF_010731535.1	2
GCF_010731595.1	2
GCF_010731655.1	2
GCF_010731675.1	1
GCF_010731715.1	1
GCF_010731775.1	1
GCF_010731855.1	2
GCF_010811875.1	6
GCF_010894405.1	1
GCF_010894435.1	1
GCF_010894455.1	1
GCF_010894475.1	1
GCF_010907035.1	1
GCF_010915705.1	2
GCF_010974945.1	1
GCF_010975005.1	1
GCF_010977555.1	1
GCF_010983895.1	1
GCF_010993745.1	1
GCF_010993975.1	1
GCF_010994245.1	2
GCF_010994375.1	1
GCF_010994755.1	1
GCF_010998615.1	1
GCF_011022235.1	1
GCF_011040385.1	2
GCF_011043545.1	1
GCF_011043625.1	1
GCF_011044155.1	2
GCF_011044255.1	1
GCF_011045095.1	3
GCF_011045115.1	2
GCF_011045125.1	1
GCF_011045195.1	2
GCF_011046245.1	1
GCF_011046485.1	1
GCF_011046535.1	1
GCF_011046735.1	2
GCF_011057975.1	1
GCF_011058165.1	3
GCF_011059185.1	2
GCF_011064615.1	1
GCF_011064825.1	1
GCF_011074955.1	2
GCF_011090165.1	3
GCF_011174775.1	1
GCF_011250565.1	1
GCF_011299595.1	3
GCF_011300215.1	1
GCF_011300685.1	1
GCF_011303755.1	1
GCF_011305535.1	3
GCF_011305995.1	2
GCF_011308835.1	1
GCF_011319465.1	2
GCF_011319475.1	1
GCF_011320095.1	1
GCF_011320115.1	1
GCF_011355085.1	3
GCF_011369485.1	1
GCF_011388215.1	2
GCF_011390835.1	3
GCF_011393025.1	1
GCF_011420305.2	1
GCF_011440375.1	1
GCF_011440395.1	1
GCF_011493005.1	3
GCF_011516645.4	5
GCF_011578045.1	1
GCF_011578285.1	2
GCF_011601265.1	3
GCF_011601275.1	3
GCF_011601345.1	1
GCF_011602365.1	1
GCF_011602385.1	2
GCF_011602485.2	5
GCF_011605305.1	1
GCF_011682045.1	3
GCF_011682055.1	2
GCF_011682065.1	4
GCF_011682145.1	3
GCF_011682175.1	3
GCF_011683915.1	2
GCF_011683955.1	1
GCF_011694515.1	2
GCF_011742165.1	2
GCF_011742555.1	1
GCF_011742875.1	1
GCF_011742915.1	2
GCF_011752525.1	1
GCF_011752565.1	1
GCF_011752915.1	2
GCF_011752995.1	4
GCF_011753055.1	4
GCF_011758745.1	1
GCF_011758765.1	1
GCF_011759365.1	1
GCF_011759605.1	1
GCF_011761945.1	1
GCF_011761985.1	1
GCF_011762025.1	1
GCF_011762095.1	1
GCF_011762125.1	1
GCF_011762195.1	1
GCF_011764485.1	1
GCF_011764505.1	4
GCF_011772445.1	2
GCF_011777495.1	1
GCF_011806385.1	2
GCF_011806405.1	1
GCF_011806425.1	1
GCF_011806455.1	1
GCF_011806525.1	1
GCF_011806565.1	1
GCF_011806575.1	2
GCF_011926545.1	2
GCF_011927635.1	2
GCF_011927695.1	1
GCF_011927825.1	1
GCF_011947285.1	2
GCF_012035195.1	1
GCF_012044895.1	3
GCF_012062845.1	1
GCF_012103215.1	3
GCF_012163135.1	5
GCF_012163145.1	2
GCF_012184415.1	3
GCF_012272695.1	1
GCF_012272835.1	1
GCF_012274265.1	2
GCF_012275445.1	2
GCF_012275515.1	1
GCF_012275575.1	3
GCF_012276115.1	1
GCF_012276155.1	1
GCF_012276985.1	2
GCF_012328925.1	1
GCF_012349115.1	2
GCF_012395815.1	1
GCF_012427705.1	1
GCF_012515855.1	1
GCF_012516315.1	1
GCF_012524115.1	1
GCF_012584515.1	2
GCF_012641365.1	1
GCF_012641395.1	1
GCF_012641405.1	2
GCF_012641435.1	1
GCF_012641725.1	1
GCF_012641745.1	1
GCF_012650175.1	1
GCF_012689525.1	8
GCF_012767755.2	1
GCF_012843265.1	1
GCF_012844345.1	1
GCF_012844455.2	2
GCF_012849375.1	4
GCF_012849555.1	2
GCF_012910705.2	4
GCF_012910785.2	4
GCF_012910805.1	3
GCF_012910885.1	1
GCF_012910905.1	3
GCF_012910955.1	3
GCF_012911005.2	2
GCF_012911015.1	2
GCF_012911025.1	2
GCF_012911845.1	1
GCF_012911865.1	2
GCF_012911875.1	1
GCF_012911925.1	1
GCF_012911935.1	1
GCF_012912105.1	1
GCF_012913305.1	2
GCF_012927045.1	7
GCF_012927085.1	5
GCF_012927105.1	1
GCF_012927115.1	1
GCF_012927125.1	4
GCF_012927165.1	4
GCF_012927275.1	2
GCF_012927345.1	5
GCF_012927405.1	1
GCF_012927415.1	2
GCF_012927445.1	4
GCF_012927455.1	2
GCF_012927485.1	4
GCF_012927745.1	5
GCF_012928505.1	2
GCF_012932145.1	2
GCF_012932215.1	1
GCF_012932915.1	1
GCF_012933465.1	1
GCF_012933655.1	1
GCF_012935695.1	1
GCF_012935715.1	1
GCF_012935755.1	1
GCF_012940005.1	3
GCF_012955605.1	1
GCF_012960415.1	1
GCF_012971725.1	1
GCF_012971745.1	3
GCF_012972705.2	1
GCF_012974785.1	1
GCF_012976305.1	2
GCF_012986595.1	1
GCF_013001025.1	2
GCF_013002715.1	1
GCF_013003915.1	2
GCF_013003965.1	3
GCF_013003985.1	1
GCF_013004065.1	3
GCF_013004375.1	2
GCF_013004645.1	1
GCF_013009075.1	2
GCF_013009345.1	2
GCF_013030265.1	1
GCF_013030985.1	1
GCF_013031185.1	1
GCF_013031245.1	1
GCF_013031355.1	1
GCF_013031405.1	1
GCF_013032005.1	1
GCF_013032445.1	2
GCF_013032455.1	2
GCF_013032505.1	1
GCF_013033355.1	1
GCF_013033515.1	1
GCF_013033965.1	1
GCF_013034685.1	1
GCF_013035315.1	1
GCF_013035425.1	1
GCF_013044125.1	2
GCF_013044135.1	1
GCF_013044515.1	2
GCF_013072695.1	1
GCF_013085255.1	2
GCF_013087515.1	2
GCF_013087525.1	2
GCF_013093415.1	1
GCF_013111185.1	1
GCF_013112225.1	1
GCF_013112245.1	1
GCF_013112485.1	2
GCF_013113735.1	3
GCF_013114825.1	4
GCF_013114835.1	3
GCF_013116765.2	3
GCF_013116825.1	1
GCF_013141915.1	5
GCF_013149295.1	1
GCF_013155125.1	2
GCF_013155295.1	1
GCF_013155335.1	1
GCF_013155365.1	1
GCF_013155465.1	1
GCF_013155545.1	4
GCF_013170705.1	2
GCF_013170805.1	2
GCF_013170825.1	2
GCF_013170845.1	2
GCF_013177455.1	1
GCF_013177695.1	7
GCF_013177735.1	7
GCF_013178945.1	3
GCF_013179005.1	2
GCF_013179515.1	1
GCF_013179735.1	1
GCF_013181195.1	1
GCF_013184545.1	1
GCF_013184745.1	3
GCF_013184805.1	1
GCF_013185915.1	1
GCF_013200955.2	1
GCF_013215215.1	1
GCF_013240295.1	1
GCF_013260645.1	1
GCF_013266695.1	1
GCF_013266755.1	5
GCF_013267355.1	2
GCF_013280595.1	1
GCF_013282575.1	6
GCF_013283645.1	2
GCF_013284055.1	3
GCF_013294065.1	3
GCF_013297935.1	3
GCF_013299175.1	1
GCF_013306565.1	1
GCF_013307435.2	4
GCF_013314535.1	3
GCF_013314895.1	3
GCF_013315265.1	1
GCF_013317235.1	2
GCF_013327855.1	3
GCF_013328205.1	1
GCF_013328815.1	1
GCF_013334205.1	3
GCF_013337045.2	1
GCF_013337765.1	1
GCF_013340205.1	3
GCF_013340925.1	2
GCF_013340935.1	2
GCF_013343215.1	1
GCF_013343715.1	1
GCF_013344685.1	1
GCF_013344765.1	2
GCF_013346665.1	2
GCF_013347965.1	1
GCF_013348785.1	1
GCF_013350005.1	2
GCF_013358405.1	1
GCF_013359595.1	1
GCF_013359695.1	2
GCF_013359755.1	4
GCF_013362045.1	1
GCF_013363755.1	1
GCF_013364075.1	2
GCF_013364275.1	1
GCF_013364355.1	1
GCF_013366375.1	3
GCF_013366925.1	6
GCF_013369335.1	1
GCF_013369485.1	3
GCF_013370205.1	1
GCF_013371085.1	2
GCF_013372625.1	1
GCF_013373795.3	2
GCF_013374095.1	1
GCF_013375555.1	1
GCF_013376005.1	4
GCF_013377015.1	2
GCF_013377085.1	4
GCF_013377535.1	1
GCF_013377785.1	1
GCF_013377855.1	1
GCF_013378075.1	2
GCF_013378445.1	2
GCF_013385175.1	2
GCF_013385425.1	2
GCF_013385635.1	2
GCF_013385825.1	1
GCF_013385945.1	1
GCF_013385985.1	1
GCF_013386165.1	2
GCF_013386585.1	2
GCF_013386765.1	1
GCF_013386825.1	1
GCF_013387465.1	3
GCF_013388945.1	1
GCF_013391105.1	1
GCF_013391415.1	2
GCF_013393185.1	1
GCF_013393345.1	1
GCF_013402815.2	1
GCF_013403565.1	3
GCF_013403875.1	4
GCF_013404075.1	2
GCF_013404595.1	1
GCF_013407275.1	1
GCF_013407925.2	2
GCF_013408145.1	3
GCF_013408245.1	3
GCF_013408565.1	1
GCF_013408655.1	1
GCF_013408985.1	2
GCF_013409045.1	1
GCF_013409255.1	3
GCF_013409365.1	1
GCF_013409425.1	1
GCF_013409505.1	1
GCF_013409645.1	2
GCF_013409985.1	3
GCF_013410405.1	2
GCF_013410455.1	2
GCF_013410775.1	1
GCF_013415105.1	2
GCF_013415115.1	1
GCF_013415125.1	1
GCF_013415485.1	2
GCF_013415845.1	1
GCF_013415905.1	1
GCF_013416325.1	1
GCF_013416525.1	2
GCF_013416555.1	1
GCF_013416775.1	2
GCF_013423485.1	1
GCF_013423785.1	3
GCF_013423955.1	3
GCF_013425525.1	1
GCF_013425765.1	3
GCF_013426735.1	1
GCF_013426895.1	6
GCF_013426915.1	7
GCF_013426975.1	1
GCF_013432195.1	2
GCF_013433315.1	1
GCF_013449725.1	1
GCF_013450155.1	2
GCF_013456555.2	1
GCF_013464485.1	2
GCF_013464915.1	1
GCF_013466605.1	2
GCF_013466785.1	3
GCF_013466985.1	4
GCF_013488225.1	1
GCF_013520865.1	4
GCF_013520985.1	3
GCF_013602415.1	1
GCF_013607875.1	2
GCF_013608025.1	1
GCF_013620825.1	1
GCF_013624435.2	1
GCF_013626205.1	4
GCF_013697085.1	1
GCF_013697775.1	1
GCF_013778325.1	1
GCF_013778505.1	1
GCF_013791765.1	4
GCF_013791775.1	1
GCF_013815995.1	1
GCF_013817205.1	3
GCF_013817345.1	1
GCF_013823285.1	1
GCF_013823385.1	1
GCF_013839425.1	1
GCF_013839525.1	2
GCF_013868135.1	1
GCF_013870525.1	1
GCF_013870575.1	3
GCF_013911085.1	2
GCF_013911755.1	1
GCF_013912065.1	1
GCF_014042345.1	3
GCF_014042355.1	3
GCF_014042365.1	3
GCF_014050225.1	3
GCF_014058705.1	1
GCF_014076415.1	2
GCF_014076985.1	1
GCF_014077005.1	1
GCF_014077095.1	1
GCF_014109725.1	2
GCF_014109765.1	1
GCF_014109825.1	5
GCF_014117215.1	1
GCF_014117445.1	3
GCF_014126615.1	1
GCF_014127485.1	1
GCF_014138045.1	1
GCF_014138265.1	2
GCF_014138285.1	1
GCF_014138435.1	2
GCF_014138625.1	2
GCF_014138645.1	2
GCF_014145325.1	2
GCF_014145335.1	1
GCF_014145395.1	2
GCF_014145675.1	1
GCF_014158035.1	1
GCF_014164785.1	1
GCF_014170305.1	2
GCF_014170335.1	2
GCF_014170375.1	3
GCF_014171475.1	2
GCF_014171595.1	2
GCF_014174155.1	1
GCF_014174475.1	1
GCF_014174495.1	2
GCF_014174515.1	3
GCF_014189455.1	2
GCF_014189505.1	1
GCF_014189535.1	1
GCF_014191055.1	1
GCF_014191355.1	2
GCF_014191495.1	1
GCF_014191715.1	1
GCF_014191775.1	2
GCF_014191875.1	2
GCF_014192055.1	1
GCF_014192095.1	1
GCF_014192155.1	4
GCF_014192215.1	2
GCF_014192225.1	4
GCF_014192275.1	1
GCF_014192285.1	1
GCF_014192575.1	3
GCF_014192645.1	3
GCF_014192715.1	1
GCF_014192745.1	1
GCF_014192915.1	2
GCF_014193375.1	1
GCF_014193655.1	2
GCF_014193695.1	1
GCF_014194695.1	1
GCF_014195095.1	1
GCF_014195545.1	1
GCF_014195635.1	2
GCF_014195655.1	1
GCF_014196125.1	1
GCF_014196255.1	1
GCF_014196305.1	3
GCF_014196345.1	2
GCF_014196455.1	3
GCF_014196495.1	1
GCF_014196525.1	1
GCF_014196615.1	1
GCF_014196635.1	1
GCF_014196745.1	2
GCF_014196765.1	1
GCF_014196795.1	2
GCF_014196805.1	1
GCF_014196835.1	2
GCF_014196925.1	3
GCF_014196965.1	1
GCF_014197015.1	1
GCF_014197035.1	2
GCF_014197135.1	2
GCF_014197435.1	1
GCF_014197755.1	2
GCF_014197795.1	1
GCF_014197855.1	1
GCF_014198245.1	7
GCF_014199195.1	3
GCF_014199205.1	3
GCF_014199215.1	1
GCF_014199255.1	2
GCF_014199295.1	2
GCF_014199305.1	1
GCF_014199325.1	1
GCF_014199335.1	1
GCF_014199395.1	1
GCF_014199415.1	1
GCF_014199435.1	2
GCF_014199445.1	1
GCF_014199595.1	3
GCF_014199615.1	2
GCF_014199625.1	1
GCF_014199685.1	1
GCF_014199915.1	1
GCF_014199935.1	2
GCF_014199945.1	1
GCF_014199955.1	1
GCF_014199985.1	2
GCF_014200015.1	1
GCF_014200045.1	1
GCF_014200455.1	2
GCF_014200675.1	3
GCF_014200725.1	3
GCF_014200755.1	1
GCF_014201415.1	2
GCF_014201495.1	1
GCF_014201615.1	1
GCF_014201825.1	2
GCF_014201905.1	2
GCF_014202215.1	3
GCF_014202765.1	2
GCF_014202905.1	1
GCF_014202945.1	1
GCF_014202975.1	1
GCF_014203015.1	2
GCF_014203115.1	4
GCF_014203125.1	1
GCF_014203735.1	1
GCF_014203955.1	1
GCF_014204495.1	2
GCF_014204515.1	1
GCF_014204525.1	3
GCF_014204535.1	1
GCF_014204545.1	1
GCF_014204865.1	1
GCF_014205155.1	1
GCF_014205635.1	2
GCF_014205765.1	3
GCF_014205795.1	1
GCF_014206975.1	2
GCF_014207095.1	2
GCF_014207185.1	1
GCF_014207235.1	2
GCF_014207355.1	3
GCF_014207855.1	2
GCF_014207935.1	1
GCF_014207955.1	3
GCF_014207965.1	1
GCF_014208105.1	1
GCF_014211975.1	1
GCF_014212315.1	1
GCF_014217335.1	1
GCF_014217605.1	1
GCF_014217785.1	1
GCF_014218725.1	1
GCF_014218805.1	1
GCF_014230315.1	1
GCF_014235185.1	1
GCF_014235845.1	1
GCF_014236655.1	2
GCF_014237835.1	1
GCF_014237875.1	1
GCF_014252955.1	1
GCF_014256275.1	2
GCF_014263395.1	2
GCF_014266025.1	1
GCF_014267175.1	1
GCF_014268275.3	1
GCF_014268375.2	1
GCF_014268445.2	2
GCF_014268455.2	1
GCF_014268495.2	2
GCF_014268505.2	1
GCF_014268585.2	1
GCF_014268595.2	1
GCF_014268615.1	1
GCF_014268655.2	1
GCF_014268745.2	1
GCF_014268755.2	1
GCF_014268785.2	1
GCF_014268805.2	1
GCF_014268815.2	1
GCF_014268885.2	1
GCF_014268935.2	1
GCF_014269025.2	1
GCF_014269035.2	1
GCF_014269185.2	1
GCF_014269205.2	1
GCF_014269225.2	1
GCF_014280435.1	1
GCF_014283215.1	3
GCF_014284125.1	3
GCF_014284155.1	1
GCF_014284175.1	1
GCF_014284195.1	1
GCF_014284235.1	2
GCF_014284255.1	2
GCF_014284275.1	2
GCF_014284305.1	2
GCF_014284335.1	3
GCF_014284365.1	2
GCF_014297445.1	3
GCF_014297465.1	2
GCF_014297575.1	3
GCF_014302995.1	2
GCF_014303735.1	1
GCF_014323725.1	1
GCF_014334095.1	1
GCF_014334115.1	1
GCF_014336955.1	1
GCF_014337925.2	1
GCF_014349105.1	1
GCF_014349205.1	3
GCF_014353015.1	1
GCF_014357575.1	1
GCF_014358015.1	1
GCF_014359475.1	1
GCF_014359565.1	1
GCF_014359905.1	1
GCF_014378415.1	3
GCF_014395785.1	2
GCF_014395975.1	2
GCF_014397785.1	5
GCF_014472415.1	1
GCF_014489075.1	1
GCF_014489115.1	1
GCF_014489535.1	2
GCF_014489595.1	3
GCF_014490035.1	2
GCF_014490445.1	2
GCF_014490485.1	2
GCF_014490665.1	1
GCF_014490725.1	1
GCF_014490745.1	1
GCF_014529705.1	4
GCF_014595955.1	2
GCF_014595975.1	1
GCF_014596085.1	1
GCF_014596295.1	1
GCF_014621775.1	1
GCF_014635245.1	1
GCF_014635285.1	1
GCF_014635325.1	3
GCF_014635545.1	2
GCF_014635885.1	2
GCF_014636095.1	2
GCF_014636175.1	2
GCF_014636235.1	1
GCF_014636315.1	5
GCF_014636935.1	1
GCF_014637725.1	1
GCF_014637955.1	1
GCF_014638275.1	1
GCF_014638355.1	1
GCF_014639075.1	1
GCF_014639875.1	2
GCF_014640075.1	4
GCF_014640315.1	1
GCF_014640815.1	1
GCF_014641715.1	2
GCF_014641945.1	1
GCF_014642735.1	2
GCF_014643375.1	1
GCF_014643455.1	1
GCF_014643515.1	2
GCF_014643535.1	3
GCF_014643635.1	1
GCF_014643735.1	1
GCF_014643915.1	1
GCF_014644455.1	2
GCF_014644535.1	5
GCF_014645195.1	1
GCF_014645375.1	1
GCF_014645535.1	2
GCF_014645555.1	2
GCF_014645695.1	1
GCF_014645735.1	1
GCF_014646755.1	2
GCF_014647235.1	2
GCF_014647255.1	1
GCF_014647415.1	1
GCF_014648275.1	2
GCF_014648675.1	1
GCF_014651375.1	1
GCF_014651595.1	1
GCF_014651775.1	1
GCF_014651815.1	1
GCF_014651835.1	1
GCF_014651875.1	2
GCF_014651895.1	3
GCF_014651915.1	2
GCF_014651935.1	1
GCF_014651995.1	1
GCF_014652095.1	2
GCF_014652215.1	1
GCF_014652235.1	3
GCF_014652315.1	2
GCF_014652335.1	2
GCF_014652355.1	1
GCF_014652395.1	2
GCF_014652415.1	2
GCF_014652435.1	1
GCF_014652455.1	1
GCF_014652475.1	2
GCF_014652515.1	1
GCF_014652555.1	1
GCF_014652575.1	1
GCF_014652675.1	1
GCF_014652695.1	1
GCF_014652815.1	2
GCF_014652855.1	1
GCF_014652935.1	1
GCF_014653115.1	2
GCF_014653575.1	1
GCF_014653945.1	1
GCF_014654365.1	1
GCF_014656375.1	1
GCF_014656415.1	1
GCF_014656455.1	2
GCF_014672695.1	2
GCF_014681765.1	1
GCF_014692675.1	3
GCF_014697575.1	1
GCF_014698505.1	1
GCF_014699075.1	5
GCF_014699135.1	1
GCF_014700075.1	1
GCF_014705715.1	1
GCF_014712675.1	2
GCF_014736495.1	2
GCF_014750655.1	1
GCF_014762765.1	1
GCF_014763045.1	1
GCF_014764365.1	3
GCF_014764385.1	1
GCF_014764685.1	1
GCF_014773385.1	2
GCF_014773545.1	1
GCF_014779555.2	1
GCF_014779595.1	2
GCF_014779655.1	1
GCF_014836405.1	1
GCF_014836675.1	2
GCF_014836765.1	1
GCF_014837235.1	2
GCF_014840935.1	1
GCF_014841115.1	3
GCF_014841615.1	2
GCF_014841895.1	1
GCF_014842025.1	1
GCF_014842075.1	1
GCF_014842875.1	2
GCF_014842915.1	1
GCF_014842925.1	1
GCF_014842975.1	1
GCF_014842995.1	1
GCF_014843005.1	2
GCF_014843825.1	3
GCF_014843845.1	2
GCF_014844055.1	1
GCF_014845115.1	2
GCF_014851565.1	1
GCF_014851675.1	1
GCF_014851765.1	1
GCF_014851805.1	1
GCF_014851815.1	1
GCF_014851865.1	1
GCF_014851905.1	1
GCF_014851915.1	1
GCF_014852005.1	1
GCF_014852585.1	1
GCF_014854695.1	1
GCF_014857905.1	1
GCF_014858725.1	1
GCF_014859355.1	1
GCF_014859475.1	2
GCF_014859505.1	2
GCF_014859525.1	1
GCF_014863355.1	1
GCF_014863405.1	1
GCF_014863585.1	1
GCF_014863605.1	1
GCF_014873485.1	3
GCF_014873705.1	2
GCF_014873755.1	2
GCF_014873915.1	1
GCF_014884385.1	1
GCF_014892665.1	1
GCF_014896945.1	1
GCF_014897675.1	2
GCF_014897975.1	1
GCF_014897985.1	1
GCF_014898005.1	1
GCF_014899185.1	1
GCF_014901205.1	1
GCF_014903745.1	1
GCF_014904745.1	2
GCF_014925385.1	2
GCF_014926405.1	1
GCF_014931605.1	1
GCF_015024225.1	1
GCF_015070375.1	1
GCF_015070875.1	1
GCF_015071065.1	3
GCF_015140455.1	1
GCF_015206885.1	1
GCF_015218165.1	3
GCF_015220045.1	1
GCF_015223195.1	4
GCF_015223355.1	1
GCF_015265435.1	1
GCF_015278125.1	1
GCF_015291625.1	4
GCF_015291645.1	4
GCF_015291665.1	5
GCF_015291705.1	6
GCF_015291745.1	4
GCF_015352985.1	2
GCF_015353075.1	1
GCF_015354245.1	2
GCF_015354575.1	1
GCF_015356855.1	1
GCF_015453285.1	2
GCF_015461805.1	1
GCF_015461835.1	1
GCF_015461845.1	1
GCF_015475875.1	2
GCF_015476235.1	2
GCF_015482775.1	1
GCF_015500075.1	3
GCF_015582655.1	1
GCF_015595025.1	1
GCF_015624425.1	4
GCF_015624485.1	2
GCF_015624505.1	6
GCF_015637705.1	1
GCF_015644665.1	1
GCF_015645465.1	1
GCF_015674855.1	1
GCF_015679265.1	2
GCF_015680235.1	1
GCF_015680245.1	1
GCF_015680295.1	1
GCF_015680405.1	1
GCF_015689175.1	1
GCF_015689335.1	3
GCF_015693305.1	1
GCF_015694425.1	1
GCF_015694465.1	1
GCF_015709455.1	2
GCF_015709515.1	2
GCF_015709525.1	1
GCF_015712105.2	1
GCF_015751755.1	1
GCF_015752205.1	3
GCF_015752315.1	1
GCF_015767275.1	3
GCF_015831345.1	3
GCF_015865035.1	2
GCF_015904235.1	1
GCF_015905305.1	1
GCF_015999335.1	1
GCF_016009175.1	1
GCF_016019885.1	1
GCF_016019955.1	1
GCF_016031625.1	6
GCF_016031635.1	6
GCF_016031655.1	5
GCF_016065055.1	1
GCF_016082275.1	3
GCF_016093275.1	2
GCF_016093295.1	2
GCF_016093545.1	1
GCF_016106005.1	4
GCF_016106015.1	3
GCF_016107285.1	2
GCF_016107305.1	2
GCF_016107625.1	1
GCF_016110345.1	1
GCF_016124325.1	2
GCF_016125515.1	1
GCF_016127315.1	2
GCF_016127575.1	6
GCF_016132445.1	1
GCF_016134045.1	1
GCF_016135805.1	1
GCF_016185115.1	3
GCF_016195855.1	4
GCF_016213215.1	4
GCF_016219575.1	4
GCF_016234775.1	3
GCF_016307205.1	1
GCF_016405905.1	2
GCF_016405985.1	1
GCF_016406145.1	1
GCF_016411865.1	3
GCF_016412875.1	1
GCF_016427565.1	1
GCF_016428585.1	1
GCF_016428755.1	2
GCF_016428975.1	2
GCF_016446395.1	1
GCF_016446475.1	3
GCF_016462705.1	1
GCF_016462955.1	3
GCF_016463295.1	1
GCF_016463485.1	1
GCF_016463645.1	2
GCF_016464365.1	2
GCF_016464705.1	1
GCF_016466415.2	4
GCF_016495405.1	1
GCF_016508255.1	2
GCF_016583645.1	3
GCF_016583785.1	1
GCF_016583825.1	2
GCF_016583985.1	1
GCF_016584055.1	1
GCF_016584105.1	2
GCF_016586165.1	3
GCF_016591715.1	2
GCF_016592155.1	1
GCF_016592555.1	1
GCF_016595155.1	2
GCF_016595235.1	2
GCF_016595245.1	2
GCF_016597725.1	1
GCF_016599715.1	2
GCF_016612535.1	6
GCF_016612865.1	1
GCF_016613415.1	5
GCF_016615815.1	1
GCF_016616235.1	3
GCF_016616885.1	6
GCF_016617715.1	2
GCF_016623495.1	3
GCF_016624945.1	2
GCF_016629525.1	2
GCF_016629665.1	1
GCF_016632335.1	1
GCF_016632405.1	2
GCF_016641735.1	1
GCF_016648105.1	1
GCF_016650635.1	1
GCF_016650695.1	1
GCF_016650815.1	2
GCF_016651255.1	1
GCF_016651305.1	1
GCF_016653115.1	1
GCF_016653255.1	2
GCF_016653315.1	1
GCF_016653355.1	2
GCF_016653405.1	1
GCF_016653635.2	4
GCF_016654005.1	1
GCF_016656965.1	1
GCF_016658545.1	1
GCF_016695175.1	2
GCF_016703145.1	2
GCF_016703645.1	4
GCF_016704835.1	2
GCF_016705685.1	2
GCF_016706565.1	3
GCF_016711335.1	1
GCF_016712865.1	2
GCF_016722765.1	2
GCF_016722785.1	3
GCF_016722895.1	2
GCF_016722925.1	1
GCF_016734765.1	4
GCF_016735515.1	4
GCF_016735675.1	2
GCF_016735695.1	6
GCF_016742135.1	1
GCF_016743775.1	3
GCF_016743815.1	2
GCF_016744175.1	1
GCF_016746085.1	2
GCF_016756495.1	3
GCF_016756535.1	4
GCF_016756595.1	2
GCF_016756615.1	2
GCF_016765655.2	5
GCF_016765775.1	1
GCF_016765795.1	1
GCF_016767715.1	1
GCF_016772415.1	2
GCF_016773205.1	3
GCF_016774335.1	3
GCF_016775475.1	4
GCF_016783915.1	2
GCF_016785095.1	1
GCF_016786415.1	2
GCF_016789985.1	1
GCF_016790065.1	2
GCF_016790145.1	4
GCF_016792925.1	1
GCF_016793285.1	1
GCF_016793595.1	1
GCF_016793825.1	1
GCF_016798325.1	1
GCF_016801775.1	1
GCF_016801985.1	1
GCF_016804325.1	2
GCF_016805305.1	2
GCF_016806065.1	3
GCF_016806125.1	2
GCF_016806145.1	2
GCF_016806835.2	5
GCF_016807805.1	3
GCF_016809835.1	2
GCF_016811235.1	2
GCF_016820245.1	1
GCF_016836705.1	3
GCF_016858125.1	2
GCF_016859125.1	1
GCF_016863635.1	1
GCF_016864195.1	3
GCF_016864235.1	4
GCF_016864375.1	8
GCF_016864555.1	1
GCF_016865235.1	1
GCF_016865585.1	2
GCF_016879755.1	1
GCF_016881005.1	1
GCF_016881365.1	2
GCF_016881405.1	4
GCF_016887565.1	2
GCF_016889705.1	1
GCF_016889805.1	1
GCF_016892685.1	1
GCF_016892705.1	1
GCF_016892765.1	3
GCF_016894345.1	2
GCF_016894385.1	6
GCF_016901015.1	1
GCF_016901135.1	2
GCF_016901225.1	1
GCF_016904885.1	1
GCF_016904945.1	1
GCF_016904955.1	1
GCF_016905005.1	2
GCF_016906995.1	1
GCF_016907015.1	1
GCF_016907435.1	2
GCF_016907475.1	1
GCF_016907675.1	3
GCF_016908115.1	2
GCF_016908395.1	1
GCF_016908975.1	1
GCF_016909075.1	1
GCF_016909175.1	1
GCF_016917355.1	1
GCF_016918765.2	1
GCF_016918785.1	2
GCF_016918935.1	1
GCF_016919175.1	2
GCF_016919385.1	1
GCF_016919445.1	1
GCF_016919705.1	3
GCF_016924145.1	1
GCF_016924655.1	1
GCF_016924665.1	1
GCF_016925675.1	1
GCF_016937615.1	1
GCF_016937655.1	2
GCF_017068395.1	1
GCF_017084525.1	1
GCF_017086405.1	1
GCF_017086445.1	1
GCF_017086465.1	2
GCF_017104565.1	4
GCF_017104645.1	1
GCF_017104715.1	7
GCF_017104785.1	5
GCF_017104965.1	4
GCF_017104975.1	5
GCF_017114825.1	1
GCF_017114915.1	2
GCF_017161115.1	2
GCF_017161445.1	1
GCF_017163935.1	2
GCF_017165765.1	1
GCF_017168095.1	1
GCF_017220215.1	3
GCF_017301335.1	1
GCF_017301635.1	1
GCF_017301735.1	1
GCF_017302275.1	2
GCF_017302315.1	4
GCF_017302985.1	1
GCF_017303055.1	1
GCF_017303275.1	1
GCF_017303295.1	2
GCF_017303375.1	1
GCF_017304615.1	1
GCF_017305915.1	1
GCF_017306585.1	2
GCF_017308015.1	1
GCF_017308075.1	2
GCF_017308975.1	2
GCF_017309075.1	1
GCF_017309185.1	3
GCF_017309385.1	2
GCF_017309585.1	4
GCF_017309955.1	2
GCF_017310015.1	1
GCF_017310035.1	2
GCF_017311415.1	1
GCF_017311575.1	3
GCF_017313085.1	1
GCF_017313765.1	1
GCF_017315705.1	6
GCF_017315725.1	3
GCF_017315735.1	2
GCF_017349315.1	1
GCF_017352095.1	1
GCF_017352135.1	1
GCF_017353515.1	1
GCF_017354985.1	1
GCF_017355525.1	1
GCF_017355885.1	3
GCF_017355985.1	4
GCF_017356015.1	1
GCF_017356245.1	2
GCF_017356265.1	3
GCF_017357225.1	1
GCF_017357245.1	2
GCF_017377395.1	1
GCF_017487345.1	1
GCF_017487405.1	1
GCF_017491605.1	1
GCF_017497975.1	1
GCF_017498085.1	1
GCF_017498525.1	2
GCF_017498775.1	2
GCF_017565405.1	2
GCF_017565645.3	9
GCF_017573465.1	2
GCF_017573505.1	3
GCF_017573545.1	2
GCF_017582745.1	1
GCF_017589465.1	2
GCF_017592335.1	1
GCF_017598945.1	3
GCF_017643905.1	1
GCF_017654485.1	2
GCF_017742235.1	2
GCF_017742835.1	3
GCF_017742995.1	1
GCF_017743735.1	1
GCF_017743865.1	1
GCF_017743935.1	1
GCF_017743975.1	1
GCF_017743995.1	1
GCF_017744015.1	1
GCF_017744045.1	1
GCF_017744095.1	1
GCF_017744135.1	1
GCF_017744255.1	1
GCF_017744395.1	3
GCF_017744435.1	2
GCF_017744445.1	1
GCF_017744835.1	2
GCF_017744955.1	2
GCF_017745215.1	2
GCF_017745675.1	1
GCF_017776525.1	1
GCF_017792385.1	1
GCF_017794965.1	2
GCF_017795745.1	2
GCF_017795885.1	1
GCF_017798165.1	4
GCF_017798205.1	1
GCF_017811175.1	1
GCF_017811755.1	1
GCF_017813235.1	1
GCF_017813355.1	3
GCF_017813365.1	2
GCF_017813395.1	2
GCF_017814275.1	1
GCF_017814915.1	3
GCF_017814945.1	7
GCF_017814975.1	8
GCF_017815135.1	1
GCF_017815515.1	1
GCF_017826695.1	1
GCF_017833295.1	1
GCF_017833525.1	4
GCF_017837635.1	1
GCF_017848315.1	1
GCF_017848645.1	1
GCF_017853185.1	1
GCF_017854415.1	1
GCF_017854565.1	1
GCF_017868775.1	1
GCF_017872555.1	1
GCF_017872975.1	1
GCF_017873095.1	1
GCF_017873135.1	1
GCF_017873215.1	1
GCF_017874595.1	4
GCF_017874625.1	1
GCF_017875235.1	1
GCF_017875275.1	3
GCF_017875555.1	2
GCF_017876095.1	1
GCF_017876115.1	2
GCF_017876155.1	2
GCF_017876165.1	3
GCF_017876315.1	2
GCF_017876405.1	1
GCF_017877135.1	2
GCF_017881085.1	1
GCF_017894365.1	2
GCF_017894385.1	2
GCF_017912535.1	2
GCF_017916295.1	1
GCF_017916385.1	1
GCF_017916475.1	2
GCF_017921815.1	1
GCF_017922435.1	1
GCF_017939625.1	1
GCF_017948245.1	1
GCF_017948265.1	4
GCF_017963645.1	2
GCF_017968885.1	1
GCF_017976235.1	1
GCF_017983795.1	3
GCF_017993425.1	2
GCF_017994015.1	1
GCF_017994835.1	3
GCF_017995835.1	3
GCF_017996735.1	2
GCF_018006725.1	1
GCF_018061265.1	1
GCF_018063565.1	2
GCF_018066915.1	1
GCF_018069755.1	1
GCF_018069845.1	2
GCF_018069865.1	2
GCF_018069895.1	2
GCF_018119395.1	2
GCF_018119405.1	2
GCF_018122655.1	1
GCF_018122735.1	2
GCF_018128965.1	4
GCF_018129005.1	6
GCF_018129025.1	4
GCF_018129065.1	6
GCF_018129085.1	3
GCF_018129385.1	7
GCF_018129405.1	7
GCF_018129685.1	5
GCF_018129985.1	3
GCF_018129995.1	4
GCF_018130065.1	5
GCF_018130145.1	7
GCF_018130165.1	8
GCF_018130215.1	6
GCF_018130245.1	6
GCF_018130385.1	5
GCF_018130465.1	5
GCF_018130505.1	5
GCF_018130545.1	4
GCF_018130615.1	4
GCF_018130695.1	3
GCF_018130765.1	5
GCF_018130785.1	6
GCF_018130825.1	5
GCF_018130955.1	6
GCF_018131005.1	5
GCF_018131065.1	9
GCF_018131075.1	5
GCF_018131105.1	4
GCF_018131225.1	4
GCF_018135625.1	2
GCF_018138145.1	1
GCF_018139545.1	1
GCF_018139565.1	1
GCF_018139645.1	2
GCF_018139685.1	1
GCF_018199995.1	2
GCF_018200035.1	1
GCF_018224925.1	2
GCF_018224955.1	1
GCF_018243235.1	5
GCF_018263855.1	2
GCF_018263905.1	1
GCF_018275325.1	1
GCF_018278905.1	1
GCF_018279705.1	1
GCF_018282095.1	2
GCF_018282115.1	1
GCF_018283675.1	1
GCF_018292285.1	2
GCF_018304945.1	4
GCF_018304965.1	4
GCF_018305005.1	4
GCF_018325905.1	1
GCF_018326005.1	1
GCF_018326285.1	1
GCF_018332375.1	3
GCF_018332475.1	3
GCF_018332515.1	3
GCF_018336155.1	1
GCF_018343535.1	1
GCF_018343545.2	1
GCF_018343775.1	1
GCF_018361265.1	1
GCF_018375725.1	4
GCF_018383585.1	4
GCF_018390555.1	2
GCF_018390605.1	1
GCF_018390635.1	2
GCF_018390645.1	1
GCF_018390695.1	3
GCF_018398315.1	2
GCF_018398335.1	2
GCF_018398395.1	1
GCF_018398425.1	1
GCF_018398875.1	3
GCF_018399035.1	1
GCF_018402285.1	1
GCF_018408855.1	5
GCF_018413525.1	1
GCF_018413605.1	3
GCF_018413645.1	3
GCF_018417475.1	2
GCF_018417535.1	6
GCF_018417595.1	1
GCF_018417635.1	1
GCF_018424695.1	1
GCF_018448785.1	3
GCF_018449475.1	1
GCF_018449515.1	2
GCF_018449525.1	2
GCF_018449605.1	1
GCF_018449635.1	1
GCF_018449695.1	3
GCF_018449725.1	1
GCF_018449795.1	1
GCF_018455725.1	2
GCF_018457175.1	1
GCF_018459925.1	2
GCF_018474005.1	3
GCF_018491765.1	2
GCF_018502625.1	1
GCF_018524345.1	1
GCF_018524365.1	4
GCF_018531445.1	1
GCF_018531475.2	2
GCF_018555685.1	1
GCF_018588885.1	2
GCF_018596315.1	7
GCF_018599185.1	1
GCF_018599245.1	1
GCF_018603885.1	1
GCF_018608325.1	1
GCF_018612875.1	1
GCF_018612915.1	1
GCF_018613415.1	1
GCF_018614775.1	1
GCF_018619435.1	2
GCF_018619475.1	1
GCF_018682675.1	2
GCF_018687515.1	1
GCF_018687615.1	1
GCF_018704125.1	1
GCF_018729255.1	6
GCF_018736105.1	2
GCF_018736145.1	1
GCF_018742245.1	3
GCF_018760365.1	2
GCF_018760785.1	1
GCF_018780075.1	3
GCF_018780385.1	4
GCF_018780565.1	3
GCF_018780625.1	1
GCF_018798885.1	1
GCF_018802605.1	1
GCF_018802765.1	2
GCF_018847975.1	1
GCF_018860165.1	1
GCF_018860305.1	1
GCF_018860425.1	1
GCF_018860625.1	1
GCF_018860705.1	1
GCF_018860765.1	1
GCF_018860855.1	2
GCF_018860975.1	1
GCF_018861045.1	1
GCF_018862045.1	1
GCF_018863195.1	1
GCF_018863235.1	1
GCF_018881545.1	1
GCF_018881775.1	1
GCF_018881975.1	1
GCF_018882285.1	1
GCF_018882385.1	1
GCF_018885265.1	1
GCF_018904615.1	3
GCF_018905915.1	2
GCF_018919265.1	1
GCF_018966865.1	3
GCF_018968705.1	1
GCF_018982885.2	1
GCF_018987265.1	1
GCF_019024285.1	1
GCF_019024325.1	1
GCF_019029495.1	2
GCF_019039035.1	1
GCF_019039055.1	3
GCF_019039105.1	1
GCF_019039255.1	1
GCF_019042215.1	1
GCF_019042735.1	1
GCF_019061145.1	1
GCF_019061185.1	1
GCF_019083995.1	4
GCF_019084075.1	6
GCF_019084245.1	1
GCF_019084545.1	1
GCF_019091085.1	2
GCF_019097845.1	1
GCF_019097855.1	1
GCF_019104745.1	1
GCF_019104945.1	1
GCF_019132845.1	2
GCF_019139535.1	1
GCF_019139675.1	1
GCF_019139815.1	1
GCF_019139895.1	1
GCF_019141525.1	1
GCF_019145195.1	1
GCF_019145205.1	1
GCF_019145235.1	1
GCF_019145355.1	1
GCF_019145375.1	2
GCF_019145435.1	1
GCF_019145475.1	1
GCF_019145495.1	1
GCF_019160155.1	1
GCF_019166065.1	1
GCF_019168305.1	1
GCF_019175365.1	2
GCF_019186805.1	3
GCF_019195435.1	2
GCF_019195455.1	1
GCF_019200975.1	1
GCF_019203965.1	1
GCF_019204045.1	1
GCF_019207085.1	2
GCF_019209835.1	3
GCF_019212185.1	1
GCF_019216885.1	3
GCF_019218265.1	1
GCF_019218285.1	1
GCF_019218295.1	1
GCF_019218885.1	2
GCF_019219065.1	2
GCF_019219095.1	3
GCF_019232825.1	4
GCF_019237615.1	3
GCF_019242285.1	5
GCF_019243155.1	1
GCF_019244115.1	7
GCF_019247635.1	1
GCF_019249295.1	1
GCF_019263585.2	1
GCF_019263595.1	2
GCF_019263705.2	1
GCF_019264445.1	4
GCF_019297835.1	2
GCF_019297855.1	1
GCF_019334305.1	1
GCF_019334345.1	1
GCF_019343105.1	2
GCF_019343455.1	2
GCF_019351405.1	1
GCF_019352895.1	2
GCF_019355935.1	2
GCF_019375555.1	1
GCF_019392195.1	1
GCF_019392245.1	1
GCF_019392335.1	1
GCF_019396355.1	1
GCF_019402665.1	5
GCF_019428685.1	4
GCF_019429625.1	1
GCF_019430885.1	7
GCF_019430905.1	1
GCF_019430945.1	1
GCF_019431375.1	1
GCF_019431455.1	2
GCF_019443285.1	1
GCF_019443445.1	3
GCF_019443505.1	3
GCF_019449565.1	6
GCF_019455385.1	4
GCF_019456655.1	2
GCF_019458025.1	1
GCF_019458805.1	1
GCF_019459305.1	1
GCF_019468465.1	1
GCF_019468565.1	1
GCF_019492055.1	1
GCF_019511375.1	1
GCF_019511525.1	1
GCF_019511605.1	2
GCF_019551435.1	1
GCF_019599045.1	1
GCF_019599275.1	1
GCF_019599295.1	1
GCF_019599405.1	1
GCF_019599465.1	3
GCF_019623905.1	3
GCF_019634775.1	1
GCF_019634815.1	2
GCF_019634845.1	2
GCF_019635455.1	1
GCF_019635465.1	3
GCF_019635515.1	1
GCF_019636075.1	1
GCF_019645835.1	2
GCF_019645855.1	1
GCF_019655435.1	1
GCF_019655855.2	1
GCF_019656335.1	1
GCF_019656455.1	3
GCF_019665765.1	4
GCF_019665785.1	3
GCF_019668465.1	1
GCF_019679455.1	2
GCF_019679475.1	1
GCF_019689535.1	1
GCF_019695415.1	1
GCF_019703835.1	2
GCF_019711565.1	1
GCF_019719005.1	1
GCF_019720915.1	1
GCF_019722725.1	1
GCF_019733355.1	1
GCF_019733395.1	1
GCF_019737615.1	1
GCF_019740315.1	2
GCF_019744875.1	2
GCF_019745455.1	2
GCF_019746015.1	1
GCF_019746665.1	2
GCF_019748365.1	1
GCF_019749255.1	1
GCF_019749955.1	2
GCF_019750675.1	2
GCF_019753045.1	3
GCF_019793235.1	2
GCF_019795295.1	3
GCF_019797745.1	1
GCF_019797865.1	1
GCF_019798305.1	1
GCF_019799945.1	3
GCF_019800005.1	3
GCF_019801145.1	1
GCF_019801175.1	1
GCF_019801465.1	2
GCF_019801605.1	1
GCF_019801965.1	1
GCF_019802055.1	2
GCF_019802085.1	1
GCF_019802125.1	2
GCF_019802205.1	1
GCF_019802285.1	1
GCF_019802345.1	3
GCF_019823065.1	1
GCF_019879105.1	1
GCF_019880385.1	2
GCF_019880555.1	1
GCF_019880585.1	1
GCF_019884785.1	2
GCF_019900845.1	1
GCF_019903425.1	1
GCF_019904295.1	1
GCF_019930585.1	1
GCF_019931215.1	1
GCF_019931575.1	1
GCF_019931675.1	1
GCF_019931755.1	1
GCF_019933155.2	1
GCF_019955895.1	2
GCF_019956415.1	2
GCF_019956555.1	1
GCF_019966495.1	3
GCF_019966515.1	1
GCF_019966535.1	1
GCF_019966545.1	2
GCF_019966575.1	1
GCF_019966595.1	2
GCF_019968905.1	1
GCF_019973615.1	3
GCF_019991125.1	1
GCF_020037125.1	2
GCF_020037475.1	1
GCF_020042665.1	1
GCF_020055635.1	1
GCF_020055675.1	1
GCF_020073815.1	1
GCF_020075495.1	2
GCF_020089865.1	3
GCF_020092905.1	1
GCF_020102855.1	1
GCF_020103695.1	1
GCF_020103725.1	1
GCF_020131355.1	2
GCF_020141465.1	1
GCF_020148005.1	1
GCF_020151015.1	1
GCF_020162115.1	2
GCF_020164435.1	1
GCF_020164455.1	1
GCF_020164475.1	1
GCF_020164745.1	4
GCF_020164955.1	2
GCF_020165195.1	3
GCF_020165495.1	1
GCF_020165855.1	1
GCF_020166105.1	2
GCF_020171315.1	1
GCF_020171625.1	1
GCF_020171945.1	1
GCF_020172085.1	1
GCF_020172685.2	1
GCF_020176715.1	1
GCF_020177055.1	1
GCF_020177265.1	1
GCF_020177335.1	1
GCF_020177575.1	1
GCF_020177595.1	1
GCF_020179405.1	1
GCF_020179475.1	1
GCF_020179755.1	3
GCF_020181635.2	1
GCF_020194175.1	6
GCF_020217485.1	1
GCF_020245945.1	1
GCF_020252395.1	1
GCF_020252405.1	1
GCF_020253525.1	1
GCF_020320395.1	1
GCF_020329435.1	4
GCF_020329485.1	4
GCF_020329495.1	6
GCF_020329505.1	2
GCF_020387415.1	3
GCF_020404405.1	1
GCF_020405205.1	1
GCF_020405225.1	1
GCF_020442045.1	2
GCF_020447205.1	1
GCF_020447305.1	1
GCF_020510425.1	2
GCF_020510445.1	3
GCF_020510525.1	1
GCF_020510565.1	3
GCF_020510585.1	4
GCF_020510625.1	2
GCF_020510665.1	3
GCF_020510685.1	3
GCF_020510705.1	2
GCF_020511115.1	1
GCF_020515625.1	1
GCF_020519665.1	2
GCF_020520285.1	1
GCF_020523605.1	6
GCF_020523795.1	3
GCF_020523825.1	3
GCF_020524045.1	1
GCF_020524285.1	1
GCF_020524325.1	1
GCF_020524345.1	1
GCF_020524485.1	2
GCF_020524585.1	1
GCF_020529025.1	1
GCF_020531905.1	2
GCF_020531945.1	1
GCF_020531965.1	1
GCF_020532555.1	2
GCF_020535245.1	1
GCF_020539505.1	1
GCF_020539525.1	1
GCF_020544405.1	1
GCF_020544465.1	2
GCF_020567525.1	1
GCF_020567705.1	2
GCF_020594515.1	2
GCF_020595095.1	1
GCF_020615385.1	1
GCF_020616155.1	3
GCF_020616515.1	3
GCF_020618415.1	5
GCF_020618775.1	2
GCF_020621385.1	2
GCF_020622265.1	4
GCF_020622345.1	1
GCF_020627745.1	1
GCF_020630935.1	1
GCF_020662345.1	2
GCF_020667835.1	1
GCF_020667845.1	1
GCF_020667895.1	1
GCF_020687695.1	2
GCF_020707215.1	2
GCF_020707265.1	2
GCF_020708045.1	1
GCF_020731415.2	1
GCF_020782245.1	1
GCF_020831365.1	3
GCF_020831405.1	3
GCF_020852195.1	1
GCF_020857975.1	1
GCF_020858115.1	3
GCF_020866845.1	2
GCF_020866965.1	1
GCF_020880815.1	4
GCF_020880995.1	3
GCF_020881035.1	3
GCF_020883455.1	2
GCF_020883495.1	1
GCF_020889685.1	5
GCF_020889705.1	6
GCF_020889785.1	5
GCF_020985305.1	1
GCF_020990385.1	2
GCF_020991065.1	1
GCF_020991085.1	3
GCF_020991325.1	2
GCF_021018765.1	1
GCF_021021435.1	1
GCF_021026195.1	2
GCF_021026295.1	1
GCF_021026315.1	1
GCF_021026335.1	1
GCF_021028955.1	2
GCF_021029445.1	1
GCF_021043375.1	1
GCF_021044685.1	3
GCF_021049305.1	3
GCF_021083185.1	2
GCF_021088345.1	3
GCF_021117275.1	2
GCF_021117295.1	2
GCF_021117365.1	1
GCF_021117385.1	1
GCF_021117405.1	1
GCF_021129175.1	3
GCF_021129195.1	2
GCF_021147775.1	1
GCF_021147825.1	1
GCF_021165955.1	3
GCF_021166585.1	1
GCF_021166635.1	1
GCF_021172045.1	1
GCF_021173085.1	4
GCF_021184025.1	1
GCF_021191595.1	2
GCF_021191695.1	2
GCF_021227995.1	2
GCF_021233355.1	2
GCF_021234875.1	1
GCF_021266465.1	2
GCF_021271205.1	1
GCF_021272185.1	1
GCF_021283305.1	1
GCF_021283545.2	1
GCF_021284765.1	1
GCF_021287045.1	1
GCF_021287135.1	3
GCF_021290925.1	1
GCF_021295315.1	1
GCF_021295345.1	1
GCF_021325795.1	1
GCF_021341665.1	2
GCF_021343995.1	2
GCF_021344005.1	7
GCF_021352225.1	2
GCF_021353235.1	4
GCF_021353265.1	4
GCF_021375795.1	1
GCF_021379005.1	2
GCF_021390155.1	1
GCF_021390245.1	2
GCF_021390325.1	1
GCF_021390435.2	1
GCF_021390495.1	3
GCF_021390575.1	4
GCF_021390595.1	6
GCF_021390635.1	8
GCF_021390645.1	10
GCF_021390675.1	1
GCF_021391395.1	2
GCF_021391495.1	2
GCF_021398735.1	1
GCF_021401125.1	3
GCF_021401135.1	2
GCF_021401245.1	2
GCF_021403115.1	1
GCF_021404305.1	1
GCF_021404405.1	2
GCF_021404465.1	1
GCF_021404545.1	3
GCF_021412585.1	2
GCF_021432065.1	2
GCF_021441885.1	2
GCF_021458635.1	6
GCF_021483755.1	5
GCF_021491355.1	2
GCF_021491915.1	2
GCF_021495345.1	1
GCF_021502575.1	3
GCF_021502585.1	1
GCF_021513175.1	1
GCF_021530565.1	1
GCF_021532615.1	1
GCF_021532625.1	1
GCF_021545785.1	1
GCF_021545845.1	2
GCF_021556395.1	3
GCF_021556475.1	1
GCF_021556615.1	1
GCF_021560175.1	1
GCF_021568905.1	1
GCF_021601385.1	1
GCF_021601625.1	1
GCF_021602025.1	1
GCF_021602155.1	1
GCF_021602345.1	1
GCF_021602585.1	1
GCF_021603585.1	1
GCF_021603645.1	1
GCF_021604585.1	1
GCF_021631985.1	1
GCF_021648825.1	2
GCF_021648885.1	2
GCF_021653975.1	2
GCF_021653995.1	2
GCF_021654135.1	2
GCF_021654165.1	1
GCF_021654285.1	1
GCF_021654575.1	1
GCF_021698975.1	2
GCF_021699055.1	2
GCF_021725675.1	2
GCF_021728395.1	1
GCF_021729845.1	2
GCF_021729865.1	3
GCF_021730435.1	3
GCF_021730615.1	2
GCF_021731785.1	2
GCF_021735925.1	1
GCF_021735935.1	1
GCF_021738805.1	1
GCF_021738965.1	1
GCF_021768455.1	3
GCF_021852965.1	1
GCF_021864505.1	3
GCF_021991875.1	1
GCF_021991925.1	1
GCF_022009635.1	2
GCF_022012295.1	6
GCF_022012305.1	3
GCF_022012445.1	2
GCF_022012485.1	8
GCF_022014495.1	2
GCF_022023855.1	3
GCF_022024275.1	1
GCF_022049065.2	1
GCF_022059845.1	2
GCF_022095615.2	3
GCF_022096995.1	1
GCF_022129445.1	2
GCF_022132145.1	1
GCF_022138605.1	4
GCF_022170785.1	1
GCF_022179065.1	1
GCF_022179085.1	1
GCF_022179125.1	1
GCF_022179185.1	3
GCF_022179225.1	1
GCF_022179245.1	3
GCF_022179285.1	5
GCF_022179305.1	2
GCF_022179325.1	5
GCF_022179345.1	3
GCF_022179385.1	5
GCF_022179445.1	2
GCF_022179465.1	2
GCF_022179525.1	2
GCF_022179645.1	1
GCF_022179685.1	1
GCF_022179725.1	2
GCF_022179745.1	3
GCF_022179765.1	3
GCF_022179805.1	6
GCF_022213065.1	6
GCF_022227785.1	1
GCF_022267325.1	1
GCF_022271405.1	1
GCF_022321465.1	1
GCF_022341425.1	1
GCF_022343555.1	1
GCF_022346925.1	1
GCF_022347545.1	1
GCF_022347565.1	2
GCF_022347685.1	1
GCF_022347725.1	1
GCF_022347765.1	1
GCF_022347785.1	1
GCF_022348085.1	1
GCF_022348165.1	2
GCF_022348185.1	1
GCF_022370635.2	1
GCF_022370755.2	2
GCF_022374895.2	1
GCF_022394535.1	2
GCF_022405695.1	1
GCF_022406875.1	1
GCF_022419185.1	1
GCF_022436705.1	1
GCF_022449185.1	2
GCF_022487945.1	3
GCF_022489065.1	1
GCF_022524485.1	2
GCF_022533585.1	1
GCF_022539275.1	1
GCF_022539405.1	1
GCF_022549225.1	4
GCF_022549355.1	2
GCF_022549495.1	2
GCF_022557175.1	1
GCF_022559625.1	2
GCF_022565665.1	1
GCF_022568775.1	1
GCF_022568815.1	3
GCF_022601675.1	2
GCF_022601685.1	2
GCF_022601735.1	1
GCF_022601895.1	2
GCF_022603395.1	1
GCF_022637415.1	1
GCF_022646885.1	1
GCF_022654015.1	1
GCF_022662305.1	2
GCF_022662375.1	1
GCF_022662475.1	1
GCF_022662495.1	1
GCF_022662575.1	1
GCF_022663115.1	2
GCF_022663535.1	2
GCF_022664395.1	2
GCF_022664435.1	2
GCF_022664465.1	2
GCF_022664535.1	1
GCF_022678485.1	1
GCF_022678645.1	4
GCF_022682305.1	1
GCF_022695515.1	1
GCF_022701295.1	1
GCF_022750545.1	1
GCF_022750635.1	1
GCF_022758885.1	1
GCF_022760755.1	4
GCF_022760965.1	3
GCF_022760995.1	2
GCF_022761115.1	2
GCF_022761125.1	2
GCF_022763245.1	1
GCF_022763305.1	1
GCF_022763345.1	2
GCF_022763525.1	1
GCF_022788655.1	1
GCF_022788695.1	2
GCF_022788715.1	1
GCF_022790535.1	1
GCF_022807995.1	1
GCF_022808595.1	1
GCF_022808855.1	3
GCF_022809125.1	4
GCF_022809715.1	6
GCF_022811525.1	1
GCF_022811845.1	2
GCF_022811925.1	1
GCF_022814865.1	2
GCF_022818885.1	2
GCF_022825805.1	1
GCF_022829285.1	1
GCF_022829295.1	2
GCF_022829345.1	2
GCF_022829365.1	3
GCF_022829385.1	4
GCF_022829405.1	2
GCF_022829445.1	2
GCF_022829515.1	2
GCF_022829545.1	2
GCF_022829585.1	2
GCF_022829605.1	2
GCF_022829635.1	2
GCF_022829685.1	2
GCF_022829725.1	2
GCF_022832375.1	2
GCF_022832385.1	1
GCF_022832435.1	2
GCF_022835695.1	5
GCF_022836495.1	1
GCF_022836805.1	1
GCF_022836935.1	2
GCF_022842145.1	1
GCF_022842375.1	1
GCF_022843985.1	1
GCF_022844385.1	3
GCF_022844445.1	1
GCF_022844465.1	2
GCF_022846615.1	5
GCF_022865125.1	2
GCF_022867865.1	1
GCF_022869805.1	2
GCF_022878925.1	1
GCF_022879575.1	2
GCF_022879595.1	4
GCF_022899355.1	1
GCF_022919075.1	1
GCF_022952855.1	1
GCF_022965755.1	2
GCF_022968135.1	2
GCF_023008405.1	3
GCF_023008545.1	1
GCF_023015625.1	1
GCF_023015695.1	1
GCF_023015885.1	1
GCF_023015985.1	1
GCF_023016005.1	1
GCF_023016045.1	1
GCF_023016085.1	1
GCF_023016115.1	2
GCF_023016155.1	1
GCF_023016265.1	2
GCF_023016525.1	2
GCF_023016805.1	2
GCF_023022965.1	1
GCF_023023025.1	2
GCF_023028225.1	2
GCF_023028345.1	2
GCF_023051175.1	1
GCF_023051225.1	2
GCF_023072615.1	2
GCF_023073315.1	7
GCF_023073335.1	4
GCF_023073355.1	4
GCF_023073415.1	5
GCF_023073715.1	3
GCF_023073915.1	4
GCF_023074035.1	4
GCF_023074055.1	7
GCF_023074075.1	3
GCF_023074175.1	3
GCF_023074185.1	4
GCF_023074835.1	1
GCF_023078335.1	2
GCF_023078375.1	3
GCF_023078455.1	1
GCF_023078475.1	1
GCF_023078495.1	1
GCF_023094245.1	1
GCF_023100845.1	1
GCF_023100905.1	3
GCF_023100945.1	5
GCF_023101085.1	5
GCF_023101665.1	9
GCF_023101685.1	4
GCF_023115355.1	1
GCF_023115465.1	1
GCF_023147505.1	1
GCF_023150065.1	4
GCF_023151555.2	2
GCF_023156285.1	2
GCF_023156385.1	1
GCF_023156505.1	2
GCF_023168165.1	1
GCF_023169945.1	1
GCF_023195515.1	2
GCF_023195535.1	1
GCF_023195695.1	1
GCF_023195885.1	1
GCF_023197165.1	2
GCF_023208195.1	1
GCF_023218075.1	1
GCF_023223525.1	5
GCF_023228465.1	1
GCF_023231945.1	4
GCF_023241715.1	2
GCF_023242315.1	2
GCF_023242365.1	1
GCF_023242475.1	1
GCF_023243115.1	3
GCF_023266035.1	1
GCF_023266355.1	3
GCF_023266535.1	1
GCF_023266575.1	1
GCF_023277925.1	1
GCF_023278085.1	1
GCF_023278185.1	5
GCF_023330685.1	1
GCF_023336755.1	1
GCF_023349125.1	1
GCF_023370775.1	1
GCF_023375815.1	1
GCF_023487995.1	3
GCF_023499985.1	1
GCF_023502145.1	1
GCF_023502395.1	1
GCF_023503965.1	1
GCF_023507705.1	1
GCF_023507745.1	1
GCF_023509015.1	1
GCF_023516505.1	1
GCF_023516555.1	1
GCF_023516575.1	1
GCF_023518235.1	1
GCF_023546765.1	3
GCF_023554255.2	1
GCF_023554635.1	1
GCF_023554995.1	2
GCF_023555055.1	2
GCF_023555415.1	1
GCF_023566055.1	1
GCF_023571765.1	3
GCF_023573145.1	3
GCF_023612095.1	1
GCF_023612255.1	1
GCF_023617245.1	1
GCF_023618015.1	5
GCF_023630705.1	3
GCF_023631325.1	4
GCF_023634765.1	1
GCF_023634805.2	1
GCF_023650515.1	1
GCF_023657445.1	1
GCF_023657595.1	1
GCF_023674425.1	1
GCF_023698535.1	2
GCF_023699475.1	1
GCF_023700005.1	1
GCF_023700745.1	1
GCF_023700755.1	1
GCF_023701345.1	2
GCF_023701945.1	1
GCF_023702225.1	1
GCF_023702675.1	1
GCF_023702715.1	1
GCF_023703375.1	1
GCF_023703445.1	3
GCF_023703775.1	2
GCF_023703795.1	1
GCF_023712105.1	1
GCF_023715105.1	3
GCF_023715205.1	1
GCF_023715225.1	1
GCF_023715565.1	1
GCF_023715645.1	1
GCF_023715685.1	1
GCF_023715785.1	1
GCF_023716565.1	1
GCF_023721795.1	1
GCF_023721835.1	3
GCF_023734135.1	3
GCF_023736155.1	1
GCF_023746615.1	3
GCF_023757625.1	1
GCF_023806085.1	1
GCF_023806565.1	1
GCF_023806625.1	2
GCF_023822045.1	2
GCF_023822065.1	1
GCF_023823685.1	1
GCF_023824195.1	1
GCF_023824315.1	2
GCF_023895975.1	1
GCF_023898865.1	3
GCF_023910625.1	2
GCF_023913515.1	1
GCF_023913775.1	4
GCF_023920225.1	1
GCF_023920705.1	2
GCF_023921225.1	3
GCF_023935105.1	2
GCF_023953935.1	1
GCF_023953965.1	2
GCF_023954335.1	1
GCF_023955645.1	4
GCF_023955655.1	4
GCF_024055665.1	3
GCF_024055895.1	1
GCF_024105635.1	1
GCF_024105735.1	1
GCF_024112395.2	1
GCF_024124545.1	1
GCF_024124665.1	1
GCF_024124765.2	1
GCF_024127895.1	1
GCF_024128855.1	1
GCF_024138395.1	1
GCF_024138675.1	1
GCF_024158035.1	1
GCF_024158145.1	1
GCF_024158715.1	1
GCF_024158925.1	4
GCF_024159025.1	1
GCF_024168485.1	1
GCF_024168645.1	1
GCF_024169245.1	1
GCF_024169315.1	1
GCF_024169545.1	2
GCF_024169925.1	2
GCF_024170005.1	2
GCF_024170165.1	1
GCF_024170285.1	3
GCF_024171465.1	3
GCF_024171925.1	1
GCF_024178315.1	2
GCF_024181725.1	2
GCF_024198175.1	1
GCF_024198215.1	1
GCF_024198255.1	1
GCF_024199795.1	8
GCF_024199845.1	7
GCF_024199925.1	7
GCF_024199985.1	1
GCF_024206475.1	9
GCF_024206495.1	6
GCF_024207115.1	3
GCF_024220175.1	2
GCF_024227435.1	1
GCF_024227715.1	1
GCF_024228315.1	1
GCF_024228675.1	1
GCF_024231755.1	1
GCF_024231975.1	3
GCF_024235615.1	2
GCF_024235695.1	1
GCF_024235715.1	1
GCF_024266705.1	1
GCF_024267675.1	1
GCF_024273235.1	1
GCF_024281035.1	4
GCF_024294785.1	1
GCF_024294805.1	1
GCF_024296685.1	1
GCF_024296925.1	1
GCF_024297145.1	1
GCF_024298825.1	1
GCF_024298885.1	2
GCF_024298905.1	1
GCF_024298925.1	1
GCF_024331145.1	1
GCF_024346675.1	1
GCF_024346715.1	1
GCF_024347135.1	1
GCF_024347475.1	1
GCF_024347515.1	1
GCF_024349685.1	2
GCF_024349785.1	3
GCF_024355225.1	2
GCF_024357955.1	2
GCF_024359525.1	1
GCF_024359545.1	1
GCF_024362405.1	1
GCF_024362785.1	2
GCF_024363255.1	2
GCF_024380015.1	1
GCF_024385575.1	1
GCF_024397895.1	1
GCF_024397915.1	1
GCF_024397975.1	1
GCF_024400215.1	2
GCF_024436375.1	1
GCF_024437655.1	2
GCF_024437665.1	2
GCF_024437735.1	1
GCF_024437745.1	1
GCF_024448135.1	1
GCF_024449025.1	1
GCF_024494385.1	1
GCF_024496245.1	1
GCF_024498175.1	1
GCF_024499815.1	1
GCF_024505085.1	2
GCF_024508355.1	1
GCF_024508665.1	2
GCF_024508875.1	2
GCF_024509035.1	1
GCF_024509055.1	3
GCF_024518835.1	2
GCF_024519465.1	1
GCF_024519675.1	2
GCF_024519725.1	4
GCF_024580145.1	1
GCF_024580155.1	1
GCF_024582815.1	1
GCF_024583055.1	1
GCF_024585165.1	3
GCF_024585265.1	7
GCF_024586915.1	3
GCF_024594815.1	1
GCF_024609805.1	1
GCF_024621935.1	1
GCF_024623725.1	2
GCF_024623785.1	1
GCF_024628725.1	1
GCF_024628865.1	1
GCF_024637375.1	1
GCF_024639605.1	1
GCF_024642085.1	1
GCF_024655635.1	1
GCF_024666525.1	1
GCF_024666565.1	2
GCF_024666595.1	1
GCF_024666615.1	4
GCF_024699925.1	1
GCF_024700055.1	2
GCF_024701975.1	2
GCF_024703995.1	2
GCF_024704365.1	1
GCF_024707525.1	1
GCF_024707545.1	2
GCF_024721115.1	1
GCF_024723735.1	1
GCF_024730785.1	1
GCF_024733015.1	1
GCF_024733565.1	1
GCF_024734665.1	2
GCF_024741815.1	3
GCF_024746795.1	2
GCF_024746815.1	3
GCF_024746835.1	2
GCF_024748615.1	1
GCF_024748695.1	2
GCF_024749045.1	1
GCF_024749165.1	1
GCF_024749285.1	1
GCF_024752335.1	2
GCF_024753145.1	3
GCF_024753205.1	1
GCF_024753215.1	2
GCF_024753255.1	2
GCF_024753285.1	3
GCF_024756255.1	2
GCF_024758505.1	9
GCF_024758705.1	2
GCF_024758725.1	2
GCF_024790395.1	1
GCF_024802625.1	1
GCF_024807945.1	1
GCF_024808875.1	1
GCF_024809425.1	1
GCF_024809975.1	2
GCF_024810105.1	1
GCF_024925465.1	4
GCF_025133575.1	1
GCF_025136295.1	1
GCF_025140835.1	1
GCF_025141175.1	1
GCF_025141935.1	1
GCF_025143825.1	1
GCF_025143985.1	1
GCF_025144145.1	1
GCF_025144335.1	1
GCF_025144465.1	1
GCF_025152745.1	1
GCF_025153455.1	1
GCF_025153475.1	2
GCF_025165815.1	1
GCF_025175675.1	2
GCF_025195095.1	1
GCF_025200925.1	8
GCF_025209975.1	1
GCF_025210435.1	1
GCF_025231485.1	1
GCF_025231525.1	2
GCF_025244705.1	1
GCF_025263485.1	2
GCF_025290835.2	1
GCF_025309455.1	2
GCF_025318105.1	1
GCF_025331195.1	1
GCF_025336485.1	2
GCF_025340265.1	1
GCF_025345565.1	1
GCF_025351285.1	1
GCF_025351295.1	3
GCF_025353885.1	1
GCF_025354435.1	3
GCF_025354735.1	3
GCF_025356345.1	1
GCF_025356595.1	3
GCF_025363195.1	1
GCF_025370105.1	1
GCF_025371035.1	1
GCF_025376885.1	1
GCF_025380365.1	1
GCF_025397885.1	1
GCF_025397915.1	1
GCF_025398035.1	1
GCF_025398155.2	3
GCF_025398175.1	2
GCF_025399835.1	2
GCF_025421555.1	1
GCF_025447595.1	1
GCF_025452195.1	1
GCF_025460805.1	5
GCF_025464955.1	2
GCF_025465255.1	3
GCF_025465945.1	2
GCF_025465995.1	1
GCF_025466085.1	2
GCF_025486315.1	1
GCF_025499465.1	3
GCF_025515305.1	1
GCF_025517485.1	1
GCF_025517535.1	1
GCF_025532125.1	1
GCF_025532145.1	1
GCF_025548535.1	2
GCF_025548555.1	1
GCF_025629245.1	1
GCF_025639885.1	1
GCF_025642115.1	2
GCF_025642255.1	1
GCF_025643255.1	1
GCF_025673445.1	1
GCF_025673475.1	1
GCF_025697965.1	1
GCF_025699295.1	4
GCF_025699485.1	2
GCF_025706525.1	1
GCF_025716945.1	2
GCF_025717065.2	2
GCF_025717515.1	3
GCF_025717535.1	3
GCF_025717555.1	5
GCF_025717675.1	2
GCF_025725645.1	1
GCF_025725665.1	1
GCF_025725685.1	1
GCF_025751495.1	1
GCF_025751515.1	1
GCF_025751535.1	1
GCF_025751555.1	1
GCF_025753795.1	4
GCF_025753855.1	1
GCF_025755255.1	2
GCF_025791835.3	2
GCF_025813715.1	2
GCF_025822405.1	1
GCF_025822765.1	1
GCF_025823255.1	2
GCF_025836975.1	2
GCF_025837155.1	1
GCF_025846855.2	1
GCF_025847205.2	1
GCF_025857195.1	1
GCF_025869345.1	1
GCF_025869515.1	1
GCF_025905425.1	1
GCF_025905485.1	1
GCF_025917275.1	1
GCF_025917315.1	1
GCF_025917685.1	3
GCF_025933915.1	1
GCF_025938155.1	1
GCF_025941625.1	1
GCF_025949695.1	2
GCF_025960285.1	2
GCF_025961225.1	3
GCF_025961475.1	1
GCF_025961575.1	4
GCF_025961835.1	1
GCF_025963285.1	1
GCF_025964975.1	1
GCF_025965125.1	1
GCF_025965415.1	2
GCF_025965585.1	1
GCF_025965855.1	1
GCF_025965975.1	1
GCF_025989185.1	5
GCF_025993755.1	1
GCF_025994355.1	1
GCF_025994435.1	1
GCF_026011715.1	1
GCF_026013415.1	1
GCF_026013525.1	1
GCF_026013905.1	4
GCF_026015985.1	2
GCF_026016325.1	1
GCF_026016445.1	1
GCF_026016465.1	1
GCF_026017845.1	2
GCF_026020075.1	2
GCF_026072635.1	1
GCF_026104355.1	1
GCF_026105875.2	1
GCF_026107375.2	1
GCF_026125785.1	4
GCF_026125825.1	4
GCF_026127385.1	2
GCF_026130545.1	2
GCF_026130605.1	1
GCF_026153205.1	4
GCF_026155325.1	1
GCF_026162365.1	1
GCF_026162425.1	1
GCF_026162625.1	1
GCF_026167525.1	1
GCF_026167545.1	1
GCF_026183895.1	2
GCF_026191115.1	4
GCF_026191185.1	5
GCF_026191355.1	6
GCF_026191635.1	3
GCF_026191725.2	3
GCF_026191915.1	1
GCF_026224925.1	1
GCF_026225065.1	3
GCF_026240905.1	1
GCF_026240945.1	1
GCF_026241155.1	5
GCF_026241895.1	1
GCF_026261605.1	5
GCF_026262685.1	1
GCF_026283945.1	4
GCF_026283955.1	4
GCF_026283965.1	5
GCF_026337845.1	1
GCF_026343855.1	2
GCF_026343945.1	2
GCF_026343955.1	2
GCF_026344005.1	2
GCF_026344035.1	2
GCF_026344135.1	2
GCF_026344175.1	2
GCF_026410085.1	1
GCF_026410285.1	1
GCF_026410305.1	1
GCF_026410505.1	1
GCF_026410925.1	1
GCF_026420865.1	2
GCF_026421305.1	3
GCF_026427355.1	1
GCF_026427595.1	2
GCF_026427715.1	2
GCF_026460985.1	1
GCF_026586625.1	1
GCF_026586665.1	1
GCF_026586805.1	1
GCF_026616195.1	2
GCF_026619415.1	1
GCF_026619435.1	1
GCF_026625125.1	1
GCF_026625645.1	1
GCF_026625725.1	1
GCF_026625745.1	1
GCF_026625805.1	1
GCF_026625825.1	1
GCF_026625885.1	4
GCF_026625985.1	1
GCF_026626635.1	2
GCF_026626665.1	3
GCF_026626705.1	1
GCF_026626745.1	2
GCF_026626885.1	2
GCF_026672375.1	1
GCF_026672425.1	1
GCF_026672545.1	1
GCF_026686735.1	1
GCF_026712185.1	1
GCF_026712205.1	3
GCF_026712245.1	3
GCF_026723825.1	1
GCF_026723865.1	1
GCF_026790145.1	1
GCF_026891095.1	1
GCF_026898135.2	1
GCF_026898155.1	1
GCF_026913015.1	2
GCF_026965535.1	1
GCF_026965555.1	3
GCF_026967805.1	2
GCF_026967935.1	1
GCF_027019125.1	1
GCF_027105055.1	2
GCF_027105095.1	1
GCF_027213945.1	1
GCF_027214025.1	2
GCF_027214045.1	2
GCF_027214245.1	1
GCF_027257175.1	2
GCF_027257875.1	5
GCF_027257935.1	1
GCF_027270735.1	1
GCF_027271155.1	1
GCF_027286325.1	2
GCF_027307225.1	2
GCF_027352905.1	1
GCF_027359675.1	1
GCF_027451485.1	1
GCF_027474405.1	1
GCF_027484365.1	1
GCF_027484505.1	1
GCF_027486195.1	1
GCF_027489515.1	1
GCF_027492855.1	3
GCF_027532025.1	1
GCF_027532185.1	3
GCF_027532945.1	1
GCF_027563465.1	3
GCF_027571405.1	2
GCF_027594505.1	1
GCF_027594865.1	4
GCF_027625475.1	1
GCF_027812955.1	1
GCF_027856955.1	3
GCF_027886425.1	1
GCF_027889715.1	1
GCF_027912455.1	1
GCF_027912495.1	1
GCF_027912515.1	1
GCF_027912535.1	1
GCF_027912675.1	1
GCF_027912835.1	1
GCF_027913035.1	1
GCF_027913215.1	1
GCF_027920805.1	1
GCF_027922145.1	1
GCF_027922245.1	2
GCF_027922365.1	1
GCF_027922425.1	1
GCF_027923385.1	2
GCF_027923555.1	1
GCF_027923905.1	1
GCF_027924605.1	3
GCF_027924905.1	1
GCF_027924965.1	1
GCF_027925025.1	1
GCF_027925205.1	3
GCF_027925305.1	1
GCF_027925385.1	2
GCF_027925445.1	3
GCF_027941835.1	1
GCF_027941915.1	2
GCF_027941955.1	1
GCF_027944005.1	1
GCF_027944115.1	1
GCF_027988105.1	2
GCF_028010285.1	1
GCF_028023555.1	1
GCF_028023675.1	1
GCF_028023875.1	2
GCF_028066395.1	1
GCF_028069655.1	2
GCF_028128765.1	4
GCF_028128955.1	7
GCF_028274965.1	1
GCF_028275055.1	1
GCF_028275115.1	1
GCF_028279465.1	1
GCF_028281305.1	3
GCF_028283785.1	3
GCF_028289705.1	3
GCF_028290105.1	2
GCF_028290495.1	1
GCF_028290785.1	2
GCF_028290885.1	3
GCF_028291745.1	3
GCF_028292365.1	2
GCF_028292705.1	3
GCF_028292805.1	1
GCF_028292945.1	1
GCF_028292965.1	1
GCF_028293085.1	1
GCF_028293835.1	1
GCF_028294535.1	1
GCF_028331445.1	1
GCF_028368855.1	1
GCF_028368935.1	2
GCF_028368975.1	1
GCF_028368995.1	1
GCF_028369055.1	1
GCF_028369065.1	1
GCF_028369095.1	3
GCF_028369105.1	1
GCF_028369135.1	3
GCF_028401955.1	2
GCF_028416635.1	1
GCF_028421645.1	1
GCF_028435265.1	1
GCF_028462495.1	5
GCF_028471945.1	2
GCF_028473605.1	2
GCF_028473645.1	2
GCF_028548395.1	2
GCF_028548455.1	3
GCF_028548475.1	1
GCF_028550395.1	1
GCF_028550415.1	1
GCF_028550435.1	1
GCF_028550595.1	2
GCF_028551255.1	1
GCF_028551275.1	2
GCF_028553725.1	1
GCF_028553745.1	1
GCF_028553765.1	2
GCF_028553785.1	1
GCF_028553805.1	1
GCF_028553885.1	1
GCF_028583545.1	2
GCF_028595265.1	1
GCF_028595305.1	3
GCF_028595325.1	3
GCF_028595345.1	5
GCF_028607085.1	1
GCF_028607105.1	1
GCF_028610705.1	1
GCF_028621715.1	2
GCF_028621895.1	2
GCF_028649395.1	1
GCF_028649435.1	3
GCF_028649475.1	4
GCF_028656975.1	1
GCF_028656995.1	1
GCF_028657055.1	1
GCF_028657115.1	1
GCF_028657905.1	5
GCF_028657945.1	1
GCF_028680575.1	3
GCF_028682175.1	1
GCF_028682395.1	1
GCF_028682455.1	1
GCF_028682475.1	2
GCF_028683095.1	4
GCF_028683135.1	4
GCF_028686475.1	1
GCF_028687635.1	2
GCF_028687955.1	2
GCF_028688795.1	3
GCF_028688855.1	2
GCF_028689295.1	1
GCF_028689305.1	1
GCF_028689755.1	3
GCF_028689785.1	4
GCF_028693495.1	3
GCF_028698005.1	1
GCF_028714215.1	2
GCF_028715765.1	1
GCF_028736195.1	1
GCF_028737205.1	1
GCF_028737255.1	1
GCF_028737265.1	1
GCF_028737315.1	1
GCF_028745735.1	1
GCF_028748065.1	1
GCF_028752115.1	1
GCF_028802875.1	1
GCF_028822885.1	1
GCF_028823535.1	1
GCF_028830055.1	1
GCF_028863665.1	3
GCF_028864255.1	4
GCF_028868675.1	3
GCF_028898945.1	1
GCF_028993615.1	3
GCF_028994275.1	1
GCF_029017505.1	2
GCF_029024105.1	1
GCF_029026145.1	6
GCF_029027965.1	2
GCF_029028005.1	1
GCF_029028125.1	5
GCF_029030725.1	1
GCF_029051645.1	6
GCF_029051685.1	6
GCF_029051725.1	3
GCF_029076845.1	1
GCF_029081005.1	1
GCF_029087225.1	2
GCF_029094545.1	1
GCF_029105185.1	1
GCF_029167105.1	7
GCF_029167165.1	1
GCF_029167225.1	1
GCF_029168315.1	1
GCF_029168335.1	1
GCF_029193575.1	1
GCF_029203285.1	1
GCF_029207565.1	1
GCF_029210365.1	1
GCF_029210375.1	1
GCF_029210485.1	2
GCF_029210495.1	1
GCF_029211125.1	2
GCF_029211145.1	1
GCF_029211265.1	2
GCF_029212375.1	1
GCF_029212575.1	1
GCF_029212645.1	1
GCF_029212905.1	1
GCF_029222685.1	1
GCF_029222905.1	1
GCF_029222945.1	1
GCF_029223255.1	1
GCF_029223545.1	2
GCF_029223585.1	4
GCF_029223865.1	2
GCF_029224025.1	1
GCF_029229925.1	2
GCF_029255125.1	3
GCF_029255145.1	2
GCF_029255185.1	3
GCF_029255285.1	2
GCF_029255545.1	1
GCF_029263155.1	1
GCF_029263665.1	1
GCF_029263785.1	1
GCF_029268935.1	3
GCF_029268985.1	2
GCF_029269135.1	1
GCF_029269405.1	2
GCF_029277445.1	1
GCF_029278565.1	1
GCF_029278605.1	8
GCF_029285175.1	1
GCF_029309835.1	1
GCF_029318635.1	1
GCF_029335315.1	1
GCF_029335485.1	6
GCF_029335975.1	1
GCF_029338195.1	1
GCF_029338255.1	1
GCF_029338275.1	1
GCF_029338295.1	1
GCF_029338315.1	2
GCF_029338515.1	2
GCF_029338575.1	1
GCF_029369745.1	1
GCF_029433115.1	1
GCF_029436685.1	1
GCF_029439455.1	4
GCF_029478665.1	1
GCF_029502005.1	1
GCF_029522115.1	4
GCF_029537235.1	1
GCF_029537485.1	1
GCF_029542205.1	1
GCF_029543085.1	1
GCF_029543125.1	1
GCF_029543155.1	1
GCF_029543245.1	1
GCF_029581395.1	1
GCF_029588855.1	2
GCF_029589495.1	1
GCF_029590555.1	1
GCF_029623395.1	1
GCF_029623955.1	1
GCF_029624155.1	1
GCF_029624655.1	1
GCF_029625215.1	1
GCF_029625685.1	2
GCF_029633825.1	4
GCF_029636725.1	1
GCF_029637605.1	2
GCF_029674545.1	3
GCF_029688845.1	1
GCF_029688865.1	1
GCF_029690045.1	3
GCF_029714205.1	5
GCF_029714305.1	4
GCF_029714325.1	7
GCF_029714405.1	9
GCF_029714425.1	7
GCF_029714945.1	9
GCF_029760895.1	1
GCF_029761915.1	9
GCF_029813115.1	2
GCF_029814805.1	2
GCF_029836165.1	1
GCF_029836375.1	1
GCF_029837695.1	1
GCF_029839275.1	1
GCF_029840635.1	3
GCF_029840925.1	1
GCF_029846235.1	6
GCF_029846635.1	2
GCF_029846715.1	4
GCF_029853695.1	1
GCF_029854215.1	1
GCF_029855045.1	4
GCF_029855125.1	6
GCF_029866045.1	2
GCF_029870285.2	2
GCF_029870595.1	1
GCF_029870955.1	1
GCF_029871205.1	1
GCF_029871235.1	1
GCF_029871245.1	1
GCF_029872155.1	1
GCF_029887875.1	1
GCF_029887935.1	3
GCF_029888045.1	3
GCF_029889845.1	1
GCF_029892045.1	2
GCF_029892065.1	3
GCF_029892285.1	1
GCF_029892425.1	5
GCF_029892485.1	2
GCF_029892515.1	1
GCF_029892685.1	1
GCF_029893305.1	1
GCF_029893635.1	2
GCF_029906645.1	1
GCF_029909975.1	5
GCF_029910095.1	3
GCF_029910215.1	2
GCF_029911635.1	1
GCF_029919115.1	2
GCF_029936995.1	1
GCF_029937755.1	1
GCF_029945685.1	2
GCF_029945895.1	2
GCF_029945925.1	2
GCF_029946005.1	3
GCF_029946145.1	1
GCF_029946505.1	1
GCF_029946515.1	1
GCF_029953595.1	1
GCF_029955235.1	1
GCF_029958925.1	1
GCF_029959395.1	3
GCF_029960115.1	2
GCF_029960785.1	1
GCF_029960815.1	1
GCF_029961025.1	1
GCF_029961155.1	2
GCF_029961185.1	1
GCF_029962485.1	5
GCF_029963765.1	2
GCF_029989365.1	8
GCF_029991245.1	3
GCF_030010415.1	1
GCF_030012485.1	1
GCF_030014915.1	3
GCF_030019515.1	2
GCF_030027245.1	1
GCF_030028905.1	2
GCF_030035605.1	1
GCF_030042015.1	1
GCF_030052995.1	1
GCF_030053115.1	1
GCF_030053155.1	1
GCF_030053395.1	1
GCF_030053415.1	2
GCF_030053775.1	3
GCF_030056575.1	5
GCF_030056795.1	1
GCF_030056855.1	1
GCF_030062225.1	2
GCF_030063475.1	2
GCF_030064125.1	1
GCF_030064165.1	4
GCF_030067675.1	2
GCF_030070105.2	1
GCF_030123365.1	1
GCF_030123405.1	1
GCF_030124325.1	2
GCF_030124375.1	1
GCF_030125375.1	1
GCF_030125445.1	1
GCF_030127105.1	1
GCF_030128825.1	3
GCF_030128875.1	2
GCF_030129945.1	2
GCF_030135505.1	1
GCF_030143245.1	2
GCF_030144325.1	2
GCF_030145185.1	1
GCF_030145815.1	1
GCF_030149505.1	1
GCF_030157465.1	3
GCF_030158565.1	1
GCF_030158645.1	3
GCF_030158815.1	1
GCF_030159055.1	2
GCF_030159255.1	4
GCF_030159595.1	1
GCF_030159955.1	1
GCF_030159975.1	1
GCF_030159995.1	1
GCF_030160075.1	1
GCF_030160235.1	2
GCF_030160275.1	1
GCF_030160395.1	2
GCF_030160455.1	3
GCF_030160535.1	3
GCF_030160635.1	2
GCF_030160715.1	9
GCF_030160735.1	4
GCF_030160815.1	2
GCF_030160835.1	2
GCF_030160895.1	4
GCF_030161255.1	4
GCF_030161635.1	3
GCF_030162935.1	1
GCF_030162955.1	2
GCF_030163755.1	1
GCF_030163795.1	1
GCF_030164425.1	1
GCF_030164465.1	2
GCF_030165005.1	2
GCF_030167915.1	3
GCF_030182635.1	2
GCF_030209175.1	1
GCF_030209435.1	1
GCF_030227115.1	2
GCF_030238305.1	1
GCF_030246845.1	1
GCF_030248535.1	1
GCF_030250645.1	2
GCF_030252425.1	1
GCF_030254645.1	4
GCF_030264275.1	1
GCF_030264295.1	2
GCF_030269515.1	1
GCF_030269645.1	1
GCF_030269665.1	2
GCF_030269685.1	1
GCF_030270585.1	1
GCF_030272695.1	5
GCF_030272705.1	2
GCF_030272875.2	2
GCF_030283145.1	1
GCF_030283205.1	2
GCF_030285365.1	3
GCF_030285625.1	1
GCF_030285645.1	1
GCF_030285665.1	2
GCF_030286555.1	2
GCF_030287405.1	1
GCF_030291075.1	1
GCF_030291135.1	2
GCF_030292155.1	2
GCF_030295765.1	1
GCF_030296015.1	1
GCF_030316765.1	5
GCF_030316825.1	2
GCF_030316845.1	5
GCF_030316855.1	2
GCF_030316885.1	6
GCF_030316895.1	1
GCF_030317035.1	2
GCF_030317105.1	3
GCF_030317115.1	3
GCF_030317145.1	2
GCF_030317205.1	2
GCF_030323145.1	1
GCF_030344995.1	1
GCF_030345335.1	1
GCF_030345705.1	2
GCF_030345715.1	2
GCF_030360185.1	2
GCF_030369675.1	1
GCF_030373185.1	1
GCF_030373225.1	3
GCF_030373245.1	3
GCF_030373265.1	2
GCF_030373445.1	1
GCF_030376615.1	2
GCF_030378085.1	1
GCF_030378205.1	9
GCF_030381805.1	1
GCF_030385785.1	11
GCF_030397665.1	3
GCF_030403775.1	1
GCF_030406665.1	1
GCF_030407165.1	1
GCF_030409215.1	1
GCF_030409225.1	2
GCF_030409305.1	1
GCF_030409335.1	3
GCF_030409555.1	2
GCF_030409605.1	1
GCF_030410045.1	1
GCF_030410375.1	1
GCF_030410395.1	2
GCF_030410485.1	4
GCF_030411955.1	4
GCF_030411975.2	2
GCF_030411995.1	1
GCF_030412015.1	1
GCF_030412785.1	4
GCF_030412965.1	1
GCF_030413175.1	3
GCF_030419005.1	3
GCF_030435705.1	1
GCF_030450055.1	1
GCF_030452865.1	2
GCF_030462475.1	2
GCF_030462585.1	1
GCF_030464885.1	4
GCF_030486595.1	4
GCF_030504645.1	2
GCF_030505195.1	2
GCF_030505395.1	1
GCF_030506255.1	1
GCF_030518195.1	2
GCF_030519635.1	1
GCF_030536915.1	2
GCF_030538495.1	1
GCF_030538655.1	1
GCF_030538695.1	1
GCF_030538755.1	1
GCF_030541005.1	1
GCF_030546695.1	4
GCF_030547185.1	1
GCF_030547545.1	1
GCF_030548175.1	1
GCF_030549525.1	1
GCF_030551875.1	1
GCF_030553305.1	1
GCF_030580745.1	2
GCF_030580795.1	1
GCF_030580855.1	1
GCF_030580935.1	1
GCF_030580995.1	1
GCF_030582395.1	4
GCF_030603065.1	1
GCF_030604785.1	2
GCF_030645335.1	1
GCF_030645555.1	1
GCF_030646015.1	2
GCF_030646115.1	2
GCF_030646155.1	1
GCF_030646165.1	1
GCF_030646845.1	4
GCF_030651495.1	3
GCF_030651625.1	3
GCF_030651995.1	3
GCF_030652235.1	1
GCF_030652515.1	4
GCF_030653405.1	1
GCF_030653815.1	2
GCF_030654605.1	3
GCF_030655075.1	1
GCF_030656115.1	4
GCF_030656255.1	1
GCF_030656345.1	1
GCF_030657435.1	5
GCF_030658505.2	1
GCF_030676955.1	1
GCF_030678915.1	1
GCF_030680935.1	3
GCF_030681155.1	1
GCF_030682515.1	1
GCF_030682935.1	1
GCF_030683065.1	1
GCF_030684215.1	1
GCF_030684895.1	1
GCF_030685025.1	2
GCF_030685535.1	2
GCF_030687145.1	2
GCF_030687295.1	1
GCF_030687395.1	1
GCF_030687495.1	1
GCF_030687535.1	1
GCF_030687575.1	1
GCF_030687715.1	1
GCF_030687835.1	1
GCF_030687895.1	1
GCF_030687935.1	1
GCF_030689025.1	1
GCF_030689685.1	3
GCF_030690725.1	1
GCF_030691135.1	1
GCF_030693485.1	2
GCF_030693805.1	1
GCF_030694085.1	1
GCF_030694325.1	2
GCF_030695035.1	1
GCF_030695085.1	4
GCF_030695125.1	2
GCF_030696055.1	1
GCF_030696805.1	1
GCF_030697065.1	2
GCF_030697305.1	1
GCF_030698125.1	2
GCF_030698175.1	1
GCF_030700245.1	3
GCF_030700285.1	3
GCF_030704205.1	1
GCF_030704305.1	2
GCF_030704685.1	3
GCF_030704825.1	1
GCF_030705305.1	4
GCF_030708455.1	1
GCF_030711405.1	1
GCF_030711595.1	1
GCF_030715195.1	4
GCF_030719035.1	1
GCF_030730865.1	2
GCF_030730875.1	1
GCF_030731085.1	2
GCF_030731595.1	1
GCF_030732065.1	2
GCF_030732095.1	1
GCF_030732845.1	1
GCF_030732865.1	1
GCF_030732985.1	1
GCF_030733205.1	1
GCF_030733265.1	1
GCF_030733385.1	1
GCF_030733425.1	1
GCF_030733685.1	1
GCF_030733745.1	1
GCF_030733765.1	1
GCF_030733815.1	3
GCF_030734285.1	2
GCF_030755175.1	1
GCF_030756675.1	2
GCF_030758295.1	1
GCF_030758315.1	3
GCF_030758345.1	1
GCF_030758415.1	2
GCF_030758975.1	1
GCF_030770395.1	2
GCF_030811835.1	2
GCF_030811855.1	2
GCF_030812215.1	2
GCF_030812475.1	1
GCF_030812785.1	1
GCF_030813165.1	2
GCF_030813355.1	1
GCF_030813435.1	2
GCF_030813495.1	1
GCF_030813595.1	1
GCF_030813915.1	3
GCF_030814015.1	1
GCF_030814215.1	1
GCF_030814435.1	1
GCF_030814655.1	1
GCF_030814715.1	3
GCF_030814815.1	1
GCF_030814835.1	2
GCF_030814995.1	2
GCF_030815055.1	2
GCF_030815145.1	1
GCF_030815855.1	2
GCF_030815975.1	2
GCF_030817315.1	1
GCF_030818415.1	2
GCF_030818485.1	1
GCF_030818545.1	1
GCF_030818775.1	1
GCF_030819175.1	1
GCF_030824335.1	2
GCF_030837785.1	1
GCF_030845175.1	1
GCF_030846195.1	3
GCF_030848395.1	1
GCF_030848545.1	2
GCF_030848565.1	1
GCF_030848925.1	1
GCF_030848945.1	1
GCF_030849025.1	2
GCF_030849505.1	2
GCF_030864005.1	2
GCF_030866745.1	1
GCF_030867385.1	1
GCF_030913365.1	1
GCF_030915385.1	2
GCF_030915405.1	1
GCF_030915505.1	1
GCF_030915525.1	1
GCF_030929505.1	1
GCF_030938565.1	2
GCF_030944405.1	3
GCF_030973515.1	1
GCF_030994125.1	1
GCF_031010175.1	2
GCF_031010195.1	1
GCF_031020795.1	4
GCF_031082405.1	2
GCF_031157255.1	3
GCF_031157355.1	2
GCF_031157375.1	2
GCF_031157525.1	1
GCF_031157835.1	2
GCF_031195445.1	1
GCF_031198435.1	1
GCF_031202265.1	9
GCF_031253835.1	5
GCF_031260295.1	1
GCF_031274715.1	3
GCF_031277915.1	1
GCF_031291095.1	4
GCF_031291305.1	2
GCF_031291415.1	1
GCF_031291615.1	1
GCF_031316315.1	1
GCF_031326225.1	1
GCF_031360265.1	1
GCF_031377265.1	1
GCF_031380695.1	1
GCF_031393925.1	2
GCF_031397715.1	4
GCF_031397825.1	1
GCF_031411155.1	5
GCF_031412415.1	1
GCF_031412435.1	1
GCF_031412795.1	1
GCF_031422795.1	3
GCF_031422975.1	3
GCF_031426875.1	2
GCF_031426985.1	3
GCF_031429695.1	1
GCF_031430775.1	1
GCF_031432315.1	1
GCF_031450785.1	2
GCF_031450805.1	3
GCF_031450975.1	2
GCF_031451175.1	3
GCF_031451265.1	2
GCF_031451615.1	1
GCF_031451635.1	1
GCF_031451645.1	1
GCF_031451675.1	1
GCF_031451685.1	1
GCF_031451755.1	1
GCF_031453555.1	1
GCF_031453675.1	2
GCF_031453975.1	3
GCF_031453995.1	1
GCF_031454055.1	1
GCF_031454625.1	1
GCF_031454995.1	2
GCF_031455525.1	1
GCF_031455875.1	2
GCF_031455975.1	1
GCF_031456015.1	1
GCF_031456075.1	2
GCF_031456125.1	1
GCF_031456445.1	1
GCF_031456575.1	2
GCF_031456695.1	1
GCF_031456825.1	2
GCF_031457065.1	1
GCF_031457115.1	1
GCF_031457155.1	1
GCF_031457235.1	5
GCF_031457295.1	1
GCF_031457365.1	1
GCF_031457455.1	3
GCF_031457465.1	1
GCF_031457495.1	2
GCF_031457535.1	2
GCF_031457805.1	1
GCF_031457855.1	1
GCF_031457895.1	1
GCF_031457975.1	4
GCF_031458075.1	3
GCF_031458095.1	3
GCF_031458115.1	3
GCF_031458325.1	1
GCF_031501865.1	2
GCF_031538885.1	1
GCF_031539105.1	1
GCF_031539175.1	1
GCF_031581025.1	1
GCF_031581305.1	1
GCF_031583025.2	2
GCF_031583775.1	1
GCF_031585635.1	6
GCF_031624315.1	1
GCF_031624395.1	2
GCF_031624605.1	1
GCF_031625215.1	2
GCF_031626495.1	1
GCF_031628915.1	2
GCF_031631795.1	1
GCF_031656915.1	1
GCF_031732815.1	3
GCF_031764535.1	1
GCF_031769195.1	1
GCF_031822435.1	2
GCF_031834595.1	1
GCF_031834615.1	1
GCF_031843765.1	1
GCF_031843945.1	3
GCF_031844105.1	1
GCF_031845325.1	1
GCF_031845345.1	2
GCF_031846165.1	1
GCF_031846305.1	1
GCF_031846565.1	1
GCF_031854425.1	2
GCF_031882575.1	2
GCF_031884435.1	2
GCF_031921685.1	1
GCF_031954525.1	3
GCF_031995405.1	1
GCF_031995485.1	3
GCF_031995545.1	3
GCF_031995685.1	3
GCF_032007265.1	1
GCF_032017145.1	1
GCF_032027225.1	2
GCF_032027425.1	1
GCF_032027985.1	3
GCF_032051575.1	1
GCF_032054225.1	1
GCF_032055285.1	1
GCF_032056425.1	1
GCF_032056465.1	2
GCF_032067225.1	1
GCF_032093395.1	3
GCF_032099025.1	1
GCF_032102605.1	3
GCF_032103445.1	2
GCF_032106685.1	1
GCF_032107865.1	1
GCF_032113835.1	3
GCF_032114135.1	1
GCF_032115815.1	2
GCF_032153725.1	1
GCF_032154635.1	1
GCF_032191775.1	3
GCF_032193765.1	2
GCF_032193805.1	3
GCF_032229225.1	1
GCF_032229525.1	2
GCF_032290525.1	5
GCF_032334135.1	1
GCF_032335455.1	1
GCF_032337115.1	4
GCF_032337135.1	2
GCF_032381175.1	2
GCF_032391395.1	2
GCF_032397745.1	3
GCF_032401055.1	3
GCF_032460525.1	2
GCF_032463525.1	1
GCF_032464675.1	1
GCF_032464875.1	2
GCF_032484755.1	2
GCF_032484785.1	3
GCF_032489875.1	3
GCF_032490435.1	1
GCF_032586175.1	1
GCF_032586235.1	1
GCF_032595355.1	2
GCF_032681285.1	3
GCF_032773895.1	1
GCF_032818155.1	1
GCF_032842945.2	1
GCF_032843265.1	1
GCF_032852305.1	1
GCF_032911385.1	1
GCF_032911445.1	1
GCF_032917945.1	5
GCF_032917985.1	4
GCF_032921865.1	1
GCF_032922745.1	1
GCF_032930845.1	2
GCF_032931615.1	2
GCF_033001325.1	1
GCF_033022775.1	2
GCF_033025475.1	1
GCF_033032805.1	1
GCF_033042135.1	3
GCF_033042195.1	1
GCF_033042495.1	1
GCF_033052795.2	1
GCF_033095865.1	1
GCF_033100095.1	3
GCF_033100395.1	1
GCF_033101155.1	1
GCF_033110285.1	2
GCF_033142445.1	1
GCF_033242265.1	1
GCF_033283405.1	1
GCF_033345435.1	2
GCF_033391875.1	9
GCF_033436665.1	1
GCF_033436765.1	1
GCF_033441515.1	2
GCF_033446605.1	2
GCF_033446685.1	1
GCF_033446725.1	4
GCF_033447125.1	1
GCF_033449965.1	1
GCF_033542235.1	1
GCF_033546935.1	1
GCF_033547095.1	3
GCF_033547155.1	1
GCF_033549285.1	3
GCF_033558715.1	1
GCF_033720175.1	1
GCF_033722195.1	1
GCF_033722735.1	1
GCF_033723075.1	1
GCF_033741155.1	1
GCF_033741175.1	1
GCF_033795525.1	1
GCF_033795625.1	2
GCF_033807535.1	1
GCF_033842475.1	1
GCF_033843645.1	3
GCF_033949425.1	2
GCF_033963825.1	1
GCF_033963905.1	1
GCF_033977145.1	3
GCF_033977165.1	3
GCF_033977205.1	3
GCF_033977215.1	2
GCF_033977265.1	2
GCF_033977325.1	2
GCF_033977345.1	3
GCF_034003485.1	3
GCF_034003525.1	2
GCF_034006065.1	1
GCF_034007085.1	2
GCF_034007205.1	2
GCF_034008315.1	1
GCF_034008635.1	1
GCF_034009455.1	2
GCF_034043515.1	1
GCF_034043675.1	3
GCF_034044635.1	3
GCF_034044715.1	2
GCF_034044895.1	2
GCF_034045115.1	1
GCF_034057115.1	2
GCF_034063545.1	1
GCF_034064985.1	2
GCF_034067285.1	2
GCF_034096925.1	1
GCF_034111725.1	2
GCF_034259325.1	1
GCF_034313845.1	3
GCF_034313965.1	3
GCF_034314045.1	4
GCF_034314085.1	2
GCF_034314105.1	1
GCF_034314165.1	1
GCF_034321785.1	1
GCF_034344865.1	2
GCF_034347385.1	2
GCF_034347425.1	3
GCF_034350045.1	1
GCF_034351645.1	1
GCF_034353875.1	1
GCF_034366665.1	2
GCF_034376685.1	1
GCF_034377145.1	1
GCF_034377285.1	1
GCF_034380315.1	1
GCF_034387475.1	2
GCF_034420155.1	2
GCF_034424375.1	2
GCF_034424525.1	2
GCF_034424545.1	3
GCF_034424625.1	3
GCF_034424645.1	2
GCF_034424805.1	3
GCF_034427435.1	2
GCF_034427655.1	1
GCF_034432735.1	1
GCF_034433535.1	1
GCF_034439495.1	1
GCF_034479375.1	1
GCF_034479515.1	3
GCF_034479615.1	1
GCF_034519335.1	3
GCF_034519685.1	1
GCF_034519795.1	4
GCF_034520025.1	3
GCF_034520545.1	1
GCF_034555375.1	1
GCF_034555965.2	1
GCF_034627025.1	7
GCF_034652275.1	1
GCF_034653255.1	1
GCF_034653275.1	3
GCF_034653355.1	5
GCF_034659755.1	4
GCF_034659795.1	2
GCF_034661175.1	1
GCF_034661235.1	1
GCF_034668105.1	2
GCF_034669605.1	2
GCF_034669705.1	1
GCF_034670005.1	1
GCF_034670325.1	1
GCF_034674885.1	2
GCF_034675685.1	1
GCF_034675845.1	2
GCF_034675905.1	2
GCF_034676075.1	1
GCF_034676545.1	2
GCF_034676705.1	1
GCF_034676725.1	3
GCF_034680285.1	2
GCF_034683865.1	1
GCF_034721475.1	4
GCF_034808145.1	1
GCF_034860625.1	1
GCF_034929455.1	2
GCF_034931425.1	2
GCF_034961125.1	1
GCF_035117555.1	2
GCF_035250425.1	2
GCF_035254145.1	1
GCF_035254505.1	4
GCF_035254525.1	2
GCF_035254685.1	4
GCF_035254865.1	5
GCF_035268745.1	2
GCF_035270045.1	1
GCF_035273305.1	1
GCF_035276005.1	1
GCF_035276905.1	4
GCF_035277725.1	1
GCF_035280925.1	1
GCF_035309285.1	6
GCF_035309685.1	1
GCF_035311605.1	1
GCF_035314665.1	1
GCF_035317885.1	1
GCF_035318805.1	2
GCF_035320885.1	1
GCF_035325185.1	3
GCF_035325765.1	6
GCF_035325925.1	1
GCF_035348955.1	2
GCF_035429765.1	2
GCF_035440685.1	1
GCF_035444425.1	4
GCF_035444905.1	3
GCF_035470145.1	1
GCF_035476535.1	3
GCF_035481345.1	2
GCF_035481675.1	1
GCF_035484855.1	2
GCF_035486915.1	1
GCF_035487495.1	3
GCF_035489915.1	2
GCF_035490575.1	1
GCF_035492295.1	1
GCF_035492435.1	4
GCF_035497195.1	1
GCF_035497515.1	1
GCF_035497915.1	1
GCF_035499775.1	1
GCF_035501035.1	11
GCF_035503745.1	2
GCF_035503875.1	1
GCF_035506235.1	2
GCF_035508675.1	1
GCF_035511235.1	2
GCF_035511255.1	1
GCF_035511395.1	2
GCF_035512415.1	1
GCF_035513255.1	2
GCF_035515275.1	1
GCF_035535915.1	3
GCF_035539195.1	1
GCF_035546795.1	1
GCF_035548095.1	3
GCF_035548195.1	5
GCF_035548235.1	2
GCF_035548915.1	5
GCF_035554175.1	1
GCF_035554825.1	1
GCF_035555815.1	1
GCF_035555955.1	2
GCF_035556475.1	2
GCF_035556675.1	3
GCF_035561115.1	1
GCF_035565275.1	2
GCF_035565795.1	3
GCF_035565855.1	4
GCF_035566375.1	4
GCF_035566555.1	3
GCF_035569475.1	1
GCF_035570115.1	1
GCF_035570375.1	11
GCF_035572195.1	3
GCF_035581345.1	1
GCF_035581365.1	2
GCF_035593985.1	1
GCF_035599575.1	1
GCF_035615495.1	1
GCF_035616495.1	2
GCF_035617725.1	1
GCF_035621455.1	1
GCF_035621475.1	2
GCF_035623875.1	1
GCF_035626975.1	1
GCF_035627355.1	2
GCF_035627415.1	1
GCF_035627455.1	4
GCF_035627495.1	1
GCF_035628975.1	2
GCF_035629615.1	1
GCF_035633935.1	2
GCF_035634915.1	1
GCF_035638815.1	2
GCF_035640695.1	2
GCF_035644555.1	3
GCF_035650995.1	2
GCF_035652035.1	4
GCF_035654295.1	5
GCF_035655895.1	2
GCF_035656215.1	2
GCF_035658495.1	2
GCF_035666295.1	1
GCF_035685805.1	1
GCF_035685885.1	2
GCF_035686825.1	2
GCF_035687085.1	1
GCF_035690525.1	2
GCF_035695185.1	1
GCF_035697385.1	1
GCF_035697785.1	2
GCF_035701725.1	3
GCF_035703485.1	3
GCF_035703625.1	2
GCF_035706265.1	1
GCF_035714405.1	1
GCF_035751725.1	1
GCF_035758555.1	2
GCF_035762065.1	2
GCF_035784015.1	2
GCF_035818615.1	1
GCF_035828755.1	1
GCF_035910975.1	1
GCF_035916955.1	3
GCF_035918295.1	1
GCF_035918395.1	1
GCF_035930445.1	2
GCF_035935975.1	6
GCF_035942955.1	1
GCF_035943735.1	1
GCF_035943795.1	2
GCF_035943815.1	1
GCF_035944355.1	1
GCF_035944375.1	2
GCF_035944535.1	1
GCF_035944575.1	2
GCF_035944705.1	1
GCF_035944815.1	2
GCF_035944895.1	2
GCF_035948235.1	3
GCF_035967765.1	1
GCF_035984465.1	1
GCF_035984655.1	3
GCF_035989265.1	1
GCF_035998205.1	1
GCF_035998295.1	1
GCF_035998645.1	1
GCF_035998705.1	1
GCF_035998905.1	2
GCF_035998965.1	1
GCF_035999125.1	1
GCF_035999195.1	1
GCF_035999205.1	2
GCF_036000465.1	2
GCF_036007805.1	1
GCF_036008905.1	2
GCF_036009065.1	2
GCF_036016755.1	1
GCF_036016995.1	4
GCF_036017035.1	5
GCF_036017065.1	3
GCF_036023875.1	1
GCF_036090055.1	1
GCF_036104975.1	2
GCF_036116635.1	1
GCF_036170395.1	2
GCF_036227105.1	2
GCF_036227205.1	2
GCF_036231905.1	2
GCF_036235365.1	1
GCF_036245475.1	1
GCF_036245865.1	1
GCF_036261875.1	1
GCF_036262015.1	3
GCF_036263595.1	2
GCF_036264965.1	1
GCF_036273115.1	3
GCF_036274455.1	2
GCF_036277275.1	2
GCF_036277355.1	1
GCF_036279655.1	2
GCF_036279675.1	3
GCF_036283065.1	1
GCF_036314045.1	2
GCF_036314085.1	2
GCF_036320425.1	3
GCF_036320485.1	1
GCF_036322625.1	1
GCF_036323495.1	2
GCF_036324085.1	1
GCF_036324125.1	1
GCF_036327435.1	1
GCF_036327755.1	1
GCF_036350355.1	3
GCF_036352595.1	1
GCF_036374615.1	2
GCF_036377015.1	3
GCF_036378875.1	1
GCF_036379515.1	2
GCF_036381655.1	1
GCF_036383055.1	1
GCF_036383415.1	2
GCF_036383835.1	3
GCF_036384415.1	1
GCF_036384435.1	2
GCF_036387535.1	2
GCF_036387595.1	1
GCF_036388035.1	1
GCF_036388155.1	2
GCF_036388435.1	1
GCF_036392335.1	2
GCF_036397675.1	1
GCF_036400995.1	1
GCF_036401255.1	1
GCF_036402235.1	1
GCF_036402275.1	2
GCF_036402295.1	2
GCF_036402335.1	2
GCF_036402515.1	1
GCF_036402745.1	1
GCF_036404135.1	1
GCF_036404235.1	1
GCF_036404855.1	3
GCF_036405155.1	2
GCF_036405315.1	1
GCF_036406195.1	1
GCF_036409155.1	1
GCF_036409385.1	1
GCF_036421055.1	2
GCF_036429475.1	1
GCF_036441335.1	2
GCF_036441375.1	2
GCF_036486225.1	3
GCF_036488505.1	4
GCF_036488675.1	1
GCF_036488795.1	4
GCF_036489515.1	3
GCF_036493135.1	2
GCF_036495085.1	1
GCF_036497245.1	2
GCF_036499525.1	1
GCF_036499745.1	1
GCF_036500425.1	1
GCF_036500625.1	1
GCF_036502675.1	1
GCF_036503415.1	4
GCF_036503465.1	2
GCF_036507085.1	3
GCF_036511935.1	1
GCF_036518555.1	1
GCF_036520495.1	1
GCF_036528765.1	1
GCF_036533715.1	1
GCF_036533755.1	1
GCF_036541335.1	2
GCF_036553525.1	1
GCF_036554925.1	1
GCF_036558665.1	1
GCF_036560865.1	3
GCF_036563305.1	3
GCF_036566125.1	1
GCF_036567245.1	2
GCF_036568685.1	3
GCF_036568765.1	3
GCF_036570505.1	1
GCF_036576025.1	2
GCF_036584055.1	3
GCF_036584485.1	2
GCF_036621135.1	3
GCF_036625195.1	1
GCF_036625275.1	3
GCF_036643215.1	2
GCF_036659295.1	1
GCF_036662295.1	1
GCF_036663575.1	1
GCF_036663615.1	1
GCF_036663635.1	2
GCF_036663695.1	1
GCF_036663715.1	1
GCF_036663735.1	1
GCF_036663755.1	1
GCF_036663775.1	1
GCF_036663795.1	3
GCF_036663815.1	1
GCF_036663835.1	1
GCF_036663935.1	1
GCF_036666375.1	1
GCF_036666595.1	1
GCF_036668755.1	2
GCF_036668835.1	1
GCF_036670025.1	1
GCF_036675665.1	4
GCF_036675685.1	2
GCF_036675785.1	2
GCF_036675845.1	1
GCF_036676035.1	5
GCF_036676645.1	2
GCF_036677185.1	1
GCF_036687315.1	1
GCF_036688125.1	1
GCF_036688685.1	2
GCF_036688705.1	3
GCF_036697405.1	1
GCF_036731925.1	2
GCF_036732845.1	1
GCF_036733805.1	1
GCF_036735945.1	5
GCF_036746095.1	1
GCF_036770585.1	1
GCF_036780825.1	3
GCF_036788415.1	3
GCF_036802785.1	1
GCF_036803765.1	1
GCF_036804465.1	1
GCF_036820275.1	2
GCF_036822375.1	2
GCF_036824975.1	2
GCF_036825535.1	1
GCF_036825565.1	1
GCF_036833075.1	2
GCF_036845285.1	1
GCF_036846085.1	2
GCF_036846585.1	3
GCF_036880965.1	2
GCF_036881715.1	1
GCF_036884845.1	1
GCF_036885605.1	3
GCF_036924515.1	4
GCF_036924525.1	3
GCF_036924535.1	6
GCF_036924595.1	4
GCF_036924645.1	3
GCF_036924715.1	3
GCF_036924745.1	3
GCF_036946125.1	2
GCF_036960155.1	2
GCF_036960865.1	1
GCF_036961105.1	1
GCF_036961165.1	1
GCF_036961565.1	2
GCF_036961685.1	2
GCF_036962125.1	1
GCF_036962145.1	1
GCF_036962465.1	1
GCF_036962765.1	1
GCF_036963785.1	1
GCF_036964145.1	1
GCF_036964665.1	2
GCF_036964905.1	1
GCF_036965245.1	1
GCF_036965425.1	1
GCF_036965645.1	1
GCF_036966985.1	1
GCF_037002925.1	2
GCF_037023145.1	6
GCF_037023735.1	1
GCF_037026685.1	2
GCF_037026715.1	1
GCF_037027445.1	1
GCF_037027805.1	2
GCF_037031225.1	3
GCF_037039395.1	1
GCF_037040815.1	1
GCF_037046045.1	1
GCF_037046485.1	1
GCF_037070215.1	1
GCF_037076565.1	3
GCF_037078405.1	1
GCF_037080055.1	2
GCF_037080155.1	1
GCF_037081675.1	2
GCF_037081715.1	2
GCF_037081775.1	1
GCF_037083785.1	2
GCF_037083805.1	1
GCF_037083845.1	1
GCF_037094685.1	4
GCF_037095655.1	1
GCF_037095735.1	1
GCF_037095755.1	2
GCF_037101375.1	3
GCF_037104695.1	2
GCF_037104725.1	2
GCF_037106235.1	7
GCF_037126175.1	1
GCF_037126285.1	1
GCF_037126435.1	1
GCF_037126505.1	6
GCF_037133355.1	1
GCF_037137055.1	1
GCF_037138395.1	2
GCF_037139295.1	2
GCF_037143375.1	4
GCF_037145735.1	1
GCF_037146395.1	2
GCF_037147855.1	2
GCF_037152175.1	2
GCF_037154075.1	1
GCF_037154135.1	1
GCF_037154195.1	1
GCF_037157775.1	2
GCF_037157805.1	3
GCF_037162255.1	2
GCF_037173185.1	2
GCF_037179585.1	2
GCF_037179605.1	1
GCF_037198285.1	1
GCF_037200945.1	4
GCF_037201795.1	1
GCF_037201815.1	1
GCF_037203705.1	1
GCF_037204085.1	2
GCF_037300705.1	1
GCF_037335815.1	2
GCF_037338445.1	2
GCF_037389125.1	2
GCF_037400275.1	1
GCF_037400335.1	1
GCF_037401875.1	1
GCF_037414475.1	1
GCF_037447015.1	1
GCF_037478305.1	1
GCF_037482285.1	3
GCF_037482345.1	1
GCF_037482845.1	3
GCF_037482915.1	3
GCF_037543845.1	1
GCF_037543925.1	1
GCF_037544085.1	1
GCF_037572435.1	3
GCF_037572755.1	1
GCF_037572775.1	3
GCF_037625995.1	1
GCF_037626195.1	2
GCF_037645885.1	2
GCF_037646705.1	2
GCF_037652055.1	2
GCF_037658235.1	1
GCF_037688875.1	3
GCF_037723805.1	2
GCF_037725245.1	1
GCF_037726105.1	2
GCF_037727765.1	2
GCF_037783265.1	1
GCF_037860795.1	1
GCF_037861105.1	1
GCF_037889915.1	2
GCF_037889935.1	5
GCF_037889955.1	2
GCF_037889975.1	2
GCF_037890035.1	3
GCF_037890675.1	5
GCF_037892195.1	1
GCF_037908215.1	3
GCF_037914945.1	1
GCF_037935975.1	1
GCF_037936805.1	1
GCF_037943105.1	1
GCF_037969335.1	1
GCF_037994325.1	1
GCF_037994405.1	3
GCF_037994425.1	4
GCF_037997115.1	1
GCF_038002165.1	1
GCF_038024855.1	4
GCF_038039215.1	3
GCF_038050405.1	10
GCF_038066555.1	4
GCF_038066575.1	3
GCF_038066595.1	2
GCF_038066635.1	3
GCF_038069655.2	1
GCF_038069675.1	1
GCF_038069885.1	2
GCF_038069945.1	3
GCF_038070105.1	3
GCF_038087665.1	1
GCF_038096165.1	1
GCF_038098645.1	1
GCF_038130085.1	1
GCF_038134685.1	1
GCF_038148795.1	1
GCF_038235435.1	1
GCF_038237375.1	2
GCF_038321125.1	1
GCF_038396845.1	1
GCF_038397775.1	1
GCF_038404745.2	2
GCF_038404985.1	1
GCF_038419725.1	4
GCF_038440195.1	2
GCF_038440225.1	4
GCF_038442315.1	1
GCF_038442325.1	2
GCF_038442355.1	2
GCF_038443675.1	1
GCF_038443705.2	1
GCF_038561935.1	1
GCF_038592905.1	1
GCF_038595065.1	1
GCF_038719015.1	1
GCF_038784515.1	3
GCF_038896935.1	4
GCF_038899995.1	1
GCF_038900015.1	1
GCF_038900055.1	1
GCF_038900065.1	1
GCF_038900095.1	1
GCF_038900115.1	2
GCF_038900635.1	9
GCF_038900715.1	6
GCF_038900755.1	6
GCF_038900775.1	10
GCF_038957035.1	3
GCF_038958875.1	2
GCF_038967635.1	6
GCF_038971285.1	3
GCF_039023525.1	1
GCF_039123635.1	1
GCF_039522585.1	1
GCF_039522625.1	1
GCF_039522915.1	1
GCF_039522995.1	2
GCF_039523035.1	2
GCF_039523075.1	2
GCF_039523175.1	2
GCF_039523215.1	4
GCF_039523235.1	2
GCF_039523495.1	1
GCF_039523555.1	2
GCF_039523575.1	1
GCF_039523795.1	3
GCF_039524095.1	1
GCF_039525725.1	2
GCF_039526625.1	1
GCF_039526725.1	1
GCF_039526905.1	2
GCF_039527245.1	3
GCF_039529375.1	1
GCF_039529495.1	1
GCF_039529515.1	1
GCF_039529815.1	1
GCF_039531755.1	2
GCF_039531775.1	3
GCF_039534065.1	2
GCF_039534125.1	1
GCF_039534645.1	1
GCF_039534705.1	1
GCF_039536745.1	2
GCF_039536785.1	1
GCF_039536805.1	1
GCF_039536925.1	1
GCF_039537325.1	1
GCF_039537815.1	2
GCF_039537965.1	1
GCF_039537985.1	1
GCF_039538005.1	1
GCF_039538025.1	2
GCF_039539325.1	1
GCF_039539485.1	1
GCF_039539625.1	1
GCF_039539745.1	1
GCF_039540335.1	1
GCF_039540375.1	3
GCF_039540495.1	1
GCF_039540555.1	2
GCF_039541095.1	1
GCF_039541115.1	1
GCF_039541135.1	2
GCF_039541515.1	2
GCF_039541715.1	1
GCF_039541975.1	1
GCF_039542115.1	1
GCF_039542135.1	1
GCF_039542245.1	2
GCF_039542285.1	1
GCF_039542305.1	1
GCF_039542785.1	1
GCF_039543105.1	1
GCF_039543145.1	1
GCF_039543565.1	1
GCF_039543705.1	1
GCF_039543765.1	2
GCF_039543825.1	1
GCF_039543845.1	1
GCF_039544105.1	2
GCF_039544165.1	2
GCF_039544205.1	2
GCF_039548455.1	1
GCF_039548495.1	1
GCF_039548535.1	2
GCF_039549175.1	3
GCF_039555535.1	1
GCF_039555755.1	1
GCF_039565995.1	2
GCF_039581485.1	6
GCF_039583785.1	1
GCF_039583805.1	1
GCF_039594485.1	1
GCF_039594555.1	2
GCF_039595165.1	1
GCF_039595295.1	4
GCF_039595395.1	1
GCF_039595595.1	2
GCF_039595735.1	2
GCF_039596335.1	1
GCF_039614725.1	2
GCF_039614765.1	3
GCF_039614825.1	1
GCF_039615135.1	1
GCF_039615155.1	2
GCF_039615355.1	4
GCF_039621805.1	2
GCF_039631295.1	1
GCF_039631355.1	2
GCF_039634785.1	1
GCF_039649255.1	3
GCF_039652585.1	1
GCF_039652615.1	1
GCF_039655775.1	2
GCF_039655875.1	3
GCF_039672635.1	1
GCF_039673065.1	2
GCF_039673305.1	4
GCF_039673335.1	2
GCF_039673845.1	1
GCF_039674105.1	1
GCF_039674145.1	1
GCF_039674565.1	1
GCF_039674585.1	1
GCF_039674765.1	1
GCF_039679125.1	2
GCF_039691755.1	2
GCF_039697315.1	1
GCF_039710385.1	1
GCF_039710615.1	1
GCF_039724765.1	2
GCF_039729015.1	2
GCF_039769985.1	1
GCF_039770665.1	2
GCF_039808215.1	3
GCF_039830135.1	1
GCF_039830145.1	3
GCF_039839275.1	1
GCF_039839345.1	1
GCF_039839375.1	1
GCF_039839775.1	6
GCF_039867205.1	2
GCF_039871645.1	1
GCF_039872745.1	2
GCF_039872765.1	3
GCF_039888625.1	1
GCF_039888675.1	1
GCF_039888995.1	1
GCF_039907765.1	1
GCF_039908635.1	1
GCF_039908645.1	2
GCF_039909015.1	1
GCF_039922535.1	3
GCF_039923675.1	4
GCF_039929605.1	3
GCF_039930745.1	3
GCF_039932935.1	3
GCF_039935575.1	1
GCF_039938335.1	1
GCF_039940735.1	1
GCF_039941015.1	1
GCF_039945315.1	1
GCF_039946255.1	1
GCF_039969785.1	1
GCF_039970775.1	1
GCF_039974535.1	1
GCF_039975035.1	1
GCF_039975415.1	1
GCF_039977835.1	2
GCF_039977885.1	2
GCF_039982295.1	1
GCF_039984035.1	1
GCF_040009165.1	1
GCF_040044995.1	4
GCF_040045035.1	1
GCF_040045055.1	1
GCF_040047665.1	1
GCF_040049155.1	2
GCF_040049195.1	3
GCF_040049215.1	1
GCF_040049235.1	3
GCF_040049275.1	3
GCF_040049295.1	1
GCF_040064235.1	2
GCF_040066175.1	1
GCF_040081925.1	1
GCF_040081985.1	3
GCF_040096015.1	1
GCF_040104455.1	1
GCF_040105105.1	3
GCF_040105385.1	2
GCF_040110915.1	1
GCF_040111675.1	1
GCF_040118815.1	2
GCF_040119285.1	2
GCF_040126305.1	1
GCF_040137905.1	2
GCF_040147005.1	1
GCF_040148675.1	1
GCF_040148765.1	1
GCF_040148885.1	3
GCF_040149565.1	1
GCF_040149665.1	1
GCF_040170545.1	1
GCF_040187885.1	5
GCF_040191335.1	1
GCF_040195595.1	1
GCF_040196175.1	1
GCF_040196315.1	1
GCF_040196335.1	1
GCF_040214835.1	1
GCF_040215725.1	2
GCF_040216675.1	1
GCF_040216815.1	1
GCF_040218025.1	1
GCF_040218065.1	1
GCF_040218635.1	1
GCF_040219215.1	2
GCF_040219495.1	1
GCF_040219615.1	2
GCF_040219995.1	1
GCF_040223625.1	1
GCF_040225985.1	1
GCF_040239565.1	1
GCF_040269895.1	1
GCF_040276065.1	2
GCF_040276085.1	2
GCF_040297545.1	1
GCF_040317515.1	1
GCF_040318045.1	1
GCF_040318085.1	1
GCF_040318115.1	1
GCF_040320745.1	1
GCF_040320945.1	2
GCF_040320985.1	1
GCF_040329435.1	2
GCF_040329475.1	1
GCF_040329495.1	2
GCF_040361255.1	1
GCF_040361275.1	1
GCF_040361335.1	1
GCF_040364665.1	1
GCF_040365005.1	1
GCF_040365715.1	2
GCF_040369125.1	3
GCF_040370365.1	1
GCF_040371945.1	1
GCF_040372045.1	1
GCF_040372165.1	3
GCF_040391475.1	4
GCF_040393045.1	2
GCF_040394755.1	3
GCF_040395855.1	1
GCF_040396215.1	4
GCF_040396735.1	3
GCF_040398505.1	1
GCF_040398645.1	3
GCF_040398825.1	1
GCF_040400975.1	1
GCF_040401135.1	1
GCF_040407505.1	1
GCF_040409955.1	1
GCF_040412085.2	1
GCF_040414665.1	1
GCF_040438645.1	2
GCF_040438925.1	1
GCF_040448305.1	1
GCF_040459645.1	3
GCF_040500525.1	1
GCF_040514055.1	1
GCF_040530035.1	1
GCF_040534015.1	1
GCF_040537815.1	3
GCF_040544445.1	2
GCF_040544635.1	2
GCF_040544675.1	2
GCF_040544975.1	2
GCF_040545255.1	3
GCF_040545475.1	2
GCF_040545535.1	2
GCF_040545545.1	1
GCF_040545665.1	1
GCF_040545685.1	1
GCF_040545735.1	2
GCF_040545755.1	1
GCF_040545895.1	2
GCF_040545965.1	2
GCF_040546585.1	1
GCF_040546595.1	2
GCF_040546685.1	2
GCF_040547525.1	4
GCF_040547535.1	1
GCF_040547565.1	1
GCF_040547625.1	1
GCF_040548375.1	6
GCF_040548735.1	2
GCF_040548795.1	2
GCF_040548815.1	2
GCF_040549385.1	8
GCF_040549485.1	2
GCF_040560405.1	1
GCF_040564635.1	1
GCF_040566545.1	2
GCF_040578825.1	6
GCF_040581415.1	1
GCF_040593685.1	4
GCF_040606855.1	1
GCF_040609695.1	2
GCF_040629405.1	2
GCF_040638285.1	2
GCF_040639695.1	1
GCF_040640995.1	1
GCF_040645195.1	1
GCF_040645475.1	1
GCF_040648315.1	1
GCF_040648555.1	2
GCF_040650055.1	1
GCF_040650695.1	2
GCF_040654015.1	1
GCF_040656415.1	1
GCF_040659795.1	2
GCF_040674975.1	2
GCF_040675005.1	3
GCF_040675465.1	4
GCF_040675535.1	3
GCF_040675865.1	5
GCF_040677445.1	2
GCF_040678995.1	1
GCF_040680615.1	1
GCF_040682155.1	2
GCF_040682715.1	2
GCF_040682775.1	2
GCF_040682815.1	2
GCF_040682875.1	1
GCF_040682935.1	2
GCF_040682955.1	2
GCF_040684635.1	1
GCF_040687965.1	2
GCF_040689105.1	1
GCF_040703975.1	1
GCF_040704725.1	1
GCF_040705255.1	1
GCF_040706535.1	1
GCF_040706555.1	1
GCF_040706615.1	1
GCF_040712075.1	2
GCF_040719265.1	1
GCF_040729435.1	1
GCF_040732315.1	3
GCF_040750475.1	1
GCF_040760005.1	1
GCF_040779325.2	2
GCF_040783535.2	1
GCF_040790145.1	2
GCF_040790665.1	1
GCF_040797145.1	3
GCF_040811725.1	2
GCF_040812015.1	1
GCF_040812055.1	5
GCF_040812275.1	1
GCF_040812335.1	1
GCF_040822085.1	3
GCF_040830605.1	1
GCF_040833995.1	1
GCF_040839445.1	1
GCF_040882185.1	1
GCF_040882205.1	1
GCF_040892595.1	1
GCF_040892615.1	1
GCF_040900725.1	1
GCF_040905785.1	1
GCF_040932005.1	1
GCF_040932485.1	1
GCF_040933935.1	2
GCF_040947875.1	1
GCF_040948865.1	1
GCF_040957575.1	1
GCF_040965595.1	8
GCF_040965635.1	5
GCF_041018925.1	3
GCF_041020385.1	1
GCF_041021895.1	1
GCF_041021955.1	1
GCF_041027365.1	1
GCF_041027545.1	1
GCF_041028265.1	1
GCF_041058985.1	1
GCF_041079535.1	4
GCF_041083635.1	1
GCF_041083715.1	3
GCF_041102775.1	1
GCF_041103235.1	1
GCF_041107455.1	3
GCF_041107495.1	2
GCF_041153465.1	1
GCF_041154455.1	2
GCF_041154485.1	2
GCF_041154505.1	3
GCF_041197575.1	1
GCF_041200145.1	4
GCF_041205745.1	1
GCF_041206865.1	2
GCF_041224545.1	1
GCF_041224595.1	1
GCF_041228405.1	1
GCF_041261665.1	1
GCF_041276405.1	2
GCF_041281685.2	1
GCF_041287235.1	1
GCF_041287625.1	5
GCF_041300785.1	3
GCF_041320665.1	3
GCF_041321145.1	3
GCF_041321155.1	1
GCF_041346945.1	2
GCF_041346955.1	1
GCF_041346965.1	1
GCF_041354075.1	1
GCF_041355235.1	1
GCF_041355295.1	2
GCF_041357635.1	1
GCF_041365695.1	1
GCF_041365945.1	1
GCF_041378895.1	1
GCF_041379045.1	2
GCF_041379765.1	1
GCF_041379945.2	1
GCF_041393715.1	1
GCF_041395345.1	2
GCF_041397485.1	1
GCF_041398385.1	1
GCF_041398465.1	1
GCF_041403425.1	1
GCF_041403445.1	2
GCF_041403465.1	1
GCF_041424195.1	1
GCF_041429775.1	1
GCF_041463655.1	1
GCF_041463665.1	1
GCF_041464125.1	2
GCF_041468085.1	1
GCF_041496605.1	4
GCF_041508025.1	1
GCF_041514305.1	1
GCF_041521385.1	2
GCF_041537905.1	1
GCF_041537925.1	1
GCF_041551955.1	2
GCF_041579695.1	1
GCF_041584495.1	1
GCF_041584535.1	1
GCF_041587635.1	1
GCF_041595835.1	1
GCF_041600255.1	1
GCF_041601355.1	2
GCF_041601375.1	1
GCF_041602235.1	2
GCF_041623545.1	1
GCF_041624475.1	2
GCF_041625495.1	1
GCF_041633695.1	4
GCF_041648055.1	1
GCF_041648115.1	1
GCF_041648615.1	1
GCF_041650655.1	1
GCF_041659645.1	5
GCF_041659925.1	2
GCF_041661825.1	1
GCF_041661885.1	1
GCF_041674905.1	6
GCF_041675725.1	3
GCF_041677825.1	2
GCF_041679295.1	1
GCF_041685465.1	1
GCF_041686475.1	2
GCF_041687235.1	1
GCF_041689005.1	2
GCF_041689105.1	2
GCF_041689225.1	1
GCF_041689495.1	1
GCF_041689835.1	1
GCF_041690455.1	1
GCF_041690465.1	3
GCF_041726985.1	5
GCF_041729615.1	1
GCF_041737845.1	1
GCF_041747255.1	1
GCF_041807905.1	3
GCF_041821085.1	1
GCF_041874725.1	2
GCF_041874755.1	3
GCF_041877245.1	1
GCF_041879295.1	1
GCF_041879415.1	1
GCF_041892135.1	1
GCF_041893525.1	1
GCF_041893865.1	1
GCF_041903755.1	2
GCF_041904905.1	3
GCF_041904975.1	3
GCF_041905455.1	2
GCF_041905885.1	3
GCF_041906005.1	2
GCF_041906375.1	2
GCF_041908905.1	3
GCF_041909095.1	3
GCF_041909175.1	3
GCF_041909475.1	2
GCF_041909655.1	2
GCF_041909755.1	2
GCF_041910485.1	3
GCF_041911175.1	1
GCF_041911375.1	1
GCF_041911495.1	2
GCF_041911615.1	4
GCF_041912635.1	2
GCF_041913365.1	1
GCF_041913445.1	1
GCF_041913525.1	2
GCF_041913585.1	1
GCF_041914305.1	4
GCF_041914405.1	4
GCF_041914865.1	3
GCF_041915145.1	1
GCF_041915215.1	3
GCF_041915505.1	5
GCF_041916015.1	2
GCF_041916345.1	1
GCF_041916435.1	2
GCF_041916475.1	1
GCF_041916735.1	4
GCF_041916975.1	1
GCF_041918875.1	2
GCF_041918995.1	2
GCF_041919135.1	1
GCF_041919235.1	3
GCF_041919755.1	1
GCF_041927875.1	1
GCF_041941685.1	1
GCF_041950555.1	2
GCF_041951365.1	1
GCF_041986965.1	1
GCF_041987405.1	1
GCF_041987595.1	2
GCF_042015035.1	1
GCF_042055075.2	1
GCF_042089775.1	1
GCF_042091075.1	1
GCF_042093035.1	1
GCF_042096055.1	1
GCF_042096255.1	1
GCF_042134685.1	1
GCF_042140095.1	1
GCF_042140125.1	1
GCF_042140145.1	1
GCF_042140245.1	1
GCF_042140275.1	2
GCF_042180575.1	2
GCF_042188925.1	1
GCF_042216475.1	1
GCF_042230915.1	2
GCF_042231735.1	1
GCF_042258615.1	5
GCF_042258955.1	3
GCF_042259275.1	3
GCF_042263485.1	4
GCF_042295465.1	1
GCF_042429435.1	1
GCF_042429665.1	1
GCF_042430365.1	6
GCF_042430665.1	1
GCF_042431545.1	1
GCF_042432345.1	1
GCF_042432465.1	2
GCF_042432495.1	2
GCF_042432755.1	3
GCF_042432815.1	1
GCF_042432925.1	2
GCF_042433125.1	1
GCF_042433665.1	4
GCF_042433915.1	1
GCF_042434355.1	4
GCF_042434435.1	1
GCF_042434745.1	3
GCF_042434805.1	1
GCF_042435015.1	1
GCF_042466115.1	1
GCF_042466285.1	1
GCF_042466415.1	1
GCF_042466435.1	1
GCF_042466455.1	1
GCF_042466635.1	1
GCF_042466645.1	4
GCF_042466685.1	1
GCF_042604635.1	2
GCF_042610425.1	2
GCF_042611115.2	1
GCF_042643165.1	1
GCF_042643245.1	1
GCF_042643355.1	1
GCF_042643485.1	2
GCF_042643535.1	3
GCF_042646085.1	1
GCF_042646165.1	1
GCF_042646265.1	3
GCF_042646385.1	1
GCF_042646425.1	1
GCF_042646605.1	1
GCF_042647205.1	1
GCF_042647275.1	3
GCF_042647625.1	1
GCF_042647645.1	1
GCF_042647925.1	1
GCF_042648325.1	2
GCF_042648365.1	1
GCF_042648425.1	2
GCF_042648445.1	1
GCF_042648525.1	3
GCF_042648585.1	4
GCF_042648745.1	2
GCF_042648865.1	1
GCF_042648905.1	3
GCF_042648965.1	2
GCF_042649245.1	1
GCF_042649645.1	2
GCF_042649685.1	2
GCF_042649825.1	3
GCF_042650885.1	2
GCF_042651065.1	2
GCF_042651245.1	1
GCF_042651425.1	1
GCF_042651805.1	1
GCF_042651965.1	2
GCF_042652125.1	1
GCF_042652525.1	2
GCF_042652605.1	1
GCF_042652785.1	2
GCF_042652905.1	1
GCF_042652965.1	1
GCF_042653125.1	2
GCF_042653685.1	1
GCF_042653765.1	2
GCF_042654245.1	2
GCF_042654265.1	1
GCF_042654585.1	1
GCF_042654665.1	1
GCF_042654745.1	1
GCF_042654765.1	1
GCF_042654985.1	4
GCF_042655085.1	1
GCF_042655245.1	2
GCF_042655345.1	2
GCF_042655405.1	4
GCF_042655665.1	1
GCF_042655705.1	5
GCF_042655965.1	2
GCF_042656285.1	1
GCF_042656385.1	1
GCF_042656795.1	1
GCF_042657005.1	1
GCF_042657065.1	1
GCF_042657265.1	2
GCF_042657275.1	1
GCF_042657465.1	2
GCF_042657565.1	1
GCF_042657905.1	1
GCF_042658885.1	2
GCF_042659005.1	7
GCF_042659145.1	6
GCF_042659465.1	1
GCF_042659625.1	3
GCF_042660165.1	1
GCF_042660405.1	1
GCF_042660705.1	5
GCF_042661105.1	1
GCF_042661425.1	1
GCF_042661465.1	3
GCF_042661665.1	2
GCF_042661845.1	1
GCF_042663545.1	1
GCF_042663585.1	1
GCF_042664895.1	2
GCF_042664955.1	1
GCF_042665045.1	1
GCF_042665135.1	3
GCF_042665175.1	1
GCF_042665235.1	2
GCF_042665255.1	1
GCF_042665545.1	1
GCF_042665695.1	5
GCF_042666175.1	1
GCF_042666235.1	1
GCF_042666435.1	1
GCF_042666455.1	1
GCF_042666555.1	2
GCF_042666595.1	1
GCF_042666655.1	6
GCF_042671975.1	1
GCF_042672245.1	2
GCF_042674125.1	2
GCF_042675325.1	2
GCF_042675405.1	1
GCF_042675565.1	1
GCF_042675705.1	1
GCF_042676045.1	2
GCF_042676125.1	1
GCF_042676185.1	1
GCF_042676985.1	1
GCF_042677005.1	1
GCF_042677145.1	1
GCF_042677865.1	1
GCF_042678045.1	2
GCF_042678185.1	2
GCF_042678385.1	2
GCF_042678485.1	1
GCF_042678665.1	1
GCF_042679605.1	2
GCF_042679825.1	2
GCF_042680565.1	3
GCF_042680785.1	1
GCF_042681125.1	1
GCF_042681825.1	1
GCF_042682005.1	4
GCF_042682045.1	2
GCF_042682105.1	3
GCF_042682145.1	1
GCF_042682325.1	3
GCF_042682525.1	3
GCF_042682565.1	4
GCF_042682745.1	1
GCF_042682915.1	2
GCF_042683105.1	2
GCF_042683125.1	1
GCF_042683405.1	1
GCF_042683445.1	3
GCF_042683865.1	1
GCF_042684065.1	1
GCF_042684085.1	2
GCF_042684945.1	1
GCF_042685005.1	1
GCF_042686175.1	1
GCF_042687825.1	1
GCF_042691665.1	4
GCF_042693015.1	1
GCF_042693265.1	2
GCF_042700715.1	1
GCF_042701255.1	1
GCF_042701485.1	1
GCF_042714595.1	1
GCF_042721735.1	3
GCF_042734395.1	1
GCF_042739895.1	1
GCF_042741125.1	1
GCF_042743185.1	1
GCF_042748905.1	4
GCF_042748965.1	2
GCF_042754225.1	1
GCF_042762395.1	1
GCF_042793475.1	1
GCF_042797905.1	1
GCF_042800035.1	1
GCF_042802055.1	2
GCF_042847045.1	3
GCF_042848605.1	1
GCF_042850945.1	2
GCF_042853465.1	1
GCF_042854845.1	1
GCF_042865275.1	1
GCF_042865285.1	1
GCF_042879035.1	1
GCF_042885355.1	1
GCF_042886615.1	1
GCF_042920265.1	1
GCF_042932805.1	1
GCF_042980055.1	1
GCF_043099285.1	1
GCF_043099315.1	1
GCF_043187505.1	2
GCF_043187535.1	2
GCF_043194295.1	3
GCF_043194565.1	3
GCF_043194675.1	3
GCF_043194755.1	3
GCF_043194795.1	3
GCF_043194945.1	3
GCF_043195015.1	3
GCF_043195065.1	3
GCF_043195095.1	3
GCF_043195105.1	3
GCF_043195125.1	3
GCF_043195135.1	3
GCF_043195195.1	3
GCF_043197365.1	1
GCF_043197955.1	1
GCF_043198015.1	1
GCF_043198455.1	1
GCF_043225285.1	1
GCF_043226085.1	4
GCF_043355895.2	1
GCF_043355935.2	2
GCF_043359985.1	2
GCF_043496865.1	1
GCF_043496965.1	1
GCF_043496985.1	1
GCF_043508045.1	1
GCF_043555835.1	3
GCF_043555845.1	4
GCF_043555865.1	3
GCF_043555875.1	2
GCF_043555885.1	4
GCF_043555935.1	4
GCF_043555975.1	3
GCF_043555985.1	3
GCF_043557345.1	1
GCF_043558675.1	1
GCF_043585085.1	1
GCF_043589935.1	2
GCF_043641075.1	1
GCF_043641945.1	1
GCF_043642085.1	1
GCF_043677095.1	2
GCF_043726505.1	4
GCF_043769475.1	1
GCF_043770645.1	1
GCF_043778355.1	3
GCF_043950625.1	2
GCF_043950725.1	1
GCF_044003835.1	2
GCF_044029435.1	3
GCF_044029535.1	2
GCF_044055365.1	2
GCF_044055375.1	2
GCF_044056025.1	1
GCF_044056035.1	1
GCF_044130285.1	2
GCF_044142105.1	1
GCF_044218875.1	1
GCF_044224575.1	1
GCF_044224635.1	4
GCF_044224985.1	2
GCF_044225925.1	2
GCF_044226135.1	2
GCF_044226305.1	1
GCF_044226765.1	1
GCF_044226965.1	3
GCF_044227025.1	1
GCF_044236835.1	2
GCF_044239655.1	1
GCF_044326205.1	3
GCF_044326315.1	1
GCF_044326345.1	1
GCF_044326415.1	1
GCF_044335505.1	1
GCF_044336365.1	1
GCF_044336785.1	1
GCF_044336875.1	1
GCF_044339385.1	2
GCF_044340795.1	3
GCF_044344315.1	4
GCF_044346625.1	1
GCF_044358605.1	3
GCF_044359855.1	1
GCF_044360475.1	2
GCF_044360685.1	2
GCF_044361645.1	2
GCF_044361985.1	1
GCF_044372965.1	2
GCF_044373035.1	1
GCF_044373315.1	2
GCF_044386975.1	1
GCF_044452385.1	4
GCF_044452505.1	2
GCF_044453095.1	2
GCF_044461365.1	1
GCF_044464525.1	2
GCF_044466355.1	1
GCF_044472985.1	1
GCF_044501185.1	2
GCF_044501195.1	5
GCF_044541255.1	1
GCF_044542155.1	1
GCF_044542375.1	1
GCF_044542515.1	1
GCF_044543385.1	1
GCF_044547355.1	3
GCF_044595625.1	1
GCF_044598075.1	1
GCF_044624615.1	2
GCF_044626755.1	4
GCF_044741685.1	2
GCF_044742995.1	1
GCF_044743155.1	2
GCF_044744235.1	1
GCF_044744285.1	1
GCF_044744955.1	1
GCF_044745225.1	4
GCF_044745245.1	4
GCF_044745265.1	4
GCF_044746405.1	2
GCF_044746785.1	1
GCF_044748405.1	1
GCF_044748725.1	1
GCF_044748865.1	1
GCF_044748965.1	5
GCF_044749405.1	1
GCF_044749445.1	1
GCF_044749485.1	1
GCF_044749595.1	3
GCF_044750615.1	1
GCF_044752385.1	1
GCF_044755415.1	1
GCF_044756305.1	2
GCF_044757485.1	1
GCF_044758975.1	2
GCF_044759095.2	1
GCF_044759925.1	1
GCF_044759945.1	1
GCF_044760045.1	1
GCF_044761395.1	1
GCF_044761695.1	1
GCF_044761995.1	3
GCF_044762155.1	1
GCF_044762525.1	1
GCF_044762775.1	1
GCF_044765885.1	1
GCF_044767325.1	4
GCF_044768185.1	2
GCF_044769005.1	2
GCF_044769185.1	1
GCF_044769665.1	2
GCF_044772165.1	1
GCF_044772185.1	4
GCF_044772285.1	1
GCF_044772865.1	1
GCF_044788725.1	1
GCF_044790785.1	1
GCF_044791665.1	1
GCF_044792175.1	1
GCF_044792555.1	3
GCF_044797855.1	1
GCF_044803115.1	2
GCF_044803185.1	1
GCF_044805175.1	1
GCF_044807075.1	1
GCF_044809035.1	1
GCF_044809155.1	1
GCF_044810985.1	1
GCF_044813085.1	2
GCF_044881185.1	1
GCF_044881195.1	1
GCF_044901715.1	1
GCF_044904565.1	4
GCF_044904605.1	1
GCF_044904665.1	2
GCF_044904675.1	1
GCF_044904705.1	2
GCF_044905095.1	1
GCF_044909315.1	4
GCF_044962685.1	2
GCF_044987305.1	3
GCF_044987515.1	1
GCF_045013505.1	1
GCF_045014805.1	1
GCF_045016055.1	1
GCF_045016065.1	3
GCF_045055315.1	2
GCF_045064235.1	1
GCF_045106495.1	1
GCF_045108345.1	3
GCF_045161165.1	1
GCF_045277565.1	1
GCF_045278885.1	1
GCF_045278895.1	1
GCF_045287255.1	1
GCF_045291395.1	2
GCF_045343915.1	1
GCF_045345115.1	1
GCF_045348435.1	3
GCF_045363165.1	1
GCF_045447035.1	2
GCF_045449635.1	2
GCF_045571415.1	5
GCF_045571435.1	5
GCF_045571465.1	7
GCF_045571485.1	3
GCF_045571495.1	5
GCF_045628685.1	1
GCF_045679545.1	4
GCF_045689225.1	3
GCF_045689605.1	2
GCF_045763785.1	1
GCF_045764065.1	1
GCF_045797845.1	1
GCF_045802625.1	2
GCF_045802675.1	3
GCF_045807025.1	1
GCF_045807065.1	1
GCF_045809005.1	3
GCF_045862855.1	2
GCF_045920555.1	1
GCF_045984285.3	2
GCF_046000175.1	3
GCF_046000485.1	1
GCF_046000505.1	1
GCF_046025915.1	3
GCF_046025995.1	3
GCF_046026025.1	3
GCF_046026035.1	6
GCF_046026675.1	3
GCF_046026855.1	3
GCF_046026895.1	5
GCF_046027075.1	7
GCF_046027215.1	4
GCF_046027355.1	6
GCF_046027395.1	6
GCF_046027605.1	3
GCF_046027825.1	6
GCF_046028095.1	4
GCF_046030355.1	4
GCF_046030495.1	3
GCF_046030555.1	3
GCF_046030735.1	2
GCF_046042685.1	1
GCF_046052825.1	1
GCF_046097095.1	1
GCF_046097105.1	1
GCF_046114465.1	1
GCF_046154385.1	1
GCF_046156265.1	1
GCF_046156345.1	3
GCF_046159835.1	1
GCF_046226845.1	1
GCF_046233715.1	1
GCF_046237605.1	2
GCF_046237625.1	2
GCF_046237635.1	1
GCF_046250075.1	1
GCF_046267815.1	5
GCF_046267895.1	2
GCF_046269225.1	1
GCF_046269425.1	1
GCF_046271865.1	3
GCF_046289365.1	3
GCF_046289595.1	4
GCF_046289755.1	1
GCF_046290545.1	2
GCF_046291045.1	5
GCF_046291265.1	2
GCF_046292185.1	1
GCF_046292505.1	1
GCF_046292685.1	1
GCF_046292825.1	1
GCF_046293315.1	1
GCF_046293535.1	1
GCF_046294525.1	3
GCF_046294995.1	2
GCF_046295075.1	2
GCF_046295235.1	2
GCF_046295595.1	1
GCF_046297595.1	1
GCF_046297615.1	1
GCF_046297895.1	1
GCF_046299535.1	1
GCF_046299595.1	1
GCF_046299695.1	3
GCF_046300915.1	2
GCF_046313735.1	1
GCF_046313975.1	1
GCF_046314175.1	2
GCF_046314235.1	1
GCF_046328425.1	2
GCF_046339755.1	4
GCF_046341535.1	1
GCF_046348265.1	2
GCF_046348305.1	5
GCF_046349115.1	1
GCF_046452315.1	2
GCF_046452375.1	1
GCF_046452435.1	1
GCF_046462195.1	2
GCF_046462495.1	1
GCF_046483325.1	1
GCF_046484525.1	2
GCF_046498525.1	1
GCF_046503825.1	1
GCF_046507805.1	1
GCF_046521305.1	2
GCF_046530675.1	2
GCF_046532705.1	1
GCF_046535245.1	5
GCF_046542825.1	1
GCF_046546475.1	2
GCF_046546495.1	2
GCF_046548775.1	3
GCF_046548795.1	2
GCF_046548895.1	1
GCF_046548975.1	1
GCF_046548995.1	2
GCF_046549055.1	1
GCF_046549135.1	2
GCF_046557895.1	5
GCF_046557955.1	1
GCF_046581065.1	3
GCF_046581935.1	1
GCF_046591575.1	1
GCF_046592965.1	1
GCF_046595215.1	2
GCF_046599315.1	1
GCF_046600735.1	1
GCF_046603725.1	1
GCF_046603995.1	2
GCF_046604225.1	2
GCF_046605395.1	1
GCF_046614675.1	1
GCF_046614695.1	1
GCF_046640325.1	1
GCF_046710025.1	1
GCF_046723295.1	1
GCF_046736075.1	1
GCF_046736325.1	1
GCF_046736345.1	1
GCF_046736355.1	1
GCF_046824995.1	1
GCF_046837775.1	1
GCF_046840415.1	1
GCF_046844695.1	2
GCF_047041135.1	2
GCF_047047955.1	3
GCF_047123305.1	1
GCF_047124445.1	1
GCF_047126315.1	1
GCF_047127275.1	6
GCF_047130825.1	1
GCF_047149785.1	1
GCF_047200775.1	1
GCF_047222355.1	2
GCF_047238125.1	1
GCF_047250365.1	1
GCF_047263945.1	1
GCF_047275745.1	1
GCF_047300815.1	4
GCF_047300875.1	2
GCF_047302305.1	2
GCF_047302815.1	3
GCF_047303325.1	4
GCF_047303955.1	1
GCF_047304025.1	1
GCF_047324325.1	1
GCF_047324905.1	1
GCF_047340315.1	1
GCF_047345005.1	2
GCF_047345015.1	1
GCF_047372505.1	1
GCF_047444035.1	3
GCF_047444045.1	4
GCF_047468865.1	2
GCF_047495475.1	1
GCF_047497095.1	3
GCF_047497165.1	2
GCF_047497475.1	1
GCF_047497515.1	1
GCF_047501465.1	2
GCF_047501495.1	2
GCF_047501535.1	2
GCF_047501685.1	1
GCF_047549485.1	2
GCF_047553045.1	1
GCF_047553425.1	1
GCF_047556435.1	1
GCF_047600445.1	3
GCF_047600745.1	1
GCF_047600905.1	4
GCF_047601025.1	4
GCF_047601385.1	3
GCF_047601425.1	2
GCF_047601565.1	2
GCF_047602075.1	1
GCF_047602525.1	2
GCF_047602625.1	1
GCF_047605385.1	4
GCF_047605465.1	5
GCF_047605525.1	3
GCF_047605585.1	1
GCF_047606305.1	1
GCF_047607405.1	2
GCF_047608665.1	1
GCF_047617075.1	1
GCF_047631575.1	1
GCF_047634355.1	1
GCF_047636175.1	1
GCF_047638075.1	4
GCF_047638095.1	1
GCF_047654785.1	2
GCF_047654805.1	3
GCF_047690175.1	2
GCF_047711255.1	2
GCF_047711275.1	3
GCF_047715485.1	1
GCF_047758675.1	1
GCF_047758685.1	1
GCF_047777875.1	1
GCF_047778025.1	1
GCF_047778045.1	1
GCF_047778075.1	1
GCF_047778115.1	1
GCF_047778125.1	1
GCF_047781705.1	1
GCF_047782425.1	1
GCF_047782825.1	1
GCF_047795635.1	1
GCF_047795645.1	1
GCF_047806685.1	3
GCF_047824785.1	1
GCF_047872805.1	1
GCF_047921035.1	1
GCF_047946665.1	1
GCF_047947025.1	1
GCF_047948315.1	1
GCF_047971665.1	2
GCF_047973135.1	2
GCF_047973605.1	2
GCF_047975165.1	2
GCF_047975795.1	2
GCF_047975845.1	1
GCF_048006345.1	1
GCF_048007105.1	1
GCF_048007885.1	2
GCF_048015635.2	1
GCF_048019295.1	3
GCF_048020265.1	1
GCF_048059015.1	1
GCF_048060095.1	1
GCF_048066115.1	3
GCF_048066175.1	2
GCF_048068035.1	1
GCF_048068055.1	1
GCF_048068295.1	2
GCF_048069595.1	1
GCF_048077055.1	1
GCF_048081605.1	2
GCF_048146105.1	2
GCF_048159605.1	2
GCF_048161455.1	1
GCF_048259445.1	1
GCF_048259695.1	1
GCF_048260565.1	2
GCF_048261205.1	1
GCF_048261495.1	1
GCF_048261515.1	1
GCF_048261595.1	1
GCF_048261845.1	1
GCF_048262375.1	1
GCF_048262615.1	1
GCF_048263065.1	2
GCF_048263515.1	1
GCF_048263965.1	1
GCF_048264025.1	1
GCF_048264965.1	1
GCF_048265905.1	1
GCF_048266285.1	1
GCF_048266405.1	1
GCF_048266585.1	1
GCF_048266785.1	1
GCF_048268045.1	1
GCF_048268305.1	1
GCF_048269445.1	1
GCF_048269965.1	2
GCF_048288345.1	2
GCF_048296725.1	2
GCF_048302415.1	1
GCF_048305125.1	2
GCF_048320135.1	3
GCF_048321015.1	1
GCF_048323695.1	3
GCF_048323755.1	1
GCF_048381675.1	2
GCF_048396365.1	1
GCF_048515765.1	4
GCF_048537555.1	2
GCF_048538155.1	1
GCF_048541585.1	5
GCF_048541825.1	2
GCF_048541895.1	1
GCF_048548695.1	1
GCF_048549895.1	3
GCF_048551375.1	2
GCF_048551975.1	1
GCF_048552595.1	2
GCF_048553275.1	1
GCF_048553715.1	1
GCF_048565165.1	1
GCF_048565625.1	2
GCF_048568905.1	1
GCF_048569675.1	3
GCF_048572845.1	2
GCF_048585685.1	1
GCF_048590325.1	2
GCF_048594475.1	1
GCF_048594625.1	1
GCF_048594845.1	2
GCF_048595155.1	1
GCF_048595345.1	2
GCF_048627035.1	1
GCF_048632615.1	1
GCF_048654725.1	1
GCF_048751585.1	2
GCF_048799745.1	5
GCF_048799805.1	1
GCF_048820895.1	1
GCF_048820915.1	1
GCF_048820975.1	1
GCF_048822855.1	1
GCF_048860245.1	2
GCF_048892425.1	1
GCF_048957715.1	3
GCF_049056525.1	1
GCF_049059565.2	4
GCF_049060025.1	1
GCF_049060505.1	2
GCF_049103745.1	1
GCF_049116215.1	1
GCF_049116455.1	1
GCF_049132105.1	1
GCF_049166755.1	1
GCF_049195285.1	1
GCF_049198005.1	3
GCF_049199305.1	1
GCF_049220665.1	2
GCF_049240545.1	2
GCF_049257195.1	1
GCF_049274795.1	4
GCF_049276915.1	1
GCF_049280035.1	1
GCF_049281135.1	1
GCF_049283275.1	1
GCF_049286785.1	2
GCF_049299075.1	1
GCF_049299235.1	2
GCF_049300855.1	2
GCF_049301935.1	1
GCF_049302455.1	3
GCF_049304695.1	1
GCF_049310345.1	1
GCF_049310965.1	1
GCF_049311085.1	2
GCF_049314955.1	1
GCF_049315965.1	1
GCF_049316285.1	5
GCF_049316945.1	3
GCF_049317225.1	3
GCF_049319705.1	3
GCF_049323015.1	2
GCF_049330835.1	3
GCF_049331905.1	1
GCF_049334135.1	2
GCF_049339385.1	4
GCF_049339405.1	3
GCF_049339445.1	2
GCF_049339485.1	3
GCF_049339825.1	2
GCF_049339865.1	3
GCF_049339885.1	4
GCF_049339905.1	2
GCF_049340165.1	2
GCF_049340185.1	2
GCF_049340205.1	3
GCF_049340215.1	2
GCF_049340285.1	3
GCF_049340305.1	1
GCF_049340325.1	2
GCF_049340345.1	4
GCF_049340365.1	3
GCF_049340385.1	3
GCF_049340405.1	3
GCF_049340425.1	4
GCF_049340445.1	3
GCF_049340485.1	3
GCF_049341065.1	1
GCF_049391125.1	4
GCF_049393815.1	5
GCF_049445835.1	2
GCF_049445855.1	3
GCF_049445895.1	1
GCF_049445955.1	1
GCF_049445995.1	1
GCF_049446115.1	2
GCF_049446155.1	2
GCF_049446235.1	2
GCF_049512235.1	4
GCF_049514155.1	1
GCF_049519115.1	5
GCF_049532675.1	4
GCF_049532875.1	4
GCF_049532885.1	3
GCF_049532895.1	1
GCF_049532905.1	1
GCF_049532965.1	3
GCF_049532975.1	1
GCF_049581145.1	6
GCF_049581445.1	7
GCF_049581465.1	2
GCF_049585075.1	1
GCF_049586575.1	2
GCF_049590575.1	1
GCF_049602355.1	1
GCF_049603855.1	1
GCF_049605515.1	4
GCF_049629625.1	2
GCF_049645325.1	2
GCF_049647105.1	1
GCF_049647645.1	2
GCF_049647785.1	1
GCF_049649345.1	1
GCF_049650445.1	2
GCF_049651025.1	1
GCF_049651205.1	2
GCF_049653025.1	1
GCF_049655405.1	1
GCF_049671645.1	2
GCF_049673105.1	2
GCF_049673265.1	1
GCF_049675845.1	4
GCF_049675895.1	4
GCF_049680325.1	1
GCF_049691595.1	3
GCF_049727625.1	3
GCF_049727805.1	1
GCF_049728535.1	1
GCF_049747295.1	4
GCF_049790275.1	3
GCF_049790535.1	3
GCF_049798375.1	3
GCF_049800715.1	1
GCF_049800775.1	1
GCF_049800835.1	2
GCF_049800855.1	1
GCF_049800875.1	1
GCF_049800895.1	1
GCF_049800915.1	3
GCF_049800955.1	1
GCF_049800975.1	1
GCF_049801095.1	1
GCF_049803795.1	1
GCF_049803815.1	1
GCF_049803835.1	1
GCF_049808615.1	3
GCF_049810355.1	1
GCF_049830555.1	1
GCF_049843555.1	1
GCF_049847425.1	1
GCF_049887195.1	2
GCF_049887755.1	1
GCF_049887795.1	1
GCF_049887815.1	3
GCF_049889055.1	1
GCF_049895885.1	1
GCF_049895905.1	2
GCF_049896085.1	1
GCF_049896205.1	1
GCF_049896225.1	1
GCF_049896245.1	1
GCF_049896285.1	1
GCF_049896705.1	2
GCF_049896725.1	4
GCF_049897365.1	1
GCF_049897565.1	2
GCF_049897645.1	1
GCF_049897745.1	2
GCF_049897805.1	2
GCF_049897905.1	1
GCF_049898205.1	1
GCF_049898225.1	2
GCF_049898325.1	2
GCF_049913185.1	1
GCF_049913255.1	2
GCF_049913335.1	1
GCF_049913345.1	5
GCF_049918595.1	4
GCF_049943335.1	1
GCF_049949265.1	6
GCF_049949275.1	6
GCF_049949285.1	6
GCF_049977125.1	1
GCF_049977365.1	2
GCF_049991885.1	1
GCF_049993385.1	7
GCF_049993905.1	7
GCF_049994355.1	1
GCF_049994385.1	1
GCF_050014615.1	2
GCF_050026735.1	2
GCF_050026795.1	2
GCF_050026815.1	1
GCF_050038885.1	1
GCF_050058005.1	1
GCF_050107595.1	1
GCF_050107715.1	1
GCF_050154705.1	2
GCF_050175175.1	1
GCF_050175855.1	4
GCF_050176255.1	1
GCF_050177655.1	1
GCF_050181815.1	3
GCF_050182545.1	4
GCF_050185545.1	3
GCF_050185995.1	1
GCF_050205315.1	1
GCF_050205485.1	1
GCF_050205645.1	2
GCF_050211585.1	1
GCF_050215315.1	1
GCF_050246655.1	3
GCF_050246775.1	1
GCF_050250235.1	5
GCF_050250835.1	3
GCF_050250995.1	1
GCF_050251305.1	2
GCF_050253495.1	2
GCF_050266975.1	1
GCF_050268705.1	1
GCF_050269715.1	1
GCF_050269995.1	1
GCF_050270675.1	2
GCF_050273135.1	1
GCF_050274375.1	1
GCF_050275555.1	1
GCF_050275675.1	3
GCF_050279465.1	2
GCF_050280625.1	2
GCF_050280645.1	1
GCF_050280705.1	2
GCF_050280905.1	1
GCF_050281185.1	1
GCF_050282285.1	1
GCF_050285565.1	2
GCF_050285585.1	2
GCF_050300915.1	1
GCF_050301095.1	2
GCF_050310045.1	1
GCF_050315115.1	1
GCF_050320135.1	3
GCF_050320375.1	1
GCF_050320885.1	1
GCF_050336695.1	3
GCF_050336715.1	2
GCF_050336815.1	2
GCF_050336885.1	2
GCF_050336935.1	4
GCF_050337005.1	2
GCF_050337045.1	1
GCF_050337085.1	1
GCF_050337435.1	1
GCF_050379415.1	1
GCF_050379435.1	1
GCF_050389775.1	2
GCF_050408545.1	1
GCF_050432925.1	1
GCF_050432945.1	2
GCF_050433165.1	1
GCF_050433185.1	1
GCF_050433225.1	3
GCF_050433305.1	2
GCF_050433665.1	1
GCF_050434805.1	1
GCF_050434865.1	2
GCF_050434925.1	2
GCF_050435305.1	1
GCF_050435445.1	1
GCF_050435685.1	11
GCF_050435725.1	1
GCF_050435825.1	4
GCF_050435905.1	1
GCF_050435945.1	3
GCF_050436545.1	6
GCF_050436565.1	8
GCF_050436585.1	2
GCF_050436665.1	6
GCF_050456785.1	2
GCF_050457485.1	1
GCF_050470685.1	5
GCF_050477185.1	1
GCF_050477885.1	1
GCF_050477905.1	1
GCF_050483325.1	1
GCF_050485565.1	1
GCF_050496565.1	1
GCF_050500245.1	1
GCF_050507135.1	3
GCF_050507655.1	1
GCF_050510895.1	1
GCF_050516545.1	1
GCF_050563465.1	1
GCF_050563525.1	2
GCF_050563535.1	1
GCF_050563545.1	8
GCF_050563605.1	1
GCF_050574925.1	1
GCF_050586345.1	1
GCF_050586465.1	1
GCF_050586525.1	1
GCF_050586545.1	1
GCF_050589605.1	2
GCF_050591105.1	4
GCF_050613145.1	1
GCF_050626895.1	2
GCF_050626985.1	3
GCF_050626995.1	3
GCF_050627025.1	2
GCF_050632145.1	3
GCF_050632175.1	2
GCF_050632185.1	3
GCF_050632215.1	1
GCF_050632235.1	3
GCF_050632255.1	1
GCF_050632335.1	5
GCF_050632385.1	3
GCF_050632395.1	1
GCF_050632405.1	4
GCF_050633425.1	1
GCF_050633725.1	1
GCF_050699915.1	1
GCF_050699935.1	1
GCF_050703495.1	1
GCF_050709955.1	2
GCF_050725395.1	5
GCF_050725575.1	1
GCF_050725615.1	1
GCF_050725655.1	2
GCF_050726195.1	2
GCF_050728395.1	5
GCF_050729195.1	4
GCF_050729455.1	1
GCF_050737075.1	1
GCF_050739655.1	2
GCF_050739775.1	1
GCF_050739995.1	1
GCF_050742655.1	3
GCF_050748925.1	2
GCF_050749805.1	1
GCF_050749815.1	1
GCF_050753385.1	1
GCF_050768835.1	3
GCF_050780135.1	1
GCF_050789285.1	1
GCF_050821495.1	2
GCF_050847355.1	1
GCF_050847365.1	7
GCF_050859475.1	1
GCF_050865035.1	1
GCF_050870795.1	1
GCF_050876985.1	1
GCF_050880345.1	2
GCF_050880385.1	2
GCF_050896375.1	2
GCF_050896395.1	1
GCF_050897955.1	1
GCF_050897975.1	1
GCF_050908845.1	1
GCF_050916005.1	1
GCF_050916055.1	1
GCF_050916355.1	2
GCF_050916385.1	2
GCF_050920675.1	1
GCF_050942255.1	1
GCF_050942325.1	1
GCF_050943655.1	2
GCF_050944745.1	1
GCF_050946365.1	2
GCF_050946405.1	2
GCF_050955885.1	1
GCF_050955895.1	2
GCF_050958605.1	1
GCF_050971785.1	3
GCF_050971805.1	1
GCF_050987925.1	1
GCF_050989985.1	2
GCF_050990305.1	2
GCF_051007235.1	2
GCF_051016195.1	1
GCF_051027385.1	2
GCF_051027425.1	3
GCF_051027545.1	2
GCF_051054295.1	1
GCF_051055415.1	1
GCF_051061225.1	2
GCF_051061285.1	2
GCF_051062815.1	2
GCF_051117345.1	1
GCF_051122455.1	4
GCF_051122755.1	1
GCF_051124815.1	2
GCF_051125205.1	4
GCF_051129845.1	2
GCF_051132095.1	1
GCF_051132105.1	1
GCF_051132135.1	1
GCF_051132205.1	1
GCF_051132405.1	2
GCF_051161885.1	3
GCF_051162185.1	1
GCF_051162505.1	1
GCF_051167555.1	4
GCF_051167715.1	3
GCF_051168495.1	4
GCF_051174785.1	1
GCF_051195035.1	2
GCF_051195215.1	3
GCF_051195235.1	1
GCF_051207375.1	2
GCF_051207395.1	1
GCF_051207415.1	3
GCF_051208015.1	1
GCF_051209915.1	2
GCF_051216375.1	3
GCF_051216395.1	2
GCF_051216415.1	2
GCF_051216435.1	2
GCF_051216475.1	2
GCF_051216495.1	3
GCF_051216515.1	3
GCF_051216545.1	2
GCF_051216615.1	2
GCF_051216635.1	2
GCF_051216695.1	2
GCF_051216715.1	3
GCF_051216855.1	2
GCF_051216905.1	3
GCF_051217035.1	1
GCF_051225715.1	2
GCF_051233475.1	1
GCF_051233485.1	1
GCF_051251555.1	1
GCF_051251565.1	1
GCF_051262535.1	1
GCF_051262635.1	1
GCF_051280745.1	1
GCF_051306395.1	1
GCF_051306965.1	1
GCF_051307025.1	1
GCF_051353055.1	1
GCF_051353635.1	1
GCF_051364635.1	1
GCF_051380665.1	3
GCF_051380715.1	3
GCF_051380725.1	3
GCF_051380735.1	4
GCF_051380775.1	3
GCF_051380795.1	3
GCF_051380875.1	2
GCF_051380895.1	3
GCF_051380935.1	3
GCF_051383655.1	2
GCF_051386375.1	1
GCF_051390635.1	1
GCF_051400595.1	1
GCF_051400615.1	2
GCF_051400635.1	1
GCF_051400715.1	1
GCF_051400855.1	2
GCF_051414035.1	1
GCF_051414055.1	1
GCF_051414115.1	1
GCF_051414135.1	1
GCF_051433165.1	1
GCF_051433195.1	2
GCF_051473855.1	2
GCF_051474125.1	2
GCF_051487185.1	1
GCF_051519095.1	2
GCF_051521405.1	4
GCF_051521495.1	3
GCF_051521505.1	2
GCF_051521555.1	2
GCF_051521565.1	3
GCF_051535215.1	1
GCF_051535235.1	1
GCF_051550705.1	2
GCF_051623805.1	1
GCF_051645465.1	2
GCF_051652165.1	1
GCF_051657805.1	2
GCF_051659485.1	2
GCF_051660785.1	1
GCF_051660965.1	1
GCF_051668705.1	1
GCF_051669845.1	1
GCF_051710265.1	3
GCF_051783885.1	5
GCF_051801355.1	1
GCF_051810745.1	1
GCF_051811025.1	4
GCF_051853005.1	8
GCF_051857475.1	3
GCF_051857515.1	4
GCF_051857535.1	3
GCF_051857595.1	6
GCF_051858985.1	3
GCF_051858995.1	1
GCF_051859025.1	2
GCF_051859345.1	1
GCF_051859565.1	1
GCF_051859625.1	1
GCF_051859905.1	1
GCF_051860145.1	1
GCF_051860475.1	4
GCF_051860505.1	1
GCF_051860585.1	2
GCF_051860605.1	1
GCF_051860625.1	1
GCF_051860665.1	1
GCF_051860785.1	4
GCF_051860865.1	2
GCF_051861155.1	2
GCF_051861465.1	1
GCF_051876515.1	1
GCF_051900415.1	1
GCF_051900425.1	1
GCF_051900535.1	1
GCF_051903925.1	2
GCF_051904045.1	2
GCF_051904765.1	1
GCF_051904805.1	5
GCF_051904845.1	2
GCF_051905455.1	2
GCF_051912485.1	1
GCF_051912545.1	1
GCF_051930985.1	1
GCF_051940335.1	1
GCF_051947995.1	2
GCF_051948935.1	3
GCF_051952415.1	1
GCF_051953405.1	6
GCF_051953955.1	5
GCF_051954415.1	1
GCF_051954495.1	4
GCF_051954575.1	1
GCF_051956075.1	1
GCF_051958795.1	1
GCF_051958935.1	1
GCF_051960075.1	2
GCF_051961175.1	6
GCF_051962185.1	1
GCF_051962475.1	2
GCF_051965015.1	2
GCF_051987395.1	2
GCF_052037695.1	2
GCF_052040125.1	2
GCF_052040145.1	2
GCF_052041925.1	1
GCF_052041945.1	1
GCF_052043945.1	4
GCF_052044325.1	1
GCF_052045085.1	1
GCF_052045245.1	5
GCF_052045505.1	2
GCF_052055585.1	1
GCF_052060015.1	2
GCF_052072235.1	1
GCF_052076015.1	5
GCF_052076105.1	3
GCF_052076115.1	1
GCF_052078665.1	1
GCF_052078695.1	1
GCF_052095695.1	1
GCF_052095765.1	1
GCF_052103615.1	1
GCF_052106715.1	1
GCF_052113205.1	2
GCF_052113425.1	7
GCF_052113585.1	2
GCF_052113705.1	1
GCF_052113965.1	1
GCF_052114005.1	1
GCF_052114025.1	2
GCF_052114165.1	3
GCF_052114385.1	4
GCF_052114565.1	1
GCF_052114685.1	1
GCF_052114725.1	2
GCF_052114865.1	3
GCF_052114965.1	1
GCF_052115025.1	4
GCF_052115045.1	8
GCF_052115385.1	3
GCF_052115465.1	3
GCF_052115485.1	1
GCF_052115545.1	3
GCF_052119505.1	1
GCF_052119585.1	1
GCF_052119705.1	1
GCF_052145335.1	7
GCF_052145395.1	4
GCF_052145595.1	1
GCF_052147955.1	1
GCF_052156495.1	1
GCF_052161745.1	1
GCF_052168295.1	2
GCF_052168335.1	1
GCF_052168375.1	1
GCF_052180245.1	2
GCF_052180275.1	2
GCF_052186135.1	3
GCF_052232875.1	1
GCF_052245875.1	1
GCF_052327305.1	1
GCF_052327315.1	1
GCF_052363175.1	1
GCF_900005615.1	2
GCF_900007165.1	7
GCF_900009145.1	1
GCF_900010725.2	1
GCF_900013425.1	1
GCF_900019265.1	5
GCF_900044055.2	5
GCF_900055185.1	3
GCF_900060185.1	3
GCF_900070365.1	1
GCF_900078315.1	2
GCF_900078335.1	2
GCF_900078365.1	2
GCF_900078705.1	2
GCF_900086985.1	1
GCF_900087055.1	1
GCF_900088415.1	1
GCF_900088825.1	2
GCF_900089455.2	2
GCF_900089495.1	2
GCF_900089945.1	2
GCF_900089955.1	2
GCF_900090195.1	4
GCF_900090205.1	3
GCF_900093605.1	1
GCF_900094545.1	2
GCF_900094555.1	2
GCF_900094565.1	2
GCF_900094575.1	6
GCF_900094585.1	2
GCF_900094595.1	5
GCF_900094605.1	8
GCF_900094735.1	1
GCF_900095025.1	2
GCF_900095225.1	1
GCF_900095265.1	3
GCF_900096915.1	2
GCF_900096975.1	4
GCF_900099555.1	1
GCF_900099645.1	1
GCF_900099775.1	1
GCF_900099785.1	1
GCF_900099805.1	2
GCF_900099825.1	4
GCF_900099835.1	3
GCF_900099905.1	2
GCF_900099935.1	1
GCF_900100005.1	1
GCF_900100045.1	2
GCF_900100085.1	1
GCF_900100155.1	1
GCF_900100195.1	1
GCF_900100205.1	3
GCF_900100255.1	1
GCF_900100305.1	2
GCF_900100335.1	1
GCF_900100365.1	1
GCF_900100655.1	1
GCF_900100735.1	6
GCF_900100785.1	1
GCF_900100795.1	1
GCF_900100915.1	3
GCF_900100965.1	2
GCF_900101175.1	1
GCF_900101345.1	1
GCF_900101455.1	1
GCF_900101465.1	2
GCF_900101475.1	1
GCF_900101505.1	1
GCF_900101545.1	2
GCF_900101615.1	3
GCF_900101625.1	9
GCF_900101755.1	1
GCF_900101825.1	1
GCF_900101865.1	1
GCF_900101905.1	1
GCF_900102015.1	1
GCF_900102035.1	1
GCF_900102075.1	2
GCF_900102135.1	3
GCF_900102195.1	3
GCF_900102315.1	1
GCF_900102425.1	2
GCF_900102465.1	1
GCF_900102505.1	2
GCF_900102525.1	2
GCF_900102535.1	1
GCF_900102625.1	2
GCF_900102635.1	1
GCF_900102675.1	1
GCF_900102745.1	2
GCF_900102795.1	1
GCF_900102875.1	1
GCF_900102885.1	2
GCF_900102945.1	1
GCF_900103195.1	2
GCF_900103325.1	2
GCF_900103345.1	1
GCF_900103365.1	4
GCF_900103405.1	5
GCF_900103445.1	2
GCF_900103645.1	1
GCF_900103785.1	4
GCF_900103845.1	2
GCF_900103865.1	2
GCF_900103875.1	1
GCF_900103935.1	1
GCF_900104025.1	1
GCF_900104065.1	1
GCF_900104085.1	1
GCF_900104095.1	6
GCF_900104135.1	1
GCF_900104145.1	2
GCF_900104255.1	1
GCF_900104265.1	1
GCF_900104305.1	2
GCF_900104355.1	1
GCF_900104385.1	3
GCF_900104485.1	1
GCF_900104515.1	3
GCF_900104575.1	1
GCF_900104795.1	4
GCF_900104805.1	3
GCF_900104845.1	3
GCF_900104955.1	2
GCF_900104965.1	1
GCF_900105055.1	1
GCF_900105075.1	1
GCF_900105115.1	1
GCF_900105125.1	4
GCF_900105155.1	1
GCF_900105185.1	2
GCF_900105255.1	1
GCF_900105325.1	1
GCF_900105355.1	1
GCF_900105475.1	1
GCF_900105485.1	1
GCF_900105495.1	1
GCF_900105595.1	1
GCF_900105655.1	1
GCF_900105675.1	1
GCF_900105735.1	1
GCF_900105805.1	1
GCF_900105885.1	1
GCF_900105905.1	1
GCF_900105945.1	2
GCF_900105995.1	1
GCF_900106015.1	1
GCF_900106045.1	1
GCF_900106065.1	1
GCF_900106515.1	2
GCF_900106525.1	1
GCF_900106535.1	1
GCF_900106675.1	1
GCF_900106695.1	1
GCF_900106805.1	1
GCF_900106945.1	1
GCF_900107015.1	1
GCF_900107045.1	1
GCF_900107095.1	4
GCF_900107105.1	5
GCF_900107155.1	1
GCF_900107175.1	1
GCF_900107235.1	1
GCF_900107285.1	2
GCF_900107395.1	2
GCF_900107415.1	1
GCF_900107585.1	3
GCF_900107605.1	4
GCF_900107685.1	3
GCF_900107745.1	4
GCF_900107925.1	1
GCF_900107935.1	2
GCF_900107995.1	1
GCF_900108065.1	1
GCF_900108175.1	1
GCF_900108225.1	1
GCF_900108245.1	3
GCF_900108295.1	2
GCF_900108475.1	1
GCF_900108875.1	1
GCF_900108945.1	8
GCF_900109035.1	1
GCF_900109095.1	1
GCF_900109145.1	1
GCF_900109175.1	3
GCF_900109195.1	1
GCF_900109265.1	5
GCF_900109285.1	2
GCF_900109295.1	1
GCF_900109455.1	1
GCF_900109495.1	1
GCF_900109525.1	4
GCF_900109545.1	1
GCF_900109645.1	2
GCF_900109705.1	1
GCF_900109725.1	1
GCF_900109735.1	1
GCF_900109745.1	3
GCF_900109755.1	1
GCF_900109775.1	1
GCF_900109855.1	1
GCF_900109915.1	1
GCF_900109925.1	2
GCF_900109945.1	5
GCF_900109955.1	2
GCF_900109995.1	1
GCF_900110025.1	1
GCF_900110065.1	1
GCF_900110115.1	1
GCF_900110135.1	1
GCF_900110215.1	1
GCF_900110225.1	2
GCF_900110265.1	1
GCF_900110275.1	3
GCF_900110465.1	2
GCF_900110505.1	1
GCF_900110555.1	3
GCF_900110575.1	1
GCF_900110585.1	3
GCF_900110655.1	1
GCF_900110765.1	1
GCF_900110775.1	1
GCF_900110865.1	2
GCF_900110875.1	2
GCF_900110885.1	2
GCF_900110915.1	1
GCF_900110925.1	1
GCF_900110965.1	1
GCF_900111095.1	1
GCF_900111115.1	1
GCF_900111125.1	1
GCF_900111275.1	1
GCF_900111295.1	2
GCF_900111305.1	1
GCF_900111315.1	1
GCF_900111455.1	3
GCF_900111485.1	2
GCF_900111675.1	1
GCF_900111745.1	1
GCF_900111765.1	1
GCF_900111835.1	1
GCF_900111875.1	1
GCF_900111895.1	1
GCF_900111945.1	1
GCF_900111995.1	4
GCF_900112025.1	3
GCF_900112035.1	2
GCF_900112185.1	2
GCF_900112205.1	1
GCF_900112255.1	4
GCF_900112285.1	3
GCF_900112335.1	1
GCF_900112375.1	1
GCF_900112415.1	3
GCF_900112425.1	2
GCF_900112495.1	1
GCF_900112645.1	1
GCF_900112675.1	2
GCF_900112685.1	1
GCF_900112755.1	1
GCF_900112815.1	2
GCF_900112865.1	3
GCF_900113035.1	3
GCF_900113065.1	1
GCF_900113115.1	3
GCF_900113225.1	3
GCF_900113255.1	2
GCF_900113275.1	3
GCF_900113315.1	2
GCF_900113435.1	1
GCF_900113485.1	1
GCF_900113605.1	1
GCF_900113685.1	1
GCF_900113695.1	1
GCF_900113705.1	4
GCF_900113735.1	8
GCF_900113745.1	1
GCF_900113835.1	3
GCF_900113875.1	1
GCF_900113955.1	1
GCF_900114015.1	2
GCF_900114035.1	1
GCF_900114095.1	2
GCF_900114135.1	1
GCF_900114245.1	2
GCF_900114255.1	3
GCF_900114285.1	3
GCF_900114315.1	1
GCF_900114355.1	1
GCF_900114375.1	2
GCF_900114455.1	1
GCF_900114485.1	1
GCF_900114495.1	3
GCF_900114535.1	2
GCF_900114605.1	3
GCF_900114635.1	1
GCF_900114675.1	1
GCF_900114705.1	3
GCF_900114765.1	1
GCF_900114775.1	1
GCF_900114785.1	3
GCF_900114825.1	1
GCF_900114915.1	6
GCF_900114925.1	1
GCF_900115005.1	2
GCF_900115065.1	1
GCF_900115085.1	4
GCF_900115105.1	1
GCF_900115165.1	1
GCF_900115245.1	3
GCF_900115265.1	4
GCF_900115285.1	1
GCF_900115345.1	2
GCF_900115395.1	1
GCF_900115455.1	5
GCF_900115475.1	1
GCF_900115495.1	3
GCF_900115505.1	2
GCF_900115555.1	1
GCF_900115595.1	1
GCF_900115685.1	2
GCF_900115695.1	1
GCF_900115705.1	1
GCF_900115715.1	2
GCF_900115745.1	1
GCF_900115815.1	1
GCF_900115845.1	1
GCF_900115865.1	1
GCF_900116005.1	1
GCF_900116175.1	2
GCF_900116195.1	1
GCF_900116285.1	1
GCF_900116385.1	1
GCF_900116405.1	1
GCF_900116445.1	4
GCF_900116515.1	1
GCF_900116605.1	1
GCF_900116645.1	2
GCF_900116705.1	3
GCF_900116715.1	3
GCF_900116765.1	1
GCF_900116815.1	4
GCF_900117315.1	1
GCF_900117415.1	3
GCF_900117425.1	1
GCF_900117445.1	3
GCF_900117455.1	3
GCF_900119165.1	2
GCF_900119825.1	1
GCF_900120405.1	1
GCF_900128925.1	1
GCF_900128995.1	1
GCF_900129055.1	2
GCF_900129125.1	2
GCF_900129205.1	1
GCF_900129235.1	1
GCF_900129325.1	1
GCF_900129345.1	1
GCF_900129395.1	2
GCF_900129425.1	6
GCF_900129495.1	2
GCF_900129505.1	8
GCF_900129565.1	1
GCF_900129685.1	1
GCF_900129765.1	2
GCF_900129805.1	1
GCF_900129845.1	1
GCF_900129875.1	2
GCF_900129885.1	3
GCF_900129905.1	1
GCF_900129925.1	2
GCF_900130075.1	1
GCF_900141735.1	1
GCF_900141745.1	5
GCF_900141755.1	5
GCF_900141775.1	2
GCF_900141905.1	3
GCF_900141995.1	1
GCF_900142085.1	1
GCF_900142185.1	1
GCF_900142195.1	3
GCF_900142295.1	1
GCF_900142385.1	1
GCF_900142625.1	1
GCF_900142655.1	1
GCF_900142665.1	1
GCF_900142725.1	1
GCF_900142755.1	1
GCF_900142765.1	1
GCF_900142825.1	2
GCF_900142845.1	5
GCF_900142875.1	1
GCF_900142935.1	1
GCF_900142965.1	2
GCF_900142985.1	4
GCF_900143065.1	3
GCF_900143095.1	1
GCF_900143215.1	3
GCF_900143525.1	1
GCF_900143535.1	1
GCF_900143545.1	1
GCF_900143565.1	2
GCF_900143675.1	2
GCF_900148505.1	2
GCF_900149695.1	1
GCF_900149755.1	4
GCF_900155385.1	1
GCF_900155935.1	2
GCF_900155945.1	1
GCF_900156025.1	1
GCF_900156055.1	1
GCF_900156135.1	1
GCF_900156155.1	2
GCF_900156165.1	2
GCF_900156175.1	5
GCF_900156205.1	1
GCF_900156265.1	1
GCF_900156335.1	2
GCF_900156395.1	5
GCF_900156465.1	1
GCF_900156475.1	2
GCF_900156495.1	1
GCF_900156505.1	1
GCF_900156525.1	2
GCF_900156535.1	1
GCF_900156675.1	3
GCF_900156745.1	3
GCF_900156805.1	2
GCF_900156815.1	1
GCF_900156875.1	1
GCF_900156895.1	2
GCF_900157365.1	2
GCF_900157375.1	1
GCF_900157385.1	1
GCF_900163625.1	1
GCF_900166965.1	1
GCF_900167045.1	6
GCF_900167155.1	4
GCF_900167455.1	4
GCF_900167565.1	1
GCF_900167915.1	1
GCF_900167955.1	2
GCF_900168005.1	1
GCF_900168195.1	2
GCF_900168325.1	1
GCF_900170035.1	1
GCF_900172215.1	1
GCF_900172225.1	2
GCF_900172235.1	1
GCF_900172255.1	1
GCF_900172265.1	2
GCF_900172275.1	1
GCF_900172295.1	1
GCF_900172315.1	1
GCF_900172325.1	2
GCF_900172335.1	1
GCF_900172345.1	1
GCF_900172355.1	2
GCF_900172365.1	1
GCF_900172375.1	1
GCF_900174485.1	2
GCF_900175965.1	1
GCF_900176205.1	5
GCF_900176255.2	1
GCF_900176275.1	2
GCF_900176345.1	1
GCF_900176365.1	1
GCF_900176385.1	1
GCF_900176405.1	1
GCF_900176465.1	1
GCF_900176475.1	1
GCF_900176485.1	1
GCF_900176515.1	2
GCF_900176645.1	2
GCF_900177045.1	1
GCF_900177275.1	3
GCF_900177295.1	2
GCF_900177325.1	2
GCF_900177405.1	1
GCF_900177515.1	2
GCF_900177535.1	1
GCF_900177725.1	4
GCF_900182545.1	2
GCF_900182615.1	1
GCF_900182695.1	2
GCF_900182725.1	1
GCF_900182745.1	1
GCF_900182875.1	1
GCF_900182955.1	1
GCF_900182985.1	1
GCF_900184795.1	2
GCF_900184815.1	1
GCF_900184895.1	1
GCF_900184935.1	1
GCF_900184945.1	1
GCF_900185615.1	1
GCF_900185715.1	1
GCF_900185725.1	1
GCF_900186865.1	1
GCF_900186965.1	3
GCF_900187065.1	1
GCF_900187355.1	8
GCF_900187365.1	2
GCF_900187445.1	1
GCF_900187455.1	1
GCF_900187505.1	1
GCF_900187565.1	2
GCF_900187605.1	2
GCF_900187615.1	1
GCF_900187645.1	1
GCF_900187875.1	1
GCF_900187945.1	1
GCF_900187975.1	1
GCF_900188025.1	1
GCF_900188035.1	1
GCF_900188095.1	1
GCF_900188105.1	1
GCF_900188115.1	2
GCF_900188155.1	1
GCF_900188165.1	1
GCF_900188185.1	3
GCF_900188205.1	1
GCF_900188295.1	4
GCF_900188315.1	1
GCF_900188335.1	1
GCF_900188375.1	2
GCF_900188385.1	2
GCF_900188425.1	1
GCF_900188435.1	1
GCF_900188445.1	1
GCF_900188455.1	1
GCF_900196725.1	2
GCF_900199185.1	2
GCF_900199215.1	1
GCF_900199455.1	2
GCF_900199725.1	1
GCF_900215145.1	5
GCF_900215245.1	1
GCF_900215355.1	1
GCF_900215535.1	1
GCF_900217905.1	1
GCF_900218015.1	2
GCF_900220975.1	2
GCF_900220985.1	1
GCF_900221005.1	1
GCF_900230255.1	1
GCF_900230285.1	2
GCF_900231165.1	3
GCF_900231835.1	1
GCF_900232945.1	1
GCF_900232995.1	2
GCF_900240305.1	1
GCF_900240945.1	1
GCF_900240975.1	1
GCF_900240995.1	1
GCF_900249755.1	5
GCF_900250075.1	5
GCF_900250115.1	5
GCF_900258035.1	4
GCF_900269665.1	1
GCF_900277125.1	1
GCF_900291015.1	2
GCF_900292015.1	1
GCF_900302445.1	1
GCF_900302455.1	1
GCF_900302465.1	1
GCF_900302475.1	2
GCF_900302495.1	1
GCF_900302505.1	1
GCF_900313035.1	1
GCF_900323515.1	2
GCF_900327775.1	1
GCF_900406815.1	3
GCF_900445235.1	1
GCF_900445985.1	1
GCF_900446215.1	3
GCF_900451195.1	4
GCF_900452385.1	7
GCF_900452395.1	4
GCF_900452415.1	5
GCF_900452515.1	3
GCF_900452865.1	4
GCF_900454685.1	1
GCF_900455735.1	1
GCF_900460535.1	1
GCF_900461525.1	3
GCF_900461555.1	3
GCF_900496965.1	2
GCF_900496975.1	2
GCF_900497695.1	1
GCF_900499075.1	1
GCF_900520355.1	2
GCF_900536025.1	1
GCF_900537065.1	2
GCF_900537075.1	1
GCF_900537155.1	1
GCF_900537175.1	1
GCF_900564145.1	3
GCF_900566055.1	3
GCF_900566075.1	2
GCF_900566085.1	2
GCF_900602065.1	1
GCF_900606115.1	2
GCF_900609055.1	1
GCF_900624995.1	2
GCF_900625095.1	2
GCF_900631945.1	2
GCF_900635815.1	4
GCF_900636545.1	1
GCF_900636825.1	1
GCF_900637545.1	2
GCF_900637585.1	5
GCF_900637635.1	4
GCF_900637685.1	3
GCF_900637865.1	2
GCF_900639865.1	3
GCF_900639875.1	2
GCF_900639915.1	3
GCF_900639985.1	5
GCF_900640115.1	1
GCF_900640175.1	5
GCF_900696045.1	5
GCF_900696085.1	8
GCF_900699765.1	1
GCF_900880625.1	1
GCF_900961225.1	1
GCF_900996225.1	3
GCF_900996235.1	3
GCF_900996245.1	2
GCF_901827155.1	1
GCF_901827175.1	1
GCF_901827185.1	2
GCF_901827205.1	1
GCF_902141845.1	1
GCF_902141855.1	2
GCF_902459475.1	1
GCF_902459485.1	2
GCF_902459535.1	3
GCF_902459555.1	3
GCF_902459565.1	4
GCF_902459575.1	4
GCF_902459585.1	4
GCF_902459615.1	4
GCF_902459645.1	4
GCF_902459655.1	4
GCF_902459665.1	4
GCF_902459685.1	4
GCF_902459695.1	8
GCF_902459705.1	3
GCF_902459725.1	3
GCF_902459735.1	4
GCF_902459745.1	3
GCF_902459765.1	4
GCF_902459775.1	4
GCF_902459805.1	3
GCF_902497555.1	2
GCF_902497625.1	1
GCF_902497745.1	1
GCF_902497775.2	1
GCF_902497785.1	1
GCF_902497855.1	1
GCF_902497875.1	2
GCF_902497895.1	2
GCF_902497995.1	2
GCF_902498065.1	1
GCF_902498195.1	2
GCF_902498745.1	1
GCF_902498785.1	2
GCF_902498825.1	1
GCF_902498995.1	4
GCF_902499025.1	6
GCF_902499045.1	4
GCF_902499075.1	4
GCF_902499115.1	6
GCF_902499125.1	6
GCF_902499135.1	2
GCF_902499175.1	5
GCF_902499335.1	6
GCF_902500215.1	1
GCF_902506145.1	2
GCF_902506165.1	2
GCF_902506205.1	1
GCF_902506295.1	2
GCF_902506325.1	2
GCF_902506415.1	2
GCF_902506425.1	2
GCF_902506435.1	2
GCF_902506455.1	1
GCF_902506505.1	1
GCF_902506535.1	1
GCF_902506605.1	1
GCF_902652685.1	1
GCF_902705885.1	1
GCF_902706035.1	1
GCF_902706095.1	2
GCF_902706185.1	1
GCF_902706195.1	2
GCF_902712855.1	2
GCF_902712875.1	2
GCF_902729425.1	1
GCF_902729435.1	2
GCF_902729445.1	1
GCF_902753875.1	2
GCF_902805925.1	1
GCF_902806265.1	1
GCF_902806285.1	1
GCF_902809855.1	2
GCF_902813185.1	1
GCF_902826555.1	3
GCF_902826655.1	3
GCF_902826855.1	1
GCF_902829295.1	2
GCF_902830275.1	5
GCF_902832845.1	4
GCF_902832865.1	4
GCF_902832885.1	5
GCF_902832955.1	3
GCF_902833055.1	4
GCF_902833085.1	6
GCF_902833145.1	3
GCF_902833645.1	3
GCF_902833905.1	5
GCF_902859585.1	3
GCF_902859595.1	2
GCF_902859625.1	2
GCF_902859645.1	2
GCF_902859695.1	2
GCF_902859705.1	2
GCF_902859725.1	3
GCF_902859735.1	2
GCF_902859745.1	2
GCF_902859765.1	2
GCF_902859805.1	5
GCF_902859825.1	2
GCF_902859895.1	2
GCF_902859915.1	4
GCF_902859935.1	3
GCF_902859945.1	5
GCF_903166545.1	1
GCF_903642205.1	1
GCF_903642285.1	1
GCF_903652925.1	2
GCF_903815225.1	2
GCF_903828115.1	1
GCF_903837595.1	2
GCF_903885465.1	1
GCF_903903185.1	4
GCF_903914075.1	1
GCF_903933125.1	1
GCF_903946935.1	1
GCF_903970965.1	1
GCF_904061905.1	1
GCF_904063055.1	1
GCF_904067045.1	1
GCF_904424705.1	1
GCF_904426505.1	3
GCF_904846155.1	1
GCF_904848585.1	3
GCF_904848625.1	4
GCF_904848665.1	11
GCF_905116885.1	2
GCF_905120345.1	2
GCF_905120355.1	2
GCF_905175385.1	1
GCF_905220165.1	9
GCF_905220215.1	3
GCF_905220235.1	2
GCF_905220245.1	6
GCF_905220265.1	5
GCF_905220295.1	4
GCF_905220305.1	4
GCF_905220705.1	5
GCF_905220975.1	6
GCF_905221015.1	7
GCF_905232215.1	4
GCF_905339595.1	7
GCF_905397275.1	8
GCF_905397285.1	6
GCF_905397375.1	3
GCF_905397395.1	5
GCF_905397435.1	6
GCF_907163085.1	3
GCF_907163135.1	2
GCF_907163265.1	2
GCF_907164555.1	4
GCF_907164575.1	3
GCF_913019975.1	3
GCF_913020055.1	1
GCF_913054185.1	1
GCF_913055835.1	1
GCF_913057115.1	1
GCF_913058315.1	1
GCF_913061305.1	1
GCF_913062585.1	1
GCF_913063425.1	1
GCF_913773725.1	3
GCF_913773995.1	2
GCF_913774285.1	2
GCF_913775315.1	1
GCF_913775725.1	1
GCF_913776045.1	1
GCF_913776855.1	2
GCF_913776965.1	2
GCF_913777625.1	1
GCF_914271435.1	6
GCF_914271485.1	5
GCF_914271535.1	8
GCF_914271545.1	5
GCF_914484835.1	5
GCF_916619195.1	1
GCF_916700565.1	2
GCF_917563915.1	2
GCF_917563925.1	1
GCF_918698105.1	1
GCF_918698155.1	4
GCF_918741285.1	2
GCF_918741295.1	4
GCF_920984675.1	2
GCF_921008455.1	3
GCF_921294215.1	1
GCF_923868895.1	1
GCF_927904885.1	1
GCF_934560975.1	1
GCF_935822925.1	3
GCF_935825525.1	2
GCF_936925435.1	3
GCF_936928535.1	8
GCF_936943645.1	3
GCF_937127095.1	1
GCF_937129435.1	1
GCF_937129605.1	1
GCF_937138205.1	1
GCF_937425535.1	4
GCF_937468385.1	1
GCF_937858865.1	2
GCF_937871615.1	1
GCF_937871865.1	5
GCF_937873615.1	1
GCF_937888285.1	2
GCF_937891315.1	4
GCF_937900395.1	1
GCF_937920075.1	1
GCF_937926365.1	8
GCF_937952055.1	5
GCF_937960835.1	1
GCF_937982035.1	3
GCF_937982615.1	1
GCF_937988725.1	3
GCF_943193175.1	1
GCF_943369415.1	3
GCF_943369675.1	3
GCF_943371255.1	1
GCF_943371715.1	2
GCF_943371775.1	1
GCF_943371865.1	3
GCF_943372915.1	2
GCF_943372955.1	3
GCF_943737005.1	2
GCF_943846705.1	1
GCF_943913055.1	1
GCF_943914805.1	1
GCF_945869175.1	2
GCF_945870625.1	1
GCF_945881795.1	3
GCF_945882885.1	2
GCF_945897465.1	2
GCF_945901045.1	2
GCF_945901735.1	2
GCF_945915435.1	1
GCF_945952055.1	4
GCF_945956895.1	2
GCF_945957265.1	4
GCF_945957345.1	2
GCF_945957355.1	4
GCF_945957525.1	1
GCF_946221145.1	3
GCF_946221635.1	3
GCF_946222045.1	2
GCF_946477935.1	1
GCF_947036865.1	1
GCF_947072475.1	3
GCF_947259555.1	1
GCF_947305955.1	1
GCF_947331435.1	1
GCF_947366995.1	4
GCF_947378715.1	2
GCF_947387555.1	1
GCF_947487305.1	1
GCF_947487515.1	1
GCF_947487805.1	2
GCF_947488135.1	1
GCF_947488185.1	1
GCF_947488715.1	2
GCF_947488835.1	1
GCF_947489035.1	2
GCF_947489365.1	1
GCF_947489715.1	1
GCF_947491795.1	1
GCF_947492365.1	1
GCF_947492455.1	1
GCF_947492555.1	1
GCF_947493125.1	1
GCF_947493425.1	4
GCF_947493595.1	1
GCF_947493735.1	2
GCF_947494025.1	1
GCF_947494555.1	1
GCF_947494755.1	1
GCF_947495025.1	1
GCF_947495585.1	1
GCF_947495825.1	1
GCF_947496075.1	2
GCF_947496515.1	1
GCF_947496875.1	2
GCF_947496995.1	2
GCF_947497005.1	1
GCF_947497045.1	1
GCF_947497275.1	1
GCF_947497285.1	1
GCF_947497915.1	1
GCF_947498095.1	1
GCF_947498515.1	1
GCF_947499265.1	1
GCF_947499295.1	3
GCF_947499945.1	1
GCF_947500045.1	1
GCF_947500075.1	1
GCF_947501045.1	1
GCF_947501405.1	1
GCF_947501415.1	1
GCF_947501785.1	1
GCF_947502415.1	1
GCF_947502895.1	1
GCF_947503045.1	2
GCF_947503415.1	2
GCF_947503465.1	2
GCF_947503705.1	1
GCF_947503795.1	1
GCF_947504105.1	2
GCF_947504215.1	1
GCF_947646745.1	3
GCF_947648125.1	5
GCF_949768005.1	1
GCF_949768125.1	1
GCF_949769195.1	1
GCF_949769225.1	1
GCF_950066645.1	2
GCF_950101795.1	1
GCF_958347595.1	4
GCF_958349005.1	4
GCF_958405655.1	4
GCF_958405895.1	4
GCF_958405935.1	3
GCF_958415495.1	5
GCF_958439105.1	4
GCF_958439165.2	2
GCF_963378075.1	1
GCF_963378085.1	1
GCF_963378105.1	1
GCF_963457545.1	1
GCF_963519125.1	1
GCF_963674635.1	1
GCF_963675095.2	2
GCF_963675985.2	3
GCF_963676475.2	1
GCF_963678875.2	1
GCF_963681195.1	1
GCF_963681945.1	1
GCF_963853645.1	2
GCF_963853665.1	2
GCF_963924895.1	2
GCF_963970475.1	1
GCF_963970515.1	1
GCF_963970595.1	1
GCF_963970735.1	1
GCF_963970805.1	1
GCF_963970915.1	1
GCF_963970955.1	1
GCF_963971045.1	1
GCF_963973895.1	2
GCF_963974375.1	1
GCF_963974575.1	1
GCF_963975345.1	1
GCF_963975635.1	2
GCF_963976075.1	1
GCF_963976115.1	1
GCF_963976325.1	2
GCF_963977235.1	1
GCF_964000695.1	2
GCF_964001545.1	2
GCF_964021855.1	1
GCF_964022235.1	1
GCF_964023245.1	2
GCF_964031615.1	2
GCF_964063345.1	2
GCF_964186625.1	1
GCF_964199965.1	3
GCF_964210795.1	1
GCF_964218355.1	2
GCF_964222135.1	1
GCF_964228395.1	1
GCF_964229375.1	1
GCF_964229645.1	1
GCF_964235535.1	1
GCF_964237155.1	1
GCF_964237335.1	1
GCF_964242715.1	1
GCF_964243205.1	1
GCF_964243315.1	1
GCF_964244235.1	2
GCF_964251405.1	1
GCF_964252615.1	1
GCF_964252705.1	1
GCF_964252725.1	1
GCF_964252735.1	4
GCF_964252745.1	2
GCF_964252755.1	3
GCF_964252805.1	3
GCF_964252855.1	2
GCF_964252905.1	1
GCF_964252915.1	6
GCF_964252925.1	2
GCF_964252955.1	1
GCF_964252995.1	2
GCF_964253025.1	3
GCF_964253035.1	3
GCF_964253255.1	1
GCF_964253285.1	2
GCF_964253315.1	4
GCF_964253365.1	1
GCF_964253455.1	1
GCF_964253765.1	3
GCF_964253795.1	1
GCF_964253845.1	1
GCF_964254105.1	2
GCF_964254115.1	2
GCF_964254145.1	1
GCF_964254185.1	1
GCF_964254315.1	3
GCF_964264985.1	5
GCF_964264995.1	4
GCF_964332355.1	2
GCF_965118125.1	4
GCF_965137885.1	1
GCF_965138755.1	2
GCF_965139195.1	2
GCF_965139205.1	2
GCF_965139575.1	3
GCF_965139615.1	1
GCF_965140465.1	2
GCF_965140895.1	5
GCF_965196975.1	1
GCF_965199065.1	2
GCF_965199275.1	1
GCF_965200405.1	1
GCF_965200585.1	1
GCF_965203655.1	1
GCF_965204195.1	1
GCF_965204935.1	1
GCF_965208555.1	1
GCF_965208895.1	1
GCF_965208925.1	1
GCF_965213555.1	1
GCF_965215655.1	1
GCF_965216085.1	3
GCF_965216415.1	1
GCF_965216805.1	1
GCF_965217055.1	1
GCF_965218685.1	1
GCF_965218915.1	1
GCF_965219595.1	1
GCF_965219715.1	1
GCF_965221235.1	1
GCF_965223225.1	1
GCF_965223715.1	1
GCF_965226985.1	2
GCF_965227005.1	2
GCF_965227365.1	2
GCF_965227385.1	1
GCF_965227415.1	1
GCF_965227505.1	3
GCF_965227665.1	4
GCF_965227715.1	1
GCF_965227725.1	1
GCF_965227765.1	1
GCF_965228115.1	1
GCF_965228225.1	4
GCF_965228385.1	1
GCF_965228715.1	1
GCF_965228755.1	1
GCF_965228995.1	1
GCF_965229015.1	1
GCF_965229075.1	1
GCF_965229135.1	3
GCF_965229225.1	2
GCF_965229315.1	4
GCF_965229515.1	1
GCF_965229775.1	1
GCF_965229815.1	4
GCF_965229905.1	1
GCF_965230055.1	1
GCF_965230365.1	1
GCF_965230735.1	2
GCF_965230835.1	1
GCF_965232425.1	1
GCF_965232525.1	1
GCF_965233445.1	1
GCF_965233565.1	3
GCF_965233615.1	3
GCF_965243365.1	1
GCF_965243865.1	3
GCF_965249665.1	1
GCF_965249915.1	4
GCF_965249975.1	1
GCF_965262435.1	3
GCF_965262535.1	1
GCF_965262965.1	1
GCF_965267305.1	2
GCF_965276855.1	1
GCF_965276915.1	1
GCF_965276935.1	1
GCF_965277045.1	1
GCF_965277065.1	1
GCF_965277165.1	1
GCF_965277825.1	1
GCF_965278935.1	1
GCF_965278975.1	1
GCF_965279025.1	1
GCF_965279145.1	1
GCF_965279155.1	1
GCF_965279435.1	1
GCF_965279465.1	6
GCF_965279545.1	3
GCF_965279625.1	4
GCF_965279725.1	1
GCF_965279755.1	1
GCF_965283485.1	2
GCF_965284355.1	2
GCF_965284475.1	1
GCF_965284615.1	1
GCF_965644255.1	1
GCF_965656765.1	1
GCF_965657175.1	1
GCF_965657535.1	3
GCF_965658795.1	1
GCF_965659345.1	1
GCF_965660005.1	1
GCF_965660735.1	1
GCF_965662505.1	1
GCF_965662675.1	1
