group	genus	n_phaZ_positive	n_phaZ_negative	mean_growth_phaZ_positive	mean_growth_phaZ_negative	delta_positive_minus_negative	median_growth_phaZ_positive	median_growth_phaZ_negative
intracellular	1-14-0-20-39-49	1	1	0.1276189426476928	0.1094474124338431	0.018171530213849707	0.1276189426476928	0.1094474124338431
intracellular	12-FULL-67-14b	1	1	0.071245356002841	0.0009203990347097	0.0703249569681313	0.071245356002841	0.0009203990347097
intracellular	2-02-FULL-62-17	2	2	0.0592364484203257	0.0469092090387705	0.012327239381555201	0.0592364484203257	0.0469092090387705
intracellular	2-02-FULL-66-14	2	2	0.08148494616253155	0.09230522424722451	-0.010820278084692964	0.08148494616253155	0.09230522424722451
intracellular	2-12-FULL-64-23	1	1	0.0468368266409274	0.0538719898696955	-0.007035163228768099	0.0468368266409274	0.0538719898696955
intracellular	40CM-4-68-19	6	6	0.1824512507820264	0.17847261834828876	0.003978632433737639	0.17947743864620536	0.1739455988298309
intracellular	46-80	1	1	0.0686164120021234	0.0831512068763835	-0.014534794874260099	0.0686164120021234	0.0831512068763835
intracellular	54-19	1	1	0.1335959404076754	0.0779073290158438	0.055688611391831594	0.1335959404076754	0.0779073290158438
intracellular	AC-56	1	1	0.1093285635112596	0.1289334735031884	-0.019604909991928807	0.1093285635112596	0.1289334735031884
intracellular	AUK324	1	1	0.0535372023981233	0.0732669078000429	-0.019729705401919602	0.0535372023981233	0.0732669078000429
intracellular	AVCC01	1	1	0.3731225602704949	1.0615260634954915	-0.6884035032249967	0.3731225602704949	1.0615260634954915
intracellular	AWTP1-13	2	2	0.13767520815858755	0.0768745285796949	0.06080067957889265	0.13767520815858755	0.0768745285796949
intracellular	Abyssibius	1	1	0.2700190556439034	0.2394153315616662	0.030603724082237188	0.2700190556439034	0.2394153315616662
intracellular	Acaudatibacter	6	6	0.20243104107964863	0.12812390701247545	0.07430713406717318	0.21093838720262814	0.1263455053835395
intracellular	Acetobacterium	1	1	0.3636313868705147	0.6448999050682326	-0.28126851819771787	0.3636313868705147	0.6448999050682326
intracellular	Achromobacter	1	1	0.6258128248700954	1.3463082647354137	-0.7204954398653183	0.6258128248700954	1.3463082647354137
intracellular	Acidiphilium	3	3	0.10452002474219257	0.05271062048805011	0.05180940425414247	0.0946207296532997	0.0477526614453011
intracellular	Acidocella	6	6	0.35023334982249305	0.3494911822339967	0.000742167588496323	0.2784737926360195	0.22883308392169216
intracellular	Actinomycetospora	2	2	0.1508294806016655	0.2831969175129824	-0.13236743691131692	0.1508294806016655	0.2831969175129824
intracellular	Aerobium	2	2	0.22513287473974045	0.16434521334680896	0.060787661392931486	0.22513287473974045	0.16434521334680896
intracellular	Aestuariivirga	5	5	0.31347617854271065	0.21719363451648777	0.09628254402622288	0.2375206831525852	0.1960675390148225
intracellular	Ahrensia	1	1	0.1947741172064266	0.1246332328264498	0.0701408843799768	0.1947741172064266	0.1246332328264498
intracellular	Albidovulum	1	1	0.2021844359901745	0.3860803357438353	-0.18389589975366083	0.2021844359901745	0.3860803357438353
intracellular	Alcaligenes	1	1	0.2765859874637472	0.3155271732711086	-0.03894118580736139	0.2765859874637472	0.3155271732711086
intracellular	Algicella	1	1	0.1440762948496163	0.0977855211059983	0.046290773743617994	0.1440762948496163	0.0977855211059983
intracellular	Algicoccus	3	3	0.13450748718419628	0.24387970106329152	-0.10937221387909524	0.1404861688886872	0.1886018842227317
intracellular	Allobranchiibius	1	1	0.1709913467421041	0.3221963060205197	-0.1512049592784156	0.1709913467421041	0.3221963060205197
intracellular	Allorhodoferax	7	7	0.3464580121788793	0.21860049554864017	0.12785751663023912	0.3834698376561593	0.1906638566533996
intracellular	Allosphingosinicella	2	2	0.3590679067760486	0.37268856815760304	-0.013620661381554433	0.3590679067760486	0.37268856815760304
intracellular	Alteraurantiacibacter	2	2	0.31883105293421854	0.40154596886325145	-0.0827149159290329	0.31883105293421854	0.40154596886325145
intracellular	Amaricoccus	1	1	0.0596992275946137	0.1179060905441149	-0.0582068629495012	0.0596992275946137	0.1179060905441149
intracellular	Amarobacter	3	3	0.13374575500186628	0.13484867896361571	-0.0011029239617494357	0.1316328627096	0.1375262247076654
intracellular	Aminobacter	1	1	0.3839189070123316	0.5604723456316476	-0.176553438619316	0.3839189070123316	0.5604723456316476
intracellular	Amphritea	1	1	0.6392244280272475	1.0566435847687103	-0.4174191567414628	0.6392244280272475	1.0566435847687103
intracellular	Amylibacter	18	18	0.42906779015570407	0.3197884411762091	0.10927934897949498	0.3938641076454247	0.2501714139504293
intracellular	Aquabacterium	2	2	1.1663474545856043	0.7644879977208714	0.4018594568647329	1.1663474545856043	0.7644879977208714
intracellular	Aquicella	3	3	0.08149647015452727	0.09443928325924618	-0.012942813104718912	0.0912338217452784	0.0787790695016242
intracellular	Aquipseudomonas	79	79	1.584029536522622	1.1193159894566107	0.4647135470660113	1.4443047548988808	1.0579709520289666
intracellular	Aquisediminimonas	2	2	0.3429175193368282	0.3818180507453369	-0.03890053140850874	0.3429175193368282	0.3818180507453369
intracellular	Arenicella	1	1	0.0968237053664424	0.594576375593255	-0.49775267022681263	0.0968237053664424	0.594576375593255
intracellular	Ascidiaceihabitans	5	5	0.36831450288724404	0.29098795405724587	0.07732654882999818	0.3516292232008958	0.3150893574822222
intracellular	Aurantibacillus	5	5	0.3832712329932231	0.3284204380160619	0.054850794977161166	0.3930188815562786	0.2965743848790156
intracellular	Austwickia	3	3	0.20821372393663526	0.23890800244203084	-0.030694278505395578	0.2186547633274786	0.2353831568359093
intracellular	Azonexus	6	6	0.34819269624494026	0.5330879713683602	-0.1848952751234199	0.3394287729937683	0.4589797331065071
intracellular	Azospira	1	1	0.6378313743005243	0.6657414427845858	-0.027910068484061523	0.6378313743005243	0.6657414427845858
intracellular	B1SED10-16	1	1	0.0742012536363621	0.059741942084619	0.014459311551743098	0.0742012536363621	0.059741942084619
intracellular	B30-G6	3	3	0.0472403054627774	0.05873972867279426	-0.01149942321001686	0.0442787117542964	0.0468147632025358
intracellular	B46-G9	3	3	0.05793141511641577	0.0505906534970386	0.007340761619377176	0.0566507964953505	0.0531705773397552
intracellular	BNWE01	1	1	0.1190706825022157	0.0769104191832453	0.042160263318970395	0.1190706825022157	0.0769104191832453
intracellular	BOG-931	2	2	0.0796873530950564	0.09272135694545164	-0.013034003850395243	0.0796873530950564	0.09272135694545164
intracellular	BOKV01	2	2	0.32167959240406496	0.2002869850868348	0.12139260731723017	0.32167959240406496	0.2002869850868348
intracellular	BPGX01	2	2	0.1732233701503804	0.1476757190795345	0.02554765107084589	0.1732233701503804	0.1476757190795345
intracellular	Bacillus_A	3	3	3.1120793861898672	2.55503386677727	0.5570455194125974	3.347685958758487	2.4641863455258246
intracellular	Bacillus_BD	2	2	0.9548732669378683	0.7749846374953144	0.1798886294425539	0.9548732669378683	0.7749846374953144
intracellular	Baekduia	1	1	0.144802376889245	0.2566844786209333	-0.1118821017316883	0.144802376889245	0.2566844786209333
intracellular	Berkiella	6	6	0.10742820345455963	0.09557761430850997	0.011850589146049653	0.1238829302461204	0.09565539293995731
intracellular	Bermanella	2	2	1.2177877289289891	0.7980131407083875	0.41977458822060165	1.2177877289289891	0.7980131407083875
intracellular	Bodonicaedibacter	1	1	0.105409504828452	0.1833000029211486	-0.07789049809269659	0.105409504828452	0.1833000029211486
intracellular	Bog-1198	5	5	0.07026157551134368	0.11452429406190412	-0.04426271855056044	0.0671396570485076	0.1043452004509953
intracellular	Bog-257	1	1	0.0709845063790465	0.1020474372841765	-0.03106293090513	0.0709845063790465	0.1020474372841765
intracellular	Bog-473	20	20	0.17515748116352134	0.19384921946356123	-0.018691738300039895	0.17951528140831355	0.18515796706239115
intracellular	Bog-532	3	3	0.104869569171969	0.17748821169635706	-0.07261864252438806	0.1008074692031272	0.114866018201832
intracellular	Bog-756	15	15	0.16679418195594148	0.2077027865374856	-0.040908604581544133	0.1634175482790027	0.2048926776773018
intracellular	Brachymonas	6	6	0.33475494460439603	0.29102143134883723	0.0437335132555588	0.34116030708843725	0.23575697373906435
intracellular	Brevibacillus_D	1	1	2.4181198200768272	1.5915337095250226	0.8265861105518046	2.4181198200768272	1.5915337095250226
intracellular	Brevibacterium	2	2	0.2640487414477552	0.3761086066699977	-0.11205986522224248	0.2640487414477552	0.3761086066699977
intracellular	Brevundimonas	5	5	0.6531488979379148	0.4316971245150937	0.22145177342282107	0.4987999508113441	0.3890295262911904
intracellular	BuS5	1	1	0.0718827010235014	0.0842199325939584	-0.012337231570456991	0.0718827010235014	0.0842199325939584
intracellular	Burkholderia	3	3	0.9659731015511174	0.13579126757418894	0.8301818339769285	1.0995085336762918	0.0856193863220861
intracellular	C7867-001	1	1	0.0877479548719548	0.4005703017607654	-0.3128223468888106	0.0877479548719548	0.4005703017607654
intracellular	CACIJG01	8	8	0.045727511014419034	0.0630548255915449	-0.01732731457712587	0.044954684439099696	0.0604205829572687
intracellular	CADEDH01	1	1	0.2552226348994061	0.1416227010441355	0.11359993385527062	0.2552226348994061	0.1416227010441355
intracellular	CADEEL01	1	1	0.1166554465664973	0.0719281165927586	0.0447273299737387	0.1166554465664973	0.0719281165927586
intracellular	CADEEN01	2	2	0.1249735262534452	0.1445915606463151	-0.019618034392869896	0.1249735262534452	0.1445915606463151
intracellular	CAHJXG01	1	1	0.0654129424725488	0.0396847004573052	0.025728242015243596	0.0654129424725488	0.0396847004573052
intracellular	CAIKBL01	6	6	0.09291499813591025	0.05320868443890347	0.039706313697006786	0.0995733235448576	0.0518711789621596
intracellular	CAIKLP01	1	1	0.283288853440636	0.4948997195024766	-0.2116108660618406	0.283288853440636	0.4948997195024766
intracellular	CAIKMD01	1	1	0.069255396996337	0.1223765153801622	-0.0531211183838252	0.069255396996337	0.1223765153801622
intracellular	CAIKUF01	1	1	0.1541553148712723	0.0734038806230669	0.0807514342482054	0.1541553148712723	0.0734038806230669
intracellular	CAIKXV01	1	1	0.1151313797782058	0.4184212509904091	-0.3032898712122033	0.1151313797782058	0.4184212509904091
intracellular	CAIMOR01	1	1	0.1174949470914365	0.2450464251276711	-0.12755147803623462	0.1174949470914365	0.2450464251276711
intracellular	CAIMUS01	1	1	0.0891747138371752	0.0659219729980516	0.023252740839123612	0.0891747138371752	0.0659219729980516
intracellular	CAIOTO01	1	1	0.1393675280657847	0.1174603374305775	0.0219071906352072	0.1393675280657847	0.1174603374305775
intracellular	CAISGS01	1	1	0.7507977652756554	1.0483568459542676	-0.29755908067861214	0.7507977652756554	1.0483568459542676
intracellular	CAISIP01	1	1	0.2106403460168134	0.0704700192187345	0.1401703267980789	0.2106403460168134	0.0704700192187345
intracellular	CAITNM01	2	2	0.09933925917518445	0.1106841878046409	-0.01134492862945645	0.09933925917518445	0.1106841878046409
intracellular	CAITSH01	1	1	0.0864808966959812	0.0749866369553915	0.011494259740589707	0.0864808966959812	0.0749866369553915
intracellular	CAIUGU01	1	1	0.3306566188575285	0.1255360128793367	0.20512060597819182	0.3306566188575285	0.1255360128793367
intracellular	CAIUMH01	1	1	0.3688468362408383	0.1540638524177154	0.2147829838231229	0.3688468362408383	0.1540638524177154
intracellular	CAIWHR01	4	4	0.1381921521787407	0.14143590749988574	-0.003243755321145042	0.14741540662762215	0.12866992700921775
intracellular	CAIXLI01	6	6	0.24351810655238204	0.13607820856788266	0.10743989798449938	0.2625259599847327	0.1368037087677425
intracellular	CAIYPH01	1	1	0.1425587265865934	0.1698821630674729	-0.02732343648087948	0.1425587265865934	0.1698821630674729
intracellular	CAIYRG01	1	1	0.1067568764928487	0.1422576354078969	-0.0355007589150482	0.1067568764928487	0.1422576354078969
intracellular	CAIYWZ01	1	1	0.1819051154212012	0.1059720810223649	0.0759330343988363	0.1819051154212012	0.1059720810223649
intracellular	CAIYYX01	3	3	0.08796264544653333	0.07641644280084796	0.011546202645685372	0.0833206730699553	0.0777481525966551
intracellular	CAJBVG01	2	2	0.3367078253974275	0.25604031199885185	0.08066751339857564	0.3367078253974275	0.25604031199885185
intracellular	CALCKW01	1	1	0.1184768242303822	0.1586426619759287	-0.040165837745546495	0.1184768242303822	0.1586426619759287
intracellular	CALCXL01	1	1	0.3281997914992846	0.3223087933493426	0.005890998149941984	0.3281997914992846	0.3223087933493426
intracellular	CALDPK01	1	1	0.1937145114050573	0.374130958409355	-0.1804164470042977	0.1937145114050573	0.374130958409355
intracellular	CALLPQ01	1	1	0.0950709078357802	0.068422680874612	0.02664822696116821	0.0950709078357802	0.068422680874612
intracellular	CAMCXT01	1	1	0.1475052044638594	0.1508440959490437	-0.003338891485184292	0.1475052044638594	0.1508440959490437
intracellular	CAMDPA01	1	1	0.159822479019835	0.0700016947738003	0.08982078424603471	0.159822479019835	0.0700016947738003
intracellular	CAMFLJ01	1	1	0.23269110174792	0.2837823132703587	-0.0510912115224387	0.23269110174792	0.2837823132703587
intracellular	CAMLJR01	2	2	0.15491436622682717	0.23505506324391676	-0.08014069701708959	0.15491436622682717	0.23505506324391676
intracellular	CAMPJU01	1	1	0.2554434079437626	0.4393252257773337	-0.1838818178335711	0.2554434079437626	0.4393252257773337
intracellular	CAMYKD01	1	1	0.0371170654410708	0.0579101823377514	-0.020793116896680598	0.0371170654410708	0.0579101823377514
intracellular	CANDYO01	1	1	0.1530456713202151	0.0840780357038954	0.0689676356163197	0.1530456713202151	0.0840780357038954
intracellular	CANFDS01	1	1	0.1566006335083057	0.1562193934817717	0.00038124002653400213	0.1566006335083057	0.1562193934817717
intracellular	CANGXM01	1	1	0.1770235765096982	0.171792380229225	0.005231196280473194	0.1770235765096982	0.171792380229225
intracellular	CANGYM01	1	1	0.080690656471351	0.1043160939449231	-0.023625437473572097	0.080690656471351	0.1043160939449231
intracellular	CANLDA01	1	1	0.5433208274979835	0.6285425215746139	-0.08522169407663038	0.5433208274979835	0.6285425215746139
intracellular	CANNRM01	1	1	0.2104846113626743	0.1802913975028793	0.030193213859794982	0.2104846113626743	0.1802913975028793
intracellular	CAVSRC01	4	4	0.13399391016469725	0.12659659062382958	0.0073973195408676695	0.13182229108528296	0.1198403318495533
intracellular	CAVVWJ01	1	1	0.0756880002888471	0.0922268719165855	-0.0165388716277384	0.0756880002888471	0.0922268719165855
intracellular	CAVWFS01	1	1	0.0655352120148766	0.0720835102829954	-0.006548298268118799	0.0655352120148766	0.0720835102829954
intracellular	CAWARU01	1	1	0.0811068219960985	0.0555938397193327	0.025512982276765808	0.0811068219960985	0.0555938397193327
intracellular	CAWBBA01	1	1	0.0394056236499745	0.0214637498489409	0.017941873801033598	0.0394056236499745	0.0214637498489409
intracellular	CAWVWD01	1	1	0.5534052874909434	0.1849532451938436	0.3684520422970998	0.5534052874909434	0.1849532451938436
intracellular	CAXBCP01	3	3	0.09518772508588468	0.0887461598679715	0.00644156521791317	0.0809426144545463	0.0828267261513628
intracellular	CAXTIY01	1	1	0.1519654822305353	0.0833023197406103	0.068663162489925	0.1519654822305353	0.0833023197406103
intracellular	CAYLGY01	1	1	0.1020156438138317	0.0640519669560686	0.0379636768577631	0.1020156438138317	0.0640519669560686
intracellular	CAYMDD01	1	1	0.0328750151039746	0.118817930783333	-0.0859429156793584	0.0328750151039746	0.118817930783333
intracellular	CAYUCJ01	1	1	0.0707696787298114	0.0648986430555296	0.005871035674281794	0.0707696787298114	0.0648986430555296
intracellular	CAYUJH01	1	1	0.1675452944744039	0.1859273514629014	-0.018382056988497514	0.1675452944744039	0.1859273514629014
intracellular	CAYVMN01	1	1	0.0505122291637105	0.065694808570546	-0.015182579406835504	0.0505122291637105	0.065694808570546
intracellular	CAYXXZ01	1	1	0.2466605872476419	0.139387506684993	0.10727308056264889	0.2466605872476419	0.139387506684993
intracellular	CAYZQH01	1	1	0.1350071355860095	0.2145134714115681	-0.0795063358255586	0.1350071355860095	0.2145134714115681
intracellular	CAZNWW01	1	1	0.0601775313990367	0.0851964482936848	-0.025018916894648108	0.0601775313990367	0.0851964482936848
intracellular	CAZTDU01	1	1	0.100713680352699	0.0695809740117905	0.031132706340908492	0.100713680352699	0.0695809740117905
intracellular	CBDFKK01	1	1	0.0512551564580942	0.0556846997363514	-0.004429543278257203	0.0512551564580942	0.0556846997363514
intracellular	Caballeronia	1	1	0.8756566681241345	0.2401470832752834	0.635509584848851	0.8756566681241345	0.2401470832752834
intracellular	Calidifontimicrobium	1	1	0.2583008363869781	0.1606287334303023	0.0976721029566758	0.2583008363869781	0.1606287334303023
intracellular	Camelimonas	1	1	0.1106077949002048	0.202478294545661	-0.0918704996454562	0.1106077949002048	0.202478294545661
intracellular	Castellaniella	1	1	0.3111957273445171	0.3589455557751564	-0.047749828430639296	0.3111957273445171	0.3589455557751564
intracellular	Caulobacter	2	2	0.724170008556162	0.5636440749054514	0.16052593365071055	0.724170008556162	0.5636440749054514
intracellular	Celeribacter	1	1	0.6411857903527312	1.2363640515243768	-0.5951782611716456	0.6411857903527312	1.2363640515243768
intracellular	Ch48	1	1	0.0658336885755007	0.0591995045504638	0.006634184025036904	0.0658336885755007	0.0591995045504638
intracellular	Citricoccus	3	3	0.4306082160287388	0.5100437311711102	-0.07943551514237146	0.4627093379049314	0.4580638714822396
intracellular	Cocleimonas	4	4	0.20646985264683626	0.14666501917686345	0.05980483346997281	0.20457603309504996	0.13662331127552055
intracellular	Cognatiluteimonas	5	5	0.27873844679350607	0.24563620834433522	0.033102238449170845	0.2299443151417171	0.2398108152142756
intracellular	Cohaesibacter	9	9	0.8757344834468523	0.629781691539354	0.2459527919074983	0.7588679951115708	0.5396374703352161
intracellular	Collimonas	1	1	1.18880474582226	0.3536305202424775	0.8351742255797825	1.18880474582226	0.3536305202424775
intracellular	Colwellia	2	2	1.3725314079804687	1.0043891445288886	0.3681422634515801	1.3725314079804687	1.0043891445288886
intracellular	Comamonas	3	3	1.034469343333634	1.6650097927183414	-0.6305404493847073	1.059583184355436	1.1135166513325656
intracellular	Congregibacter	1	1	0.0747383775693185	0.0976937568631026	-0.022955379293784092	0.0747383775693185	0.0976937568631026
intracellular	Cycloclasticus	2	2	0.19367633766783626	0.19995033257868844	-0.006273994910852176	0.19367633766783626	0.19995033257868844
intracellular	Cypionkella	3	3	0.9280810404972469	0.4754748904777692	0.45260615001947774	0.7695262675769573	0.5158195805958056
intracellular	DAHUXD01	1	1	0.193376829503125	0.1787963592469074	0.014580470256217587	0.193376829503125	0.1787963592469074
intracellular	DASPPM01	1	1	0.0873299923699904	0.1262149564448101	-0.0388849640748197	0.0873299923699904	0.1262149564448101
intracellular	DASPTH01	1	1	0.1294427069697233	0.1128217592337983	0.016620947735925	0.1294427069697233	0.1128217592337983
intracellular	DASQMT01	1	1	0.1614874595751654	0.1873489114223956	-0.02586145184723021	0.1614874595751654	0.1873489114223956
intracellular	DASTCZ01	1	1	0.0661310966933527	0.1171523513946207	-0.051021254701268004	0.0661310966933527	0.1171523513946207
intracellular	DASUBV01	1	1	0.0990018637115812	0.1515532898021438	-0.0525514260905626	0.0990018637115812	0.1515532898021438
intracellular	DASUME01	1	1	0.1328107585057153	0.2255747092262445	-0.0927639507205292	0.1328107585057153	0.2255747092262445
intracellular	DASUMF01	1	1	0.2321505412385509	0.22147929768964	0.010671243548910886	0.2321505412385509	0.22147929768964
intracellular	DASWDH01	1	1	0.1276766194220394	0.2186764913861875	-0.0909998719641481	0.1276766194220394	0.2186764913861875
intracellular	DASWJZ01	1	1	0.0932883341927421	0.0707391188547445	0.0225492153379976	0.0932883341927421	0.0707391188547445
intracellular	DASXMT01	1	1	0.0897435181615844	0.1218513396471133	-0.03210782148552889	0.0897435181615844	0.1218513396471133
intracellular	DASXQK01	3	3	0.1233736632945619	0.13347812748606688	-0.010104464191504986	0.1206998604583107	0.1322161404745612
intracellular	DASYGP01	1	1	0.1203129717074417	0.3890243135995437	-0.268711341892102	0.1203129717074417	0.3890243135995437
intracellular	DASZIT01	1	1	0.2599390346051715	0.1173920896955188	0.1425469449096527	0.2599390346051715	0.1173920896955188
intracellular	DASZQY01	1	1	0.1636962496082975	0.1137518181219246	0.04994443148637291	0.1636962496082975	0.1137518181219246
intracellular	DASZUK01	2	2	0.16279154694079523	0.1712702103328746	-0.008478663392079366	0.16279154694079523	0.1712702103328746
intracellular	DATAFF01	1	1	0.0614731393839166	0.0689943735603559	-0.007521234176439295	0.0614731393839166	0.0689943735603559
intracellular	DATARH01	7	7	0.08091365067450453	0.0791096543431621	0.0018039963313424279	0.072467543670329	0.0835005920603177
intracellular	DATDPM01	1	1	0.0758716889755792	0.0656039629519021	0.010267726023677093	0.0758716889755792	0.0656039629519021
intracellular	DATGKG01	1	1	0.0856719919726124	0.0651441743457697	0.020527817626842693	0.0856719919726124	0.0651441743457697
intracellular	DATKYQ01	1	1	0.0595509354005991	0.0479245475977065	0.011626387802892602	0.0595509354005991	0.0479245475977065
intracellular	DATLGB01	1	1	0.1719308392538351	0.1676830709904339	0.004247768263401203	0.1719308392538351	0.1676830709904339
intracellular	DATLZB01	1	1	0.0860265535585474	0.0509953522142903	0.03503120134425709	0.0860265535585474	0.0509953522142903
intracellular	DSAD01	1	1	0.0536017522435217	0.0914941208575908	-0.037892368614069104	0.0536017522435217	0.0914941208575908
intracellular	DSGC01	1	1	0.1206002998170815	0.0588099620669414	0.0617903377501401	0.1206002998170815	0.0588099620669414
intracellular	DTU018	2	2	0.0565456067268606	0.0398760734456189	0.016669533281241697	0.0565456067268606	0.0398760734456189
intracellular	DTU019	1	1	0.0532006531961964	0.048472594197314	0.004728058998882401	0.0532006531961964	0.048472594197314
intracellular	DUZF01	1	1	0.0868123979382883	0.0830455231613213	0.003766874776966994	0.0868123979382883	0.0830455231613213
intracellular	DYIB01	1	1	0.0952872308784107	0.1181760075210709	-0.02288877664266019	0.0952872308784107	0.1181760075210709
intracellular	Denitratisoma	1	1	0.0855119979217896	0.1259077291935715	-0.04039573127178189	0.0855119979217896	0.1259077291935715
intracellular	Denitrificimonas	3	3	0.23727945856036517	0.27376772897608664	-0.036488270415721474	0.2361022216679241	0.200855358493562
intracellular	Desulfamplus	3	3	0.07352298762598954	0.09235362877890974	-0.0188306411529202	0.0624653256107162	0.078765115367361
intracellular	Desulfatitalea	3	3	0.07130573687529933	0.06063119060276217	0.01067454627253716	0.0555869085062949	0.0665298468511267
intracellular	Desulfobacillus	2	2	0.4923462988956357	0.0759359429882201	0.4164103559074156	0.4923462988956357	0.0759359429882201
intracellular	Desulfobacter	1	1	0.5615377709567987	0.1631265620217047	0.39841120893509396	0.5615377709567987	0.1631265620217047
intracellular	Desulfocarbo	1	1	0.0514893260246353	0.0871752013040532	-0.03568587527941789	0.0514893260246353	0.0871752013040532
intracellular	Desulfocicer	1	1	0.0926483318047488	0.1285279352186762	-0.0358796034139274	0.0926483318047488	0.1285279352186762
intracellular	Desulfomonile	2	2	0.0465165058057046	0.037818163727314696	0.008698342078389903	0.0465165058057046	0.037818163727314696
intracellular	Desulfopila_A	3	3	0.047528671606141694	0.12274682029837351	-0.07521814869223181	0.0418272941823102	0.080925887497675
intracellular	Desulforhopalus_A	2	2	0.0826825491015019	0.08443845209851494	-0.0017559029970130452	0.0826825491015019	0.08443845209851494
intracellular	Desulfuromusa	1	1	0.0655090473711521	0.0795099388912613	-0.014000891520109207	0.0655090473711521	0.0795099388912613
intracellular	Dokdonella_A	2	2	0.2836581202636411	0.1010690478901313	0.18258907237350983	0.2836581202636411	0.1010690478901313
intracellular	Dongia	2	2	0.292039067498139	0.15325782363628804	0.13878124386185098	0.292039067498139	0.15325782363628804
intracellular	Dongia_A	1	1	0.0854907470622784	0.0951617923564575	-0.0096710452941791	0.0854907470622784	0.0951617923564575
intracellular	Edaphocola	1	1	2.6120284306645507	0.8974660374145093	1.7145623932500413	2.6120284306645507	0.8974660374145093
intracellular	Endozoicomonas	4	4	1.1165580286401449	1.5212012513371507	-0.4046432226970058	1.0394138338809762	1.6566422306822937
intracellular	Enemella	1	1	0.3655658867720637	0.5164479762228202	-0.15088208945075654	0.3655658867720637	0.5164479762228202
intracellular	Enterovibrio	5	5	1.9690146212773931	1.219363350290445	0.7496512709869481	1.9437883912778653	1.263853427502967
intracellular	Erythrobacter	2	2	0.5976977947237891	0.3847211522291018	0.21297664249468734	0.5976977947237891	0.3847211522291018
intracellular	Eutrophovita	5	5	0.05730161924278192	0.04569410976319246	0.01160750947958946	0.0450766074171356	0.0441391999095371
intracellular	F1-60-MAGs163	3	3	0.2225201214763778	0.17081240774398823	0.05170771373238958	0.1707727010214611	0.1467735940956968
intracellular	FEB-7	2	2	0.1252080991780197	0.19849757750362051	-0.07328947832560082	0.1252080991780197	0.19849757750362051
intracellular	Falsirhodobacter	3	3	0.6219019315316459	0.4629714822463565	0.15893044928528938	0.5760685677739834	0.4275706614579544
intracellular	Falsiroseomonas	6	6	0.2063169739340425	0.21782017706749815	-0.011503203133455653	0.20426410822912186	0.21062437680068585
intracellular	Fen-1364	1	1	0.0874290554100739	0.1210904384406393	-0.0336613830305654	0.0874290554100739	0.1210904384406393
intracellular	Flexivirga	2	2	0.5000211299486	0.44283942358248896	0.057181706366111085	0.5000211299486	0.44283942358248896
intracellular	G032773895	1	1	0.4423148579643742	0.2140425233327214	0.2282723346316528	0.4423148579643742	0.2140425233327214
intracellular	GCA-002779465	1	1	0.0631192899170714	0.0652435169862462	-0.002124227069174797	0.0631192899170714	0.0652435169862462
intracellular	GCA-2684655	1	1	0.1654461351952769	0.1914181494709274	-0.02597201427565049	0.1654461351952769	0.1914181494709274
intracellular	GCA-2708415	5	5	0.25659087628009525	0.2523614637971316	0.004229412482963657	0.2262142012474572	0.1958332401401346
intracellular	GCA-2717185	2	2	0.05795082565860345	0.0528223469857435	0.005128478672859947	0.05795082565860345	0.0528223469857435
intracellular	GCA-2731375	3	3	0.04136639024446683	0.0392895338045726	0.002076856439894234	0.0403351682692236	0.0399536361768982
intracellular	GCA-2737665	1	1	0.1743874561561187	0.2033585272654443	-0.02897107110932559	0.1743874561561187	0.2033585272654443
intracellular	GCA-2737725	2	2	0.3805240425555927	0.0884092714845272	0.2921147710710655	0.3805240425555927	0.0884092714845272
intracellular	GCA-2746155	1	1	0.2024913274889424	0.2144023281336029	-0.011911000644660497	0.2024913274889424	0.2144023281336029
intracellular	GCA-2746425	1	1	0.1487573805040139	0.1504154152384556	-0.0016580347344417046	0.1487573805040139	0.1504154152384556
intracellular	GJ-E10	4	4	0.08719536954105137	0.16869396692602648	-0.08149859738497511	0.0788568676113323	0.17160646577470595
intracellular	Ga0077527	19	19	0.07463881976037122	0.06549998841180121	0.009138831348570006	0.0701772857901743	0.0658423508183773
intracellular	Ga0077536	3	3	0.11638602440214936	0.06219998952660124	0.05418603487554812	0.1362423468624231	0.0654773898087837
intracellular	Ga0077555	1	1	0.0883407539258245	0.0870497959493739	0.0012909579764505963	0.0883407539258245	0.0870497959493739
intracellular	Gaiella	4	4	0.2077138240725919	0.18354781230315195	0.024166011769439943	0.18743870533164664	0.18600956269838245
intracellular	Gemmobacter	1	1	0.7212639960243385	0.8142547194862749	-0.09299072346193638	0.7212639960243385	0.8142547194862749
intracellular	Glaciecola	1	1	0.8055061276310751	0.3525270450057445	0.4529790826253306	0.8055061276310751	0.3525270450057445
intracellular	Glycocaulis	1	1	0.2018286528542671	0.2035655873911739	-0.0017369345369067923	0.2018286528542671	0.2035655873911739
intracellular	Gordonia	5	5	0.4293776832793312	0.38927152495701794	0.040106158322313235	0.3623681405314686	0.3755173234674387
intracellular	Granulosicoccus	5	5	0.13429337867469102	0.1155739173612715	0.01871946131341952	0.0709026185378435	0.0982100341014773
intracellular	HIMB11	1	1	0.35323735254901	0.3809973944158958	-0.0277600418668858	0.35323735254901	0.3809973944158958
intracellular	HXMU1428-3	1	1	0.2008748818075725	0.1071633992024287	0.09371148260514378	0.2008748818075725	0.1071633992024287
intracellular	Hahnella	6	6	0.15075132782023984	0.1339177087515316	0.016833619068708228	0.159153109096072	0.12361986007968664
intracellular	Haliea	1	1	0.202795691508486	0.1183569667521754	0.0844387247563106	0.202795691508486	0.1183569667521754
intracellular	Halopseudomonas	9	9	0.632605379359303	0.7531285022306102	-0.12052312287130718	0.5354011793320254	0.5909683964311888
intracellular	Halospina	2	2	0.177963903335323	0.14644158174215421	0.031522321593168784	0.177963903335323	0.14644158174215421
intracellular	Henriciella	2	2	0.18880681520146092	0.19181223735149444	-0.003005422150033521	0.18880681520146092	0.19181223735149444
intracellular	Herbaspirillum	1	1	1.6900055172545794	0.1930729501278204	1.496932567126759	1.6900055172545794	0.1930729501278204
intracellular	Hirschia	1	1	0.1955682818824878	0.460978985960821	-0.2654107040783332	0.1955682818824878	0.460978985960821
intracellular	Hohaiivirga	1	1	0.2054815406310698	0.0807061926875142	0.1247753479435556	0.2054815406310698	0.0807061926875142
intracellular	Hydrogenophaga	2	2	0.566950720634768	0.1666567960455023	0.4002939245892657	0.566950720634768	0.1666567960455023
intracellular	Hydromonas	1	1	0.4292067966433017	0.878762033417132	-0.4495552367738303	0.4292067966433017	0.878762033417132
intracellular	Hylemonella	4	4	0.6011001827079677	0.2316052412935195	0.3694949414144482	0.39706770935075564	0.14651501934906055
intracellular	Hypericibacter	1	1	0.1884688840711953	0.1371597891754437	0.05130909489575161	0.1884688840711953	0.1371597891754437
intracellular	Hyphobacterium	1	1	0.1132716477577922	0.2595879266309479	-0.14631627887315568	0.1132716477577922	0.2595879266309479
intracellular	Hyphococcus	1	1	0.1813818160069269	0.0534183755798006	0.12796344042712632	0.1813818160069269	0.0534183755798006
intracellular	Hyphomonas	1	1	0.3412352965664099	0.2675121408808024	0.0737231556856075	0.3412352965664099	0.2675121408808024
intracellular	Immundisolibacter	4	4	0.0948098986931829	0.09020959087969435	0.004600307813488552	0.09634120638391036	0.0896371947290241
intracellular	J013	1	1	0.226777723815099	0.0730425449268467	0.1537351788882523	0.226777723815099	0.0730425449268467
intracellular	JAABQT01	5	5	0.07814443756684435	0.0932964696610313	-0.01515203209418696	0.0683129545575489	0.0910977850366896
intracellular	JAACSU01	2	2	0.18244040319704147	0.25490659757392037	-0.0724661943768789	0.18244040319704147	0.25490659757392037
intracellular	JAAEMP01	1	1	0.0475236001618673	0.0671390706378561	-0.019615470475988793	0.0475236001618673	0.0671390706378561
intracellular	JAAFHS01	1	1	0.2015466136023627	0.3951390801542387	-0.193592466551876	0.2015466136023627	0.3951390801542387
intracellular	JAAFIP01	2	2	0.39693792097472447	0.3150219159152832	0.08191600505944124	0.39693792097472447	0.3150219159152832
intracellular	JAALLB01	3	3	0.15001385024196637	0.1631709679169764	-0.013157117675010044	0.1310990511164311	0.1863035552979272
intracellular	JAATFR01	1	1	0.1623993036198086	0.240681519752567	-0.0782822161327584	0.1623993036198086	0.240681519752567
intracellular	JAAYJK01	1	1	0.0554894568709214	0.070867117986976	-0.015377661116054597	0.0554894568709214	0.070867117986976
intracellular	JAAYRQ01	2	2	0.09351750427336394	0.10890493707376114	-0.0153874328003972	0.09351750427336394	0.10890493707376114
intracellular	JABCZZ01	1	1	0.337385936690376	0.2652208894997304	0.07216504719064559	0.337385936690376	0.2652208894997304
intracellular	JABDAD01	1	1	0.105602454482376	0.0610002911442364	0.0446021633381396	0.105602454482376	0.0610002911442364
intracellular	JABDBO01	1	1	0.1871026030502656	0.2665400494152835	-0.07943744636501787	0.1871026030502656	0.2665400494152835
intracellular	JABDCD01	1	1	0.1023861289203941	0.0836801875560189	0.0187059413643752	0.1023861289203941	0.0836801875560189
intracellular	JABDMH01	2	2	0.05712608507476405	0.04653374425916695	0.010592340815597102	0.05712608507476405	0.04653374425916695
intracellular	JABFWF01	1	1	0.8283817975505099	0.3693105960625699	0.45907120148794	0.8283817975505099	0.3693105960625699
intracellular	JABFXX01	1	1	0.3404760668647739	0.134737332784721	0.2057387340800529	0.3404760668647739	0.134737332784721
intracellular	JABJAG01	5	5	0.11714057636147142	0.10774506630326604	0.00939551005820538	0.0942157705389897	0.1044890316021488
intracellular	JABJGO01	1	1	0.1439147693716756	0.1118300874263898	0.03208468194528581	0.1439147693716756	0.1118300874263898
intracellular	JABJJH01	1	1	0.0375568124488059	0.0586956364129415	-0.021138823964135606	0.0375568124488059	0.0586956364129415
intracellular	JABJOR01	1	1	0.1032727329588686	0.0837273145784315	0.019545418380437107	0.1032727329588686	0.0837273145784315
intracellular	JABMPR01	1	1	0.0902390927150841	0.0567463932723149	0.0334926994427692	0.0902390927150841	0.0567463932723149
intracellular	JACCYI01	1	1	0.2172678469953483	0.2098732775471551	0.0073945694481931945	0.2172678469953483	0.2098732775471551
intracellular	JACCZP01	2	2	0.1302767488105433	0.1007190632501055	0.029557685560437794	0.1302767488105433	0.1007190632501055
intracellular	JACCZR01	3	3	0.11387773869056574	0.1175019391122677	-0.003624200421701959	0.1193390480157635	0.125858617487817
intracellular	JACCZX01	1	1	0.0464513997017255	0.0497225749436772	-0.003271175241951696	0.0464513997017255	0.0497225749436772
intracellular	JACDDK01	1	1	0.0821857241382659	0.0883956583371695	-0.006209934198903602	0.0821857241382659	0.0883956583371695
intracellular	JACKII01	1	1	0.0675974562758434	0.0002662900465951	0.0673311662292483	0.0675974562758434	0.0002662900465951
intracellular	JACKJK01	1	1	0.2168202083212201	0.1289332522203514	0.08788695610086869	0.2168202083212201	0.1289332522203514
intracellular	JACKNG01	1	1	0.0877843424758654	0.288848024276588	-0.2010636818007226	0.0877843424758654	0.288848024276588
intracellular	JACNJU01	1	1	0.1642232033462352	0.0431140424981175	0.1211091608481177	0.1642232033462352	0.0431140424981175
intracellular	JACOMY01	1	1	0.1763623274514832	0.0884580178133657	0.0879043096381175	0.1763623274514832	0.0884580178133657
intracellular	JACPGX01	1	1	0.0737536577242694	0.0764236198163671	-0.0026699620920977024	0.0737536577242694	0.0764236198163671
intracellular	JACPJY01	1	1	0.0433610121005407	0.0378146226874871	0.005546389413053597	0.0433610121005407	0.0378146226874871
intracellular	JACPVY01	1	1	1.136998342280508	0.45495474875845	0.6820435935220579	1.136998342280508	0.45495474875845
intracellular	JACQAP01	2	2	0.0533093989528541	0.06372340212760791	-0.010414003174753807	0.0533093989528541	0.06372340212760791
intracellular	JACQUA01	1	1	0.0450369612811034	0.0277114189666978	0.017325542314405598	0.0450369612811034	0.0277114189666978
intracellular	JACRAR01	2	2	0.07093545094079914	0.0718975815822667	-0.0009621306414675512	0.07093545094079914	0.0718975815822667
intracellular	JACVQG01	1	1	0.049561563694697	0.0518241678097433	-0.0022626041150463003	0.049561563694697	0.0518241678097433
intracellular	JACVRW01	2	2	0.1092033887461604	0.11973315313367625	-0.01052976438751585	0.1092033887461604	0.11973315313367625
intracellular	JACXVD01	1	1	0.6914258918030859	0.5100510730607721	0.18137481874231376	0.6914258918030859	0.5100510730607721
intracellular	JADFXI01	1	1	0.0682240759813227	0.050036209280413	0.018187866700909702	0.0682240759813227	0.050036209280413
intracellular	JADGHE01	1	1	0.1113006199356499	0.1113218906400563	-2.127070440641199e-05	0.1113006199356499	0.1113218906400563
intracellular	JADHZC01	1	1	0.0893731791237707	0.1349970678357803	-0.045623888712009605	0.0893731791237707	0.1349970678357803
intracellular	JADJEF01	1	1	0.1970759730700667	0.112294740773743	0.08478123229632369	0.1970759730700667	0.112294740773743
intracellular	JADJOM01	1	1	0.1517957394295422	0.1313910813663609	0.020404658063181286	0.1517957394295422	0.1313910813663609
intracellular	JADJPO01	1	1	0.3154851874191078	0.3560627236768051	-0.04057753625769728	0.3154851874191078	0.3560627236768051
intracellular	JAEUKA01	1	1	0.1780703468369638	0.0639079949725536	0.11416235186441019	0.1780703468369638	0.0639079949725536
intracellular	JAEULC01	2	2	0.10548623718395661	0.10835121425409844	-0.0028649770701418276	0.10548623718395661	0.10835121425409844
intracellular	JAEUPI01	1	1	0.1097150843993138	0.1019109976492133	0.007804086750100497	0.1097150843993138	0.1019109976492133
intracellular	JAEXNA01	1	1	0.3652729768063963	0.1112880376962262	0.2539849391101701	0.3652729768063963	0.1112880376962262
intracellular	JAEYZM01	1	1	0.3911740557612024	0.2755640259273114	0.11561002983389101	0.3911740557612024	0.2755640259273114
intracellular	JAEZBP01	1	1	0.1768953284633681	0.1735880923591709	0.0033072361041972254	0.1768953284633681	0.1735880923591709
intracellular	JAFDCJ01	3	3	0.044166874196479765	0.051825548544450296	-0.007658674347970532	0.0446030787898624	0.0588923490928157
intracellular	JAFLCL01	1	1	0.2155609337538352	0.1561912238167572	0.05936970993707799	0.2155609337538352	0.1561912238167572
intracellular	JAGOMX01	1	1	0.1176445710829287	0.0891795235766757	0.02846504750625299	0.1176445710829287	0.0891795235766757
intracellular	JAHDXW01	1	1	0.1174573055703673	0.1687701988861282	-0.0513128933157609	0.1174573055703673	0.1687701988861282
intracellular	JAHEIW01	6	6	0.05734625147745991	0.052067256170066384	0.005278995307393529	0.05439076584924345	0.05032315068061245
intracellular	JAHEJB01	1	1	0.0737781930256647	0.0724155672813883	0.0013626257442763967	0.0737781930256647	0.0724155672813883
intracellular	JAHELH01	1	1	0.1613338388885214	0.150757473329873	0.01057636555864841	0.1613338388885214	0.150757473329873
intracellular	JAHELU01	1	1	0.1746996413612405	0.1346321331820195	0.040067508179221	0.1746996413612405	0.1346321331820195
intracellular	JAHFPN01	1	1	0.1379910878604458	0.0953184228441162	0.04267266501632962	0.1379910878604458	0.0953184228441162
intracellular	JAHJDS01	1	1	0.057144179941674	0.0976185536455442	-0.0404743737038702	0.057144179941674	0.0976185536455442
intracellular	JAHJRI01	1	1	0.0550187319349948	0.0444862961106793	0.010532435824315498	0.0550187319349948	0.0444862961106793
intracellular	JAHJTV01	2	2	0.10043660769142934	0.07340977023536376	0.027026837456065586	0.10043660769142934	0.07340977023536376
intracellular	JAICJC01	11	11	0.11727949133820709	0.16685182888363692	-0.049572337545429834	0.1173263837184513	0.1270067343347138
intracellular	JAICJV01	1	1	0.1047229899469926	0.1997188840203719	-0.09499589407337931	0.1047229899469926	0.1997188840203719
intracellular	JAICYJ01	1	1	0.2101985334623444	0.1199793834702692	0.09021914999207521	0.2101985334623444	0.1199793834702692
intracellular	JAIRMQ01	4	4	0.07370898358112732	0.07998021269956915	-0.006271229118441829	0.0702972308980615	0.06571084101762534
intracellular	JAIRMZ01	1	1	0.0604773865886958	0.0764874011712131	-0.016010014582517294	0.0604773865886958	0.0764874011712131
intracellular	JAIRZM01	1	1	0.0600656703047055	0.0868509909891922	-0.026785320684486705	0.0600656703047055	0.0868509909891922
intracellular	JAISDD01	1	1	0.0687862883192076	0.0777515676744781	-0.0089652793552705	0.0687862883192076	0.0777515676744781
intracellular	JAJEFO01	1	1	0.0819448963375753	0.0708660716757067	0.011078824661868603	0.0819448963375753	0.0708660716757067
intracellular	JAJFGI01	1	1	0.0631874086790083	0.0562020140292581	0.006985394649750197	0.0631874086790083	0.0562020140292581
intracellular	JAJFGN01	2	2	0.05068267889940995	0.044419282343887895	0.006263396555522056	0.05068267889940995	0.044419282343887895
intracellular	JAJFHN01	1	1	0.0498264646409571	0.0516236328700424	-0.001797168229085301	0.0498264646409571	0.0516236328700424
intracellular	JAJPHU01	2	2	0.12069992199695005	0.06547442898928744	0.05522549300766261	0.12069992199695005	0.06547442898928744
intracellular	JAJRRS01	2	2	0.3003341297251284	0.08095646141930354	0.21937766830582486	0.3003341297251284	0.08095646141930354
intracellular	JAJRUE01	1	1	0.1835581746133988	0.2133296332620773	-0.0297714586486785	0.1835581746133988	0.2133296332620773
intracellular	JAJXVA01	1	1	0.1491817799513866	0.0889246821594786	0.06025709779190799	0.1491817799513866	0.0889246821594786
intracellular	JAJZRV01	1	1	0.0530096542827573	0.10966648756642	-0.0566568332836627	0.0530096542827573	0.10966648756642
intracellular	JAKAWQ01	4	4	0.08132227891620415	0.0923897750329348	-0.011067496116730649	0.08329224909200145	0.08702253726697914
intracellular	JAKBAT01	1	1	0.110174903823904	0.1038776518552431	0.006297251968660905	0.110174903823904	0.1038776518552431
intracellular	JAKCDU01	2	2	0.12974304862244052	0.1533300761836589	-0.023587027561218388	0.12974304862244052	0.1533300761836589
intracellular	JAKIUO01	1	1	0.0531498650333004	0.0901539583529026	-0.0370040933196022	0.0531498650333004	0.0901539583529026
intracellular	JAKLFA01	1	1	0.0483043975119387	0.0666680595541628	-0.018363662042224102	0.0483043975119387	0.0666680595541628
intracellular	JALZWD01	1	1	0.505955219681142	0.2928291944749251	0.21312602520621687	0.505955219681142	0.2928291944749251
intracellular	JAMWZF01	1	1	0.2632356745183264	0.2644452544365838	-0.0012095799182573752	0.2632356745183264	0.2644452544365838
intracellular	JANMEX01	1	1	0.2522298583521358	0.4450911364405334	-0.1928612780883976	0.2522298583521358	0.4450911364405334
intracellular	JANNWF01	1	1	0.0983865291456679	0.2633735001272111	-0.16498697098154322	0.0983865291456679	0.2633735001272111
intracellular	JANOYJ01	1	1	0.1219200524769681	0.2341983174749121	-0.112278264997944	0.1219200524769681	0.2341983174749121
intracellular	JANQOH01	1	1	0.0768399065113292	0.074438003805948	0.0024019027053811953	0.0768399065113292	0.074438003805948
intracellular	JANQPX01	1	1	0.0988940202003097	0.0735430567435767	0.025350963456733003	0.0988940202003097	0.0735430567435767
intracellular	JANSXY01	1	1	0.1871692061271874	0.2455846099043637	-0.0584154037771763	0.1871692061271874	0.2455846099043637
intracellular	JANXAZ01	3	3	0.24718554340147172	0.21437508447748596	0.032810458923985764	0.2414787529399121	0.1944966051508324
intracellular	JANYCD01	1	1	0.1586719832846748	0.07161017210407	0.0870618111806048	0.1586719832846748	0.07161017210407
intracellular	JANYCG01	1	1	0.1108699601352788	0.1747880110840918	-0.063918050948813	0.1108699601352788	0.1747880110840918
intracellular	JAOPZW01	3	3	0.16253623610570136	0.21020004122318872	-0.04766380511748736	0.1592397258190037	0.2049522729186037
intracellular	JAPLJC01	2	2	0.0450368536534387	0.06513484791226605	-0.02009799425882735	0.0450368536534387	0.06513484791226605
intracellular	JAPLJM01	1	1	0.0842315702042996	0.0732826361885335	0.01094893401576609	0.0842315702042996	0.0732826361885335
intracellular	JAPOXR01	1	1	0.0514730510268087	0.0781409228186744	-0.026667871791865694	0.0514730510268087	0.0781409228186744
intracellular	JAPWJZ01	2	2	0.35609514820917043	0.3250421856281226	0.031052962581047838	0.35609514820917043	0.3250421856281226
intracellular	JAQBXX01	1	1	0.0814591213870872	0.0821603668134978	-0.0007012454264105905	0.0814591213870872	0.0821603668134978
intracellular	JAQGLK01	1	1	0.2953571940677627	0.2056537525236424	0.08970344154412027	0.2953571940677627	0.2056537525236424
intracellular	JAQGMV01	1	1	0.1347183381009555	0.0975228304885274	0.03719550761242808	0.1347183381009555	0.0975228304885274
intracellular	JARFQH01	3	3	0.0415984305534672	0.04107273961470483	0.0005256909387623687	0.0400753428144909	0.0429229385063606
intracellular	JASEGY01	1	1	0.090176683918793	0.1092515744964079	-0.01907489057761491	0.090176683918793	0.1092515744964079
intracellular	JASHPR01	1	1	0.0737375503925862	0.0826820536599616	-0.008944503267375406	0.0737375503925862	0.0826820536599616
intracellular	JASLMY01	1	1	0.0525599653233858	0.073813319514976	-0.021253354191590197	0.0525599653233858	0.073813319514976
intracellular	JAUMBM01	1	1	0.1975993333552337	0.2606461168588106	-0.06304678350357693	0.1975993333552337	0.2606461168588106
intracellular	JAVVHH01	1	1	0.1526645982023685	0.0786823679203389	0.07398223028202959	0.1526645982023685	0.0786823679203389
intracellular	JAWLAT01	1	1	0.2700836071572853	0.1185757131707363	0.151507893986549	0.2700836071572853	0.1185757131707363
intracellular	JAYSQK01	1	1	0.1208689749012889	0.1821154358952075	-0.06124646099391862	0.1208689749012889	0.1821154358952075
intracellular	JAYYZW01	1	1	0.0376212965176395	0.0542375488309853	-0.0166162523133458	0.0376212965176395	0.0542375488309853
intracellular	JBBECE01	1	1	0.0856413645186975	0.0989139339762924	-0.013272569457594904	0.0856413645186975	0.0989139339762924
intracellular	JBBPYC01	1	1	0.0686508089791258	0.1250670524603238	-0.05641624348119799	0.0686508089791258	0.1250670524603238
intracellular	JBBPZA01	1	1	0.1522702603175661	0.1285082717926864	0.023761988524879707	0.1522702603175661	0.1285082717926864
intracellular	JBBQAA01	1	1	0.2275840848874715	0.156697209038448	0.0708868758490235	0.2275840848874715	0.156697209038448
intracellular	JBBQVS01	2	2	0.0893849155636307	0.0636296445694818	0.025755270994148913	0.0893849155636307	0.0636296445694818
intracellular	JBBSAT01	1	1	0.257556463405357	0.4869440095098991	-0.2293875461045421	0.257556463405357	0.4869440095098991
intracellular	JBCBTJ01	1	1	0.145385915176489	0.0808658228490746	0.06452009232741439	0.145385915176489	0.0808658228490746
intracellular	JBCBXA01	1	1	0.1846623967224121	0.2199554293369313	-0.03529303261451919	0.1846623967224121	0.2199554293369313
intracellular	JBCKPE01	1	1	0.0623937824163719	0.0565363372001248	0.005857445216247099	0.0623937824163719	0.0565363372001248
intracellular	JBDKUD01	1	1	0.0605585503624473	0.0481673764371518	0.012391173925295498	0.0605585503624473	0.0481673764371518
intracellular	JBDLSY01	1	1	0.143023963410088	0.2343314273168966	-0.0913074639068086	0.143023963410088	0.2343314273168966
intracellular	JBEEJZ01	1	1	0.3672153887346788	0.5325839932463395	-0.16536860451166074	0.3672153887346788	0.5325839932463395
intracellular	JBEVOS01	1	1	0.1298524965388566	0.1391041744601717	-0.009251677921315093	0.1298524965388566	0.1391041744601717
intracellular	JBGTLW01	1	1	0.2081440154682318	0.1938007877371522	0.0143432277310796	0.2081440154682318	0.1938007877371522
intracellular	JBKCUK01	1	1	0.2319160963268757	0.2133758996834965	0.01854019664337922	0.2319160963268757	0.2133758996834965
intracellular	JBLHUT01	1	1	0.2847668682605319	0.3683072379418151	-0.0835403696812832	0.2847668682605319	0.3683072379418151
intracellular	Jatrophihabitans	2	2	0.20523690934254746	0.27783812291401044	-0.07260121357146299	0.20523690934254746	0.27783812291401044
intracellular	Jatrophihabitans_A	1	1	0.4951917380109658	0.2813028141094082	0.21388892390155756	0.4951917380109658	0.2813028141094082
intracellular	Kalymmatonema	1	1	2.0303795140108863e-08	0.0857832262048557	-0.08578320590106056	2.0303795140108863e-08	0.0857832262048557
intracellular	Kineosphaera	1	1	0.4194519449291372	0.129611120526384	0.28984082440275316	0.4194519449291372	0.129611120526384
intracellular	Kordiimonas	2	2	0.4522449289703939	0.7948934667336391	-0.3426485377632452	0.4522449289703939	0.7948934667336391
intracellular	Kribbella	2	2	0.3920272722485423	0.5209914864155876	-0.1289642141670453	0.3920272722485423	0.5209914864155876
intracellular	Kurthia	2	2	3.459753631020665	1.1284457879224463	2.3313078430982186	3.459753631020665	1.1284457879224463
intracellular	LFER01	3	3	0.09368112567518712	0.07648784133268204	0.017193284342505083	0.0884698358281581	0.057890475001498
intracellular	LZORAL124-50-18	1	1	0.0734581410154777	0.0910408803667266	-0.017582739351248905	0.0734581410154777	0.0910408803667266
intracellular	Lacustribacter	2	2	0.14704768874297325	0.15571964355205553	-0.008671954809082283	0.14704768874297325	0.15571964355205553
intracellular	Lautropia	5	5	0.1236787369636222	0.18625499578270463	-0.06257625881908244	0.130952003296918	0.1716334663746333
intracellular	Legionella	28	28	0.16586904601625127	0.1683000282400144	-0.0024309822237631173	0.15882749434572574	0.14408013915087256
intracellular	Legionella_A	1	1	0.0938391851574007	0.1113880045081307	-0.017548819350730008	0.0938391851574007	0.1113880045081307
intracellular	Legionella_C	8	8	0.24298842114704264	0.11363048996730563	0.129357931179737	0.2252935354233247	0.09229020787598315
intracellular	Lichenicola	1	1	0.1502411061467993	0.1417382439746312	0.008502862172168113	0.1502411061467993	0.1417382439746312
intracellular	Limnobacter	1	1	0.3579419619251343	0.2172649994488514	0.1406769624762829	0.3579419619251343	0.2172649994488514
intracellular	Limnohabitans	10	10	0.30372545161292275	0.18556900529114867	0.11815644632177408	0.17419753333610416	0.172240860254317
intracellular	Limnohabitans_A	2	2	0.47751823398840876	0.6212847328164506	-0.14376649882804182	0.47751823398840876	0.6212847328164506
intracellular	Litorivicinus	1	1	0.6310907749311805	0.8423218754985421	-0.2112311005673616	0.6310907749311805	0.8423218754985421
intracellular	Longivirga	1	1	0.3144961654342098	0.6731259355536117	-0.3586297701194019	0.3144961654342098	0.6731259355536117
intracellular	Luminiphilus	1	1	0.0902462767426716	0.1642349509722081	-0.0739886742295365	0.0902462767426716	0.1642349509722081
intracellular	Lustribacter	2	2	0.15534096418562388	0.1012994004896591	0.05404156369596477	0.15534096418562388	0.1012994004896591
intracellular	Luteimonas	3	3	0.32336367760360774	0.22569439215435053	0.09766928544925721	0.3524765497028079	0.2426336915328512
intracellular	M55B175	1	1	0.0373710998211134	0.0558653133266554	-0.018494213505542	0.0373710998211134	0.0558653133266554
intracellular	MED-G105	1	1	0.0908847257337361	0.1867896055718932	-0.0959048798381571	0.0908847257337361	0.1867896055718932
intracellular	MHLP01	1	1	0.1291427515862792	0.1460498848137348	-0.0169071332274556	0.1291427515862792	0.1460498848137348
intracellular	MPNP01	4	4	0.06170133339203798	0.06957351327347405	-0.00787217988143607	0.0617691736026412	0.06540629572985775
intracellular	MVRV01	1	1	0.0962681382432267	0.0856132065744238	0.010654931668802908	0.0962681382432267	0.0856132065744238
intracellular	MWDF01	1	1	0.0546956559465345	0.0563478454287631	-0.0016521894822286026	0.0546956559465345	0.0563478454287631
intracellular	MWEI01	1	1	0.0765106127411228	0.063654490621271	0.012856122119851793	0.0765106127411228	0.063654490621271
intracellular	Maricaulis	1	1	0.413714389486593	0.1750655286123714	0.2386488608742216	0.413714389486593	0.1750655286123714
intracellular	MarineAlpha4-Bin1	1	1	0.0734419136230456	0.0708371940085859	0.002604719614459697	0.0734419136230456	0.0708371940085859
intracellular	Marinobacter	54	54	0.45841305736707744	0.525666791038609	-0.06725373367153159	0.3058044492431881	0.3751964151369765
intracellular	Marisalimonas	9	9	0.06723338039216313	0.07046045120009944	-0.0032270708079363136	0.0683189114761949	0.0672257513230526
intracellular	Marivita	1	1	0.2920473089279024	0.5336621887429224	-0.24161487981501995	0.2920473089279024	0.5336621887429224
intracellular	Marmoricola	2	2	0.3745267834953236	0.3677268971590959	0.0067998863362276896	0.3745267834953236	0.3677268971590959
intracellular	Megaera	2	2	0.0944876607406731	0.10555247597859535	-0.011064815237922257	0.0944876607406731	0.10555247597859535
intracellular	Megaera_A	13	13	0.08906410982078035	0.11574459575668578	-0.026680485935905426	0.0705929544216912	0.108209179064639
intracellular	Mesopusillimonas	1	1	0.4226182321894959	0.3276208655532545	0.09499736663624142	0.4226182321894959	0.3276208655532545
intracellular	Mesorhizobium	3	3	0.3135720759448857	0.24937749548821395	0.06419458045667173	0.3050096367701574	0.2581860368649775
intracellular	Mesorhizobium_L	1	1	0.1946428357398914	0.1279100840700773	0.0667327516698141	0.1946428357398914	0.1279100840700773
intracellular	Metabacillus_B	1	1	1.2648925567681302	2.235892489728334	-0.9709999329602039	1.2648925567681302	2.235892489728334
intracellular	Metallibacterium	2	2	0.09207237361993985	0.1440500732740292	-0.05197769965408934	0.09207237361993985	0.1440500732740292
intracellular	Methylaequor	1	1	0.1033808655420026	0.0654445184302742	0.0379363471117284	0.1033808655420026	0.0654445184302742
intracellular	Methylovirgula	1	1	0.1312936759027089	0.1375999412883196	-0.006306265385610688	0.1312936759027089	0.1375999412883196
intracellular	Mf105b01	2	2	0.11668659388635655	0.1401865005502878	-0.023499906663931258	0.11668659388635655	0.1401865005502878
intracellular	Micavibrio_A	2	2	0.3268408595646124	0.35877947345908723	-0.03193861389447483	0.3268408595646124	0.35877947345908723
intracellular	Micavibrio_B	1	1	0.4201711945555123	0.2512445822883755	0.1689266122671368	0.4201711945555123	0.2512445822883755
intracellular	Micrococcus	1	1	0.5511805934827922	0.2750925821770358	0.27608801130575644	0.5511805934827922	0.2750925821770358
intracellular	Mobilicoccus	2	2	0.6471921276052662	0.2907226074914262	0.35646952011384003	0.6471921276052662	0.2907226074914262
intracellular	Modestobacter	10	10	0.32823380043116734	0.2953495892684871	0.032884211162680255	0.285435482925925	0.2522471162345406
intracellular	Motiliproteus	1	1	0.5672975802637099	0.6745364405859442	-0.10723886032223429	0.5672975802637099	0.6745364405859442
intracellular	Mycetohabitans	4	4	0.25650486596167	0.06419139182569544	0.19231347413597455	0.2476227510674227	0.06376713773437535
intracellular	Mycobacterium	16	16	0.1997632521651686	0.18036943951575085	0.019393812649417752	0.20414599182397603	0.16380564335064496
intracellular	NAT127	1	1	0.1019757974821056	0.1447870490291787	-0.04281125154707309	0.1019757974821056	0.1447870490291787
intracellular	NIC37A-2	2	2	0.17868480407215942	0.3595070619979487	-0.18082225792578926	0.17868480407215942	0.3595070619979487
intracellular	NORP23	6	6	0.3560776268184434	0.33523473664667525	0.020842890171768158	0.3504251218244546	0.25180342005812983
intracellular	NVTR01	2	2	0.2180889958075144	0.1712995207832078	0.04678947502430661	0.2180889958075144	0.1712995207832078
intracellular	NaphS2	5	5	0.06086730482654257	0.07421877935697756	-0.01335147453043499	0.062733298647214	0.0797633495840921
intracellular	Nemorincola	3	3	0.23277771344477563	0.2741728064416351	-0.04139509299685948	0.1869331106233316	0.2565901493820063
intracellular	Neobacillus	9	9	1.7381672240297124	1.5476844564150316	0.19048276761468075	1.6299388884459505	1.3670121959206445
intracellular	Neoroseomonas	10	10	0.2805683819542164	0.23063386033870237	0.04993452161551404	0.2726148596943643	0.22901415194605146
intracellular	Niveispirillum	1	1	0.8857078079420331	0.1954161229470734	0.6902916849949596	0.8857078079420331	0.1954161229470734
intracellular	Njordibacter	1	1	0.2387126677778316	0.6582861290651207	-0.4195734612872891	0.2387126677778316	0.6582861290651207
intracellular	Nocardioides	6	6	0.32294638225124966	0.3999640204216692	-0.07701763817041951	0.33715290914082985	0.37507353601956667
intracellular	Nocardioides_B	1	1	0.2054610342639259	0.2706325328293589	-0.065171498565433	0.2054610342639259	0.2706325328293589
intracellular	Novilysobacter	3	3	0.26298112647276645	0.1923476220309179	0.07063350444184854	0.2915081151430739	0.2140639533403121
intracellular	Novosphingobium	6	6	0.49512198975906596	0.7352135959319196	-0.24009160617285363	0.41758178477690955	0.3484348837542664
intracellular	OLB11	11	11	0.1889503454016652	0.3792761142269914	-0.19032576882532623	0.1940625056401255	0.2452007941925001
intracellular	OLB19	2	2	0.27849451582098084	0.1800595494461201	0.09843496637486074	0.27849451582098084	0.1800595494461201
intracellular	Oceanibaculum	1	1	0.1265522349275746	0.1230328918004736	0.0035193431271009906	0.1265522349275746	0.1230328918004736
intracellular	Oceanicaulis	1	1	0.4253139861312497	0.0712411363821213	0.3540728497491284	0.4253139861312497	0.0712411363821213
intracellular	Oceanicoccus	1	1	0.3099630051400073	0.2431544608421211	0.06680854429788619	0.3099630051400073	0.2431544608421211
intracellular	Octadecabacter	1	1	0.516826875974237	0.8243377381537613	-0.3075108621795243	0.516826875974237	0.8243377381537613
intracellular	Oleiagrimonas	1	1	0.4113280479638072	0.1960208976052371	0.21530715035857007	0.4113280479638072	0.1960208976052371
intracellular	Oleispira	5	5	1.0805852996223368	0.9056502283563281	0.1749350712660087	0.6589165142457601	0.5458882365854035
intracellular	Ornithinicoccus	6	6	0.3197951780294593	0.2069748209989167	0.11282035703054258	0.29295468922669443	0.17451392908494073
intracellular	Orrella	1	1	0.3788077749391267	0.2813684415271134	0.09743933341201333	0.3788077749391267	0.2813684415271134
intracellular	Ottowia	1	1	0.12007642104098	0.1536288791115636	-0.03355245807058359	0.12007642104098	0.1536288791115636
intracellular	Ovoidimarina	1	1	0.1390037893962142	0.1177024857062332	0.021301303689980983	0.1390037893962142	0.1177024857062332
intracellular	Oxalicibacterium	8	8	0.6082541971406878	0.4391288608876629	0.16912533625302495	0.5942875258320555	0.4390535640455215
intracellular	PALSA-1003	6	6	0.09978575255559674	0.09568741403883842	0.004098338516758324	0.10346902212476275	0.09055664245822334
intracellular	PALSA-1004	6	6	0.07541936280507076	0.07865194020554787	-0.00323257740047711	0.07514384787373045	0.08291538966709544
intracellular	PALSA-270	1	1	0.0437793339763657	0.0767162755316841	-0.0329369415553184	0.0437793339763657	0.0767162755316841
intracellular	PALSA-693	2	2	0.1012303308886128	0.1223450532437424	-0.021114722355129595	0.1012303308886128	0.1223450532437424
intracellular	PALSA-894	1	1	0.1327574214425601	0.1116676554422825	0.02108976600027758	0.1327574214425601	0.1116676554422825
intracellular	PALSA-926	4	4	0.11837696943970938	0.16608815625852272	-0.04771118681881334	0.1258366547878774	0.16449323088996498
intracellular	PHAA01	6	6	0.06308653905316682	0.06537805752179875	-0.002291518468631931	0.06276834613826146	0.06012133122199195
intracellular	PHBD01	2	2	0.07971371083862394	0.1307527644751995	-0.05103905363657557	0.07971371083862394	0.1307527644751995
intracellular	PMG-095	2	2	0.2065012351761815	0.29570134448752616	-0.08920010931134467	0.2065012351761815	0.29570134448752616
intracellular	PWGO01	1	1	0.0607626193549118	0.0585511058018543	0.002211513553057501	0.0607626193549118	0.0585511058018543
intracellular	PWJY01	1	1	0.0820169311586431	0.0632254428679784	0.018791488290664696	0.0820169311586431	0.0632254428679784
intracellular	Pacificispira	1	1	0.4923165051807255	0.2924091922793737	0.19990731290135183	0.4923165051807255	0.2924091922793737
intracellular	Paenacidovorax	1	1	0.5450852963881396	0.8488073891555793	-0.30372209276743967	0.5450852963881396	0.8488073891555793
intracellular	Paenalcaligenes	2	2	0.3191748649415418	0.3345614965314314	-0.015386631589889621	0.3191748649415418	0.3345614965314314
intracellular	Palleronia	1	1	0.088931987285606	0.1082392605155557	-0.019307273229949698	0.088931987285606	0.1082392605155557
intracellular	Palsa-1233	1	1	0.1317316793004121	0.1358762304503402	-0.004144551149928094	0.1317316793004121	0.1358762304503402
intracellular	Palsa-461	1	1	0.1098571354113614	0.1280531177382281	-0.018195982326866714	0.1098571354113614	0.1280531177382281
intracellular	Palsa-465	93	93	0.1076340562502199	0.11495763630358552	-0.007323580053365614	0.0997805596214369	0.1004942381351419
intracellular	Palsa-504	4	4	0.08817244634924312	0.08367030456039426	0.004502141788848862	0.08923237683561511	0.08053559303476304
intracellular	Palsa-513	1	1	0.1083332936718668	0.1110263667235546	-0.002693073051687811	0.1083332936718668	0.1110263667235546
intracellular	Palsa-892	1	1	0.0642216378837611	0.126470480813742	-0.06224884292998088	0.0642216378837611	0.126470480813742
intracellular	Panacagrimonas	1	1	0.1980857119117778	0.0921419373172864	0.10594377459449139	0.1980857119117778	0.0921419373172864
intracellular	Pandoraea	1	1	0.211283534798884	0.0750682090454107	0.1362153257534733	0.211283534798884	0.0750682090454107
intracellular	Paracoccus	2	2	0.3255851154599528	0.5996378427816174	-0.2740527273216646	0.3255851154599528	0.5996378427816174
intracellular	Paragemmobacter	1	1	1.0340598420503422	0.0944474064952351	0.9396124355551071	1.0340598420503422	0.0944474064952351
intracellular	Pararhodobacter	2	2	0.5843617050263683	0.4342222213777835	0.15013948364858481	0.5843617050263683	0.4342222213777835
intracellular	Parasulfuritortus	1	1	0.0967216039530497	0.2088484998125114	-0.11212689585946171	0.0967216039530497	0.2088484998125114
intracellular	Paremcibacter	2	2	0.1012536203149217	0.1692782007445739	-0.06802458042965219	0.1012536203149217	0.1692782007445739
intracellular	Parvularcula	1	1	0.1913917969071562	0.2178930863876673	-0.026501289480511114	0.1913917969071562	0.2178930863876673
intracellular	Pelagibius	1	1	0.0649036793078463	0.0851862470467854	-0.020282567738939106	0.0649036793078463	0.0851862470467854
intracellular	Peptococcus	1	1	0.2174577203946617	0.1167479472294309	0.10070977316523082	0.2174577203946617	0.1167479472294309
intracellular	Peptoniphilus_A	1	1	0.2166270191490444	0.5800707370762922	-0.36344371792724783	0.2166270191490444	0.5800707370762922
intracellular	Peribacillus	2	2	1.047768550057427	1.4670972257381933	-0.41932867568076637	1.047768550057427	1.4670972257381933
intracellular	Pernthalerella	2	2	0.16482875932925511	0.21334218488039192	-0.0485134255511368	0.16482875932925511	0.21334218488039192
intracellular	Phaeospirillum	2	2	0.3660276319798863	0.3045989672064957	0.061428664773390595	0.3660276319798863	0.3045989672064957
intracellular	Phenylobacterium	3	3	0.3511530958637917	0.3267970695077615	0.02435602635603018	0.4305721563383686	0.3255653690200624
intracellular	Pigmentiphaga	1	1	0.4631757731140557	0.5393603040980163	-0.07618453098396055	0.4631757731140557	0.5393603040980163
intracellular	Planktomarina	11	11	0.26391649030090003	0.11124206564476151	0.1526744246561385	0.229473924145808	0.0863528292195043
intracellular	Planktotalea	1	1	0.4229684939239514	0.4629969983600424	-0.04002850443609096	0.4229684939239514	0.4629969983600424
intracellular	Polaromonas	2	2	0.42112291434467214	0.30428306079272066	0.11683985355195148	0.42112291434467214	0.30428306079272066
intracellular	Polymorphobacter_B	1	1	0.1566720540839272	0.0917224852118258	0.0649495688721014	0.1566720540839272	0.0917224852118258
intracellular	Polynucleobacter	9	9	0.3210948817493539	0.24539589446340818	0.07569898728594573	0.295234957472343	0.1952807206890272
intracellular	Porticoccus	12	12	0.1826685164730537	0.10109686669325281	0.0815716497798009	0.1602064008693887	0.09718959158250534
intracellular	Profundibacter	4	4	0.2011085221858845	0.21197958347775428	-0.010871061291869794	0.20451095387400636	0.2111061158975181
intracellular	Pseudahrensia	6	6	0.1772271363657731	0.23332820578053726	-0.05610106941476414	0.1671003009504018	0.25918189979551143
intracellular	Pseudaquabacterium	1	1	0.1594759753234316	0.1823173831807711	-0.022841407857339485	0.1594759753234316	0.1823173831807711
intracellular	Pseudolabrys	3	3	0.09841449226728449	0.12489635367841612	-0.026481861411131624	0.0964157800247425	0.1205903811424882
intracellular	Pseudonocardia	13	13	0.32426474151070594	0.24677268269019165	0.0774920588205143	0.3127187133797903	0.2801849838005477
intracellular	Pseudoteredinibacter	2	2	0.7964250466979161	0.7727903007014979	0.023634745996418238	0.7964250466979161	0.7727903007014979
intracellular	Psychrobacillus	1	1	1.125686518929925	1.4870539150327031	-0.3613673961027781	1.125686518929925	1.4870539150327031
intracellular	Psychrobium	1	1	1.0070541421091908	1.3016676715881732	-0.29461352947898245	1.0070541421091908	1.3016676715881732
intracellular	Psychromarinibacter	1	1	0.3808412586457152	0.1081743129145982	0.27266694573111705	0.3808412586457152	0.1081743129145982
intracellular	Pyruvatibacter	1	1	0.1224298984075141	0.1057036249212032	0.016726273486310908	0.1224298984075141	0.1057036249212032
intracellular	QHCC01	2	2	0.2343241485154911	0.10492068414827439	0.12940346436721673	0.2343241485154911	0.10492068414827439
intracellular	QWHO01	1	1	0.1447278701917159	0.0808845534259915	0.0638433167657244	0.1447278701917159	0.0808845534259915
intracellular	Quisquiliibacterium	1	1	0.205280437912665	0.186603338185877	0.01867709972678802	0.205280437912665	0.186603338185877
intracellular	R-H-3	2	2	0.3722917539998548	0.34057143825937797	0.031720315740476845	0.3722917539998548	0.34057143825937797
intracellular	RBG-13-49-15	1	1	0.0712118757314635	0.0537930499537181	0.017418825777745395	0.0712118757314635	0.0537930499537181
intracellular	RBG-16-66-20	3	3	0.08509096918787835	0.10490985885162923	-0.01981888966375088	0.0941028556396326	0.0954928509124029
intracellular	RDXE01	1	1	0.2358474019646824	0.1468271885042617	0.08902021346042069	0.2358474019646824	0.1468271885042617
intracellular	RFTU01	2	2	0.1293882533134869	0.179888838239741	-0.05050058492625409	0.1293882533134869	0.179888838239741
intracellular	RPRB01	1	1	0.2002363541850559	0.1966925803100666	0.0035437738749893033	0.2002363541850559	0.1966925803100666
intracellular	RS62	1	1	0.1135311737211386	0.2824174681377159	-0.1688862944165773	0.1135311737211386	0.2824174681377159
intracellular	RYN-230	1	1	0.0808381620464421	0.0722056405824163	0.008632521464025808	0.0808381620464421	0.0722056405824163
intracellular	RZZS01	1	1	0.1265831266290535	0.1052761193027073	0.02130700732634619	0.1265831266290535	0.1052761193027073
intracellular	Ramlibacter	1	1	0.3203196855354104	0.4218379231622641	-0.10151823762685369	0.3203196855354104	0.4218379231622641
intracellular	Reyranella	3	3	0.12946161738204567	0.15250696481751805	-0.023045347435472374	0.1228915794746038	0.1440133285629984
intracellular	Rhabdothermincola_A	1	1	0.2478036251650783	0.153993343847632	0.09381028131744631	0.2478036251650783	0.153993343847632
intracellular	Rhizomicrobium	80	80	0.2181705617762879	0.13246423457018325	0.08570632720610466	0.19250243020659868	0.10302940836499674
intracellular	Rhodobacter	1	1	1.438955253640238	0.9040197771198576	0.5349354765203803	1.438955253640238	0.9040197771198576
intracellular	Rhodoferax	13	13	0.1965676886066466	0.19079516599317572	0.005772522613470887	0.2150334269380184	0.1647996776423166
intracellular	Rhodoglobus	1	1	0.1238542484424721	0.3404272315960929	-0.21657298315362078	0.1238542484424721	0.3404272315960929
intracellular	Rhodopila	2	2	0.1478662188437137	0.0706081477805542	0.0772580710631595	0.1478662188437137	0.0706081477805542
intracellular	Rhodosalinus	1	1	0.1686082737723224	0.3507173057186294	-0.182109031946307	0.1686082737723224	0.3507173057186294
intracellular	Rhodospira	1	1	0.0651265114192425	0.0636848849190135	0.0014416265002289985	0.0651265114192425	0.0636848849190135
intracellular	Rhodovarius	2	2	0.20520349632934232	0.17298197292878859	0.03222152340055373	0.20520349632934232	0.17298197292878859
intracellular	Rhodovastum	2	2	0.12422749588725181	0.07179316046803419	0.05243433541921762	0.12422749588725181	0.07179316046803419
intracellular	Rickettsia	6	6	0.12663378320457638	0.15361890417320875	-0.02698512096863237	0.13301843522485865	0.12218540189322835
intracellular	Robbsia	2	2	0.6826663992878004	0.43048619381051295	0.2521802054772874	0.6826663992878004	0.43048619381051295
intracellular	Robiginitomaculum	1	1	0.2165181533106867	0.3232551282576474	-0.10673697494696072	0.2165181533106867	0.3232551282576474
intracellular	Robiginitomaculum_B	1	1	0.1125598526787099	0.0741371179522333	0.0384227347264766	0.1125598526787099	0.0741371179522333
intracellular	Roseiarcus	3	3	0.11413926997571118	0.1292810132261385	-0.015141743250427317	0.1068526921845146	0.1302553123709367
intracellular	Roseibacterium	1	1	0.2121591954887786	0.1494129500452621	0.06274624544351651	0.2121591954887786	0.1494129500452621
intracellular	Roseinatronobacter	2	2	0.11061524117108296	0.21458296306036134	-0.10396772188927839	0.11061524117108296	0.21458296306036134
intracellular	Roseococcus	4	4	0.1557204807823078	0.16359695067050728	-0.007876469888199483	0.1556492172298227	0.16858396224853356
intracellular	Roseomonas	1	1	0.2026514526276559	0.1589197561769112	0.043731696450744706	0.2026514526276559	0.1589197561769112
intracellular	Roseovarius	2	2	0.18928890198542686	0.3275449544502741	-0.13825605246484723	0.18928890198542686	0.3275449544502741
intracellular	Rs1	2	2	0.6334754217252414	1.100987817038838	-0.4675123953135967	0.6334754217252414	1.100987817038838
intracellular	Rubrivivax	8	8	0.17503109157935504	0.19448345324913313	-0.019452361669778095	0.1668976803444508	0.1817613681558517
intracellular	Rubrobacter_D	4	4	0.07757114523268395	0.08345335591078247	-0.005882210678098521	0.0756621284387077	0.0840922001716072
intracellular	Rubrobacter_F	1	1	0.0711728109761541	0.0728148680278054	-0.0016420570516512967	0.0711728109761541	0.0728148680278054
intracellular	Rudaea	1	1	0.2146452329530867	0.1152662896147578	0.09937894333832892	0.2146452329530867	0.1152662896147578
intracellular	Rugosibacter	2	2	0.1266813361479873	0.12044533924469675	0.006235996903290547	0.1266813361479873	0.12044533924469675
intracellular	Rurimicrobium	2	2	0.36633637419788195	0.3343125747481642	0.03202379944971773	0.36633637419788195	0.3343125747481642
intracellular	S015-6	2	2	0.0593919750516282	0.052044194412893104	0.007347780638735098	0.0593919750516282	0.052044194412893104
intracellular	SCGC-AG-212-J23	1	1	0.1127429577016689	0.108927396565547	0.0038155611361219005	0.1127429577016689	0.108927396565547
intracellular	SCTD01	1	1	0.389245124330165	0.4531040629645437	-0.06385893863437869	0.389245124330165	0.4531040629645437
intracellular	SCTM01	1	1	0.1622562432623051	0.156176983628741	0.006079259633564094	0.1622562432623051	0.156176983628741
intracellular	SG8-41	2	2	0.0694590185322492	0.07501585507484859	-0.0055568365425993915	0.0694590185322492	0.07501585507484859
intracellular	SHVO01	1	1	0.2651928330059145	0.1675214720166914	0.0976713609892231	0.2651928330059145	0.1675214720166914
intracellular	SHVT01	1	1	0.0736463440688551	0.089890188260686	-0.016243844191830892	0.0736463440688551	0.089890188260686
intracellular	SHVZ01	3	3	0.19221235599214267	0.17103463544871955	0.021177720543423123	0.126560057891649	0.1727397670378654
intracellular	SHWF01	1	1	0.0418936134766302	0.041940630676081	-4.701719945080646e-05	0.0418936134766302	0.041940630676081
intracellular	SHXO01	1	1	0.1354731130515954	0.0692553967548287	0.0662177162967667	0.1354731130515954	0.0692553967548287
intracellular	SHXR01	1	1	0.0679421692778032	0.0435154650320239	0.024426704245779293	0.0679421692778032	0.0435154650320239
intracellular	SHYP01	1	1	0.0672884030750868	0.0714864581058401	-0.004198055030753309	0.0672884030750868	0.0714864581058401
intracellular	SHZL01	1	1	0.0776102834442174	0.0802139227036587	-0.0026036392594412927	0.0776102834442174	0.0802139227036587
intracellular	SKMY01	1	1	0.0607957863393331	0.0610671292521208	-0.0002713429127877004	0.0607957863393331	0.0610671292521208
intracellular	SLRI01	1	1	0.2103100176439707	0.1474733171041866	0.0628367005397841	0.2103100176439707	0.1474733171041866
intracellular	SURF-33	1	1	0.0484109212899768	0.0480607387256455	0.0003501825643313014	0.0484109212899768	0.0480607387256455
intracellular	SURF-43	1	1	0.1354546384398126	0.121926782577017	0.01352785586279559	0.1354546384398126	0.121926782577017
intracellular	SYIM01	2	2	0.12742979535902496	0.11458832871254826	0.012841466646476701	0.12742979535902496	0.11458832871254826
intracellular	SZAS-15	1	1	0.0911452632039866	0.0808412606765195	0.01030400252746709	0.0911452632039866	0.0808412606765195
intracellular	SZUA-100	2	2	0.13297057566426754	0.0921858497405503	0.040784725923717235	0.13297057566426754	0.0921858497405503
intracellular	SZUA-265	2	2	0.10965514337991294	0.10805262341739814	0.0016025199625148007	0.10965514337991294	0.10805262341739814
intracellular	SZUA-318	1	1	0.0893862029954928	0.1318596712067787	-0.04247346821128589	0.0893862029954928	0.1318596712067787
intracellular	SZUA-430	2	2	0.11668896139813054	0.10012967530708705	0.016559286091043485	0.11668896139813054	0.10012967530708705
intracellular	Salaquimonas	3	3	0.15659972303843564	0.3209610468200723	-0.16436132378163668	0.1582814192523499	0.3357064964510158
intracellular	Salinarimonas_A	1	1	0.0176767101977499	0.1558924142781337	-0.13821570408038378	0.0176767101977499	0.1558924142781337
intracellular	Salinisphaera	1	1	0.1265791782702658	0.1913494348011467	-0.0647702565308809	0.1265791782702658	0.1913494348011467
intracellular	Salinivivens	6	6	0.055264476822831095	0.055425717145459165	-0.0001612403226280701	0.055114880615002	0.05271053951180825
intracellular	Sandaracinobacteroides	1	1	0.2019061754431452	0.1046605245688128	0.09724565087433241	0.2019061754431452	0.1046605245688128
intracellular	SbD1	14	14	0.055644689179141275	0.06799603829686565	-0.012351349117724376	0.05420459694651435	0.0658691390781162
intracellular	Schauerella	1	1	0.3461622317474545	0.5161263011729236	-0.1699640694254691	0.3461622317474545	0.5161263011729236
intracellular	Schlegelella_A	1	1	0.2793949461367392	0.2030662526479381	0.07632869348880111	0.2793949461367392	0.2030662526479381
intracellular	Sediminimonas	1	1	0.1675465659392052	0.1456534703288766	0.021893095610328595	0.1675465659392052	0.1456534703288766
intracellular	Sneathiella	1	1	0.3457376875178265	0.1950943073956702	0.1506433801221563	0.3457376875178265	0.1950943073956702
intracellular	SpSt-501	1	1	0.0500112213047245	0.0297809324208108	0.020230288883913698	0.0500112213047245	0.0297809324208108
intracellular	Sphaerotilus	1	1	0.7781793487117943	0.2400846413495996	0.5380947073621947	0.7781793487117943	0.2400846413495996
intracellular	Sphingobium	2	2	0.48495182810785764	0.5982484544092451	-0.11329662630138748	0.48495182810785764	0.5982484544092451
intracellular	Sphingomicrobium	9	9	0.2560679265561389	0.22639745867836814	0.02967046787777078	0.2197488143172459	0.2227088295136121
intracellular	Sphingomonas	5	5	0.4874618007070886	0.2989018709311558	0.18855992977593283	0.4236191773103616	0.2890733188753626
intracellular	Sphingomonas_B	1	1	0.3291686981253505	0.4228544971901554	-0.0936857990648049	0.3291686981253505	0.4228544971901554
intracellular	Sphingomonas_O	2	2	0.25683330083658706	0.27741684328286004	-0.020583542446272973	0.25683330083658706	0.27741684328286004
intracellular	Sphingopyxis	2	2	0.18719115528632235	0.3211522099385325	-0.13396105465221014	0.18719115528632235	0.3211522099385325
intracellular	Sphingorhabdus_B	1	1	0.2909997021845949	0.2821353607843831	0.008864341400211806	0.2909997021845949	0.2821353607843831
intracellular	Spongiibacter	2	2	0.2385856932160189	0.2783607871112464	-0.03977509389522749	0.2385856932160189	0.2783607871112464
intracellular	Stenotrophomonas	1	1	0.422549767418772	0.3167292190200845	0.10582054839868749	0.422549767418772	0.3167292190200845
intracellular	Sulfitobacter	1	1	0.3556610987139471	0.2734290718791038	0.08223202683484326	0.3556610987139471	0.2734290718791038
intracellular	Sulfotelmatobacter	2	2	0.07041685579274615	0.0958584513638216	-0.025441595571075448	0.07041685579274615	0.0958584513638216
intracellular	Syntrophomonas	1	1	0.0577717241317595	0.0571032560237522	0.0006684681080073029	0.0577717241317595	0.0571032560237522
intracellular	Syntrophomonas_B	1	1	0.0727764762020525	0.0624624364482412	0.010314039753811309	0.0727764762020525	0.0624624364482412
intracellular	TMED27	2	2	0.1057871760866265	0.13958339121146418	-0.033796215124837686	0.1057871760866265	0.13958339121146418
intracellular	TMED54	5	5	0.12620581155505559	0.08080907504137484	0.045396736513680744	0.1095619907478413	0.0797504822066773
intracellular	TMED69	2	2	0.050332755539287705	0.0439079796956195	0.006424775843668205	0.050332755539287705	0.0439079796956195
intracellular	TMED8	4	4	0.10534615997854926	0.0484781698724855	0.05686799010606376	0.0938390031588669	0.043541201503589644
intracellular	TOLSYN	2	2	0.09761323988418925	0.08597652920640536	0.011636710677783893	0.09761323988418925	0.08597652920640536
intracellular	Tabrizicola	2	2	0.6033591548719517	0.3799482080503829	0.2234109468215688	0.6033591548719517	0.3799482080503829
intracellular	Tateyamaria	1	1	0.2521121554877267	0.29718217745782	-0.0450700219700933	0.2521121554877267	0.29718217745782
intracellular	Tatlockia	5	5	0.08037043358661701	0.10917661555464123	-0.028806181968024216	0.0791567375537035	0.0988628721551031
intracellular	Taylorella	3	3	1.124912134051988	0.7183299196132354	0.40658221443875264	0.9950519980613364	0.6103107851959026
intracellular	Tectiglobus	3	3	0.09782509594333814	0.05640575591589436	0.04141934002744378	0.0973385814014479	0.0550040176478833
intracellular	Telluria	1	1	1.3881199105288933	0.9955388542126322	0.39258105631626106	1.3881199105288933	0.9955388542126322
intracellular	Telmatobacter	13	13	0.09481554037407919	0.08739703780359508	0.007418502570484112	0.0863263637152959	0.0777467961831509
intracellular	Temperatibacter	1	1	0.9206207658824298	0.2570153481965897	0.6636054176858401	0.9206207658824298	0.2570153481965897
intracellular	Teredinibacter	1	1	0.1953829385872897	0.2069949281599399	-0.011611989572650194	0.1953829385872897	0.2069949281599399
intracellular	Terripilifer	5	5	0.5536202974879355	0.3041502067469316	0.2494700907410039	0.3791972610754475	0.2591949213711967
intracellular	Thalassobaculum	2	2	0.18775048612604855	0.04772708260858245	0.14002340351746612	0.18775048612604855	0.04772708260858245
intracellular	Thalassolituus	3	3	0.6355997173321781	0.5238067541107511	0.11179296322142707	0.6598920570061589	0.58066077013335
intracellular	Thalassotalea_A	1	1	2.260099931583859	0.5350857623623085	1.7250141692215504	2.260099931583859	0.5350857623623085
intracellular	Thermohalobaculum	2	2	0.19594555528904845	0.093383793176005	0.10256176211304345	0.19594555528904845	0.093383793176005
intracellular	Thermomonas	2	2	0.4256825851984151	0.3340935514189124	0.09158903377950273	0.4256825851984151	0.3340935514189124
intracellular	Tisiphia	7	7	0.10444773644330575	0.12071604970658567	-0.016268313263279918	0.1019508017089417	0.1153951207857165
intracellular	Tomitella	1	1	0.2066392067335879	0.2081739655519419	-0.0015347588183539929	0.2066392067335879	0.2081739655519419
intracellular	Trebonia	1	1	0.1108446769234407	0.4203287404271122	-0.3094840635036715	0.1108446769234407	0.4203287404271122
intracellular	UBA10103	1	1	0.1063892658891201	0.0599031715018045	0.046486094387315595	0.1063892658891201	0.0599031715018045
intracellular	UBA10649	5	5	0.26191984183188255	0.264549996960887	-0.002630155129004441	0.2503988035700391	0.2296316015396957
intracellular	UBA11222	1	1	0.0588380431894832	0.0674689761406631	-0.008630932951179907	0.0588380431894832	0.0674689761406631
intracellular	UBA11612	1	1	0.0416073837330477	0.0502980533884976	-0.0086906696554499	0.0416073837330477	0.0502980533884976
intracellular	UBA11873	1	1	0.050015606588518	0.0665009815093673	-0.016485374920849297	0.050015606588518	0.0665009815093673
intracellular	UBA1368	3	3	0.08239393728200646	0.0827066801903712	-0.0003127429083647354	0.0815985046043684	0.0747570902402696
intracellular	UBA1479	2	2	0.0770301572834696	0.08696453029066264	-0.009934373007193048	0.0770301572834696	0.08696453029066264
intracellular	UBA1547	2	2	0.1694817142750215	0.14372507917674485	0.025756635098276665	0.1694817142750215	0.14372507917674485
intracellular	UBA1568	1	1	0.0754937296581151	0.0949024216345749	-0.019408691976459794	0.0754937296581151	0.0949024216345749
intracellular	UBA1573	1	1	0.1012934756669352	0.7962789982430823	-0.6949855225761472	0.1012934756669352	0.7962789982430823
intracellular	UBA1664	2	2	0.16080453707679665	0.24936050772354004	-0.08855597064674339	0.16080453707679665	0.24936050772354004
intracellular	UBA1672	2	2	0.26889459987749764	0.1036342193580996	0.16526038051939804	0.26889459987749764	0.1036342193580996
intracellular	UBA1952	1	1	0.4192656996783849	1.11286523451666	-0.6935995348382752	0.4192656996783849	1.11286523451666
intracellular	UBA2137	3	3	0.33401486491692517	0.2249026545397349	0.10911221037719027	0.3514786374919164	0.1733459974899353
intracellular	UBA2210	1	1	0.1251861264605584	0.0817880707961556	0.0433980556644028	0.1251861264605584	0.0817880707961556
intracellular	UBA2334	1	1	0.1887719373377064	0.5749507579560384	-0.3861788206183321	0.1887719373377064	0.5749507579560384
intracellular	UBA3077	2	2	0.22950107787118457	0.2793201287931817	-0.04981905092199712	0.22950107787118457	0.2793201287931817
intracellular	UBA3439	4	4	0.15599565920739894	0.10513612724401439	0.05085953196338455	0.15622443649783604	0.11008306324350735
intracellular	UBA3470	2	2	0.0547480473924689	0.038796962654491854	0.015951084737977045	0.0547480473924689	0.038796962654491854
intracellular	UBA3830	2	2	0.11917274104781345	0.106576179193167	0.012596561854646443	0.11917274104781345	0.106576179193167
intracellular	UBA4427	6	6	0.11310101337866992	0.11259785753514069	0.0005031558435292238	0.1128582815998692	0.1008756738597681
intracellular	UBA4457	3	3	0.043623159077306066	0.04208200650314964	0.0015411525741564278	0.0434701563816509	0.0405061417575515
intracellular	UBA4665	1	1	0.2056080782352014	0.1389359758953516	0.06667210233984983	0.2056080782352014	0.1389359758953516
intracellular	UBA4720	1	1	0.1117595250302297	0.0964669685111211	0.015292556519108602	0.1117595250302297	0.0964669685111211
intracellular	UBA4729	1	1	0.1293363045302606	0.1361645757317493	-0.0068282712014887115	0.1293363045302606	0.1361645757317493
intracellular	UBA4844	2	2	0.06487039794184105	0.0807577105276148	-0.01588731258577375	0.06487039794184105	0.0807577105276148
intracellular	UBA5005	1	1	0.161039629966212	0.1452325752044984	0.015807054761713596	0.161039629966212	0.1452325752044984
intracellular	UBA5216	5	5	0.05758718804382727	0.061300674676638446	-0.0037134866328111735	0.0573304245606118	0.0567571362707335
intracellular	UBA5314	2	2	0.055279252943262955	0.0694652038247261	-0.014185950881463141	0.055279252943262955	0.0694652038247261
intracellular	UBA5518	1	1	0.1421977846713519	0.1073047288974285	0.03489305577392342	0.1421977846713519	0.1073047288974285
intracellular	UBA5868	1	1	0.1561588741203474	0.1882132148610211	-0.032054340740673704	0.1561588741203474	0.1882132148610211
intracellular	UBA5972	3	3	0.1646738920812525	0.11557315354113912	0.049100738540113376	0.1616176672269588	0.107076633082071
intracellular	UBA6168	1	1	0.1002260248520393	0.1122096773196502	-0.011983652467610906	0.1002260248520393	0.1122096773196502
intracellular	UBA6544	3	3	0.0788061565945779	0.05118959001218993	0.027616566582387973	0.0753650592935893	0.0451802570696904
intracellular	UBA7957	1	1	0.1222769856428804	0.0658305622117325	0.056446423431147905	0.1222769856428804	0.0658305622117325
intracellular	UBA8317	1	1	0.0853939710457624	0.1002628637507356	-0.0148688927049732	0.0853939710457624	0.1002628637507356
intracellular	UBA8475	1	1	0.0881456254589442	0.0733645751201729	0.014781050338771293	0.0881456254589442	0.0733645751201729
intracellular	UBA8914	1	1	0.1571381880312106	0.0994069361545408	0.057731251876669804	0.1571381880312106	0.0994069361545408
intracellular	UBA9042	1	1	0.3162358707943801	0.1495896438627752	0.16664622693160488	0.3162358707943801	0.1495896438627752
intracellular	UBA9145	1	1	0.0848643797114508	0.1008589877403258	-0.015994608028874993	0.0848643797114508	0.1008589877403258
intracellular	UBA9655	1	1	0.0473937512596496	0.1188361196036559	-0.0714423683440063	0.0473937512596496	0.1188361196036559
intracellular	URHD0088	1	1	0.0838172752392918	0.0973008113230928	-0.013483536083800998	0.0838172752392918	0.0973008113230928
intracellular	Undibacterium	1	1	1.1678410229582752	1.455084997122445	-0.2872439741641699	1.1678410229582752	1.455084997122445
intracellular	VAYN01	3	3	0.09503826485818774	0.07512561481298824	0.0199126500451995	0.1048311653550856	0.0804959588491594
intracellular	VAZQ01	2	2	0.0445547738915482	0.07589646444096959	-0.03134169054942139	0.0445547738915482	0.07589646444096959
intracellular	VBCG01	14	14	0.16796075694262455	0.13437418565939985	0.0335865712832247	0.1626312772501832	0.13756863669258235
intracellular	VBDM01	2	2	0.060196917097586546	0.056971199539779444	0.003225717557807102	0.060196917097586546	0.056971199539779444
intracellular	VBKO01	2	2	0.1765552220550255	0.18255979428369706	-0.0060045722286715675	0.1765552220550255	0.18255979428369706
intracellular	VFJZ01	2	2	0.21860575602506555	0.20132765682756804	0.01727809919749751	0.21860575602506555	0.20132765682756804
intracellular	VGNK01	2	2	0.08782027689819186	0.06700354242959836	0.0208167344685935	0.08782027689819186	0.06700354242959836
intracellular	VXMT01	1	1	0.1508432978950433	0.0725031784327637	0.0783401194622796	0.1508432978950433	0.0725031784327637
intracellular	Velthaea	1	1	0.1574408046154667	0.1174634717521055	0.03997733286336119	0.1574408046154667	0.1174634717521055
intracellular	Venatoribacter	3	3	0.9949156107674733	1.5351403205747276	-0.5402247098072543	1.0249530578886796	0.7013160229400813
intracellular	WHSY01	1	1	0.1635244278636347	0.1220146723771317	0.041509755486502986	0.1635244278636347	0.1220146723771317
intracellular	WYBJ01	1	1	0.0584782056021897	0.0915151614020782	-0.0330369557998885	0.0584782056021897	0.0915151614020782
intracellular	Wenzhouxiangella	23	23	0.1159448914213219	0.12997046106222948	-0.014025569640907579	0.1130643115553826	0.1111328912930991
intracellular	Yoonia	1	1	0.32311410436828	1.146128175171567	-0.8230140708032871	0.32311410436828	1.146128175171567
intracellular	Zeimonas	2	2	0.17899649091824815	0.24635492533148406	-0.06735843441323591	0.17899649091824815	0.24635492533148406
intracellular	Zwartia	3	3	0.23021922683908858	0.232135955734602	-0.0019167288955134199	0.2308627060413002	0.2289227449384623
extracellular	2-12-FULL-35-15	1	1	0.5843180287960746	0.1550368221594004	0.42928120663667424	0.5843180287960746	0.1550368221594004
extracellular	21-14-0-10-47-8	3	3	0.8710230884412254	0.3338766832639061	0.5371464051773194	0.9755787984549597	0.1306022596878141
extracellular	AC-38	1	1	0.1186723084607157	0.1007025516676747	0.01796975679304101	0.1186723084607157	0.1007025516676747
extracellular	AG11	10	10	0.2225978474886901	0.18737982515463897	0.035218022334051136	0.1877372131242866	0.18946100905952612
extracellular	AL-N1	1	1	0.054647189553705	0.047636895448466	0.007010294105238998	0.054647189553705	0.047636895448466
extracellular	AM-1111	1	1	0.139940187099403	0.1036920063403419	0.03624818075906111	0.139940187099403	0.1036920063403419
extracellular	AR12	3	3	0.07492764572826706	0.09049489823389313	-0.015567252505626072	0.0718026287919185	0.0842479575277766
extracellular	AR19	1	1	0.1043076725330625	0.0749539287249049	0.029353743808157598	0.1043076725330625	0.0749539287249049
extracellular	AR31	4	4	0.09993086455837043	0.07995184602950157	0.019979018528868853	0.09733518125303045	0.0794182086444796
extracellular	AR5	1	1	0.0727416626212978	0.1137359820201931	-0.04099431939889529	0.0727416626212978	0.1137359820201931
extracellular	Accumulibacter	1	1	0.0617639084289658	0.0918443677109168	-0.030080459281950994	0.0617639084289658	0.0918443677109168
extracellular	Acinetobacter	1	1	1.0045828463418986	1.3620101469367278	-0.3574273005948292	1.0045828463418986	1.3620101469367278
extracellular	Actinacidiphila	11	11	0.5078737784483341	0.49127976654112115	0.01659401190721299	0.5089720786662798	0.4819827166433463
extracellular	Actinoallomurus	1	1	0.2192315504925978	0.1659142220250952	0.05331732846750259	0.2192315504925978	0.1659142220250952
extracellular	Actinocatenispora	3	3	0.22312477999457858	0.20758068256034923	0.015544097434229354	0.2244010522459519	0.1900683476596713
extracellular	Actinokineospora	10	10	0.327914504419872	0.33215006517235	-0.004235560752477996	0.29221326713811835	0.3281675492828799
extracellular	Actinophytocola	3	3	0.21844663325584257	0.25281113211527895	-0.034364498859436376	0.1846823465450429	0.2816072881585837
extracellular	Actinoplanes	6	6	0.3358793181268352	0.25051868524545234	0.08536063288138285	0.3373529733938951	0.24451124048490452
extracellular	Actinopolyspora	1	1	0.2712391193575144	0.346044132176654	-0.0748050128191396	0.2712391193575144	0.346044132176654
extracellular	Actinosynnema	10	10	0.31063256419298235	0.34811138301053146	-0.03747881881754911	0.2899224124710616	0.29029810725973154
extracellular	Aeromicrobium	2	2	0.25834217758201794	0.31486582797776647	-0.056523650395748526	0.25834217758201794	0.31486582797776647
extracellular	Agrococcus	3	3	0.3734638549355435	0.44308781532517233	-0.06962396038962881	0.374718996921649	0.3917263969045326
extracellular	Agromyces	1	1	0.8429443727632152	0.6304874010187534	0.21245697174446176	0.8429443727632152	0.6304874010187534
extracellular	Alicyclobacillus_A	1	1	0.1062912733202754	0.1444389734797322	-0.0381477001594568	0.1062912733202754	0.1444389734797322
extracellular	Aliidiomarina	4	4	1.0806018103416053	0.602038257380809	0.47856355296079633	0.8817347954549172	0.5783394906858985
extracellular	Aliikangiella	1	1	0.8247017033035144	0.162018105767772	0.6626835975357425	0.8247017033035144	0.162018105767772
extracellular	Alishewanella	5	5	2.257967606728851	1.2550903623803427	1.0028772443485083	1.5013669854277336	1.2440195119459332
extracellular	Alkalihalobacterium	2	2	0.690899080041592	0.8415213736292626	-0.15062229358767065	0.690899080041592	0.8415213736292626
extracellular	Alkalihalophilus	1	1	1.3712218690049536	1.3219515987952672	0.04927027020968633	1.3712218690049536	1.3219515987952672
extracellular	Alkalimonas	2	2	0.7310049560912699	0.8035576095542771	-0.07255265346300721	0.7310049560912699	0.8035576095542771
extracellular	Allohahella	1	1	0.138525782183939	0.1378427005361795	0.000683081647759487	0.138525782183939	0.1378427005361795
extracellular	Allokutzneria	1	1	0.4310732726204667	0.2559708514153158	0.1751024212051509	0.4310732726204667	0.2559708514153158
extracellular	Alteromonas_E	1	1	1.0137293667431957	0.7563879264567155	0.2573414402864802	1.0137293667431957	0.7563879264567155
extracellular	Amycolatopsis	28	28	0.40044270456006664	0.4719607982052883	-0.07151809364522166	0.3496813283073894	0.46671525303735073
extracellular	Amycolatopsis_E	5	5	0.3400433510497073	0.4167258564274062	-0.07668250537769894	0.300862892097385	0.4249808518759148
extracellular	Aneurinibacillus	1	1	0.931362282312201	1.6332343122402326	-0.7018720299280317	0.931362282312201	1.6332343122402326
extracellular	Angelobacter	3	3	0.07454196003338383	0.0669735137504771	0.007568446282906732	0.0622829780028106	0.0732420805279812
extracellular	Aquella	1	1	1.4920212323542683	0.6690129811919533	0.823008251162315	1.4920212323542683	0.6690129811919533
extracellular	Aquilonibacter	6	6	0.11269546971222812	0.11474398586533834	-0.002048516153110219	0.1084713520132434	0.1117024362734423
extracellular	Aquisalimonas	1	1	0.1579727682511749	0.1122383985808468	0.045734369670328096	0.1579727682511749	0.1122383985808468
extracellular	Archangium_A	1	1	0.4857583666125786	0.1635864268207798	0.3221719397917988	0.4857583666125786	0.1635864268207798
extracellular	Arenicella	6	6	0.29578968926709615	0.2888925312704402	0.006897157996655967	0.27723469845287035	0.27876168183465544
extracellular	Arenimonas	27	27	0.36686825534900674	0.37657645528831957	-0.009708199939312823	0.2998140853185512	0.3197042413305702
extracellular	Asanoa	1	1	0.2397892735118182	0.1413813622351352	0.098407911276683	0.2397892735118182	0.1413813622351352
extracellular	Aurantibacillus	7	7	0.38828852102026196	0.3488499119419815	0.03943860907828045	0.4176302486106628	0.2965743848790156
extracellular	Aureibaculum	1	1	0.1615044696596465	0.1862693181751495	-0.024764848515503007	0.1615044696596465	0.1862693181751495
extracellular	Azoarcus	1	1	0.1044271079264267	0.118534034252826	-0.014106926326399302	0.1044271079264267	0.118534034252826
extracellular	Azoarcus_F	2	2	0.1190567312525907	0.2158635730233987	-0.096806841770808	0.1190567312525907	0.2158635730233987
extracellular	Azonexus	39	39	0.5104585166730906	0.48763723048389535	0.022821286189195267	0.4939498899145962	0.4396390065047559
extracellular	Azovibrio	7	7	0.22009736654264334	0.2350967490722254	-0.014999382529582078	0.1214056038872417	0.1662510808857804
extracellular	BOG-933	2	2	0.0754330124582296	0.09241551289392966	-0.016982500435700057	0.0754330124582296	0.09241551289392966
extracellular	BP-464	1	1	0.248336412881153	0.1231762899861997	0.1251601228949533	0.248336412881153	0.1231762899861997
extracellular	BQJD01	1	1	0.0706754433766349	0.0706385760603594	3.6867316275487894e-05	0.0706754433766349	0.0706385760603594
extracellular	Bacillus_BS	2	2	1.2268490272059653	1.232658752589808	-0.005809725383842723	1.2268490272059653	1.232658752589808
extracellular	Bacillus_D	2	2	0.7943702286855159	0.7704265431591009	0.023943685526415015	0.7943702286855159	0.7704265431591009
extracellular	Bacteriovorax	7	7	1.8172540982571306	0.38233431144898605	1.4349197868081445	1.528089936503188	0.3188224438943868
extracellular	Baekduia	1	1	0.2549618409665085	0.2566844786209333	-0.001722637654424819	0.2549618409665085	0.2566844786209333
extracellular	Bdellovibrio	14	14	1.3404276330840539	1.3157623511770662	0.02466528190698769	1.0966943315878517	1.4954256259452947
extracellular	Bermanella	2	2	1.3113993996322284	0.7980131407083875	0.5133862589238409	1.3113993996322284	0.7980131407083875
extracellular	Binatus	1	1	0.0687624552396181	0.0485076982167018	0.020254757022916306	0.0687624552396181	0.0485076982167018
extracellular	Blastococcus	1	1	0.1226972170102529	0.4802119560096744	-0.35751473899942154	0.1226972170102529	0.4802119560096744
extracellular	Bog-532	1	1	0.1594607795214088	0.114866018201832	0.044594761319576806	0.1594607795214088	0.114866018201832
extracellular	Bog-950	1	1	0.4507859208205626	0.1930211314406864	0.25776478937987624	0.4507859208205626	0.1930211314406864
extracellular	Bradymonas	1	1	0.0631907333655228	0.4320791882568819	-0.36888845489135913	0.0631907333655228	0.4320791882568819
extracellular	Brevibacillus_B	1	1	3.306003883300421	1.299847878847764	2.0061560044526567	3.306003883300421	1.299847878847764
extracellular	Brevibacillus_E	1	1	0.4290934285792101	0.1334091504362964	0.29568427814291376	0.4290934285792101	0.1334091504362964
extracellular	Brumimicrobium	2	2	0.1581288478544863	0.16564094990919798	-0.007512102054711672	0.1581288478544863	0.16564094990919798
extracellular	CADCTP01	4	4	0.21774709612078744	0.22548743591674408	-0.007740339795956647	0.2089689171940515	0.22395160647904272
extracellular	CADEED01	1	1	0.1478501041385061	0.3433500432252127	-0.19549993908670657	0.1478501041385061	0.3433500432252127
extracellular	CAIKZZ01	5	5	0.1877805075868469	0.21270148482774115	-0.02492097724089426	0.1701851363101252	0.2119215917671703
extracellular	CAIMNF01	1	1	0.2532944111093859	0.0861662235634759	0.16712818754590997	0.2532944111093859	0.0861662235634759
extracellular	CAIOHZ01	1	1	0.5187113657923608	0.3176238047449105	0.2010875610474503	0.5187113657923608	0.3176238047449105
extracellular	CAIUKX01	4	4	0.2505033035409402	0.3940959000118107	-0.14359259647087053	0.2532720136070683	0.38118392639840454
extracellular	CAIWCD01	1	1	0.5169756918018722	0.4156015516981626	0.1013741401037096	0.5169756918018722	0.4156015516981626
extracellular	CAIWHR01	1	1	0.1027367221442737	0.1418778017777334	-0.0391410796334597	0.1027367221442737	0.1418778017777334
extracellular	CAJBIL01	2	2	0.26207698192893164	0.3294542470429016	-0.06737726511396996	0.26207698192893164	0.3294542470429016
extracellular	CAJBVW01	1	1	0.203197844539663	0.1670428484393157	0.03615499610034731	0.203197844539663	0.1670428484393157
extracellular	CAJCJE01	1	1	0.5593606593658037	0.235670163803876	0.3236904955619277	0.5593606593658037	0.235670163803876
extracellular	CAJYOV01	1	1	0.659338647385123	0.2201335034729524	0.43920514391217064	0.659338647385123	0.2201335034729524
extracellular	CAKZML01	1	1	0.6018916065483654	0.2431214873500551	0.35877011919831026	0.6018916065483654	0.2431214873500551
extracellular	CALAYL01	1	1	0.5358822146265676	0.2972996194323601	0.2385825951942075	0.5358822146265676	0.2972996194323601
extracellular	CALBPI01	7	7	0.13910728671831937	0.1425143624111185	-0.003407075692799133	0.087762832873366	0.1226799918861548
extracellular	CALECP01	1	1	0.1052598444146532	0.1803111289693364	-0.0750512845546832	0.1052598444146532	0.1803111289693364
extracellular	CALKKN01	1	1	0.0734153804346849	0.08980946979024	-0.0163940893555551	0.0734153804346849	0.08980946979024
extracellular	CALNZV01	1	1	0.041150321875918	0.0830019470092766	-0.0418516251333586	0.041150321875918	0.0830019470092766
extracellular	CALQRR01	3	3	0.16531245374106185	0.09741002693502976	0.06790242680603209	0.1794003908865399	0.1116742064984941
extracellular	CALZGZ01	1	1	0.0476148189300407	0.0426392166776376	0.004975602252403101	0.0476148189300407	0.0426392166776376
extracellular	CAMBFX01	1	1	0.0866876722190775	0.2191268208057963	-0.1324391485867188	0.0866876722190775	0.2191268208057963
extracellular	CAMCXT01	2	2	0.18947806690137375	0.13482741678451954	0.054650650116854216	0.18947806690137375	0.13482741678451954
extracellular	CAMYJH01	1	1	0.0426921092501865	0.0419236094379559	0.0007684998122306011	0.0426921092501865	0.0419236094379559
extracellular	CATLPG01	1	1	0.3165672590483039	0.2649860792715331	0.05158117977677079	0.3165672590483039	0.2649860792715331
extracellular	CAVQCA01	1	1	0.0763631943922642	0.0558098049096061	0.0205533894826581	0.0763631943922642	0.0558098049096061
extracellular	CAVUBL01	2	2	0.13644969350705521	0.10502626237477744	0.031423431132277774	0.13644969350705521	0.10502626237477744
extracellular	CAVVWJ01	1	1	0.0956475365794634	0.0922268719165855	0.0034206646628778953	0.0956475365794634	0.0922268719165855
extracellular	CAWDLX01	1	1	0.2450074968670074	0.096118618780161	0.14888887808684642	0.2450074968670074	0.096118618780161
extracellular	CAWJMD01	1	1	0.4232212206902892	0.3534297904479531	0.06979143024233614	0.4232212206902892	0.3534297904479531
extracellular	CAXMST01	1	1	0.1042243151259964	0.1733993478307357	-0.0691750327047393	0.1042243151259964	0.1733993478307357
extracellular	CAXRAF01	1	1	0.1944151282224007	0.6175626240782376	-0.4231474958558369	0.1944151282224007	0.6175626240782376
extracellular	CAYLTX01	1	1	0.0814142566126201	0.0878284657268135	-0.006414209114193409	0.0814142566126201	0.0878284657268135
extracellular	CAYVFM01	1	1	0.1604282934714347	0.1351314580345625	0.025296835436872195	0.1604282934714347	0.1351314580345625
extracellular	CBDBLK01	1	1	0.1067438576660321	0.0546004411320283	0.052143416534003804	0.1067438576660321	0.0546004411320283
extracellular	CG1-02-35-72	1	1	0.1896536817175564	0.2006159624167711	-0.010962280699214705	0.1896536817175564	0.2006159624167711
extracellular	Cellulosimicrobium	8	8	0.4443775712936893	0.4418585685165597	0.002519002777129631	0.45959843165282843	0.3959545618503548
extracellular	Cesiribacter	1	1	0.3840700819597606	0.6823242863743814	-0.29825420441462075	0.3840700819597606	0.6823242863743814
extracellular	Chengkuizengella	1	1	0.4241943231736048	0.2623199693025207	0.16187435387108406	0.4241943231736048	0.2623199693025207
extracellular	Chersky-822	1	1	0.0928108143945484	0.1213044309045571	-0.0284936165100087	0.0928108143945484	0.1213044309045571
extracellular	Chitinimonas	3	3	0.4867400053294104	0.5089365738164904	-0.02219656848707996	0.5409417218376125	0.6364513624132659
extracellular	Chitinolyticbacter	1	1	0.6219269823451814	0.5388922194495113	0.08303476289567013	0.6219269823451814	0.5388922194495113
extracellular	Citricoccus	1	1	0.4401036704641792	0.4153715802834615	0.024732090180717703	0.4401036704641792	0.4153715802834615
extracellular	Clostridium_H	2	2	0.31924126444976775	0.41401173537138475	-0.094770470921617	0.31924126444976775	0.41401173537138475
extracellular	Cognatazoarcus	1	1	0.1212300684268888	0.3103428942297854	-0.1891128258028966	0.1212300684268888	0.3103428942297854
extracellular	Cognaticolwellia	3	3	0.9759861169581492	2.1982523434703736	-1.2222662265122244	0.9102963759584548	0.7530716005983672
extracellular	Colwellia	8	8	0.731455000452019	0.8192019413929559	-0.08774694094093682	0.6659184297730028	0.8567261365780245
extracellular	Colwellia_A	3	3	0.7337747983137994	0.7356150892415508	-0.001840290927751398	0.7621313116409901	0.7607212494874594
extracellular	Competibacter	2	2	0.058286713762382994	0.059696030703126846	-0.0014093169407438516	0.058286713762382994	0.059696030703126846
extracellular	Competibacter_A	1	1	0.0889115957324159	0.0805513691432227	0.008360226589193206	0.0889115957324159	0.0805513691432227
extracellular	Contendibacter	1	1	0.0742216544871779	0.0898353125924281	-0.0156136581052502	0.0742216544871779	0.0898353125924281
extracellular	Corallococcus	5	5	0.2960149171601016	0.3395716186793117	-0.043556701519210095	0.2745566405732662	0.3527624279767121
extracellular	Crossiella	1	1	0.4622650427653815	0.4309110001814514	0.0313540425839301	0.4622650427653815	0.4309110001814514
extracellular	Cryobacterium	2	2	0.5113350983386347	0.6812078606714074	-0.1698727623327727	0.5113350983386347	0.6812078606714074
extracellular	Cytobacillus	1	1	0.96563680629632	2.433275678615176	-1.4676388723188563	0.96563680629632	2.433275678615176
extracellular	DAOTXO01	1	1	0.0949592854466694	0.1226825972202248	-0.0277233117735554	0.0949592854466694	0.1226825972202248
extracellular	DASPHG01	1	1	0.1121456822564716	0.1136379657332384	-0.0014922834767667897	0.1121456822564716	0.1136379657332384
extracellular	DASPMP01	1	1	0.0609301352363977	0.0738466116379821	-0.0129164764015844	0.0609301352363977	0.0738466116379821
extracellular	DASQDT01	1	1	0.109511466668422	0.1323307246929589	-0.022819258024536895	0.109511466668422	0.1323307246929589
extracellular	DASQMT01	1	1	0.1651238589089586	0.1873489114223956	-0.02222505251343701	0.1651238589089586	0.1873489114223956
extracellular	DASQPE01	1	1	0.1474568485581487	0.1761044189320449	-0.028647570373896203	0.1474568485581487	0.1761044189320449
extracellular	DASQPR01	1	1	0.1625605201283359	0.180671244199064	-0.018110724070728085	0.1625605201283359	0.180671244199064
extracellular	DASQYE01	1	1	0.0846994240895892	0.0632208019524363	0.021478622137152903	0.0846994240895892	0.0632208019524363
extracellular	DASRDZ01	1	1	0.1779140129109066	0.1720225182577181	0.0058914946531885	0.1779140129109066	0.1720225182577181
extracellular	DASSEU01	1	1	0.1576763819047136	0.1615453183640026	-0.003868936459289013	0.1576763819047136	0.1615453183640026
extracellular	DASSUC01	1	1	0.2960410347610973	0.2411388765059912	0.05490215825510608	0.2960410347610973	0.2411388765059912
extracellular	DASUGG01	1	1	0.045178056512559	0.0890230667093946	-0.04384501019683559	0.045178056512559	0.0890230667093946
extracellular	DASULA01	1	1	0.3318071996381914	0.2449880252511825	0.0868191743870089	0.3318071996381914	0.2449880252511825
extracellular	DASUSH01	1	1	0.0961090743701723	0.2000863467236174	-0.10397727235344509	0.0961090743701723	0.2000863467236174
extracellular	DASVEG01	1	1	0.3284344360345362	0.218787360196719	0.10964707583781722	0.3284344360345362	0.218787360196719
extracellular	DASYKS01	1	1	0.1647591138879753	0.0990134184412421	0.06574569544673318	0.1647591138879753	0.0990134184412421
extracellular	DATAOG01	1	1	0.0923986349288628	0.0969007439380605	-0.004502109009197702	0.0923986349288628	0.0969007439380605
extracellular	DATARR01	13	13	0.13590077111564441	0.13150006929470567	0.0044007018209387405	0.1362634066557907	0.1298489836149011
extracellular	DATEPR01	1	1	0.2367264806367431	0.2359141686205583	0.0008123120161847852	0.2367264806367431	0.2359141686205583
extracellular	DATIRA01	1	1	0.1620226356436551	0.155386835856059	0.006635799787596097	0.1620226356436551	0.155386835856059
extracellular	DATJHM01	1	1	0.0504732133418959	0.0543856231985264	-0.003912409856630494	0.0504732133418959	0.0543856231985264
extracellular	DATJKD01	1	1	0.1996920064454598	0.17409947360211	0.025592532843349808	0.1996920064454598	0.17409947360211
extracellular	DATLED01	1	1	0.2749858310095683	0.1532261347338141	0.1217596962757542	0.2749858310095683	0.1532261347338141
extracellular	DATLGB01	1	1	0.1339101896428312	0.1676830709904339	-0.0337728813476027	0.1339101896428312	0.1676830709904339
extracellular	DATLNF01	1	1	0.1754565526753234	0.3474924227674613	-0.1720358700921379	0.1754565526753234	0.3474924227674613
extracellular	DATMER01	4	4	0.11863332165661386	0.10037308437577427	0.018260237280839586	0.12108664798957951	0.09913702160239155
extracellular	DQTL01	1	1	0.1130716013162149	0.1349454321110295	-0.0218738307948146	0.1130716013162149	0.1349454321110295
extracellular	DYRG01	1	1	0.2791696306173704	0.2185544762298923	0.06061515438747808	0.2791696306173704	0.2185544762298923
extracellular	Dactylosporangium	2	2	0.18675290731136807	0.17938947660372334	0.007363430707644725	0.18675290731136807	0.17938947660372334
extracellular	Defluviicoccus	2	2	0.09036613157128895	0.06462660737723755	0.0257395241940514	0.09036613157128895	0.06462660737723755
extracellular	Deinococcus	20	20	0.8736866997798192	0.4626579794127611	0.41102872036705806	0.9649347557469985	0.4631406015795146
extracellular	Deinococcus_A	1	1	0.2816433704550964	0.1360578396858723	0.14558553076922412	0.2816433704550964	0.1360578396858723
extracellular	Desmospora	1	1	0.1555940973920607	0.2351292028349701	-0.0795351054429094	0.1555940973920607	0.2351292028349701
extracellular	Desulforapulum	2	2	0.06749727023270159	0.09624614749014024	-0.028748877257438646	0.06749727023270159	0.09624614749014024
extracellular	Desulforhopalus_A	1	1	0.1624579152684545	0.0978146991575025	0.06464321611095199	0.1624579152684545	0.0978146991575025
extracellular	Desulfosarcina	2	2	0.047124798025800496	0.04697545717684465	0.00014934084895584787	0.047124798025800496	0.04697545717684465
extracellular	Desulfovermiculus	2	2	0.0491555446133459	0.05536670811729845	-0.006211163503952552	0.0491555446133459	0.05536670811729845
extracellular	Dictyobacter	3	3	0.07461586813309863	0.07142727068853594	0.0031885974445626936	0.0798755434715139	0.0668602388940306
extracellular	Ectobacillus	1	1	3.136511433465936	2.218498939720489	0.9180124937454472	3.136511433465936	2.218498939720489
extracellular	Edaphobacter	1	1	0.0653510055965885	0.2280758187227243	-0.1627248131261358	0.0653510055965885	0.2280758187227243
extracellular	Effusibacillus	2	2	0.3371624522576962	0.176924168331096	0.1602382839266002	0.3371624522576962	0.176924168331096
extracellular	Ekhidna	1	1	0.1706898668858053	0.1401585254611069	0.030531341424698405	0.1706898668858053	0.1401585254611069
extracellular	Endozoicomonas_A	1	1	0.6878834355386945	1.0344631320744992	-0.3465796965358048	0.6878834355386945	1.0344631320744992
extracellular	FEN-1191	1	1	0.1717188796116978	0.1129340243251152	0.05878485528658259	0.1717188796116978	0.1129340243251152
extracellular	FW021-bin31	1	1	0.1037607001570759	0.0541638367890678	0.04959686336800811	0.1037607001570759	0.0541638367890678
extracellular	Fen-999	6	6	0.0999951690149304	0.10400792962845702	-0.0040127606135266225	0.08722142889143175	0.1022740983737242
extracellular	Ferrimonas	1	1	4.033516956767275	5.733717547996065	-1.70020059122879	4.033516956767275	5.733717547996065
extracellular	Ferruginibacter	6	6	0.1824071465631835	0.24132589376558522	-0.05891874720240173	0.17949088405863126	0.21847434212705746
extracellular	Flammeovirga	1	1	0.8940073526980453	1.112900026920454	-0.21889267422240877	0.8940073526980453	1.112900026920454
extracellular	Flavobacterium	5	5	0.8255650399585559	0.7293997187865402	0.0961653211720157	0.803446780080315	0.7086853504359379
extracellular	Fluviicola	2	2	0.5234528404535617	0.25353303095392216	0.2699198094996395	0.5234528404535617	0.25353303095392216
extracellular	Fodinicola	1	1	0.4616372675398955	0.3372340909112623	0.1244031766286332	0.4616372675398955	0.3372340909112623
extracellular	Fulvivirga	4	4	0.274343419442127	0.09856991795918453	0.17577350148294246	0.2618282591723284	0.09681412577524626
extracellular	GCA-002733465	5	5	0.26955540492946906	0.26683412378018867	0.0027212811492803857	0.2945663296811067	0.2437680652914498
extracellular	GCA-002793235	5	5	0.28249779521437535	0.2791644211535679	0.0033333740608074702	0.2608499838964995	0.2363481991727177
extracellular	GCA-020356105	1	1	0.0522279413924139	0.0536176912648588	-0.0013897498724448967	0.0522279413924139	0.0536176912648588
extracellular	GCA-2401725	1	1	0.6670629399585304	0.6097958386750248	0.05726710128350554	0.6670629399585304	0.6097958386750248
extracellular	GCA-2706205	3	3	0.3604458609677034	0.40541271584203803	-0.044966854874334605	0.4058909010417598	0.3667360475671381
extracellular	GCA-2712005	1	1	1.1106882335055848	0.2686247924591311	0.8420634410464536	1.1106882335055848	0.2686247924591311
extracellular	GCA-2722315	2	2	0.0647533450397086	0.0984206112008881	-0.0336672661611795	0.0647533450397086	0.0984206112008881
extracellular	GCA-2733415	2	2	0.3741322677805765	0.41201639582953886	-0.03788412804896235	0.3741322677805765	0.41201639582953886
extracellular	GCA-2737665	3	3	0.4300044741232498	0.3312762132376496	0.09872826088560022	0.428313519062778	0.2933849898874643
extracellular	GWA2-32-17	1	1	0.1250361085502181	0.1036546745419961	0.021381434008221997	0.1250361085502181	0.1036546745419961
extracellular	GWA2-66-18	2	2	0.1061360565153825	0.1919372598689037	-0.0858012033535212	0.1061360565153825	0.1919372598689037
extracellular	Ga0074137	1	1	0.1739009091468357	0.423086978169863	-0.2491860690230273	0.1739009091468357	0.423086978169863
extracellular	Ga0074139	3	3	0.21172404186765945	0.20954848832534992	0.0021755535423095274	0.225886649965401	0.1610806194142958
extracellular	Gemmatimonas	9	9	0.1510371220962576	0.20148067791389834	-0.050443555817640734	0.1186921291771685	0.1822713231576247
extracellular	Glaciecola	1	1	0.524400479772396	0.3525270450057445	0.1718734347666515	0.524400479772396	0.3525270450057445
extracellular	Glutamicibacter	1	1	0.8684014254037256	1.5056378739206098	-0.6372364485168842	0.8684014254037256	1.5056378739206098
extracellular	Gordonia	1	1	0.3202044085396222	0.5405299955530897	-0.2203255870134675	0.3202044085396222	0.5405299955530897
extracellular	Granulicella	1	1	0.0859306715180845	0.057434603686911	0.028496067831173505	0.0859306715180845	0.057434603686911
extracellular	Granulosicoccus	1	1	0.0668398369136216	0.1452416736602662	-0.0784018367466446	0.0668398369136216	0.1452416736602662
extracellular	Guptibacillus	3	3	0.8920335521366796	1.0993942989998333	-0.20736074686315376	0.9620739383865404	1.0890750682742345
extracellular	HKST-UBA178	1	1	0.0695473481910741	0.1484898945141722	-0.07894254632309809	0.0695473481910741	0.1484898945141722
extracellular	Hahella	2	2	0.3994854201749064	0.19293052808738861	0.2065548920875178	0.3994854201749064	0.19293052808738861
extracellular	Haliscomenobacter	3	3	0.2083773294385065	0.1662885769668868	0.04208875247161972	0.2072540117931487	0.1813209013831401
extracellular	Halobacillus_A	3	3	0.5868980289140407	0.6269918974214045	-0.04009386850736374	0.5806363615863848	0.563099013930426
extracellular	Halobacteriovorax	2	2	0.507960242255584	0.33523735749085626	0.17272288476472775	0.507960242255584	0.33523735749085626
extracellular	Halobacteriovorax_A	3	3	0.586398998499405	0.31763870492265994	0.2687602935767451	0.4180251064363238	0.2256800018395455
extracellular	Haloechinothrix_A	1	1	0.1560253150827478	0.181243127010433	-0.025217811927685185	0.1560253150827478	0.181243127010433
extracellular	Halomonas	5	5	0.25165336529780014	0.3565966670432573	-0.10494330174545718	0.2242894721906223	0.364294994356151
extracellular	Herbiconiux	1	1	0.5836776625126908	0.5799823242251003	0.0036953382875904994	0.5836776625126908	0.5799823242251003
extracellular	Herpetosiphon	3	3	0.30381365918745645	0.28421649511882185	0.019597164068634598	0.3139816088950322	0.2728778394216134
extracellular	Humibacillus	1	1	0.5476037684662417	0.4011552595808714	0.1464485088853703	0.5476037684662417	0.4011552595808714
extracellular	IDS-8	6	6	0.06690599505605678	0.07966556928691881	-0.012759574230862034	0.0679427005192028	0.07338002408689895
extracellular	Intrasporangium_A	2	2	0.62444107605172	0.3294832474417819	0.294957828609938	0.62444107605172	0.3294832474417819
extracellular	Iodobacter	2	2	0.8301728193660751	1.1335828896677977	-0.3034100703017226	0.8301728193660751	1.1335828896677977
extracellular	JAABRT01	3	3	0.2624389113094221	0.2060746682079059	0.05636424310151619	0.2755046519325999	0.2026483388281335
extracellular	JAAYBF01	1	1	0.0974869005668682	0.1588116816472295	-0.061324781080361296	0.0974869005668682	0.1588116816472295
extracellular	JABDIP01	1	1	0.0928433772731119	0.0991597151285531	-0.006316337855441195	0.0928433772731119	0.0991597151285531
extracellular	JABDPF01	2	2	0.135154539940785	0.1499802767710276	-0.014825736830242603	0.135154539940785	0.1499802767710276
extracellular	JABEUT01	6	6	0.23288966028876834	0.16679015132007877	0.06609950896868957	0.2283646895395703	0.17216745101753134
extracellular	JABFXC01	3	3	0.17543258917121793	0.2306643474451051	-0.05523175827388718	0.1731174509174833	0.2233899254853315
extracellular	JABFXX01	4	4	0.2239030975277878	0.16492105994379305	0.058982037583994756	0.20701783842043586	0.14646506025746336
extracellular	JABSOG01	1	1	1.5173696591084225	0.7556680189589615	0.761701640149461	1.5173696591084225	0.7556680189589615
extracellular	JABSOI01	1	1	0.4413802606146993	0.6754932979326905	-0.2341130373179912	0.4413802606146993	0.6754932979326905
extracellular	JACCRA01	1	1	0.1015261936874917	0.0783171499896861	0.023209043697805604	0.1015261936874917	0.0783171499896861
extracellular	JACCVG01	1	1	0.1090985316646264	0.1537026564732691	-0.04460412480864272	0.1090985316646264	0.1537026564732691
extracellular	JACCXE01	2	2	0.16517178299895263	0.12847025809467943	0.0367015249042732	0.16517178299895263	0.12847025809467943
extracellular	JACDCP01	1	1	0.0859413005795047	0.1218134633328569	-0.0358721627533522	0.0859413005795047	0.1218134633328569
extracellular	JACDCY01	1	1	0.1001640790691937	0.1387687594671376	-0.0386046803979439	0.1001640790691937	0.1387687594671376
extracellular	JACDEA01	1	1	0.1147767475864712	0.1629388487505935	-0.0481621011641223	0.1147767475864712	0.1629388487505935
extracellular	JACDEG01	1	1	0.059633935389651	0.0498712833693073	0.009762652020343696	0.059633935389651	0.0498712833693073
extracellular	JACKAF01	1	1	0.0642383050894208	0.0855978818757948	-0.021359576786374	0.0642383050894208	0.0855978818757948
extracellular	JACKDW01	1	1	0.0939445076818986	0.1632788104750368	-0.06933430279313821	0.0939445076818986	0.1632788104750368
extracellular	JACMLC01	1	1	0.0972582778882205	0.1071724473489503	-0.009914169460729802	0.0972582778882205	0.1071724473489503
extracellular	JACMRP01	2	2	0.5485830582910328	0.5494649655681323	-0.0008819072770994696	0.5485830582910328	0.5494649655681323
extracellular	JACNJF01	2	2	0.2360285803586771	0.18036766793087744	0.055660912427799664	0.2360285803586771	0.18036766793087744
extracellular	JACOUN01	1	1	0.146179859837925	0.1385474880199634	0.007632371817961614	0.146179859837925	0.1385474880199634
extracellular	JACPFV01	2	2	0.10948874086947119	0.11416343722145081	-0.004674696351979618	0.10948874086947119	0.11416343722145081
extracellular	JACPPC01	1	1	0.129504251067251	0.135174844189115	-0.005670593121863993	0.129504251067251	0.135174844189115
extracellular	JACQFZ01	2	2	0.0792774865855156	0.0950566121232322	-0.0157791255377166	0.0792774865855156	0.0950566121232322
extracellular	JACVRW01	1	1	0.1572280626241656	0.1153664666341432	0.04186159599002241	0.1572280626241656	0.1153664666341432
extracellular	JADJDM01	1	1	0.6416789071189132	0.2036518866396246	0.43802702047928854	0.6416789071189132	0.2036518866396246
extracellular	JADJRG01	1	1	0.0977607709068325	0.0939781370410421	0.0037826338657903913	0.0977607709068325	0.0939781370410421
extracellular	JADKFE01	1	1	0.5123183111395402	0.6608004259779433	-0.14848211483840312	0.5123183111395402	0.6608004259779433
extracellular	JADLFH01	1	1	0.164025123351919	0.166300627972419	-0.002275504620500024	0.164025123351919	0.166300627972419
extracellular	JADLHZ01	1	1	0.1460044223971482	0.3978207632562697	-0.2518163408591215	0.1460044223971482	0.3978207632562697
extracellular	JADMIH01	4	4	0.0934618561918377	0.09443340039756601	-0.0009715442057283141	0.10000544587234395	0.09657064201506925
extracellular	JAENWD01	1	1	0.1484370930255306	0.1268284431053881	0.021608649920142498	0.1484370930255306	0.1268284431053881
extracellular	JAEUJZ01	2	2	0.16948775451572567	0.22606030792493995	-0.05657255340921427	0.16948775451572567	0.22606030792493995
extracellular	JAEULH01	2	2	0.07530088447382985	0.02331804561210785	0.051982838861722	0.07530088447382985	0.02331804561210785
extracellular	JAEUNX01	1	1	0.1089769216214412	0.4315323669208001	-0.3225554452993589	0.1089769216214412	0.4315323669208001
extracellular	JAFAMS01	3	3	0.07244008252068174	0.08979993892214326	-0.017359856401461524	0.0744160667885335	0.0809420155117824
extracellular	JAFGXI01	1	1	0.1360887002310716	0.1924718222258986	-0.05638312199482698	0.1360887002310716	0.1924718222258986
extracellular	JAFMKE01	1	1	0.2949755706290262	0.1891800262085711	0.10579554442045508	0.2949755706290262	0.1891800262085711
extracellular	JAGLCH01	1	1	0.5271432063934954	0.2506212319284769	0.2765219744650185	0.5271432063934954	0.2506212319284769
extracellular	JAGQZY01	3	3	0.1036002372096026	0.09848036989818103	0.005119867311421569	0.10773235392843	0.0989243373967185
extracellular	JAGSPQ01	1	1	0.307049281341072	0.3318521948674299	-0.024802913526357884	0.307049281341072	0.3318521948674299
extracellular	JAGVTM01	1	1	0.0444799496747413	0.0579224355647759	-0.013442485890034599	0.0444799496747413	0.0579224355647759
extracellular	JAHBUS01	1	1	0.4355238142962623	0.2873311705254665	0.14819264377079583	0.4355238142962623	0.2873311705254665
extracellular	JAHBUV01	1	1	0.2488534520854073	0.2156311195688001	0.033222332516607195	0.2488534520854073	0.2156311195688001
extracellular	JAHBVY01	2	2	0.47142810396617585	0.1525614082849449	0.31886669568123094	0.47142810396617585	0.1525614082849449
extracellular	JAHDIR01	1	1	0.171248070704957	0.0892429838825367	0.08200508682242032	0.171248070704957	0.0892429838825367
extracellular	JAHEFT01	3	3	0.10923900501769344	0.13733980404411147	-0.02810079902641803	0.1134090179952772	0.1353362479768401
extracellular	JAHEHQ01	1	1	0.0510811199640527	0.0623653269044873	-0.011284206940434603	0.0510811199640527	0.0623653269044873
extracellular	JAHEKD01	1	1	0.0592403727300803	0.0634129971436223	-0.004172624413541992	0.0592403727300803	0.0634129971436223
extracellular	JAHEKE01	2	2	0.05517143284933005	0.0468970467169087	0.008274386132421353	0.05517143284933005	0.0468970467169087
extracellular	JAHELT01	1	1	0.0679477919407606	0.0638547400067528	0.004093051934007802	0.0679477919407606	0.0638547400067528
extracellular	JAHEYF01	1	1	0.3279654245702781	0.2987633365917321	0.02920208797854601	0.3279654245702781	0.2987633365917321
extracellular	JAHFUA01	2	2	0.0392166577594817	0.09942024590052825	-0.06020358814104655	0.0392166577594817	0.09942024590052825
extracellular	JAHQVK01	1	1	0.1393768994269675	0.0713373549020228	0.06803954452494469	0.1393768994269675	0.0713373549020228
extracellular	JAIBAM01	1	1	0.0888042526383258	0.0779106561951148	0.010893596443211001	0.0888042526383258	0.0779106561951148
extracellular	JAICKM01	2	2	0.0901936456193412	0.0537460946731278	0.03644755094621341	0.0901936456193412	0.0537460946731278
extracellular	JAIVJZ01	3	3	0.1008772524374363	0.10139732624852987	-0.0005200738110935771	0.1015536697195856	0.0960095534458394
extracellular	JAJRRA01	1	1	0.0756486011705609	0.0797237249175363	-0.004075123746975412	0.0756486011705609	0.0797237249175363
extracellular	JAJYUU01	1	1	0.1031040027843064	0.1103672572746461	-0.007263254490339696	0.1031040027843064	0.1103672572746461
extracellular	JAKEGN01	1	1	0.063805077384759	0.0527774378573245	0.011027639527434505	0.063805077384759	0.0527774378573245
extracellular	JAKISE01	1	1	0.128617351113306	0.1524124449140071	-0.023795093800701106	0.128617351113306	0.1524124449140071
extracellular	JAKRSD01	1	1	0.213581763896402	0.0720527732407114	0.14152899065569058	0.213581763896402	0.0720527732407114
extracellular	JALHOQ01	3	3	0.14311320800832933	0.10818775207014898	0.03492545593818035	0.0762572188009405	0.1085797474445419
extracellular	JALJPB01	1	1	1.947392872793437	0.7234455032207664	1.2239473695726706	1.947392872793437	0.7234455032207664
extracellular	JALZKA01	1	1	0.0879784824616219	0.0976315212329149	-0.00965303877129299	0.0879784824616219	0.0976315212329149
extracellular	JAMXLL01	1	1	0.0354096393345336	0.0392205647642019	-0.0038109254296683007	0.0354096393345336	0.0392205647642019
extracellular	JANQNX01	1	1	0.0870727044242384	0.0784032052181509	0.008669499206087491	0.0870727044242384	0.0784032052181509
extracellular	JANQPA01	1	1	0.0871422576235942	0.1272591029038764	-0.0401168452802822	0.0871422576235942	0.1272591029038764
extracellular	JANSWY01	1	1	0.2382898164731902	0.2039588501002727	0.03433096637291749	0.2382898164731902	0.2039588501002727
extracellular	JANYKT01	1	1	0.195656225181016	0.1263452121572116	0.06931101302380441	0.195656225181016	0.1263452121572116
extracellular	JAOAPY01	1	1	0.0659614842217426	0.0455259578195105	0.020435526402232097	0.0659614842217426	0.0455259578195105
extracellular	JAPLDB01	1	1	0.079324333311142	0.0929757238858624	-0.013651390574720396	0.079324333311142	0.0929757238858624
extracellular	JAPSGG01	1	1	0.0507599376781024	0.0381296075185075	0.012630330159594902	0.0507599376781024	0.0381296075185075
extracellular	JAQGMV01	1	1	0.066699289024527	0.0975228304885274	-0.030823541464000404	0.066699289024527	0.0975228304885274
extracellular	JAQTNA01	1	1	0.4120295526544977	0.1866539579727165	0.2253755946817812	0.4120295526544977	0.1866539579727165
extracellular	JAQUGA01	1	1	0.1274493631645524	0.1275754911084891	-0.00012612794393668247	0.1274493631645524	0.1275754911084891
extracellular	JAQVCM01	1	1	0.2984643802632091	0.8179000947283009	-0.5194357144650918	0.2984643802632091	0.8179000947283009
extracellular	JARRKU01	1	1	0.0380161796973442	0.0641837091114482	-0.026167529414104003	0.0380161796973442	0.0641837091114482
extracellular	JAUIJL01	3	3	0.1386623079890964	0.1575101789688986	-0.0188478709798022	0.1704208555267565	0.15827529073419
extracellular	JAUILH01	1	1	0.4030695398813394	0.4690375811588114	-0.06596804127747197	0.4030695398813394	0.4690375811588114
extracellular	JAUXFS01	1	1	0.0866509024435543	0.0547330060533737	0.031917896390180604	0.0866509024435543	0.0547330060533737
extracellular	JAWXBM01	2	2	0.1512064261492923	0.0934979152731682	0.05770851087612411	0.1512064261492923	0.0934979152731682
extracellular	JAYKHL01	1	1	0.2213160704867447	0.0357966841758859	0.1855193863108588	0.2213160704867447	0.0357966841758859
extracellular	JAYKJB01	1	1	0.2124635009692717	0.1094645989178204	0.10299890205145129	0.2124635009692717	0.1094645989178204
extracellular	JAYSYM01	1	1	0.3686552124211324	0.1752662787904893	0.1933889336306431	0.3686552124211324	0.1752662787904893
extracellular	JAYTQQ01	2	2	0.21778732522434166	0.1376107547787161	0.08017657044562557	0.21778732522434166	0.1376107547787161
extracellular	JBAXTE01	1	1	0.2066693716026647	0.1555434685563752	0.0511259030462895	0.2066693716026647	0.1555434685563752
extracellular	JBBKXJ01	1	1	0.054813971882155	0.0473944288530265	0.007419543029128499	0.054813971882155	0.0473944288530265
extracellular	JBBQHX01	1	1	0.1599491968078231	0.1545780430851673	0.005371153722655814	0.1599491968078231	0.1545780430851673
extracellular	JBCCMA01	2	2	0.1159015211808308	0.1406656532425093	-0.02476413206167849	0.1159015211808308	0.1406656532425093
extracellular	JBEDKD01	1	1	0.0911658028992812	0.0847009817556628	0.0064648211436183906	0.0911658028992812	0.0847009817556628
extracellular	JBEEMU01	1	1	0.503988075004989	0.41375170995522	0.09023636504976901	0.503988075004989	0.41375170995522
extracellular	JBFGFX01	1	1	0.0527974087517697	0.0443800394373916	0.008417369314378101	0.0527974087517697	0.0443800394373916
extracellular	JBGSZX01	1	1	0.1842183336372825	0.4648087154150603	-0.28059038177777784	0.1842183336372825	0.4648087154150603
extracellular	JBOHHR01	1	1	0.0748440940367552	0.0362684909356398	0.038575603101115394	0.0748440940367552	0.0362684909356398
extracellular	JCVI-SCAAA005	1	1	0.0735244823780037	0.0443396040734913	0.0291848783045124	0.0735244823780037	0.0443396040734913
extracellular	Janibacter	3	3	0.39575400540378086	0.35697349580626003	0.03878050959752083	0.3867020588688684	0.3647971653055706
extracellular	Jatrophihabitans	1	1	0.1889447320629142	0.2630654260040576	-0.07412069394114337	0.1889447320629142	0.2630654260040576
extracellular	Jatrophihabitans_A	2	2	0.2369900555597469	0.31043187671286543	-0.07344182115311854	0.2369900555597469	0.31043187671286543
extracellular	Kibdelosporangium	1	1	0.413146344524575	0.3186427920366021	0.09450355248797287	0.413146344524575	0.3186427920366021
extracellular	Kitasatospora	59	59	0.8552880962131356	0.8388717015539993	0.016416394659136357	0.8638837362465175	0.8496534531898374
extracellular	Knoellia	7	7	0.49926139341868464	0.6064238121074336	-0.10716241868874893	0.4798790512005088	0.5546622231831367
extracellular	Kribbella	12	12	0.3882166699515041	0.43803689024482856	-0.049820220293324446	0.392396704997632	0.3855543032522606
extracellular	Kroppenstedtia	1	1	0.2009065279708928	0.1398707577320012	0.06103577023889162	0.2009065279708928	0.1398707577320012
extracellular	LB3-1	2	2	0.1090614099034389	0.0897602487456665	0.019301161157772403	0.1090614099034389	0.0897602487456665
extracellular	Laceyella	1	1	0.9859414659817975	0.5569843606165564	0.4289571053652411	0.9859414659817975	0.5569843606165564
extracellular	Lamprobacter	1	1	0.0820104645331582	0.0812699922685209	0.0007404722646373041	0.0820104645331582	0.0812699922685209
extracellular	Lapillicoccus	2	2	0.268581791442409	0.2664313956189586	0.0021503958234503906	0.268581791442409	0.2664313956189586
extracellular	Lentzea	2	2	0.4800731483166566	0.4794007197343101	0.000672428582346507	0.4800731483166566	0.4794007197343101
extracellular	Leptodesmis	1	1	0.0698531944387219	0.0692769619275864	0.0005762325111355049	0.0698531944387219	0.0692769619275864
extracellular	Leptospira_B	10	10	0.22182323593597975	0.20783255765480674	0.013990678281173008	0.22162095079119226	0.20635078070837404
extracellular	Lewinella	1	1	0.2643348098932467	0.1727201066362792	0.0916147032569675	0.2643348098932467	0.1727201066362792
extracellular	Longimicrobium	9	9	0.14817007395726606	0.15214723221551338	-0.003977158258247321	0.137532184332543	0.1392897763094747
extracellular	Longispora	2	2	0.5311937642389231	0.4662574633962633	0.06493630084265978	0.5311937642389231	0.4662574633962633
extracellular	Lutibacter	9	9	0.31855017881346287	0.3401656286947967	-0.021615449881333848	0.2967996815946032	0.3021950791734941
extracellular	Lysinibacillus_B	1	1	6.324527864574964	3.461828161261964	2.8626997033130004	6.324527864574964	3.461828161261964
extracellular	M0103	10	10	0.21918696288310083	0.3253843808464975	-0.10619741796339668	0.20920442346838708	0.24489110160946065
extracellular	M0108	5	5	0.07721887194020324	0.07868614474526295	-0.001467272805059705	0.0845137988024247	0.0692390303420691
extracellular	M0603	1	1	0.1834598620697254	0.1957668189010298	-0.012306956831304394	0.1834598620697254	0.1957668189010298
extracellular	MVRV01	1	1	0.0809344928555081	0.0856132065744238	-0.004678713718915692	0.0809344928555081	0.0856132065744238
extracellular	Marinihelvus	4	4	0.16504389601589006	0.18885125526557475	-0.02380735924968469	0.1571752719271412	0.21033648144418549
extracellular	Marinobacter	13	13	0.43401389615197566	0.758617720802201	-0.32460382465022536	0.399788571357628	0.3827082548097423
extracellular	Marinobacter_A	2	2	0.2230985269284764	0.44013399028535755	-0.21703546335688115	0.2230985269284764	0.44013399028535755
extracellular	Marinobacterium_D	2	2	1.1558109034738446	4.482793742362579	-3.3269828388887346	1.1558109034738446	4.482793742362579
extracellular	Marinomonas	3	3	0.6197785811876466	0.5374481433087355	0.08233043787891114	0.5448393230394093	0.5853403952127595
extracellular	Marinoscillum	7	7	0.37160263429157325	0.2187240963210544	0.15287853797051884	0.3702102684111402	0.1730098617407645
extracellular	Marinospirillum	1	1	1.1238763472874966	0.151120890744809	0.9727554565426877	1.1238763472874966	0.151120890744809
extracellular	Marisediminicola	1	1	0.2591451633539899	0.344638448729762	-0.08549328537577211	0.2591451633539899	0.344638448729762
extracellular	Marmoricola	1	1	0.5584210311146556	0.5432073487333725	0.015213682381283067	0.5584210311146556	0.5432073487333725
extracellular	Mesobacillus	1	1	1.8555479004657425	2.216787537273809	-0.3612396368080666	1.8555479004657425	2.216787537273809
extracellular	Metabacillus	1	1	1.7191585400749805	0.7672629839758373	0.9518955560991432	1.7191585400749805	0.7672629839758373
extracellular	Methylobacter_A	1	1	0.2224208761580799	0.3712705010087299	-0.14884962485064998	0.2224208761580799	0.3712705010087299
extracellular	Methylocaldum	1	1	0.0729897645352974	0.118741074447336	-0.0457513099120386	0.0729897645352974	0.118741074447336
extracellular	Methylonatrum	1	1	0.1027430646161107	0.1579862207427987	-0.055243156126687995	0.1027430646161107	0.1579862207427987
extracellular	Methyloversatilis	2	2	0.13765436464157316	0.37702712868081373	-0.23937276403924057	0.13765436464157316	0.37702712868081373
extracellular	Methylumidiphilus	2	2	0.0523176442478284	0.061925763121060004	-0.009608118873231604	0.0523176442478284	0.061925763121060004
extracellular	Microbacterium	17	17	0.7536086399926756	0.6840871462164317	0.06952149377624384	0.7398753527133262	0.7148062892205149
extracellular	Microbulbifer	17	17	0.520076122876069	0.5909161091064146	-0.0708399862303456	0.526791443523516	0.5959993512797006
extracellular	Microcystis	5	5	0.18378132422585916	0.16894209452378162	0.014839229702077544	0.1877157987368643	0.1600044722389141
extracellular	Micromonospora	14	14	0.318555171363264	0.32368150682774216	-0.00512633546447816	0.3037375650504661	0.31493481856534045
extracellular	Microscilla	2	2	0.31412990034340016	0.2775652032796728	0.036564697063727336	0.31412990034340016	0.2775652032796728
extracellular	Modicisalibacter	3	3	0.11902790862511888	0.2653019861123186	-0.14627407748719973	0.1012891398536918	0.2706788397370606
extracellular	Motiliproteus	6	6	0.9580967065573436	0.6488485501375105	0.30924815641983305	0.46518175114178173	0.6424893680929451
extracellular	Mumia	1	1	0.3596814929575124	0.1271290064412985	0.2325524865162139	0.3596814929575124	0.1271290064412985
extracellular	Mycobacterium	7	7	0.11652270864385121	0.1691369651873569	-0.0526142565435057	0.1223851272433919	0.1667584424033918
extracellular	NORP233	1	1	0.2902213025989619	0.2520657879337941	0.03815551466516781	0.2902213025989619	0.2520657879337941
extracellular	NORP309	4	4	0.15620460473365347	0.1928696119198928	-0.03666500718623933	0.14738711577642422	0.19601209247775087
extracellular	NORP324	1	1	0.2243494610884833	0.1583244539524448	0.06602500713603851	0.2243494610884833	0.1583244539524448
extracellular	NS-11	1	1	0.0461044655685213	0.0396181914567062	0.006486274111815099	0.0461044655685213	0.0396181914567062
extracellular	Nakamurella	3	3	0.2689875329431619	0.47613492381860706	-0.20714739087544515	0.2676359561315392	0.4765054257463659
extracellular	Natronosporangium	1	1	0.1817797449563934	0.1579416296789002	0.023838115277493188	0.1817797449563934	0.1579416296789002
extracellular	Neptuniibacter	6	6	0.8368340414380228	1.1511407536099603	-0.3143067121719375	0.907428196031907	0.8788185871949126
extracellular	Nitricoxidireducens	1	1	0.2369947070505963	0.2155512067730612	0.02144350027753511	0.2369947070505963	0.2155512067730612
extracellular	Nitrospira_C	1	1	0.0450696771725582	0.0352958557152216	0.009773821457336601	0.0450696771725582	0.0352958557152216
extracellular	Nitrospira_D	1	1	0.0535547538453503	0.0569722946298969	-0.003417540784546598	0.0535547538453503	0.0569722946298969
extracellular	Niveibacterium	2	2	0.38670181737038234	0.13457273141625445	0.25212908595412786	0.38670181737038234	0.13457273141625445
extracellular	Nocardia	25	25	0.48722177979725045	0.4022869270240592	0.08493485277319124	0.4625016595506563	0.3984991153138897
extracellular	Nocardioides	28	28	0.47918217879257785	0.38754638228843524	0.09163579650414261	0.4956575278181914	0.3649896314257685
extracellular	Nocardioides_B	1	1	0.3161048147711234	0.2706325328293589	0.0454722819417645	0.3161048147711234	0.2706325328293589
extracellular	Nocardiopsis	16	16	0.3132205765915314	0.3285741300736301	-0.015353553482098714	0.3062593578667546	0.3302877675029161
extracellular	Nocardiopsis_A	3	3	0.1449974956003046	0.16312619826291616	-0.018128702662611573	0.1422796094143225	0.1617839803237113
extracellular	Nonomuraea	14	14	0.3180104570761941	0.36252779991793715	-0.04451734284174308	0.3317054016667844	0.34569072048281035
extracellular	Oceanobacillus	6	6	0.6364521790774423	0.5966494905198854	0.039802688557556976	0.5730691069751215	0.6048299446950954
extracellular	Oceanococcus	1	1	0.1089771951503046	0.0925253604526496	0.016451834697655	0.1089771951503046	0.0925253604526496
extracellular	Oleiagrimonas	2	2	0.2174868180051056	0.20786392694211941	0.009622891062986194	0.2174868180051056	0.20786392694211941
extracellular	Ornithinicoccus	2	2	0.3638320473733092	0.1324354872756882	0.231396560097621	0.3638320473733092	0.1324354872756882
extracellular	PALSA-350	1	1	0.0906379350002505	0.0696929437103477	0.020944991289902792	0.0906379350002505	0.0696929437103477
extracellular	PALSA-968	3	3	0.25225256916467603	0.2137759770597346	0.03847659210494142	0.2071969920725209	0.2299128186598877
extracellular	PHOS-HE28	21	21	0.17128632615937994	0.1543720134620396	0.01691431269734034	0.1618746245523256	0.1403006883079612
extracellular	PNKL01	5	5	0.1444513734307992	0.15599383730951127	-0.011542463878712078	0.1357694128748317	0.1508310377904584
extracellular	PSRF01	15	15	0.06982201360398695	0.06128272539107871	0.008539288212908239	0.0618439344041364	0.0574478905021183
extracellular	PWLA01	3	3	0.07453154535779698	0.11065253499543908	-0.0361209896376421	0.0736123667447486	0.1077290229264545
extracellular	PWYM01	2	2	0.15243624864674174	0.1089734752279288	0.04346277341881294	0.15243624864674174	0.1089734752279288
extracellular	Paenibacillus_AI	1	1	0.1815470933911385	0.2586833968122775	-0.07713630342113897	0.1815470933911385	0.2586833968122775
extracellular	Paenibacillus_E	2	2	0.7716556738739284	1.5143054707351253	-0.7426497968611969	0.7716556738739284	1.5143054707351253
extracellular	Palsa-1150	2	2	0.4088902620050402	0.13047750814481202	0.2784127538602282	0.4088902620050402	0.13047750814481202
extracellular	Palsa-465	3	3	0.08864510480744643	0.13115473919650003	-0.0425096343890536	0.0932316683345127	0.1092578162392045
extracellular	Palsa-948	1	1	0.117918551098143	0.1414929096551008	-0.023574358556957803	0.117918551098143	0.1414929096551008
extracellular	Paludibacterium	2	2	1.1101986566372288	1.2886068089094618	-0.17840815227223294	1.1101986566372288	1.2886068089094618
extracellular	Paraconexibacter	3	3	0.22686537134213972	0.23014977314205565	-0.0032844017999159314	0.1935329513032286	0.1980052904151778
extracellular	Paracrocinitomix	1	1	0.2057432930509263	0.2479540773628037	-0.042210784311877386	0.2057432930509263	0.2479540773628037
extracellular	Paraglaciecola	14	14	0.48044229014956663	0.5696305317861795	-0.08918824163661287	0.4493649522885438	0.5853800846787857
extracellular	Parahaliea	1	1	0.3497572944884124	0.1132906159575079	0.23646667853090453	0.3497572944884124	0.1132906159575079
extracellular	Paraliomyxa	1	1	0.1810862443390628	0.1966094669620066	-0.015523222622943783	0.1810862443390628	0.1966094669620066
extracellular	Pararheinheimera	1	1	1.7940993495534123	3.860818058500904	-2.0667187089474917	1.7940993495534123	3.860818058500904
extracellular	Patulibacter	6	6	0.28988801092111544	0.27795986399781464	0.011928146923300798	0.2982952942696043	0.2736319883469426
extracellular	Pedococcus	3	3	0.5512172681430307	0.6928319591995556	-0.1416146910565249	0.5293169803356021	0.7174660738266131
extracellular	Pelomicrobium	1	1	0.0608522083256029	0.041924053818607	0.0189281545069959	0.0608522083256029	0.041924053818607
extracellular	Peredibacter	18	18	6.011078877039045	0.795377320537714	5.215701556501331	0.7861970093338799	0.7023783567007805
extracellular	Peribacillus	1	1	1.8589421527158128	1.84871763453666	0.010224518179152708	1.8589421527158128	1.84871763453666
extracellular	Permianibacter	2	2	0.47531826430840496	0.6377729014992757	-0.16245463719087072	0.47531826430840496	0.6377729014992757
extracellular	Phaeodactylibacter	1	1	0.1308240888732953	0.3119418676103057	-0.18111777873701038	0.1308240888732953	0.3119418676103057
extracellular	Phaeospirillum	1	1	0.2404468229097659	0.2034563317328719	0.036990491176894014	0.2404468229097659	0.2034563317328719
extracellular	Photobacterium	21	21	4.465049961351728	4.600902538129468	-0.1358525767777401	4.454553392428913	3.627718573540909
extracellular	Phycicoccus	6	6	0.3337887823187626	0.3504395198071	-0.016650737488337397	0.33329488419974795	0.32528213277535284
extracellular	Planifilum	1	1	0.114020955106347	0.109114691207492	0.004906263898854998	0.114020955106347	0.109114691207492
extracellular	Planktothrix	1	1	0.1480766297179458	0.1543180960706077	-0.006241466352661901	0.1480766297179458	0.1543180960706077
extracellular	Planobispora	1	1	0.3981963837651691	0.4832746106945508	-0.08507822692938172	0.3981963837651691	0.4832746106945508
extracellular	Planosporangium	1	1	0.184982217985966	0.1393151483176096	0.0456670696683564	0.184982217985966	0.1393151483176096
extracellular	Pleionea	2	2	0.5154617973546567	0.4124659642005452	0.10299583315411148	0.5154617973546567	0.4124659642005452
extracellular	Plesiocystis	2	2	0.14445483147428972	0.14822465435974347	-0.003769822885453744	0.14445483147428972	0.14822465435974347
extracellular	Polycladomyces	1	1	0.2270422370700146	0.2658365091169895	-0.03879427204697486	0.2270422370700146	0.2658365091169895
extracellular	Pontibacterium	1	1	1.9729951735407905	1.070141846173731	0.9028533273670594	1.9729951735407905	1.070141846173731
extracellular	Promicromonospora	9	9	0.429029739982331	0.42910925421584456	-7.951423351354459e-05	0.3978710535998933	0.4474612966633661
extracellular	Propionivibrio	6	6	0.14232010899741443	0.2635102953862966	-0.12119018638888218	0.137102055376174	0.2016273754728265
extracellular	Proximibacter	3	3	0.31266299201074527	0.20979064120631144	0.10287235080443383	0.3061884391106675	0.2073023047170816
extracellular	Pseudalkalibacillus	1	1	0.5093872480390409	0.5743394141892986	-0.06495216615025767	0.5093872480390409	0.5743394141892986
extracellular	Pseudazoarcus	1	1	0.1746867586046573	0.1316719297751166	0.04301482882954069	0.1746867586046573	0.1316719297751166
extracellular	Pseudoalteromonas	13	13	3.0705443776257226	1.8754076909345812	1.1951366866911415	1.3338602883421795	1.2982777287583689
extracellular	Pseudobdellovibrio	14	14	0.48691986380678454	0.4080066541237852	0.07891320968299936	0.5027536214351116	0.36724301945811233
extracellular	Pseudomaricurvus	1	1	0.8140405334391997	0.4982839236615224	0.3157566097776773	0.8140405334391997	0.4982839236615224
extracellular	Pseudothauera	2	2	0.20842803527619352	0.20008977227431762	0.0083382630018759	0.20842803527619352	0.20008977227431762
extracellular	Psychrobacillus	2	2	1.338112133952891	1.673969459687712	-0.33585732573482097	1.338112133952891	1.673969459687712
extracellular	Psychrobium	1	1	0.996950697038388	1.3016676715881732	-0.3047169745497852	0.996950697038388	1.3016676715881732
extracellular	Psychrosphaera	3	3	1.8700105776978078	1.0634374251657064	0.8065731525321014	2.106058622482867	0.903919510738496
extracellular	QFNR01	1	1	0.1739936663190942	0.0097273685485652	0.16426629777052898	0.1739936663190942	0.0097273685485652
extracellular	QHXN01	2	2	0.1155627518043571	0.15315467489933177	-0.037591923094974666	0.1155627518043571	0.15315467489933177
extracellular	QHXQ01	2	2	0.0955034465125485	0.10682298926023484	-0.011319542747686345	0.0955034465125485	0.10682298926023484
extracellular	Qaidamihabitans	1	1	0.2429541011905376	0.2607127047531751	-0.017758603562637504	0.2429541011905376	0.2607127047531751
extracellular	RBG-16-40-8	2	2	0.1274646146603186	0.0456734605073737	0.08179115415294491	0.1274646146603186	0.0456734605073737
extracellular	REDI01	1	1	0.3660171830145705	0.1613147482570507	0.20470243475751979	0.3660171830145705	0.1613147482570507
extracellular	REEE01	1	1	0.076574280570131	0.076856774136759	-0.0002824935666279893	0.076574280570131	0.076856774136759
extracellular	RHKX01	2	2	0.15927093086967464	0.18295363646596735	-0.023682705596292708	0.15927093086967464	0.18295363646596735
extracellular	RPQJ01	26	26	0.24130693764694924	0.22595920439336364	0.0153477332535856	0.21929033910382878	0.18961701212066
extracellular	RYN-111	2	2	0.7688832839819641	0.2348567319341573	0.5340265520478069	0.7688832839819641	0.2348567319341573
extracellular	Reichenbachiella	4	4	0.2441312377522291	0.3976818764379236	-0.15355063868569446	0.24262690317958013	0.4015159926887244
extracellular	Reinekea	1	1	0.7635210646845262	0.3972015055685441	0.3663195591159821	0.7635210646845262	0.3972015055685441
extracellular	Rhodocyclus	1	1	0.229588474256442	0.4211078441166123	-0.1915193698601703	0.229588474256442	0.4211078441166123
extracellular	Rhodoglobus	7	7	0.5805833999917551	0.46363260596377537	0.11695079402797975	0.5944567378101202	0.5156869622356327
extracellular	Rossellomorea	8	8	3.1517813412330318	4.3775501511585	-1.2257688099254684	3.4888499979079803	3.806984426859575
extracellular	Rubrobacter_F	1	1	0.1144672891319641	0.0728148680278054	0.041652421104158704	0.1144672891319641	0.0728148680278054
extracellular	S010-51	2	2	0.3796563160132239	0.1833791410314674	0.1962771749817565	0.3796563160132239	0.1833791410314674
extracellular	SCGC-AG-212-J23	1	1	0.0868702073494779	0.108927396565547	-0.022057189216069098	0.0868702073494779	0.108927396565547
extracellular	SCTD01	3	3	0.3395803367835221	0.497807057617917	-0.15822672083439487	0.2683769100089199	0.4531040629645437
extracellular	SCUD01	18	18	0.15677724473690247	0.1254791459547545	0.031298098782147954	0.13925073813512184	0.1134260352871207
extracellular	SG8-30	5	5	0.1632898466222394	0.1285944700676419	0.03469537655459748	0.1823869481276679	0.1122181389321655
extracellular	SG8-41	2	2	0.06707418404208604	0.07501585507484859	-0.007941671032762554	0.06707418404208604	0.07501585507484859
extracellular	SH-MAG3	1	1	0.2858886658228028	0.104988696605241	0.1808999692175618	0.2858886658228028	0.104988696605241
extracellular	SIRX01	2	2	0.07511080256595709	0.0630656371842046	0.012045165381752487	0.07511080256595709	0.0630656371842046
extracellular	SKNW01	1	1	0.1066980578665119	0.1625571836386492	-0.05585912577213731	0.1066980578665119	0.1625571836386492
extracellular	SKUL01	1	1	0.092808206734761	0.1645385104064934	-0.07173030367173239	0.092808206734761	0.1645385104064934
extracellular	SLBA01	1	1	0.0934038893833714	0.1537433740779367	-0.06033948469456531	0.0934038893833714	0.1537433740779367
extracellular	SPGG2	1	1	0.0306909038544208	0.0368083570218904	-0.006117453167469599	0.0306909038544208	0.0368083570218904
extracellular	SXHM01	1	1	0.3082204673371816	0.2425092179409914	0.06571124939619022	0.3082204673371816	0.2425092179409914
extracellular	SXON01	3	3	0.19041590148809076	0.5097890836962801	-0.31937318220818933	0.2159330316096213	0.5222711385956599
extracellular	SZUA-117	1	1	0.0577699028228582	0.0712021979566799	-0.013432295133821694	0.0577699028228582	0.0712021979566799
extracellular	SZUA-36	6	6	0.07753292442489067	0.09865205815105732	-0.021119133726166653	0.07951969491429906	0.07811972645235934
extracellular	SZUA-51	1	1	0.1270349120733009	0.12284441545541	0.004190496617890893	0.1270349120733009	0.12284441545541
extracellular	SZUA-592	1	1	0.0759836944995124	0.0457515131995862	0.030232181299926192	0.0759836944995124	0.0457515131995862
extracellular	Saccharomonospora	2	2	0.3187231170254778	0.31441529752218966	0.004307819503288124	0.3187231170254778	0.31441529752218966
extracellular	Saccharopolyspora	12	12	0.2693313238042989	0.23983192493855443	0.029499398865744486	0.26827808615654836	0.24031035724722483
extracellular	Saccharospirillum	4	4	0.43838997932529894	0.398728217930188	0.03966176139511096	0.35555514228651963	0.36103586603259774
extracellular	Sansalvadorimonas	1	1	0.9449456710015728	1.691932206130818	-0.7469865351292452	0.9449456710015728	1.691932206130818
extracellular	Shewanella	30	30	1.930871337328819	1.6624438168990578	0.26842752042976126	1.228323984217048	1.0964926752232387
extracellular	Shouchella	4	4	0.6540106592008761	0.4790976426844171	0.17491301651645896	0.7048836005089733	0.5064591548313094
extracellular	Silanimonas	4	4	0.5588967484828368	0.5870632590008525	-0.028166510518015775	0.4558357833115264	0.546502594194175
extracellular	Solimonas	2	2	0.1658399303829676	0.5436716636770985	-0.3778317332941309	0.1658399303829676	0.5436716636770985
extracellular	Solirubrobacter	1	1	0.1404873024927152	0.1753629409180966	-0.03487563842538138	0.1404873024927152	0.1753629409180966
extracellular	Sphaerimonospora	1	1	0.2025513810367127	0.2438954691006137	-0.041344088063901	0.2025513810367127	0.2438954691006137
extracellular	Sphaerisporangium	2	2	0.16662987825155046	0.14622290938356686	0.0204069688679836	0.16662987825155046	0.14622290938356686
extracellular	Spirillospora	15	15	0.19693717797840532	0.24790865887935978	-0.05097148090095446	0.1944277610427739	0.2396078327265456
extracellular	Spirochaeta_B	1	1	0.0871756559111375	0.1271305926273402	-0.03995493671620269	0.0871756559111375	0.1271305926273402
extracellular	Spongiibacter	1	1	0.2694858861801247	0.2632152182880284	0.006270667892096293	0.2694858861801247	0.2632152182880284
extracellular	Stackebrandtia	3	3	0.17210301342145473	0.18428703769503518	-0.012184024273580452	0.1808203176489903	0.1997420940687271
extracellular	Stagnimonas	2	2	0.3844192949606114	0.5044848657585804	-0.12006557079796903	0.3844192949606114	0.5044848657585804
extracellular	Stenotrophobium	1	1	0.2588989917971446	0.0887769488832585	0.1701220429138861	0.2588989917971446	0.0887769488832585
extracellular	Steroidobacter	1	1	0.4228393942721401	0.1333482449767467	0.28949114929539344	0.4228393942721401	0.1333482449767467
extracellular	Streptacidiphilus	6	6	0.6733729614966033	0.5531430587776945	0.12022990271890877	0.7140999895162224	0.5024132775786572
extracellular	Streptantibioticus_C	2	2	0.36786930304741355	0.46113559725654524	-0.09326629420913168	0.36786930304741355	0.46113559725654524
extracellular	Streptomonospora	3	3	0.13987441236497167	0.13531504762451194	0.0045593647404597315	0.1338657202839218	0.1224668595409402
extracellular	Streptomyces	651	651	0.6366391338208303	0.6811369549406511	-0.04449782111982081	0.6358244099522358	0.6676455660313736
extracellular	Streptosporangium	14	14	0.34093107591345256	0.4211069652289826	-0.08017588931553005	0.3043818766718129	0.43535038528074377
extracellular	Stutzerimonas	4	4	0.48494777005441286	0.5486687117679899	-0.06372094171357706	0.46255387487565136	0.5496678069579313
extracellular	Sulfomarinibacter	1	1	0.0768835204850861	0.0779768837934513	-0.0010933633083652083	0.0768835204850861	0.0779768837934513
extracellular	Sulfuricystis	2	2	0.1142480278686234	0.3400086489361403	-0.2257606210675169	0.1142480278686234	0.3400086489361403
extracellular	Sulfuritalea	2	2	0.07494752268166235	0.112045739780435	-0.037098217098772646	0.07494752268166235	0.112045739780435
extracellular	Sutcliffiella_A	3	3	2.465512770762513	2.541451333732914	-0.07593856297040125	2.724351040720664	2.5296937438098177
extracellular	Synechocystis	1	1	0.0722135475912781	0.1488557692645958	-0.07664222167331769	0.0722135475912781	0.1488557692645958
extracellular	TMP-86	1	1	0.0962684629532654	0.0860123171187513	0.010256145834514091	0.0962684629532654	0.0860123171187513
extracellular	Taishania	1	1	0.3935383489795261	0.6336887233199364	-0.2401503743404103	0.3935383489795261	0.6336887233199364
extracellular	Tatlockia	1	1	0.1060729633188662	0.0915994494599409	0.0144735138589253	0.1060729633188662	0.0915994494599409
extracellular	Telmatospirillum	1	1	0.1862967701284591	0.0751137628072648	0.11118300732119431	0.1862967701284591	0.0751137628072648
extracellular	Terrabacter	4	4	0.5181106882327015	0.5070286874093681	0.011082000823333327	0.5150244751270081	0.49113090985756747
extracellular	Thalassotalea_A	5	5	2.9167650385673207	1.3275360852175768	1.589228953349744	2.5336748996670018	1.4100455337482094
extracellular	Thalassotalea_B	1	1	0.7609706446269778	1.7280707832039153	-0.9671001385769374	0.7609706446269778	1.7280707832039153
extracellular	Thalassotalea_F	1	1	1.9411300164115608	3.285112905603236	-1.3439828891916754	1.9411300164115608	3.285112905603236
extracellular	Thalassotalea_H	1	1	0.80888287114931	0.3623816075856444	0.4465012635636656	0.80888287114931	0.3623816075856444
extracellular	Thauera	7	7	0.33094912676494337	0.3337205522780408	-0.0027714255130974474	0.3407904801385224	0.239245388276564
extracellular	Thaumasiovibrio	1	1	4.873581922507497	1.9704396649396023	2.9031422575678945	4.873581922507497	1.9704396649396023
extracellular	Thermobifida	1	1	0.3607062250918247	0.195471441753552	0.1652347833382727	0.3607062250918247	0.195471441753552
extracellular	Thermocrispum	1	1	0.2298693790810407	0.2188658448097217	0.011003534271318977	0.2298693790810407	0.2188658448097217
extracellular	Thermoflavimicrobium	1	1	0.3406368385558458	0.1741741143827689	0.16646272417307692	0.3406368385558458	0.1741741143827689
extracellular	Thermus	1	1	0.2411456171000584	0.1966187973719745	0.04452681972808392	0.2411456171000584	0.1966187973719745
extracellular	Thiodictyon	4	4	0.09025123535249635	0.07725284229397261	0.012998393058523738	0.08755913838505824	0.07047755748032185
extracellular	Thiogranum	2	2	0.09506774479491459	0.1108572178602237	-0.015789473065309118	0.09506774479491459	0.1108572178602237
extracellular	Thiohalocapsa	2	2	0.10724874005791235	0.06788247448112175	0.0393662655767906	0.10724874005791235	0.06788247448112175
extracellular	Thiolinea	5	5	0.20159116891709497	0.17131894787392446	0.03027222104317051	0.2148299685473655	0.1844616055475805
extracellular	Thiosocius	4	4	0.09502007055900492	0.10611268777406513	-0.011092617215060205	0.09859665584069585	0.10541452691643916
extracellular	Thiothrix	1	1	0.2805736558602933	0.3011529604403791	-0.020579304580085778	0.2805736558602933	0.3011529604403791
extracellular	Trebonia	1	1	0.0992419211204158	0.4203287404271122	-0.3210868193066964	0.0992419211204158	0.4203287404271122
extracellular	Tumebacillus_A	2	2	2.2989357874840177	2.8804049104408653	-0.5814691229568476	2.2989357874840177	2.8804049104408653
extracellular	UBA10324	2	2	0.12870179033568246	0.12906629736795924	-0.0003645070322767785	0.12870179033568246	0.12906629736795924
extracellular	UBA1147	2	2	0.061840971461553554	0.0475620321530591	0.014278939308494457	0.061840971461553554	0.0475620321530591
extracellular	UBA11740	5	5	0.05487124763552762	0.05682431915025945	-0.0019530715147318273	0.0541627316615202	0.0552870727699368
extracellular	UBA1609	1	1	0.1596978067992001	0.0761336471516699	0.0835641596475302	0.1596978067992001	0.0761336471516699
extracellular	UBA1847	54	54	0.1116200858113201	0.0913934597385811	0.020226626072739007	0.09558461915309449	0.0847319477904134
extracellular	UBA2316	1	1	0.1270930306327798	0.3233772126698112	-0.19628418203703138	0.1270930306327798	0.3233772126698112
extracellular	UBA2339	1	1	0.1184793745267876	0.1368954214832184	-0.0184160469564308	0.1184793745267876	0.1368954214832184
extracellular	UBA2357	2	2	0.18636828312730352	0.2168032243669562	-0.03043494123965268	0.18636828312730352	0.2168032243669562
extracellular	UBA2376	2	2	0.24642419039170294	0.17795585170714423	0.0684683386845587	0.24642419039170294	0.17795585170714423
extracellular	UBA2383	2	2	0.07592938603223395	0.06052672899525505	0.015402657036978906	0.07592938603223395	0.06052672899525505
extracellular	UBA4416	3	3	0.4661740331523627	0.26389235359615565	0.20228167955620707	0.5017245974086537	0.2496165188783151
extracellular	UBA4466	5	5	0.28577545971706786	0.22677269977041753	0.05900275994665033	0.3028468463038341	0.1853840596209799
extracellular	UBA4486	1	1	0.0583518837816877	0.0642754772905223	-0.005923593508834597	0.0583518837816877	0.0642754772905223
extracellular	UBA4720	5	5	0.16921978497991585	0.10612134417519145	0.0630984408047244	0.154076004827067	0.1046639690989357
extracellular	UBA5009	1	1	0.2961245249105727	0.0868646532169514	0.20925987169362126	0.2961245249105727	0.0868646532169514
extracellular	UBA5704	1	1	0.1312163693348898	0.2164211404390207	-0.08520477110413088	0.1312163693348898	0.2164211404390207
extracellular	UBA6144	2	2	0.5509368467813722	0.6137543633270411	-0.06281751654566892	0.5509368467813722	0.6137543633270411
extracellular	UBA6502	1	1	0.4744814762738311	0.4361427835444639	0.038338692729367185	0.4744814762738311	0.4361427835444639
extracellular	UBA6776	1	1	0.1189116138936426	0.1137493516923132	0.005162262201329398	0.1189116138936426	0.1137493516923132
extracellular	UBA7359	4	4	0.0615742432408447	0.07694642299731926	-0.015372179756474556	0.06147918522133865	0.0788045860263892
extracellular	UBA845	1	1	1.9796007028175373	0.2296465800189816	1.7499541227985558	1.9796007028175373	0.2296465800189816
extracellular	UBA8904	11	11	0.06855336549145484	0.062037545592544756	0.006515819898910084	0.0656449743478206	0.0606039501547608
extracellular	UBA8958	5	5	0.07687526179395635	0.07729846723607403	-0.0004232054421176856	0.0769004589426597	0.0780486275526743
extracellular	UBA952	6	6	0.24045681851598574	0.2318118745497935	0.008644943966192253	0.2346066021523731	0.1879950063262517
extracellular	UBA964	1	1	0.200174761008012	0.3377601412800926	-0.1375853802720806	0.200174761008012	0.3377601412800926
extracellular	USCg-Taylor	1	1	0.0411528515174313	0.0460202433818517	-0.004867391864420395	0.0411528515174313	0.0460202433818517
extracellular	Uliginosibacterium	3	3	0.4302227823325604	0.5283827791624478	-0.09815999682988741	0.4372363234007396	0.4363326158762771
extracellular	VBCG01	5	5	0.14616546580272838	0.12882100925641943	0.01734445654630895	0.1287231389785967	0.1294028779014081
extracellular	VBDM01	1	1	0.0459704564591616	0.0506580292933276	-0.004687572834166001	0.0459704564591616	0.0506580292933276
extracellular	VFJN01	1	1	0.4499786143389039	0.2722153822211616	0.1777632321177423	0.4499786143389039	0.2722153822211616
extracellular	VGCI01	1	1	0.0637426552769185	0.052868518994602	0.010874136282316496	0.0637426552769185	0.052868518994602
extracellular	VGLJ01	1	1	0.0818168668318316	0.1059368931665101	-0.024120026334678496	0.0818168668318316	0.1059368931665101
extracellular	VGSZ01	1	1	0.886071435656171	0.3539311968026959	0.5321402388534751	0.886071435656171	0.3539311968026959
extracellular	VXYL01	1	1	0.0857463346115188	0.0731369341575548	0.012609400453963998	0.0857463346115188	0.0731369341575548
extracellular	Vibrio	6	6	3.1989859714645204	2.6409517989812143	0.558034172483306	3.4746515583905953	2.95133780096616
extracellular	Vicingus	1	1	0.2787908012462741	0.2887893424729158	-0.009998541226641733	0.2787908012462741	0.2887893424729158
extracellular	Vreelandella	7	7	0.3609696211385967	0.23833661569653478	0.12263300544206193	0.3472928383321618	0.2317557782527455
extracellular	Vulcanimicrobium	1	1	0.1529650297662617	0.1612531066368074	-0.008288076870545696	0.1529650297662617	0.1612531066368074
extracellular	WHSM01	2	2	0.17308494700189592	0.1467521303190094	0.026332816682886506	0.17308494700189592	0.1467521303190094
extracellular	WHSW01	4	4	0.12308160785695269	0.1318259515435794	-0.008744343686626715	0.1204617395382288	0.1204735497997067
extracellular	WQXQ01	1	1	0.0850725605837636	0.0881808862242976	-0.003108325640533996	0.0850725605837636	0.0881808862242976
extracellular	WQZF01	1	1	0.1346232051809104	0.1535669666183927	-0.018943761437482304	0.1346232051809104	0.1535669666183927
extracellular	WRNU01	2	2	0.18931343785190485	0.111498759445568	0.07781467840633685	0.18931343785190485	0.111498759445568
extracellular	WTJD01	1	1	0.0908306361159916	0.0494526671787675	0.0413779689372241	0.0908306361159916	0.0494526671787675
extracellular	Wenzhouxiangella	1	1	0.2165355170550664	0.0871828109664388	0.1293527060886276	0.2165355170550664	0.0871828109664388
extracellular	Williamsia	1	1	0.2669314233105248	0.2627100382202981	0.004221385090226681	0.2669314233105248	0.2627100382202981
extracellular	Woeseia	2	2	0.1083334121901843	0.11667805147330021	-0.008344639283115907	0.1083334121901843	0.11667805147330021
extracellular	Xiheibacterium	1	1	0.0722947454764778	0.1232027265900829	-0.0509079811136051	0.0722947454764778	0.1232027265900829
extracellular	YIM-78166	1	1	1.582168183520749	1.116981321738432	0.46518686178231716	1.582168183520749	1.116981321738432
extracellular	Yinghuangia	1	1	0.5500859537884663	0.3998826297055441	0.15020332408292214	0.5500859537884663	0.3998826297055441
extracellular	ZC4RG30	1	1	0.1204168642659549	0.182488243324081	-0.06207137905812611	0.1204168642659549	0.182488243324081
